<?xml version="1.0" encoding="UTF-8"?>
<kml xmlns="http://www.opengis.net/kml/2.2">
<Document>

        <Placemark>
            <name>Route RYR1FB</name>
            <Style>
                <LineStyle>
                    <color>ff00a5ff</color> <!-- naranja -->
                    <width>2</width>
                </LineStyle>
            </Style>
            <LineString>
                <tessellate>1</tessellate>
                <coordinates>
                    2.08365183,41.28550594,0 2.084328152427745,41.28575231849563,0 2.0850044799036818,41.285998692984926,0 2.085680812427778,41.28624506349569,0 2.08635715,41.28649143,0 2.0871120686445237,41.28674962495861,0 2.087866993192737,41.28700781493561,0 2.0886219236445815,41.28726599995872,0 2.08937686,41.28752418,0 2.090210117283324,41.28779411657647,0 2.0910433813778257,41.28806404709276,0 2.0918766522834145,41.28833397157659,0 2.09270993,41.28860389,0 2.093586081602897,41.28887775002916,0 2.094462240470606,41.289151603363045,0 2.0953384066030116,41.28942545002931,0 2.09621458,41.28969929,0 2.097118424712166,41.29001069068102,0 2.09802227794962,41.290322084232194,0 2.0989261397122636,41.290633470681186,0 2.09983001,41.29094485,0 2.100743432874587,41.29123711340075,0 2.101656863832865,41.29152936952517,0 2.1025703028747107,41.29182161840091,0 2.10348375,41.29211386,0 2.1046942762078467,41.29249017608917,0 2.1059048162079486,41.292866479422614,0 2.10711537,41.29324277,0 2.108045335361559,41.29353018629523,0 2.1089753088155057,41.29381759505115,0 2.1099052903616995,41.294104996295395,0 2.11083528,41.29439239,0 2.111796924740717,41.29468457707451,0 2.1127585779877287,41.29497675609021,0 2.1137202397408767,41.29526892707471,0 2.11468191,41.29556109,0 2.115758747571286,41.29581559260863,0 2.1168355934285876,41.2960700851357,0 2.1179124475715954,41.29632456760882,0 2.11898931,41.29657904,0 2.120076560520339,41.296771662882826,0 2.1211638173607024,41.29696427550125,0 2.122251080520715,41.29715687788296,0 2.12333835,41.29734947,0 2.1244718731566063,41.29743496419015,0 2.1256053992091375,41.29752044724431,0 2.1267389281571,41.29760591919023,0 2.12787246,41.29769138,0 2.1290412096502513,41.297699420228234,0 2.1302099595340405,41.29770744862838,0 2.1313787096508086,41.29771546522823,0 2.13254746,41.29772347,0 2.1336747373463774,41.29763053398453,0 2.1348020114621575,41.29753758697006,0 2.1359292823468587,41.29744462898445,0 2.13705655,41.29735166,0 2.1381745707678648,41.297190743713074,0 2.1392925860241085,41.29702981660808,0 2.140410595768298,41.29686887871294,0 2.1415286,41.29670793,0 2.1426891277938402,41.2965146899671,0 2.1438496487254297,41.296321438280096,0 2.1450101627943043,41.296128174966945,0 2.14617067,41.2959349,0 2.147328933138008,41.29573475989903,0 2.1484871891843147,41.295534608189314,0 2.1496454381384638,41.29533444489884,0 2.15080368,41.29513427,0 2.151986266266337,41.29492665313609,0 2.153168845022104,41.29471902417205,0 2.154351416266819,41.29451138313591,0 2.15553398,41.29430373,0 2.156757381642386,41.29409641190727,0 2.1579807755235416,41.29388908086693,0 2.1592041616429265,41.293681736907054,0 2.16042754,41.29347438,0 2.1616707391953747,41.29326949503923,0 2.1629139305942147,41.29306459670958,0 2.1641571141959477,41.292859685039026,0 2.16540029,41.29265476,0 2.1666667140295037,41.29245658829364,0 2.1679331303730818,41.29225840271546,0 2.169199539030119,41.29206020329344,0 2.17046594,41.29186199,0 2.171757996324522,41.2916713216426,0 2.173050045099806,41.29148063884739,0 2.1743420863251863,41.291289941642404,0 2.17563412,41.29109923,0 2.1769298428724517,41.29092526676561,0 2.178225558830393,41.290751289011425,0 2.1795212678731377,41.29057729676541,0 2.18081697,41.29040329,0 2.1821783979112714,41.29023729902652,0 2.1835398188822355,41.29007129202596,0 2.184901232912081,41.28990526902633,0 2.18626264,41.28973923,0 2.187601817265895,41.289581018248526,0 2.18894098802171,41.28942279098863,0 2.19028015226667,41.28926454824834,0 2.19161931,41.28910629,0 2.193003144893441,41.288951307323295,0 2.194386973191829,41.288796308088315,0 2.195770794894303,41.288641292323106,0 2.19715461,41.28848626,0 2.1985192714643995,41.288344014141465,0 2.1998839269530888,41.28820175217923,0 2.201248576465234,41.2880594741413,0 2.20261322,41.28791718,0 2.204020024738365,41.28776725565335,0 2.2054268229850944,41.28761731419506,0 2.206833614739277,41.287467355653156,0 2.2082404,41.28731738,0 2.2096264192364505,41.28717311740175,0 2.211012432315851,41.287028838192924,0 2.2123984392373255,41.286884542401566,0 2.21378444,41.28674023,0 2.215234227782437,41.286586677242745,0 2.216684008710582,41.28643310631424,0 2.2181337827834353,41.28627951724254,0 2.21958355,41.28612591,0 2.220966344541354,41.285976497285276,0 2.222349132722381,41.285827068037634,0 2.2237319145422183,41.28567762228507,0 2.22511469,41.28552816,0 2.2265420352378817,41.2853728489059,0 2.2279693736511423,41.28521752019846,0 2.2293967052388313,41.28506217390571,0 2.23082403,41.28490681,0 2.232269603391554,41.284743602083225,0 2.233715169522726,41.28458037610154,0 2.2351607283925357,41.28441713208301,0 2.23660628,41.28425387,0 2.238007113287954,41.284086947933545,0 2.239407939384529,41.28392000890195,0 2.2408087582888396,41.28375305293332,0 2.24220957,41.28358608,0 2.243654586646046,41.28341137706096,0 2.2450995955287074,41.283236656071864,0 2.2465445966470154,41.283061917060735,0 2.24798959,41.28288716,0 2.2494124734174314,41.28272093623939,0 2.250835349557196,41.282554694976426,0 2.2522582184183624,41.28238843623916,0 2.25368108,41.28222216,0 2.2551402629679083,41.282104615099094,0 2.2565994406245746,41.28198705178938,0 2.2580586129689544,41.28186947009892,0 2.25951778,41.28175187,0 2.2610000588977,41.28184467352339,0 2.262482341864343,41.281937458021986,0 2.263964628898815,41.282030223523506,0 2.26544692,41.28212297,0 2.266927320664719,41.28233793349322,0 2.2684077308869655,41.28255287798187,0 2.269888150665729,41.28276780349351,0 2.27136858,41.28298271,0 2.272834240781605,41.28327287296185,0 2.2742999143760576,41.28356301727348,0 2.2757656007824814,41.28385314296225,0 2.2772313,41.28414325,0 2.278627573374527,41.28460310047159,0 2.280023866166311,41.285062933953256,0 2.28142017837494,41.28552275047219,0 2.28281651,41.28598255,0 2.28419134959788,41.286549469766605,0 2.285566212797241,41.28711637301332,0 2.286941099597981,41.28768325976731,0 2.28831601,41.28825013,0 2.289658241947283,41.28887388365479,0 2.2910004992629704,41.28949762153092,0 2.292342781947173,41.29012134365552,0 2.29368509,41.29074505,0 2.295096500020681,41.29136840363082,0 2.296507936694228,41.291991739832376,0 2.297919400020661,41.29261505863167,0 2.29933089,41.29323836,0 2.300792514060606,41.293854883001515,0 2.302254165414192,41.29447138732666,0 2.303715844060682,41.2950878730024,0 2.30517755,41.29570434,0 2.3066207325499124,41.29631362730161,0 2.308063941733264,41.29692289639344,0 2.3095071775499836,41.297532147302455,0 2.31095044,41.29814138,0 2.3124219497705525,41.298743203370144,0 2.31389348636083,41.29934500781817,0 2.315365049770692,41.29994679337102,0 2.31683664,41.30054856,0 2.318317974629556,41.30114850124687,0 2.3197993361728493,41.301748423320475,0 2.321280724629718,41.30234832624774,0 2.32276214,41.30294821,0 2.3242742890562544,41.303544347443605,0 2.3257864654084908,41.30414046491616,0 2.327298669056481,41.30473656244454,0 2.3288109,41.30533264,0 2.330333156423835,41.305926752841806,0 2.3318554402319482,41.30652084544707,0 2.3333777514240865,41.30711491784271,0 2.33490009,41.30770897,0 2.336372736274291,41.308287913402175,0 2.3378454083658644,41.308866837860855,0 2.339318106274506,41.30944574340302,0 2.34079083,41.31002463,0 2.342319280226162,41.31059768557455,0 2.343847756968437,41.31117072075739,0 2.345376260226493,41.31174373557545,0 2.34690479,41.31231673,0 2.34893578979198,41.31307908265399,0 2.350966836458904,41.31384139932135,0 2.35299793,41.31460368,0 2.3545126180926057,41.315176555032785,0 2.356027332457012,41.31574941003504,0 2.3575420730929126,41.31632224503367,0 2.35905684,41.31689506,0 2.360586985124549,41.31746890064599,0 2.3621171568329533,41.31804272085265,0 2.3636473551248813,41.31861652064687,0 2.36517758,41.3191903,0
                </coordinates>
            </LineString>
        </Placemark>
        

        <Placemark>
            <name>Route VLG6152</name>
            <Style>
                <LineStyle>
                    <color>ff00a5ff</color> <!-- naranja -->
                    <width>2</width>
                </LineStyle>
            </Style>
            <LineString>
                <tessellate>1</tessellate>
                <coordinates>
                    2.08230306,41.28511839,0 2.0829658288350994,41.28532321574997,0 2.083628601780166,41.28552803765738,0 2.0842913788351503,41.28573285575002,0 2.08495416,41.28593767,0 2.0856970781745914,41.2862138697304,0 2.086440002566148,41.286490064631344,0 2.0871829331746303,41.28676625473051,0 2.08792587,41.28704244,0 2.088733535278133,41.287307428530056,0 2.0895412070375636,41.2875724113642,0 2.090348885278213,41.28783738853018,0 2.09115657,41.28810236,0 2.0920398874395882,41.28841529770518,0 2.0929232132528393,41.28872822859774,0 2.0938065474396708,41.28904115270534,0 2.09468989,41.28935407,0 2.0955866321912424,41.28966842801598,0 2.096483382921716,41.28998277901214,0 2.097380142191332,41.29029712301615,0 2.09827691,41.29061146,0 2.0991304390990133,41.29089261202398,0 2.0999839754654137,41.29117375768946,0 2.100837519099107,41.2914548970241,0 2.10169107,41.29173603,0 2.102844153968139,41.29209974157784,0 2.1039972506348907,41.292463441577944,0 2.10515036,41.29282713,0 2.1059789110909373,41.293130121486065,0 2.106807469787956,41.29343310697223,0 2.1076360360909967,41.2937360864862,0 2.10846461,41.29403906,0 2.109351428737251,41.29425688775779,0 2.1102382533164454,41.29447470866785,0 2.111125083737418,41.29469252275791,0 2.11201192,41.29491033,0 2.1129572136985066,41.29505773663017,0 2.11390251159818,41.29520513549766,0 2.114847813698764,41.29535252663025,0 2.11579312,41.29549991,0 2.116759497222683,41.29556415963707,0 2.1177258762971163,41.29562840117351,0 2.118692257222991,41.295692634637085,0 2.11965864,41.29575686,0 2.1207122944139867,41.295718289408974,0 2.121765947552252,41.29567970920267,0 2.1228195994143917,41.29564111940895,0 2.12387325,41.29560252,0 2.1249136922580725,41.295556179049846,0 2.1259541330110228,41.295509828723844,0 2.126994572258462,41.29546346904981,0 2.12803501,41.2954171,0 2.129104592981059,41.29535726734528,0 2.1301741739750253,41.295297424784394,0 2.131243752981479,41.295237572345236,0 2.13231333,41.29517771,0 2.13344289911648,41.29509914905269,0 2.1345724654889664,41.29502057706093,0 2.13570202911697,41.29494199405261,0 2.13683159,41.2948634,0 2.1379335619197315,41.29477677075436,0 2.1390355308932767,41.29469013099651,0 2.1401374969201834,41.29460348075429,0 2.14123946,41.29451682,0 2.142378218195316,41.29440850182069,0 2.143516972594081,41.29430017241826,0 2.1446557231958057,41.294191831820605,0 2.14579447,41.29408348,0 2.1470155297320996,41.293955051835006,0 2.1482365846431986,41.293826610770644,0 2.1494576347326975,41.29369815683488,0 2.15067868,41.29356969,0 2.151875032482736,41.293433956061044,0 2.1530713799773515,41.29329820973869,0 2.154267722483292,41.29316245106091,0 2.15546406,41.29302668,0 2.1567001386362703,41.29287493481171,0 2.1579362115154312,41.29272317640623,0 2.159172278636876,41.292571404811554,0 2.16040834,41.29241962,0 2.16166392679203,41.292258830440716,0 2.162919507389793,41.29209802724487,0 2.1641750817926595,41.29193721044054,0 2.16543065,41.29177638,0 2.1667247178404394,41.29160269921065,0 2.168018778787708,41.291429003938106,0 2.1693128328411224,41.29125529421043,0 2.17060688,41.29108157,0 2.1719211634273434,41.290900824893015,0 2.173235439570266,41.290720064847946,0 2.174549708428055,41.29053928989281,0 2.17586397,41.2903585,0 2.1771741033272236,41.29017886475179,0 2.178484229436768,41.28999921465964,0 2.179794348327929,41.28981954975158,0 2.18110446,41.28963987,0 2.1824146882986852,41.28946074225478,0 2.183724909398717,41.28928159966364,0 2.1850351232993908,41.28910244225459,0 2.18634533,41.28892327,0 2.187651718104838,41.288746879624526,0 2.1889580991402524,41.288570474489966,0 2.1902644731055396,41.288394054624334,0 2.19157084,41.28821762,0 2.192900260516887,41.28804582291061,0 2.194229674023014,41.28787401053806,0 2.1955590805176333,41.2877021829104,0 2.19688848,41.28753034,0 2.198178607074592,41.28736925157794,0 2.19946872776658,41.2872081487612,0 2.2007588420752775,41.287047031577764,0 2.20204895,41.2868859,0 2.203342639290299,41.286730109197215,0 2.2046363223875303,41.286574303920226,0 2.2059299992909955,41.286418484197036,0 2.20722367,41.28626265,0 2.208537859226912,41.28611042738953,0 2.2098520423030394,41.28595818984332,0 2.2111662192276467,41.28580593738936,0 2.21248039,41.28565367,0 2.2137547009753735,41.285509531053044,0 2.2150290063009455,41.285365378061364,0 2.2163033059760453,41.285221211052914,0 2.2175776,41.28507703,0 2.21887660855354,41.28493440187604,0 2.2201756114051965,41.284791759158686,0 2.221474608554255,41.28464910187591,0 2.2227736,41.28450643,0 2.224073703264004,41.28436883441309,0 2.225373801019152,41.28423122420807,0 2.226673893264724,41.28409359941293,0 2.22797398,41.28395596,0 2.229342704238488,41.28380985178398,0 2.2307114223185436,41.283663727369266,0 2.232080134239327,41.283517586783816,0 2.23344884,41.28337143,0 2.2348234963239557,41.283232614495184,0 2.2361981467658456,41.283093782650845,0 2.2375727913248125,41.28295493449502,0 2.23894743,41.28281607,0 2.240365136748599,41.28267504605167,0 2.2417828373320923,41.28253400472617,0 2.24320053174954,41.282392946051516,0 2.24461822,41.28225187,0 2.2460535717873613,41.28211206420359,0 2.2474889173838006,41.281972240595366,0 2.2489242567883396,41.28183239920338,0 2.25035959,41.28169254,0 2.251854312845307,41.28154295145535,0 2.2533490287944766,41.28139334359769,0 2.2548437378464086,41.281243716455116,0 2.25633844,41.28109407,0 2.257851166023347,41.28093649715546,0 2.2593638846985544,41.28077890453116,0 2.260876596024484,41.280621292155224,0 2.2623893,41.28046366,0 2.2639011356188856,41.28031189212094,0 2.2654129641592737,41.280160104485155,0 2.266924785620025,41.28000829712071,0 2.2684366,41.27985647,0 2.2699172500329423,41.279673018409056,0 2.271397891711282,41.27948954786929,0 2.2728785250339807,41.27930605840879,0 2.27435915,41.27912255,0 2.275858010522842,41.27882425160627,0 2.2773568573644067,41.27852593379879,0 2.278855690523768,41.27822759660582,0 2.28035451,41.27792924,0 2.28170156236873,41.27736241854768,0 2.283048591491674,41.27679558138716,0 2.28439559736878,41.27622872854699,0 2.28574258,41.27566186,0 2.2870486517676403,41.27512931963393,0 2.288354702356914,41.2745967645022,0 2.2896607317677304,41.27406419463332,0 2.29096674,41.27353161,0 2.292073933328978,41.27277168600344,0 2.2931811011048326,41.2720117513282,0 2.294288243328271,41.27125180600278,0 2.29539536,41.27049185,0 2.2963863970340763,41.26961506541284,0 2.2973774077113913,41.26873827220741,0 2.2983683920330114,41.26786147041219,0 2.29935935,41.26698466,0 2.300168280659887,41.26601422124322,0 2.3009771875457052,41.265043776647964,0 2.3017860706586704,41.26407332624267,0 2.30259493,41.26310287,0 2.3032259622729163,41.26206224549644,0 2.3038569746964437,41.261021617319024,0 2.304487967271749,41.25998098549603,0 2.30511894,41.25894035,0
                </coordinates>
            </LineString>
        </Placemark>
        

        <Placemark>
            <name>Route VLG9YD</name>
            <Style>
                <LineStyle>
                    <color>ff00a5ff</color> <!-- naranja -->
                    <width>2</width>
                </LineStyle>
            </Style>
            <LineString>
                <tessellate>1</tessellate>
                <coordinates>
                    2.07948195,41.28410912,0 2.0800720615208426,41.28433205707287,0 2.0806621770278024,41.284554991087894,0 2.081252296520861,41.28477792207291,0 2.08184242,41.28500085,0 2.082576561944584,41.28524240455251,0 2.083310709259486,41.28548395439414,0 2.084044861944644,41.285725499552605,0 2.08477902,41.28596704,0 2.0856045292122714,41.286254656414826,0 2.0864300456164093,41.28654226687724,0 2.0872555692123425,41.28682987141495,0 2.0880811,41.28711747,0 2.089024193943472,41.287433889122866,0 2.0899672969247094,41.28775030048798,0 2.0909104089435924,41.28806670412302,0 2.09185353,41.2883831,0 2.0927889518981075,41.28869143643332,0 2.0937243825308927,41.28899976523526,0 2.094659821898231,41.2893080864335,0 2.09559527,41.2896164,0 2.0965235643450004,41.28992833626241,0 2.097451867460076,41.290240265007405,0 2.098380179345114,41.2905521862626,0 2.0993085,41.2908641,0 2.1005065244832295,41.29129163917681,0 2.1017045644832963,41.29171916584362,0 2.10290262,41.29214668,0 2.103803883129985,41.29243663811386,0 2.1047051541733914,41.292726589142625,0 2.105606433130102,41.29301653311401,0 2.10650772,41.29330647,0 2.1074677032189624,41.29351971950906,0 2.108427692625436,41.293732961002895,0 2.1093876882191918,41.29394619450917,0 2.11034769,41.29415942,0 2.11135396933637,41.2942841356684,0 2.112360252448712,41.294408842548656,0 2.1133665393366976,41.29453354066849,0 2.11437283,41.29465823,0 2.1154554038346,41.29468317771678,0 2.1165379784464275,41.29470811527979,0 2.1176205538350414,41.2947330427168,0 2.11870313,41.29475796,0 2.1198307093028244,41.29472425649858,0 2.120958287404097,41.29469054198881,0 2.1220858643033216,41.29465681649853,0 2.12321344,41.29462308,0 2.124392778653743,41.2945565430424,0 2.1255721148720323,41.29448999404723,0 2.1267514486543058,41.294423433042354,0 2.12793078,41.29435686,0 2.129129002372073,41.294269111122325,0 2.130327221496486,41.294181349820434,0 2.1315254373726558,41.294093576122236,0 2.13272365,41.29400579,0 2.133919075552249,41.293905351034674,0 2.1351144974033813,41.29380489970356,0 2.1363099155528227,41.293704436034574,0 2.13750533,41.29360396,0 2.138714381291843,41.2934912714582,0 2.139923428389516,41.293378570268246,0 2.1411324712924307,41.2932658564581,0 2.14234151,41.29315313,0 2.143592057285817,41.293026850279276,0 2.1448425997148526,41.29290055702965,0 2.146093137286462,41.29277425027913,0 2.14734367,41.29264793,0 2.1486147104811426,41.292511743447875,0 2.149885745641972,41.29237554292114,0 2.151156775481815,41.29223932844774,0 2.1524278,41.2921031,0 2.1537355262083038,41.29195863717254,0 2.1550432466115574,41.291814159554015,0 2.1563509612090326,41.291669667172386,0 2.15765867,41.29152516,0 2.159013144653805,41.29137049628365,0 2.1603676128722773,41.291215816702135,0 2.161722074654611,41.29106112128347,0 2.16307653,41.29090641,0 2.164443757635369,41.290745506732655,0 2.1658109785143753,41.2905845873008,0 2.167178192636194,41.290423651732446,0 2.1685454,41.2902627,0 2.1699488532635898,41.29009623803198,0 2.1713522993520473,41.289929759033214,0 2.1727557382644815,41.28976326303176,0 2.17415917,41.28959675,0 2.1760554829613916,41.28937427440253,0 2.177951782962126,41.2891517677357,0 2.17984807,41.28892923,0 2.181290095892094,41.28876541195301,0 2.1827321145234406,41.288601575927935,0 2.184174125893067,41.2884377219528,0 2.18561613,41.28827385,0 2.1870121201713943,41.28811585276112,0 2.1884081035624483,41.28795783867209,0 2.189804080172278,41.287799807760926,0 2.19120005,41.28764176,0 2.1926434029510045,41.28748484950255,0 2.194086748935327,41.28732792099398,0 2.195530087951987,41.287170974502324,0 2.19697342,41.28701401,0 2.198417695159967,41.286861649537116,0 2.199861963547282,41.28670927104008,0 2.2013062251609554,41.286556874536906,0 2.20275048,41.28640446,0 2.204191767587548,41.28625289942532,0 2.2056330484507187,41.286101320891,0 2.20707432258853,41.285949724425095,0 2.20851559,41.28579811,0 2.2099171118589913,41.28565356546156,0 2.2113186274792587,41.285509003939346,0 2.2127201368598968,41.285364425461374,0 2.21412164,41.28521983,0 2.2155416871028244,41.28507347613815,0 2.2169617278043936,41.28492710484147,0 2.218381762103766,41.284780716137966,0 2.21980179,41.28463431,0 2.221200814121713,41.28449326537085,0 2.2225998321628864,41.28435220381838,0 2.2239988441226157,41.28421112537067,0 2.22539785,41.28407003,0 2.2268395048014034,41.28392295193848,0 2.2282811530691955,41.283775855908566,0 2.22972279480239,41.283628741938294,0 2.23116443,41.28348161,0 2.232567513781998,41.28334634551829,0 2.2339705917099404,41.28321106401498,0 2.235373663782913,41.28307576551811,0 2.23677673,41.28294045,0 2.238175933952568,41.28280214037698,0 2.2395751319373605,41.282663813826574,0 2.240974323953473,41.282525470376804,0 2.24237351,41.28238711,0 2.2437971967585586,41.28224655627163,0 2.2452208773453806,41.28210598501946,0 2.2466445517595126,41.28196539627147,0 2.24806822,41.28182479,0 2.2494839210062394,41.281733900983625,0 2.2508996180089644,41.28164299463548,0 2.252315311007207,41.2815520709835,0 2.253731,41.28146113,0 2.2551585009979984,41.281486548939675,0 2.256586002998007,41.28151195024366,0 2.258013505999012,41.28153733393972,0 2.25944101,41.2815627,0 2.260904530956068,41.281888087895474,0 2.2623680662753,41.282213457184966,0 2.263831615956881,41.28253880789591,0 2.26529518,41.28286414,0 2.2667331224754923,41.28321018444288,0 2.2681710799678068,41.28355621091486,0 2.2696090524762185,41.283902219443355,0 2.27104704,41.28424821,0 2.272448746945007,41.28472862317979,0 2.273850474260258,41.28520901923088,0 2.2752522219453795,41.28568939818041,0 2.27665399,41.28616976,0
                </coordinates>
            </LineString>
        </Placemark>
        

        <Placemark>
            <name>Route RYR28RR</name>
            <Style>
                <LineStyle>
                    <color>ff00a5ff</color> <!-- naranja -->
                    <width>2</width>
                </LineStyle>
            </Style>
            <LineString>
                <tessellate>1</tessellate>
                <coordinates>
                    2.08272727,41.28526458,0 2.0833833837041773,41.28547584063756,0 2.0840395016056,41.28568709750749,0 2.0846956237042225,41.285898350637616,0 2.08535175,41.2861096,0 2.086094926296754,41.286367352230194,0 2.0868381083957073,41.28662509963103,0 2.0875812962968068,41.28688284223029,0 2.08832449,41.28714058,0 2.089116295725693,41.28739844069891,0 2.089908107634309,41.28765629592267,0 2.09069992572577,41.28791414569901,0 2.09149175,41.28817199,0 2.092364957909143,41.28847673497205,0 2.0932381738789134,41.28878147328689,0 2.094111397909227,41.28908620497221,0 2.09498463,41.28939093,0 2.096148380272492,41.289761578459746,0 2.0973121436059117,41.29013221512652,0 2.09847592,41.29050284,0 2.09935486723206,41.290760142588134,0 2.1002338213095,41.291017438441656,0 2.1011127822321907,41.29127472758826,0 2.10199175,41.29153201,0 2.102865273574794,41.29181993747435,0 2.1037388047664587,41.29210785828997,0 2.1046123435748947,41.29239577247451,0 2.10548589,41.29268368,0 2.1063896352835707,41.292920610656076,0 2.1072933870448707,41.29315753419892,0 2.108197145283736,41.29339445065621,0 2.10910091,41.29363136,0 2.1100378159556263,41.293844266441326,0 2.110974727940975,41.294057165245924,0 2.1119116459558365,41.294270056441455,0 2.11284857,41.29448294,0 2.1138446444990198,41.29466038291557,0 2.1148407243322183,41.29483781721155,0 2.1158368094993074,41.29501524291568,0 2.1168329,41.29519266,0 2.1178783038231765,41.295271124200156,0 2.118923710097827,41.2953495789243,0 2.119969118823564,41.29542802420022,0 2.12101453,41.29550646,0 2.122317889180933,41.29552876137104,0 2.1236212491811903,41.29555104803771,0 2.12492461,41.29557332,0 2.125977212850207,41.295463051875814,0 2.1270298121338644,41.29535277415841,0 2.12808240785059,41.295242486875715,0 2.129135,41.29513219,0 2.130190447483975,41.29502985695367,0 2.131245891645559,41.29492751426225,0 2.132301332484364,41.294825161953625,0 2.13335677,41.2947228,0 2.134461627631146,41.29457256583466,0 2.1355664801751435,41.294422321103525,0 2.13667132763157,41.294272065834534,0 2.13777617,41.2941218,0 2.138878370847871,41.293956925758486,0 2.1399805661307685,41.29379204100196,0 2.141082755848282,41.293627145758364,0 2.14218494,41.29346224,0 2.1433270243424802,41.29328411191735,0 2.144469102456941,41.293105972547096,0 2.145611174342932,41.292927821917196,0 2.14675324,41.29274966,0 2.147939399717381,41.29257133824591,0 2.149125552956849,41.292393004318505,0 2.150311699717893,41.29221465824576,0 2.15149784,41.2920363,0 2.1527303821800454,41.29186549219849,0 2.153962917907118,41.29169467125525,0 2.1551954471806316,41.291523837198284,0 2.15642797,41.29135299,0 2.157642071663001,41.29118890411417,0 2.15885616721771,41.29102480547619,0 2.160070256663564,41.290860694114016,0 2.16128434,41.29069657,0 2.1626047478812023,41.290525730102864,0 2.1639251488420905,41.29035487512773,0 2.1652455428819333,41.29018400510267,0 2.16656593,41.29001312,0 2.167862597044632,41.289853271798435,0 2.1691592577266414,41.28969340905518,0 2.1704559120453304,41.28953353179825,0 2.17175256,41.28937364,0 2.173092417554218,41.28921072827277,0 2.174432268406139,41.28904780102094,0 2.175772112554991,41.28888485827257,0 2.17711195,41.2887219,0 2.1784466576415062,41.28855692559408,0 2.179781358522516,41.288391935782684,0 2.1811160526422673,41.288226930593886,0 2.18245074,41.28806191,0 2.183786017464559,41.2878999356137,0 2.1851212882865885,41.28773794580884,0 2.186456552465324,41.28757594061349,0 2.18779181,41.28741392,0 2.189106701873211,41.287259269914195,0 2.190421587498104,41.2871046048762,0 2.191736466873945,41.286949924914026,0 2.19305134,41.28679523,0 2.1943922891278262,41.28664769831064,0 2.19573323217096,41.28650015107146,0 2.197074169128613,41.28635258831046,0 2.1984151,41.28620501,0 2.199779176490723,41.286062274120965,0 2.2011432469881864,41.28591952215189,0 2.202507311491556,41.28577675412078,0 2.20387137,41.28563397,0 2.2052351459514306,41.285499906610816,0 2.206598916269133,41.28536582713838,0 2.207962680952269,41.28523173161065,0 2.20932644,41.28509762,0 2.210670935633021,41.284966795934615,0 2.212015425844564,41.28483595623678,0 2.2133599106338258,41.28470510093447,0 2.21470439,41.28457423,0 2.216092221041717,41.284441172467794,0 2.2174800463895465,41.284308098281,0 2.2188678660426033,41.284175007467624,0 2.22025568,41.2840419,0 2.221643068589789,41.28390805745162,0 2.223030451453642,41.28377419825945,0 2.224417828590674,41.28364032245147,0 2.2258052,41.28350643,0 2.227171198233276,41.28337617668899,0 2.2285371909782645,41.28324590724258,0 2.229903178234121,41.28311562168883,0 2.23126916,41.28298532,0 2.232727061461653,41.28285260504985,0 2.234184956949558,41.28271987172372,0 2.235642846462685,41.282587120049655,0 2.23710073,41.28245435,0 2.238565708162382,41.28233430531896,0 2.2400306808838804,41.28221424208255,0 2.241495648163439,41.282094160318806,0 2.24296061,41.28197406,0 2.2444671533357865,41.28185495441869,0 2.2459736911151507,41.281735829215506,0 2.2474802233369395,41.28161668441849,0 2.24898675,41.28149752,0 2.250516313018634,41.2813848603246,0 2.25204587069232,41.28127218042339,0 2.253575423019846,41.281159480324426,0 2.25510497,41.28104676,0 2.256653099052306,41.280920871062726,0 2.258201222070573,41.280794961407544,0 2.259749339053554,41.28066903106252,0 2.26129745,41.28054308,0 2.262909242560387,41.28040865866697,0 2.2645210284147863,41.28027421487987,0 2.2661328075617924,41.28013974866677,0 2.26774458,41.28000526,0 2.2693772104635666,41.27986722704189,0 2.2710098339523945,41.2797291710464,0 2.272642450465025,41.27959109204163,0 2.27427506,41.27945299,0 2.2759063533159534,41.27931012198438,0 2.277537639422239,41.279167230969726,0 2.279168918317404,41.279024316984135,0 2.28080019,41.27888138,0 2.282515193460801,41.278711915608326,0 2.284230187948846,41.27854242580158,0 2.2859451734624674,41.27837291060798,0 2.28766015,41.27820337,0 2.2893714665044427,41.27802657794335,0 2.2910827736736885,41.27784976058162,0 2.29279407150609,41.27767291794301,0 2.29450536,41.27749605,0 2.2962803452819465,41.27731003831627,0 2.2980553203771517,41.27712399941215,0 2.2998302852837806,41.27693793331587,0 2.30160524,41.27675184,0 2.3034036080574194,41.276564996897775,0 2.3052019657444984,41.276378125854166,0 2.307000313059329,41.276191226897375,0 2.30879865,41.2760043,0 2.310610355759258,41.27578614251655,0 2.312422049346952,41.275567956679126,0 2.31423373076117,41.27534974251608,0 2.3160454,41.2751315,0 2.3178442248757496,41.27486146690819,0 2.3196430348355217,41.27459140586791,0 2.321441829877533,41.27432131690762,0 2.32324061,41.2740512,0 2.3250946814539226,41.273741097016824,0 2.3269487352731555,41.27343096434602,0 2.328802771455811,41.27312080201612,0 2.33065679,41.27281061,0 2.3325088207771074,41.2725082194187,0 2.334360834370742,41.27220579921519,0 2.3362128307790053,41.27190334941803,0 2.33806481,41.27160087,0 2.339894238128053,41.27129647334058,0 2.3417236491719486,41.2709920477777,0 2.34355304312987,41.270687593339915,0 2.34538242,41.27038311,0 2.3472095863596674,41.27006955073202,0 2.349036735147417,41.26975596263295,0 2.3508638663614576,41.26944234573133,0 2.35269098,41.2691287,0 2.354517848876629,41.26881491071711,0 2.356344700170031,41.26850109261306,0 2.3581715338784175,41.26818724571641,0 2.35999835,41.26787337,0 2.3618883775690316,41.26755647375477,0 2.363778386760041,41.267239546663255,0 2.36566837757103,41.26692258875403,0 2.36755835,41.2666056,0 2.369383821703942,41.26628767564907,0 2.37120927560644,41.26596972252234,0 2.3730347117057176,41.26565174064838,0 2.37486013,41.26533373,0 2.3767097768349887,41.26501852929854,0 2.3785594057812256,41.26470329905493,0 2.38040901683685,41.2643880392978,0 2.38225861,41.26407275,0
                </coordinates>
            </LineString>
        </Placemark>
        

        <Placemark>
            <name>Route RYR91MD</name>
            <Style>
                <LineStyle>
                    <color>ff00a5ff</color> <!-- naranja -->
                    <width>2</width>
                </LineStyle>
            </Style>
            <LineString>
                <tessellate>1</tessellate>
                <coordinates>
                    2.08296123,41.28527761,0 2.0836283306078807,41.285505018330056,0 2.0842954358105343,41.28573242276417,0 2.084962545607921,41.28595982333011,0 2.08562966,41.28618722,0 2.086393245676256,41.28645595263233,0 2.0871568375683776,41.28672468016723,0 2.0879204356763106,41.28699340263244,0 2.08868404,41.28726212,0 2.089524471907077,41.28753958673449,0 2.0903649108761617,41.28781704730348,0 2.091205356907166,41.28809450173463,0 2.09204581,41.28837195,0 2.0932347393634188,41.28875996231018,0 2.0944236826968385,41.28914796231029,0 2.09561264,41.28953595,0 2.096551303896587,41.28985494151606,0 2.0974899768621915,41.29017392534559,0 2.098428658896701,41.290492901516245,0 2.09936735,41.29081187,0 2.1002878599640815,41.291111678571845,0 2.101208378285523,41.29141147975328,0 2.1021289049642027,41.291711273572,0 2.10304944,41.29201106,0 2.1039810774664676,41.292307261338266,0 2.104912723288712,41.292603455108534,0 2.1058443774666005,41.292899641338444,0 2.10677604,41.29319582,0 2.1077493087722123,41.293450052354004,0 2.108722585029755,41.29370427646282,0 2.1096958687724197,41.29395849235414,0 2.11066916,41.2942127,0 2.112004871107453,41.29451551215979,0 2.1133405944409898,41.29481830882657,0 2.11467633,41.29512109,0 2.1157161731837637,41.29526618656331,0 2.1167560209119203,41.29541127374188,0 2.117795873184116,41.29555635156343,0 2.11883573,41.29570142,0 2.1199403914839814,41.295722968342304,0 2.121045053645622,41.295744506113785,0 2.122149716484451,41.29576603334229,0 2.12325438,41.29578755,0 2.1243353569326904,41.29569888016085,0 2.125416330910537,41.295610200205154,0 2.126497301933115,41.295521510160775,0 2.12757827,41.29543281,0 2.1286863835432848,41.295314478428864,0 2.1297944930580104,41.29519613622914,0 2.1309025985437304,41.295077783428766,0 2.1320107,41.29495942,0 2.133160530449895,41.29480908714779,0 2.134310355600181,41.29465874285436,0 2.1354601754503766,41.29450838714766,0 2.13660999,41.29435802,0 2.137738592436826,41.29421479902144,0 2.1388671899160734,41.294071567019216,0 2.139995782437284,41.29392832402131,0 2.14112437,41.29378507,0 2.1423051292675894,41.29366077058179,0 2.143485884023813,41.2935364590997,0 2.1446666342681295,41.293412135581676,0 2.14584738,41.2932878,0 2.1470944694577643,41.293166950167546,0 2.148341554277447,41.2930460868807,0 2.1495886344584068,41.29292521016744,0 2.15083571,41.29280432,0 2.1521061220760065,41.292683723427885,0 2.153376529435129,41.292563112894484,0 2.154646932076687,41.292442488427746,0 2.15591733,41.29232185,0 2.1572266626981826,41.29219452472773,0 2.158535990264739,41.29206718462762,0 2.159845312698926,41.29193982972759,0 2.16115463,41.29181246,0 2.1624637780531293,41.291679179720965,0 2.163772920737999,41.29154588461858,0 2.1650820580538688,41.29141257472082,0 2.16639119,41.29127925,0 2.1677602018011175,41.29113195929635,0 2.169129207402049,41.29098465238573,0 2.1704982068019567,41.29083732929615,0 2.1718672,41.29068999,0 2.1732743804649473,41.290528655667636,0 2.174681553953866,41.29036730421411,0 2.176088720465851,41.29020593566742,0 2.17749588,41.29004455,0 2.1789009154351753,41.28988344808929,0 2.1803059439141665,41.289722329109644,0 2.1817109654360745,41.289561193089085,0 2.18311598,41.28940004,0 2.184515125837393,41.289231947874796,0 2.1859142644504455,41.289063838823665,0 2.1873133958382747,41.2888957128746,0 2.18871252,41.28872757,0 2.1901312460533253,41.28855853108902,0 2.191549964738381,41.28838947477594,0 2.1929686760542455,41.288220401088786,0 2.19438738,41.28805131,0 2.195809118864758,41.28787784619933,0 2.197230850153625,41.28770436492301,0 2.19865257386568,41.287530866199106,0 2.20007429,41.28735735,0 2.2014543228966814,41.287193944686436,0 2.202834348862807,41.287030522905845,0 2.2042143678975292,41.28686708468622,0 2.20559438,41.28670363,0 2.207042423446854,41.286539774676996,0 2.208490459596463,41.28637590122656,0 2.20993848844784,41.286212009676774,0 2.21138651,41.2860481,0 2.212833678070938,41.285889869644336,0 2.214280839095243,41.285731621183025,0 2.2157279930719267,41.285573354644136,0 2.21717514,41.28541507,0 2.218602177372024,41.28526532389544,0 2.220029208163335,41.285115560184515,0 2.2214562323729776,41.28496577889522,0 2.22288325,41.28481598,0 2.2243506205749286,41.284659972906546,0 2.2258179841005945,41.28450394719932,0 2.227285340575963,41.284347902906326,0 2.22875269,41.28419184,0 2.2302200486731127,41.284026897905115,0 2.2316873998981688,41.283861937197386,0 2.23315474367414,41.28369695790489,0 2.23462208,41.28353196,0 2.2360767272366604,41.283311732420586,0 2.2375313646495085,41.28309148655131,0 2.2389859922376023,41.28287122242029,0 2.24044061,41.28265094,0 2.2418228604833215,41.282128672287456,0 2.24320508897791,41.28160638804021,0 2.2445872954835435,41.2810840872868,0 2.24596948,41.28056177,0 2.2472411817057516,41.280058985989086,0 2.248512863941083,41.279556187975786,0 2.2497845267058727,41.279053375988525,0 2.25105617,41.27855055,0 2.2522418260526216,41.277837253316584,0 2.2534274564031396,41.27712394441235,0 2.254613061052088,41.27641062331589,0 2.25579864,41.27569729,0 2.256821439078496,41.27485794872811,0 2.2578442121040245,41.27401859829442,0 2.2588669590775403,41.27317923872745,0 2.25988968,41.27233987,0 2.2607340099898656,41.2713628445096,0 2.261578314985638,41.270385812669794,0 2.2624225949885926,41.269408774509024,0 2.26326685,41.26843173,0 2.2639243210112374,41.26739206594109,0 2.2645817713475123,41.26635239791184,0 2.265239201010031,41.265312725940625,0 2.26589661,41.26427305,0 2.2663344542691792,41.26317362540131,0 2.2667722840249453,41.262074198858905,0 2.267210099268239,41.260974770400985,0 2.2676479,41.25987534,0 2.267831074546681,41.25870917094805,0 2.268014242728608,41.25754300125458,0 2.2681974045462314,41.25637683094778,0 2.26838056,41.25521066,0 2.2683325647878596,41.25405009057702,0 2.268284571383896,41.2528895207599,0 2.2682365797879847,41.251728950576776,0 2.26818859,41.25056838,0 2.2679990823866363,41.24941560102871,0 2.2678095815158263,41.24826282136217,0 2.267620087387103,41.24711004102847,0 2.2674306,41.24595726,0 2.26716496848269,41.24481133648323,0 2.26689934631068,41.24366541196814,0 2.26663373348333,41.24251948648295,0 2.26636813,41.24137356,0 2.266076397100072,41.24022580417645,0 2.2657846744672305,41.23907804722575,0 2.265492962100774,41.237930289176155,0 2.26520126,41.23678253,0 2.2648832309239983,41.23564788437547,0 2.2645652128991625,41.23451323749114,0 2.2642472059247454,41.23337858937519,0 2.26392921,41.23224394,0 2.2636279015975243,41.23109565924929,0 2.2633266037971826,41.22994737732287,0 2.2630253165982497,41.22879909424898,0 2.26272404,41.22765081,0
                </coordinates>
            </LineString>
        </Placemark>
        

        <Placemark>
            <name>Route RYR699N</name>
            <Style>
                <LineStyle>
                    <color>ff00a5ff</color> <!-- naranja -->
                    <width>2</width>
                </LineStyle>
            </Style>
            <LineString>
                <tessellate>1</tessellate>
                <coordinates>
                    2.0820029,41.28497538,0 2.082647401183475,41.28519112044262,0 2.0832919065779927,41.28540685724759,0 2.083936416183514,41.28562259044268,0 2.08458093,41.28583832,0 2.085583105794674,41.28619643209523,0 2.08658529246138,41.28655453542864,0 2.08758749,41.28691263,0 2.088427742397523,41.28717735922674,0 2.089268001530097,41.28744208229313,0 2.0901082673976226,41.28770679922687,0 2.09094854,41.28797151,0 2.091815650751757,41.28826971983221,0 2.0926827693357337,41.28856792310043,0 2.0935498957518437,41.28886611983234,0 2.09441703,41.28916431,0 2.0953319073297947,41.28946916843907,0 2.0962467931064674,41.28977401957627,0 2.0971616873299066,41.290078863439255,0 2.09807659,41.2903837,0 2.0989989036348113,41.29065510110581,0 2.099921224846515,41.29092649479855,0 2.1008435536349612,41.29119788110596,0 2.10176589,41.29146926,0 2.10270330523017,41.29175748647571,0 2.1036407286403236,41.292045705291784,0 2.1045781602303157,41.29233391647588,0 2.1055156,41.29262212,0 2.106459536272472,41.29288416662681,0 2.1074034800300794,41.293146205493244,0 2.108347431272647,41.29340823662696,0 2.10929139,41.29367026,0 2.1106503018209124,41.29395069269468,0 2.1120092251544733,41.294231109361455,0 2.11336816,41.29451151,0 2.1144083016089965,41.294637051567044,0 2.1154484471455706,41.29476258374684,0 2.11648859660936,41.29488810656713,0 2.11752875,41.29501362,0 2.1185952757890973,41.2950501372715,0 2.1196618027190777,41.29508664468607,0 2.1207283307895186,41.29512314227153,0 2.12179486,41.29515963,0 2.122859264042647,41.29512913970471,0 2.123923667057142,41.295098639597015,0 2.124988069043066,41.2950681297047,0 2.12605247,41.29503761,0 2.127159461848638,41.294952763398356,0 2.128266450798489,41.2948679061885,0 2.129373436849096,41.29478303839829,0 2.13048042,41.29469816,0 2.1315607350869916,41.29459615514158,0 2.132641046782935,41.29449414017947,0 2.1337213550874106,41.29439211514151,0 2.13480166,41.29429008,0 2.1359675687199644,41.29417445263102,0 2.1371334732936353,41.29405881349869,0 2.1382993737204887,41.29394316263092,0 2.13946527,41.2938275,0 2.1406717466993848,41.293707153877186,0 2.1418782189328995,41.29358679516022,0 2.143084686699965,41.293466423877064,0 2.14429115,41.29334604,0 2.1455166775693115,41.29321204197646,0 2.1467422000928162,41.293078030959265,0 2.147967717569913,41.29294400697635,0 2.14919323,41.29280997,0 2.150453263930278,41.292656028086306,0 2.1517132919074653,41.29250207243903,0 2.1529733139309197,41.29234810308615,0 2.15423333,41.29219412,0 2.1555336449179316,41.29202838942132,0 2.1568339532243757,41.29186264421904,0 2.1581342549186315,41.29169688442114,0 2.15943455,41.29153111,0 2.1607761657762996,41.29135655833385,0 2.1621177743689106,41.29118199110238,0 2.1634593757770655,41.291007408333634,0 2.16480097,41.29083281,0 2.1661399832103307,41.29065901074328,0 2.167478989280949,41.29048519598163,0 2.1688179882110927,41.29031136574307,0 2.17015698,41.29013752,0 2.1715346212087985,41.289960772101864,0 2.172912254945619,41.28978400779305,0 2.17428988120963,41.28960722710165,0 2.1756675,41.28943043,0 2.1770228954802406,41.289262541314656,0 2.178378283974185,41.28909463674345,0 2.1797336654810375,41.28892671631444,0 2.18108904,41.28875878,0 2.1824425478118976,41.28859340124829,0 2.1837960487497274,41.288428006654975,0 2.185149542812693,41.288262596248074,0 2.18650303,41.28809717,0 2.187904205381268,41.28793648544877,0 2.1893053738422847,41.28777578392227,0 2.1907065353821595,41.28761506544856,0 2.19210769,41.28745433,0 2.1934716239511376,41.287312196616114,0 2.1948355519354057,41.28717004714543,0 2.1961994739519715,41.287027881615934,0 2.19756339,41.2868857,0 2.1989476938543966,41.28674727234122,0 2.2003319918064452,41.286608828112236,0 2.201716283855272,41.28647036734107,0 2.20310057,41.28633189,0 2.204485266190803,41.28619611735534,0 2.205869956588323,41.286060328131036,0 2.207254641191682,41.28592452235515,0 2.20863932,41.2857887,0 2.210090179718497,41.28564377728414,0 2.211541032958668,41.28549883636944,0 2.212991879719505,41.28535387728394,0 2.21444272,41.2852089,0 2.215827313603182,41.28507454735136,0 2.217211901471495,41.28494017812575,0 2.2185964836040606,41.28480579235119,0 2.21998106,41.28467139,0 2.2214302418915457,41.284531292221146,0 2.222879417522733,41.284391176285446,0 2.224328586892554,41.284251042220944,0 2.22577775,41.28411089,0 2.2272049291851186,41.28397176140134,0 2.2286321022474658,41.283832615192395,0 2.23005926918608,41.28369345140116,0 2.23148643,41.28355427,0 2.2329139165577097,41.2834171539127,0 2.2343413970775887,41.28328002020753,0 2.235768871558674,41.28314286891252,0 2.23719634,41.2830057,0 2.2385991214183085,41.28286829300688,0 2.240001896891687,41.28273086899977,0 2.2414046664192218,41.282593428006706,0 2.24280743,41.28245597,0 2.2442536718285853,41.28231661961011,0 2.245699907438782,41.28217725113739,0 2.247146136829587,41.282037864609904,0 2.24859236,41.28189846,0 2.2499952338126525,41.28176275801,0 2.2513981017508127,41.28162703900393,0 2.252800963813567,41.281491303009815,0 2.25420382,41.28135555,0 2.255626776966753,41.28121175124397,0 2.25704972762297,41.28106793498255,0 2.2584726719677026,41.28092410124378,0 2.25989561,41.28078025,0 2.2613384926921243,41.28062747948239,0 2.262781368590155,41.280474690967104,0 2.2642242376931088,41.28032188448217,0 2.2656671,41.28016906,0 2.267073570196603,41.280051210642284,0 2.26848003526276,41.27993334418034,0 2.2698864951975364,41.27981546064214,0 2.27129295,41.27969756,0 2.272674214521118,41.279667742245536,0 2.274055477695436,41.27963790798473,0 2.2754367395220356,41.27960805724549,0 2.276818,41.27957819,0 2.2782413612791803,41.27986920137779,0 2.279664735039433,41.28016019516136,0 2.2810881212799687,41.28045117137817,0 2.28251152,41.28074213,0 2.2838335079870835,41.28098528274751,0 2.2851555056498882,41.281228420320936,0 2.2864775129877493,41.2814715427478,0 2.28779953,41.28171465,0 2.2890881722816245,41.28218858422893,0 2.2903768330423127,41.28266250396299,0 2.2916655122818446,41.28313640922947,0 2.29295421,41.2836103,0
                </coordinates>
            </LineString>
        </Placemark>
        

        <Placemark>
            <name>Route VLG53PC</name>
            <Style>
                <LineStyle>
                    <color>ff00a5ff</color> <!-- naranja -->
                    <width>2</width>
                </LineStyle>
            </Style>
            <LineString>
                <tessellate>1</tessellate>
                <coordinates>
                    2.08090661,41.28459822,0 2.0814950419893186,41.28480433454342,0 2.082083477652442,41.28501044604863,0 2.082671916989344,41.28521655454346,0 2.08326036,41.28542266,0 2.0839678796134726,41.28566799655556,0 2.08467540448466,41.28591332873152,0 2.0853829346135178,41.28615865655563,0 2.08609047,41.28640398,0 2.0868667156752245,41.28666839288408,0 2.0876429675670085,41.2869328005029,0 2.0884192256752887,41.287197202884194,0 2.08919549,41.2874616,0 2.090082282880108,41.28776243278088,0 2.090969083840209,41.28806325869868,0 2.0918558928802047,41.288364077781054,0 2.09274271,41.28866489,0 2.093636455920472,41.288950145436736,0 2.0945302095607072,41.289235393906466,0 2.0954239709205886,41.289520635436894,0 2.09631774,41.28980587,0 2.0972436150064726,41.2901029536993,0 2.0981694983420485,41.29040002992324,0 2.0990953900066005,41.290697098699475,0 2.10002129,41.29099416,0 2.1009026990501942,41.291267710149334,0 2.1017841154003385,41.29154125352325,0 2.1026655390503133,41.291814790149466,0 2.10354697,41.29208832,0 2.1044026567650937,41.292364514570586,0 2.105258350686858,41.29264070275158,0 2.1061140517651933,41.29291688457071,0 2.10696976,41.29319306,0 2.108172347937425,41.29352454591155,0 2.1093749479375465,41.293856019245,0 2.11057756,41.29418748,0 2.1115059728205177,41.294358263725314,0 2.112434390427511,41.29452903995787,0 2.1133628128207484,41.2946998087254,0 2.11429124,41.29487057,0 2.115265421539208,41.29494971483582,0 2.1162396053858186,41.295028851438516,0 2.1172137915395197,41.29510797983588,0 2.11818798,41.2951871,0 2.119201648579345,41.29516497583958,0 2.120215316439368,41.29514284277683,0 2.121228983579707,41.29512070083957,0 2.12224265,41.29509855,0 2.123298087245847,41.29500114945382,0 2.124353521328057,41.294903739262416,0 2.1254089522462385,41.29480631945375,0 2.12646438,41.29470889,0 2.127551498058483,41.294598005332325,0 2.1286386124115926,41.29448711043375,0 2.129725723058906,41.29437620533222,0 2.13081283,41.29426529,0 2.131916850722139,41.29415290331181,0 2.133020867629815,41.294040506073095,0 2.1341248807225828,41.29392809831174,0 2.13522889,41.29381568,0 2.136351195917648,41.293701358838895,0 2.137473497890508,41.29358702677585,0 2.1385957959181137,41.29347268383879,0 2.13971809,41.29335833,0 2.140878681766557,41.29323182997027,0 2.1420392690224164,41.29310531828433,0 2.143199851767067,41.29297879497015,0 2.14436043,41.29285226,0 2.145542689663251,41.29272078062738,0 2.1467249445513605,41.29258928916048,0 2.1479071946637895,41.29245778562725,0 2.14908944,41.29232627,0 2.1503303782889356,41.29218125496817,0 2.151571311052326,41.29203622661485,0 2.1528122382895534,41.291891184968016,0 2.15405316,41.29174613,0 2.155312750960576,41.29160033557202,0 2.156572336281199,41.291454527419994,0 2.1578319159612227,41.291308705571886,0 2.15909149,41.29116287,0 2.1603734414280735,41.29101168630763,0 2.161655386904552,41.29086048840076,0 2.1629373264287537,41.290709276307446,0 2.16421926,41.29055805,0 2.16556430248528,41.290396883453376,0 2.1669093383142295,41.29023570126176,0 2.1682543674860644,41.29007450345318,0 2.16959939,41.28991329,0 2.170946217460364,41.289752766015404,0 2.1722930382810106,41.28959222634446,0 2.1736398524611515,41.289431671015194,0 2.17498666,41.2892711,0 2.176368818217523,41.28910276476342,0 2.177750969290596,41.28893441300849,0 2.1791331132183704,41.28876604476323,0 2.18051525,41.28859766,0 2.1819136861792146,41.28842409784909,0 2.1833121149062027,41.28825051878937,0 2.184710536180089,41.28807692284887,0 2.18610895,41.28790331,0 2.1875260985456397,41.287734183531335,0 2.1889432397281303,41.28756503969903,0 2.1903603735465564,41.287395878531115,0 2.1917775,41.2872267,0 2.1931752981812394,41.287060920325864,0 2.1945730892422395,41.2868951237584,0 2.19597087318212,41.28672931032566,0 2.19736865,41.28656348,0 2.198766689998072,41.28640848283506,0 2.200164723331356,41.286253468770674,0 2.201562749998962,41.28609843783487,0 2.20296077,41.28594339,0 2.204343111881008,41.28579640977014,0 2.2057254475085886,41.285649413017445,0 2.2071077768818737,41.28550239976996,0 2.2084901,41.28535537,0 2.2099375700687798,41.28520477965651,0 2.2113850334257035,41.28505417119926,0 2.212832490069776,41.28490354465631,0 2.21427994,41.2847529,0 2.2156859565246827,41.28461407312532,0 2.217091967033523,41.28447522915771,0 2.2184979715256015,41.284336368125146,0 2.21990397,41.28419749,0 2.2213308369256413,41.28405460388975,0 2.2227576975681607,41.28391170017694,0 2.2241845519265997,41.28376877888956,0 2.2256114,41.28362584,0 2.2270831194665353,41.2834868580737,0 2.228554832622753,41.28334785742218,0 2.2300265394675938,41.2832088380735,0 2.23149824,41.2830698,0 2.232951976974404,41.28292894489196,0 2.2344057076332167,41.28278807151319,0 2.2358594319754213,41.28264717989174,0 2.23731315,41.28250627,0 2.2388538453402558,41.28236131326374,0 2.2403945337878177,41.28221633600888,0 2.2419352153414702,41.2820713382635,0 2.24347589,41.28192632,0 2.2449729698476593,41.28178424904781,0 2.2464700431309548,41.28164215872099,0 2.2479671098487732,41.2815000490476,0 2.24946417,41.28135792,0 2.2510475684096036,41.28120915999063,0 2.252630959547017,41.28106037831138,0 2.2542143434109225,41.280911574990384,0 2.25579772,41.28076275,0 2.257340750133633,41.28062103585661,0 2.258883773512326,41.28047930113272,0 2.260426790134856,41.280337545856405,0 2.2619698,41.28019577,0 2.26361629217762,41.28003605012803,0 2.265262776237812,41.27987630682788,0 2.2669092521790977,41.279716540127716,0 2.26855572,41.27955675,0 2.2701808392582086,41.27940055422251,0 2.2718059506785595,41.279244335620575,0 2.273431054259631,41.27908809422226,0 2.27505615,41.27893183,0 2.2767418057701656,41.27876176931613,0 2.278427452694607,41.278591684078684,0 2.2801130907717444,41.278421574315814,0 2.28179872,41.27825144,0 2.283504210880182,41.27808203768701,0 2.2852096928413346,41.27791261023984,0 2.28691516588182,41.27774315768667,0 2.28862063,41.27757368,0 2.2903199946951935,41.277386672414195,0 2.292019349594658,41.27719963987609,0 2.293718694696793,41.277012582413846,0 2.29541803,41.2768255,0 2.297108429477923,41.27660782201678,0 2.2987988176382532,41.27639011934613,0 2.3004891944794568,41.276172392016356,0 2.30217956,41.27595464,0 2.3038404309780978,41.27571315823281,0 2.305501289638407,41.27547165263415,0 2.3071621359795134,41.27523012323234,0 2.30882297,41.27498857,0 2.3105216784884868,41.27472014737593,0 2.312220372985636,41.274451699824965,0 2.313919053489967,41.27418322737544,0 2.31561772,41.27391473,0
                </coordinates>
            </LineString>
        </Placemark>
        

        <Placemark>
            <name>Route SWR7YT</name>
            <Style>
                <LineStyle>
                    <color>ff00a5ff</color> <!-- naranja -->
                    <width>2</width>
                </LineStyle>
            </Style>
            <LineString>
                <tessellate>1</tessellate>
                <coordinates>
                    2.08123145,41.28463131,0 2.081908840270536,41.28486621101136,0 2.0825862353607416,41.28510110800591,0 2.0832636352705762,41.28533600101143,0 2.08394104,41.28557089,0 2.0847184461906294,41.28582037790322,0 2.0854958582542227,41.286069860528414,0 2.086273276190705,41.286319337903315,0 2.0870507,41.28656881,0 2.0878962168154525,41.286846999345855,0 2.0887417407539974,41.287125182451945,0 2.0895872718155437,41.28740335934599,0 2.09043281,41.28768153,0 2.0912969292026182,41.28795664225774,0 2.0921610556035612,41.28823174800114,0 2.093025189202724,41.28850684725788,0 2.09388933,41.28878194,0 2.09477737021098,41.28908652781111,0 2.0956654186147023,41.28939110873899,0 2.0965534752110737,41.28969568281127,0 2.09744154,41.29000025,0 2.098284986964465,41.29027523930006,0 2.099128440952682,41.29055022239086,0 2.0999719019645577,41.290825199300166,0 2.10081537,41.29110017,0 2.1016567820522023,41.291373531755234,0 2.1024982010696656,41.29164688733111,0 2.1033396270522955,41.29192023675537,0 2.10418106,41.29219358,0 2.1053805044861056,41.29243775582555,0 2.1065799578195965,41.29268191915897,0 2.10777942,41.29292607,0 2.1086876180983714,41.29303351073071,0 2.109595819131324,41.293140944298365,0 2.1105040230986143,41.29324837073075,0 2.11141223,41.29335579,0 2.112370490333884,41.29334930192561,0 2.1133287504453833,41.29334280589153,0 2.114287010334191,41.29333630192559,0 2.11524527,41.29332979,0 2.1162450454570525,41.293266082974064,0 2.1172448189429645,41.29320236728944,0 2.1182445904573934,41.29313864297403,0 2.11924436,41.29307491,0 2.1202519577403085,41.293016450677776,0 2.121259553653978,41.29295798256107,0 2.1222671477406587,41.29289950567774,0 2.12327474,41.29284102,0 2.124335246691438,41.292755574593485,0 2.125395750588851,41.29267011944867,0 2.126456251691839,41.292584654593426,0 2.12751675,41.29249918,0 2.1285833022334533,41.29240308725943,0 2.129649851311541,41.29230698466992,0 2.1307163972338583,41.29221087225935,0 2.13178294,41.29211475,0 2.1328518179281346,41.29200461232306,0 2.1339206922377807,41.291894464754755,0 2.1349895629285363,41.29178430732298,0 2.13605843,41.29167414,0 2.137185381752414,41.29154403147381,0 2.1383123290035275,41.29141391195572,0 2.139439271752877,41.2912837814737,0 2.14056621,41.29115364,0 2.1417270799474544,41.29101428497835,0 2.142887944930275,41.2908749182951,0 2.1440488049479574,41.29073553997823,0 2.14520966,41.29059615,0 2.1463894751843964,41.29045468555243,0 2.147569285246214,41.29031320906056,0 2.148749090184925,41.2901717205523,0 2.14992889,41.29003022,0 2.151107557513483,41.28989181301734,0 2.15228622001833,41.28975339401377,0 2.1534648775140117,41.28961496301722,0 2.15464353,41.28947652,0 2.1558851413895104,41.28932096998951,0 2.157126746853088,41.2891654066433,0 2.1583683463901218,41.28900982998936,0 2.15960994,41.28885424,0 2.1608966569512678,41.28869469146605,0 2.162183367602145,41.288535128612,0 2.1634700719519495,41.28837555146588,0 2.16475677,41.28821596,0 2.166060429240789,41.28806209453443,0 2.1673640823215288,41.287908214369835,0 2.168667729241504,41.287754319534244,0 2.16997137,41.28760041,0 2.1712991364028564,41.28745501285619,0 2.1726268968709848,41.28730960046552,0 2.173954651403621,41.287164172856016,0 2.1752824,41.28701873,0 2.1766277911303935,41.28687975346656,0 2.1779731765077255,41.28674076127934,0 2.1793185561311943,41.2866017534664,0 2.18066393,41.28646273,0 2.1820569262256058,41.28632715515498,0 2.1834499166347374,41.286191563530586,0 2.1848429012265007,41.286055955154815,0 2.18623588,41.28592033,0 2.187648806042866,41.28578958587946,0 2.1890617263911136,41.28565882449657,0 2.1904746410438047,41.28552804587931,0 2.19188755,41.28539725,0 2.193276660423978,41.285274000015605,0 2.194665765565901,41.28515073334476,0 2.1960548654248737,41.28502745001544,0 2.19744396,41.28490415,0 2.1988947760942374,41.28477619478474,0 2.2003455864596635,41.284648221370254,0 2.201796391095258,41.28452022978454,0 2.20324719,41.28439222,0 2.204656929883739,41.28427929326409,0 2.206066664845614,41.28416634934273,0 2.207476394884682,41.28405338826395,0 2.20888612,41.28394041,0 2.2102975917896113,41.28383689332823,0 2.21170905905345,41.28373335942828,0 2.2131205217905636,41.283629808328094,0 2.21453198,41.28352624,0 2.2159180790366504,41.28342477990888,0 2.2173041737161356,41.283323303202465,0 2.2186902640375523,41.28322180990874,0 2.22007635,41.2831203,0 2.2215260299001773,41.28301041974322,0 2.2229757048675896,41.28290052131491,0 2.2244253749012066,41.28279060474304,0 2.22587504,41.28268067,0 2.227258191911157,41.28257307980216,0 2.228641339215472,41.282465473060185,0 2.23002448191205,41.28235784980204,0 2.23140762,41.28225021,0 2.2327718691316787,41.282145589129684,0 2.2341361138428097,41.28204095216355,0 2.2355003541325362,41.28193629912957,0 2.23686459,41.28183163,0 2.2382948127702935,41.28171457401608,0 2.2397250303610465,41.281597500345384,0 2.241155242771277,41.281480409015906,0 2.24258545,41.2813633,0 2.243953654496739,41.28125317426873,0 2.24532185432956,41.28114303234896,0 2.246690049497601,41.281032874268604,0 2.24805824,41.2809227,0 2.249407014402053,41.280812486084805,0 2.2507557842032875,41.28070225643703,0 2.252104549402878,41.28059201108468,0 2.25345331,41.28048175,0 2.254823079732479,41.28036801432354,0 2.2561928446438806,41.280254262422005,0 2.257562604733342,41.280140494323405,0 2.25893236,41.28002671,0 2.2603072773828576,41.279911034506156,0 2.261682189844391,41.279795342665494,0 2.263057097383729,41.279679634506,0 2.264432,41.27956391,0 2.265847655969966,41.27943484847687,0 2.2672633062939176,41.27930576962643,0 2.2686789509709104,41.27917667347671,0 2.27009459,41.27904756,0 2.2714726429106658,41.27892378461668,0 2.2728506905481365,41.278799992812864,0 2.274228732911539,41.27867618461653,0 2.27560677,41.27855236,0 2.2769865673051934,41.278438407180005,0 2.278366359740846,41.27832443789729,0 2.2797461473060756,41.27821045217985,0 2.28112593,41.27809645,0 2.2825279155192306,41.277973207978114,0 2.2839298956929217,41.277849948961446,0 2.2853318705201513,41.27772667297796,0 2.28673384,41.27760338,0 2.2881362659966,41.277472720493044,0 2.289538686329411,41.27734204398133,0 2.290941100997517,41.27721135049287,0 2.29234351,41.27708064,0 2.293722040500229,41.276955562132876,0 2.295100565667554,41.27683046783444,0 2.296479085501102,41.27670535713271,0 2.2978576,41.27658023,0 2.299261667711297,41.27646205805392,0 2.3006657302823483,41.27634386906253,0 2.302069787712225,41.276225663053786,0 2.30347384,41.27610744,0
                </coordinates>
            </LineString>
        </Placemark>
        

        <Placemark>
            <name>Route RYR32FE</name>
            <Style>
                <LineStyle>
                    <color>ff00a5ff</color> <!-- naranja -->
                    <width>2</width>
                </LineStyle>
            </Style>
            <LineString>
                <tessellate>1</tessellate>
                <coordinates>
                    2.08076507,41.28452148,0 2.0813494219576185,41.2847302119819,0 2.0819337776101734,41.284938940966626,0 2.0825181369576415,41.28514766698194,0 2.0831025,41.28535639,0 2.0837841000707487,41.28559627608692,0 2.084465705094358,41.28583615810667,0 2.0851473150707878,41.286076036086996,0 2.08582893,41.28631591,0 2.08656971436849,41.28655756717979,0 2.0873105041580287,41.28679921956385,0 2.0880512993685527,41.287040867179904,0 2.0887921,41.28728251,0 2.0896405086506835,41.28757693441455,0 2.09048892486763,41.287871352543554,0 2.0913373486507623,41.28816576441471,0 2.09218578,41.28846017,0 2.093054018862963,41.28874256235269,0 2.093922265150686,41.28902494812771,0 2.094790518863065,41.2893073273528,0 2.09565878,41.2895897,0 2.0965382138080857,41.28986989510602,0 2.097417655077522,41.29015008346551,0 2.0982971038081972,41.29043026510616,0 2.09917656,41.29071044,0 2.1000681588914367,41.290984795383935,0 2.100959765188666,41.29125914383606,0 2.1018513788915616,41.29153348538408,0 2.102743,41.29180782,0 2.1039274635253777,41.292174275546465,0 2.105111940192141,41.292540718879906,0 2.10629643,41.29290715,0 2.1072451860369,41.29311554672983,0 2.1081939480493483,41.29332393563059,0 2.1091427160371228,41.29353231672996,0 2.11009149,41.29374069,0 2.111049251630392,41.293933566948624,0 2.1120070188406843,41.29412643592228,0 2.112964791630634,41.29431929694872,0 2.11392257,41.29451215,0 2.1149032820711215,41.29463481000947,0 2.1158839977616974,41.29475746167006,0 2.1168647170714245,41.29488010500953,0 2.11784544,41.29500274,0 2.118843948283681,41.295041690451576,0 2.1198424577118047,41.29508063225949,0 2.1208409682840257,41.29511956545159,0 2.12183948,41.29515849,0 2.1229128892518467,41.29512399995376,0 2.1239862973360815,41.29508949992906,0 2.125059704252276,41.295054989953755,0 2.12613311,41.29502047,0 2.127202128589868,41.294948094828825,0 2.1282711447867677,41.29487570976244,0 2.129340158590284,41.29480331482874,0 2.13040917,41.29473091,0 2.1314899252624597,41.29462538265374,0 2.1325706770168913,41.29451984519568,0 2.1336514252628773,41.29441429765368,0 2.13473217,41.29430874,0 2.13589244681684,41.294181239960864,0 2.1370527190894593,41.2940537282718,0 2.1382129868173494,41.29392620496074,0 2.13937325,41.29379867,0 2.14051210915706,41.29367180932302,0 2.141650963876401,41.293544937421345,0 2.142789814157541,41.29341805432292,0 2.14392866,41.29329116,0 2.14514871785005,41.29315149180304,0 2.146368770467126,41.293011810728,0 2.147588817850639,41.29287211680288,0 2.14880886,41.29273241,0 2.1500480558772077,41.29258562241212,0 2.1512872461700194,41.29243882154011,0 2.1525264308778214,41.29229200741195,0 2.15376561,41.29214518,0 2.155046936478496,41.29199304128696,0 2.1563282569717797,41.29184088837324,0 2.1576095714791736,41.29168872128682,0 2.15889088,41.29153654,0 2.1602153644059006,41.291382405243134,0 2.161539842541702,41.291228255314785,0 2.162864314406652,41.29107409024296,0 2.16418878,41.29091991,0 2.1655346071156334,41.290764873480946,0 2.166880427821371,41.290609821298524,0 2.1682262421164236,41.290454753480745,0 2.16957205,41.29029967,0 2.1709569125526347,41.29014219986102,0 2.1723417684040878,41.28998471313866,0 2.1737266175534966,41.28982720986084,0 2.17511146,41.28966969,0 2.1764730546060704,41.28951668403346,0 2.177834642808641,41.28936366203522,0 2.179196224606891,41.28921062403328,0 2.1805578,41.28905757,0 2.1819160918016163,41.288909123917186,0 2.1832743774027,41.28876066188017,0 2.1846326568024343,41.288612183916996,0 2.18599093,41.28846369,0 2.1873484768882903,41.288313776390694,0 2.188706017518264,41.28816384684487,0 2.190063551889106,41.288013901390535,0 2.19142108,41.28786394,0 2.1928232300777566,41.28770814298423,0 2.194225373437607,41.28755232896955,0 2.195627510078654,41.28739649798401,0 2.19702964,41.28724065,0 2.198368026472696,41.28709539072158,0 2.199706406964117,41.28695011595274,0 2.2010447814734797,41.28680482572144,0 2.20238315,41.28665952,0 2.2037682616541607,41.28651643986964,0 2.2051533672061296,41.28637334315012,0 2.2065384666550343,41.28623022986945,0 2.20792356,41.2860871,0 2.2092874212636437,41.28594803411319,0 2.210651276685416,41.28580895214153,0 2.2120151262644794,41.28566985411302,0 2.21337897,41.28553074,0 2.214764129058545,41.285389219871064,0 2.2161492820786437,41.285247683152015,0 2.2175344290594206,41.285106129870876,0 2.21891957,41.28496456,0 2.220301846667602,41.28482102226739,0 2.221684117224047,41.28467746801377,0 2.223066381668469,41.284533897267195,0 2.22444864,41.28439031,0 2.2258546894386466,41.28424505812549,0 2.2272607325854716,41.284099789157935,0 2.2286667694395605,41.28395450312531,0 2.2300728,41.2838092,0 2.2314554265120763,41.28366820977972,0 2.232838047016682,41.28352720303023,0 2.2342206615129467,41.28338617977955,0 2.23560327,41.28324514,0 2.2370073417811915,41.283102180553314,0 2.238411407375529,41.282959204061676,0 2.239815466782103,41.28281621055312,0 2.24121952,41.2826732,0 2.242622419573314,41.282525563010054,0 2.244025312765023,41.282377909004005,0 2.2454281995742202,41.28223023800986,0 2.24683108,41.28208255,0 2.2482124742624503,41.28193750723462,0 2.24959386235051,41.28179244797009,0 2.2509752442633153,41.28164737223443,0 2.25235662,41.28150228,0 2.2537569345792754,41.28135430791575,0 2.2551572427729667,41.28120631887826,0 2.256557544580175,41.28105831291556,0 2.25795784,41.28091029,0 2.25938288461779,41.28076439382062,0 2.2608079228243545,41.28061848008476,0 2.2622329546187423,41.280472548820434,0 2.26365798,41.2803266,0 2.2650179363976015,41.28018515147326,0 2.26637788686402,41.28004368695495,0 2.2677378313984273,41.27990220647309,0 2.26909777,41.27976071,0 2.2704995122963427,41.2796095504666,0 2.2719012480623904,41.27945837394604,0 2.273302977297243,41.2793071804664,0 2.2747047,41.27915597,0 2.2761058142644828,41.27901310044441,0 2.277506922353247,41.278870213916484,0 2.2789080242653883,41.27872731044423,0 2.28030912,41.27858439,0 2.2816900567758043,41.27843920221701,0 2.2830709873683146,41.278293997946605,0 2.2844519117766677,41.278148777216835,0 2.28583283,41.27800354,0 2.2872124339387407,41.27786359466972,0 2.2885920319188977,41.27772363288353,0 2.289971623939606,41.27758365466952,0 2.29135121,41.27744366,0 2.292710538989662,41.277300751450014,0 2.2940698619867645,41.277157826923954,0 2.2954291789904855,41.27701488644984,0 2.29678849,41.27687193,0 2.298211530080251,41.27671882124438,0 2.2996345634409625,41.27656569498309,0 2.301057590081193,41.27641255124418,0 2.30248061,41.27625939,0
                </coordinates>
            </LineString>
        </Placemark>
        

        <Placemark>
            <name>Route RYR57ZC</name>
            <Style>
                <LineStyle>
                    <color>ff00a5ff</color> <!-- naranja -->
                    <width>2</width>
                </LineStyle>
            </Style>
            <LineString>
                <tessellate>1</tessellate>
                <coordinates>
                    2.08221818,41.28509041,0 2.082876366298598,41.28529786567205,0 2.083534556731496,41.28550531755348,0 2.084192751298646,41.285712765672095,0 2.08485095,41.28592021,0 2.0855867213443826,41.286179117088366,0 2.0863224984592095,41.28643801944195,0 2.0870582813444316,41.28669691708845,0 2.08779407,41.28695581,0 2.0885996020855324,41.28724034349119,0 2.089405141114085,41.2875248713124,0 2.0902106870855954,41.28780939349131,0 2.09101624,41.28809391,0 2.0918683721636286,41.28836099698842,0 2.0927205112182414,41.28862807764206,0 2.0935726571637336,41.288895151988584,0 2.09442481,41.28916222,0 2.0953196424302245,41.28947139046983,0 2.096214483240362,41.28978055395057,0 2.097109332430318,41.29008971046997,0 2.09800419,41.29039886,0 2.098871427528133,41.29065211982168,0 2.099738671704261,41.29090537308636,0 2.100605922528259,41.291158619821786,0 2.10147318,41.29141186,0 2.102653400257225,41.29177780545944,0 2.103833633590653,41.292143738792895,0 2.10501388,41.29250966,0 2.1059051379379863,41.29274607786515,0 2.1067964022507524,41.29298248881101,0 2.107687672938143,41.29321889286527,0 2.10857895,41.29345529,0 2.1094810434999647,41.293675240612835,0 2.1103831430000706,41.29389518414123,0 2.111285248500141,41.294115120612936,0 2.11218736,41.29433505,0 2.1131618888091452,41.29447561985643,0 2.114136421745719,41.29461618146604,0 2.1151109588094332,41.294756734856534,0 2.1160855,41.29489728,0 2.117108113640484,41.294981353590266,0 2.1181307298542196,41.29506541811111,0 2.1191533486408445,41.295149473590314,0 2.12017597,41.29523352,0 2.121193333608571,41.29526479344309,0 2.122210698145005,41.29529605791486,0 2.123228063608937,41.2953273134431,0 2.12424543,41.29535856,0 2.1253075151230343,41.29530567463882,0 2.126369598497654,41.29525277950912,0 2.127431680123447,41.295199874638776,0 2.12849376,41.29514696,0 2.129579094662375,41.29505402528285,0 2.1306644262167858,41.2949610803678,0 2.1317497546628035,41.294868125282775,0 2.13283508,41.29477516,0 2.133948566839956,41.294641716082886,0 2.1350620491202377,41.2945082614345,0 2.1361755268404004,41.29437479608277,0 2.137289,41.29424132,0 2.138441435285558,41.29409447972536,0 2.139593865381069,41.29394762795776,0 2.1407462902860455,41.29380076472522,0 2.14189871,41.29365389,0 2.143070218301823,41.29349982529906,0 2.1442417210694367,41.2933457487227,0 2.145413218302332,41.29319166029891,0 2.14658471,41.29303756,0 2.1478399747728107,41.29286827043068,0 2.14909523303083,41.29269896723153,0 2.150350484773434,41.29252965043051,0 2.15160573,41.29236032,0 2.152901390787782,41.29217922676466,0 2.154197044384162,41.291998119010124,0 2.1554926907884613,41.291816996764446,0 2.15678833,41.29163586,0 2.15806180755474,41.2914642085266,0 2.1593352784067537,41.291292543026074,0 2.1606087425553904,41.291120863526416,0 2.1618822,41.29094917,0 2.1632159058711276,41.29077200555964,0 2.1645496044953365,41.29059482573677,0 2.1658832958718772,41.290417630559425,0 2.16721698,41.29024042,0 2.1685727230369074,41.290071628827185,0 2.1699284590497414,41.28990282176017,0 2.1712841880377045,41.28973399882699,0 2.17263991,41.28956516,0 2.173954091538424,41.28941597239082,0 2.1752682670517234,41.28926676984502,0 2.176582436539161,41.28911755239064,0 2.1778966,41.28896832,0 2.179235678492518,41.28883094824682,0 2.1805747513238836,41.28869356098638,0 2.181913818493308,41.288556158246664,0 2.18325288,41.28841874,0 2.1845696307887885,41.28828238997871,0 2.185886376052218,41.288146024962224,0 2.1872031157895386,41.288009644978544,0 2.18851985,41.28787325,0 2.1898618282138322,41.28774078084747,0 2.1912038009523083,41.28760829612059,0 2.1925457682146305,41.28747579584733,0 2.19388773,41.28734328,0 2.1952767608313706,41.28721359501185,0 2.1966657861090884,41.28708389333973,0 2.1980548058322618,41.28695417501169,0 2.19944382,41.28682444,0 2.20076528505491,41.28670084264022,0 2.202086745073724,41.28657723017756,0 2.203408200055677,41.28645360264006,0 2.20472965,41.28632996,0 2.206094153017141,41.286202966636964,0 2.207458650690085,41.286075957173225,0 2.2088231430179865,41.28594893163681,0 2.21018763,41.28582189,0 2.2115504158864083,41.285688799075615,0 2.2129131961824355,41.285555692091435,0 2.2142759708872455,41.28542256907547,0 2.21563874,41.28528943,0 2.2170228861559655,41.285154199835176,0 2.2184070265418723,41.285018953104185,0 2.219791161156843,41.28488368983499,0 2.22117529,41.28474841,0 2.222580698960246,41.28461055560294,0 2.2239861019476064,41.28447268412784,0 2.225391498961164,41.28433479560276,0 2.22679689,41.28419689,0 2.228179593954437,41.284056812282664,0 2.2295622919398297,41.28391671803416,0 2.230944983955308,41.2837766072825,0 2.23232767,41.28363648,0 2.2336877707445546,41.28350548648037,0 2.235047865993295,41.283374476964454,0 2.2364079557453884,41.28324345148021,0 2.23776804,41.28311241,0 2.2391693092694345,41.282969347951386,0 2.2405705723598497,41.282826268925774,0 2.24197182927034,41.2826831729512,0 2.24337308,41.28254006,0 2.2447743092505084,41.28239731044976,0 2.246175532334615,41.28225454392362,0 2.2475767492514143,41.28211176044957,0 2.24897796,41.28196896,0 2.2508175739242047,41.281782265905726,0 2.2526571772582216,41.28159554257225,0 2.25449677,41.28140879,0 2.255874406981255,41.28125987709972,0 2.257252037642242,41.28111094779021,0 2.2586296619821087,41.28096200209952,0 2.26000728,41.28081304,0 2.2614047519742937,41.280666435312575,0 2.2628022176329887,41.28051981374068,0 2.2641996769751893,41.28037317531238,0 2.26559713,41.28022652,0 2.2669532966361166,41.28008080633946,0 2.2683094571820326,41.27993507677655,0 2.269665611636932,41.27978933133929,0 2.27102176,41.27964357,0 2.2723977216282134,41.27950016453988,0 2.2737736771715213,41.27935674271043,0 2.2751496266290685,41.279213304539695,0 2.27652557,41.27906985,0 2.2778822814493367,41.27892725885849,0 2.279238986932995,41.278784651801935,0 2.280595686450156,41.27864202885833,0 2.28195238,41.27849939,0
                </coordinates>
            </LineString>
        </Placemark>
        

        <Placemark>
            <name>Route VLG1510</name>
            <Style>
                <LineStyle>
                    <color>ff00a5ff</color> <!-- naranja -->
                    <width>2</width>
                </LineStyle>
            </Style>
            <LineString>
                <tessellate>1</tessellate>
                <coordinates>
                    2.08128873,41.28458921,0 2.0819546876320585,41.28483267081422,0 2.0826206501760987,41.285076127743075,0 2.083286617632089,41.28531958081431,0 2.08395259,41.28556303,0 2.084751867396174,41.28584125585888,0 2.0855511515282754,41.28611947613595,0 2.086350442396239,41.286397690858976,0 2.08714974,41.2866759,0 2.0879962568255306,41.28695350186765,0 2.0888427807674357,41.28723109748102,0 2.0896893118256235,41.28750868686778,0 2.09053585,41.28778627,0 2.0914384128109105,41.288083570645966,0 2.0923409837479543,41.288380864185456,0 2.0932435628110206,41.28867815064612,0 2.09414615,41.28897543,0 2.095039643890815,41.2892492254274,0 2.0959331451878382,41.28952301389402,0 2.096826653890942,41.28979679542755,0 2.09772017,41.29007057,0 2.098895239091093,41.29047073869726,0 2.1000703224245,41.290870895364044,0 2.10124542,41.29127104,0 2.10209666392229,41.29155749197521,0 2.1029479152297785,41.291843937624456,0 2.103799173922378,41.29213037697536,0 2.10465044,41.29241681,0 2.1055435952713735,41.29265682041005,0 2.106436757028601,41.29289682387089,0 2.1073299252715283,41.29313682041019,0 2.1082231,41.29337681,0 2.1091753323017324,41.29349774179533,0 2.1101275680691605,41.29361866571785,0 2.1110798073020085,41.29373958179538,0 2.11203205,41.29386049,0 2.1130276174506397,41.29386278537099,0 2.1140231849344167,41.29386507215206,0 2.1150187524509847,41.293867350371,0 2.11601432,41.29386962,0 2.117038685354843,41.293809696119034,0 2.118063048806703,41.293749763149414,0 2.119087410355211,41.29368982111897,0 2.12011177,41.29362987,0 2.121170842442677,41.29352872205335,0 2.122229911590499,41.293427564395145,0 2.1232889774430714,41.293326397053285,0 2.12434804,41.29322522,0 2.1254047356156685,41.29310986448763,0 2.126461427487815,41.292994499307504,0 2.127518115616054,41.29287912448754,0 2.1285748,41.29276374,0 2.129679299615212,41.29262369332491,0 2.130783794487236,41.29248363609055,0 2.1318882846156417,41.2923435683248,0 2.13299277,41.29220349,0 2.134134085225203,41.292056329395386,0 2.135275395300585,41.29190915751783,0 2.136416700225675,41.29176197439525,0 2.137558,41.29161478,0 2.1387211304354015,41.29146648004624,0 2.1398842555808693,41.29131816838564,0 2.1410473754359027,41.29116984504612,0 2.14221049,41.29102151,0 2.143432663649895,41.290867701869836,0 2.144654831533582,41.29071388081705,0 2.1458769936504782,41.290560046869686,0 2.14709915,41.2904062,0 2.1483487112511885,41.290254070246384,0 2.1495982666686695,41.290101926985784,0 2.1508478162518156,41.289949770246224,0 2.15209736,41.2897976,0 2.1533847667406545,41.289641708989464,0 2.15467216732133,41.28948580364322,0 2.1559595617413403,41.28932988398928,0 2.15724695,41.28917395,0 2.158575619321615,41.28902169038736,0 2.1599042824293266,41.28886941550709,0 2.1612329393223755,41.28871712538719,0 2.16256159,41.28856482,0 2.16390767647061,41.28842032349089,0 2.1652537569613455,41.28827581131181,0 2.1665998314714083,41.28813128349075,0 2.1679459,41.28798674,0 2.1692901784760052,41.2878501434282,0 2.170634451301874,41.2877135312282,0 2.1719787184768053,41.287576903428025,0 2.17332298,41.28744026,0 2.1747303638315714,41.28730443317704,0 2.176137741776045,41.28716858922664,0 2.1775451138324953,41.28703272817686,0 2.17895248,41.28689685,0 2.1807762127150605,41.286729985407995,0 2.1825999360490673,41.286563092074545,0 2.18442365,41.28639617,0 2.185812325621342,41.286269732499896,0 2.187200995829051,41.28614327832378,0 2.188589660622234,41.28601680749972,0 2.18997832,41.28589032,0 2.191385935595121,41.28576606818585,0 2.192793545794116,41.28564179923842,0 2.194201150596053,41.285517513185695,0 2.19560875,41.28539321,0 2.197015595573858,41.28526924065763,0 2.1984224357657647,41.285145254200785,0 2.199829270574789,41.28502125065747,0 2.2012361,41.28489723,0 2.202642760448905,41.28477521565088,0 2.2040494155991603,41.28465318419179,0 2.205456065449836,41.28453113565071,0 2.20686271,41.28440907,0 2.2082679798739413,41.284295938100946,0 2.209673244832545,41.284182789125204,0 2.2110785048748753,41.2840696231008,0 2.21248376,41.28395644,0 2.2138934078675914,41.28387495326414,0 2.215303052157428,41.28379344934283,0 2.2167126928685508,41.28371192826403,0 2.21812233,41.28363039,0 2.2195247788324877,41.283689930527956,0 2.22092723011062,41.283749454028026,0 2.222329683833442,41.28380896052802,0 2.22373214,41.28386845,0 2.2250962461398673,41.28405331168889,0 2.2264603598536916,41.28423815724275,0 2.22782448114067,41.28442298668912,0 2.22918861,41.2846078,0 2.230562605865805,41.28487557207096,0 2.231936612821558,41.28514332775221,0 2.2333106308665327,41.285411067071294,0 2.23468466,41.28567879,0 2.2360007306558383,41.286044947592565,0 2.237316815874767,41.28641109011442,0 2.2386329156563134,41.28677721759299,0 2.23994903,41.28714333,0 2.241220455558409,41.28761002864464,0 2.2424918990780207,41.288076713183926,0 2.243763360558622,41.28854338364515,0 2.24503484,41.28901004,0 2.246298935610234,41.28952182592937,0 2.2475630508137128,41.290033597896915,0 2.2488271856103346,41.290545355929915,0 2.25009134,41.2910571,0
                </coordinates>
            </LineString>
        </Placemark>
        

        <Placemark>
            <name>Route VLG8FU</name>
            <Style>
                <LineStyle>
                    <color>ff00a5ff</color> <!-- naranja -->
                    <width>2</width>
                </LineStyle>
            </Style>
            <LineString>
                <tessellate>1</tessellate>
                <coordinates>
                    2.08132578,41.28474397,0 2.0819546411046823,41.28496778018606,0 2.082583506472929,41.28519158690552,0 2.0832123761047114,41.285415390186124,0 2.08384125,41.28563919,0 2.0845758190605284,41.28589206706373,0 2.0853103937474056,41.286144939409084,0 2.086044974060581,41.28639780706382,0 2.08677956,41.28665067,0 2.087598006811619,41.286938086264186,0 2.08841646074887,41.287225496676385,0 2.089234921811687,41.287512901264314,0 2.09005339,41.2878003,0 2.0909262396204413,41.28806218745052,0 2.0917990961606705,41.28832406825817,0 2.092671959620564,41.28858594245066,0 2.09354483,41.28884781,0 2.094750907773936,41.28927368601005,0 2.0959570011073403,41.2896995493435,0 2.09716311,41.2901254,0 2.09806600083148,41.290409950649924,0 2.0989688994420557,41.29069449419072,0 2.0998718058316035,41.290979030650064,0 2.10077472,41.29126356,0 2.1016294452651385,41.291578527061546,0 2.1024841786868937,41.29189348773956,0 2.1033389202652013,41.29220844206171,0 2.10419367,41.29252339,0 2.105025416426367,41.29281638905164,0 2.1058571702352022,41.293109382059654,0 2.106688931426437,41.29340236905176,0 2.1075207,41.29369535,0 2.108426199013713,41.293902038189096,0 2.109331703685077,41.29410871924294,0 2.110237214013902,41.29431539318923,0 2.11114273,41.29452206,0 2.112058072809023,41.294635618400754,0 2.112973418745528,41.29474916952508,0 2.1138887678092693,41.294862713400796,0 2.11480412,41.29497625,0 2.11613751098654,41.295035815392936,0 2.1174709043201463,41.29509536539295,0 2.1188043,41.2951549,0 2.1198303315803693,41.29506886366163,0 2.120856360440734,41.29498281820618,0 2.1218823865807317,41.29489676366155,0 2.12290841,41.2948107,0 2.123954102998934,41.29469655418801,0 2.1249997923321615,41.294582398908034,0 2.126045477999308,41.29446823418793,0 2.12709116,41.29435406,0 2.1281738288584857,41.29422648270676,0 2.129256493478254,41.294098895266366,0 2.1303391538588956,41.29397129770667,0 2.13142181,41.29384369,0 2.1325635868302784,41.293713804409386,0 2.13370535910736,41.2935839075365,0 2.1348471268307616,41.29345399940927,0 2.13598889,41.29332408,0 2.13711049134539,41.293201311318086,0 2.1382320884608275,41.29307853174811,0 2.1393536813458507,41.29295574131797,0 2.14047527,41.29283294,0 2.141655274710124,41.29270031805851,0 2.1428352746138546,41.292567684068665,0 2.1440152697106583,41.292435038058386,0 2.14519526,41.29230238,0 2.146378291905692,41.29217577065127,0 2.147561319207951,41.29204914919232,0 2.1487443419062338,41.29192251565115,0 2.14992736,41.29179587,0 2.1511966101768145,41.29166475838922,0 2.1524658552362004,41.29153363284293,0 2.1537350951774865,41.29140249338907,0 2.15500433,41.29127134,0 2.156249304619332,41.29114745509897,0 2.157494274492867,41.29102355678927,0 2.1587392396199685,41.29089964509885,0 2.1599842,41.29077572,0 2.16127218294424,41.29064203900918,0 2.1625601605927884,41.29050834366954,0 2.163848132944943,41.29037463400906,0 2.1651361,41.29024091,0 2.1664655011244234,41.29010028791265,0 2.167794896499745,41.289959650540794,0 2.169124286125194,41.28981899791246,0 2.17045367,41.28967833,0 2.171828696459172,41.28953717201047,0 2.1732037169461336,41.28939599767123,0 2.174578731460028,41.28925480701028,0 2.17595374,41.2891136,0 2.177346413880382,41.28897554264305,0 2.1787390818411043,41.28883746851468,0 2.1801317438812746,41.28869937764287,0 2.1815244,41.28856127,0 2.182955226902449,41.28841900903774,0 2.1843860475372434,41.28827673037425,0 2.1858168619034166,41.28813443403756,0 2.18724767,41.28799212,0 2.18867290704257,41.28784714633056,0 2.1900981377240623,41.287702155098025,0 2.1915233620435233,41.287557146330364,0 2.19294858,41.28741212,0 2.1943737019680283,41.28726830382619,0 2.195798817624674,41.287124470092174,0 2.1972239269689826,41.286980618825986,0 2.19864903,41.28683675,0 2.2001182003202433,41.28668465547643,0 2.201587363761019,41.28653254229248,0 2.2030565203212857,41.28638041047621,0 2.20452567,41.28622826,0 2.205973424932687,41.28607975216746,0 2.2074211732442484,41.285931226213854,0 2.2088689149336855,41.285782682167245,0 2.21031665,41.28563412,0 2.211762329790649,41.28548757208964,0 2.2132080030548615,41.2853410061101,0 2.214653669791644,41.28519442208944,0 2.21609933,41.28504782,0 2.217588463378284,41.28488965874004,0 2.2190775895051003,41.28473147831061,0 2.220566708379366,41.28457327873979,0 2.22205582,41.28441506,0 2.2235430331985144,41.28425936616597,0 2.225030239265406,41.28410365321185,0 2.2265174381995942,41.28394792116574,0 2.22800463,41.28379217,0 2.229470742733502,41.28364115785908,0 2.23093684864536,41.28349012713602,0 2.2324029477345384,41.28333907785888,0 2.23386904,41.28318801,0 2.235332985101645,41.283038767776766,0 2.2367969234695484,41.28288950702625,0 2.238260855102678,41.28274022777654,0 2.23972478,41.28259093,0 2.2412083858789353,41.28243224102613,0 2.2426919845059596,41.2822735330254,0 2.244175575880004,41.282114806025895,0 2.24565916,41.28195606,0 2.247120658195129,41.28179768268269,0 2.248582149260852,41.28163928690082,0 2.2500436331961486,41.281480872682465,0 2.25150511,41.28132244,0 2.2529419080167292,41.28116400675534,0 2.25437869902295,41.28100555566437,0 2.2558154830176957,41.28084708675513,0 2.25725226,41.2806886,0 2.258713228268326,41.28052910516203,0 2.2601741893584464,41.28036959187329,0 2.2616351432693436,41.280210060161814,0 2.26309609,41.28005051,0 2.2645418993702804,41.279910557093146,0 2.2659877024943746,41.279770586114786,0 2.2674334993712812,41.27963059709297,0 2.26887929,41.27949059,0 2.270279539877712,41.27945563792887,0 2.2716797881709185,41.27942066889584,0 2.273080034878667,41.2793856829288,0 2.27448028,41.27935068,0 2.275956051357768,41.27944453327507,0 2.2774318268110902,41.2795383676909,0 2.2789076063588674,41.279632183275204,0 2.28038339,41.27972598,0 2.2818060040448604,41.280128641404986,0 2.283228635393538,41.280531285197746,0 2.284651284045446,41.280933911405526,0 2.28607395,41.28133652,0 2.287408297217123,41.28167228821365,0 2.2887426579565355,41.28200804094252,0 2.2900770322176798,41.282343778214056,0 2.29141142,41.2826795,0
                </coordinates>
            </LineString>
        </Placemark>
        

        <Placemark>
            <name>Route RYR73JP</name>
            <Style>
                <LineStyle>
                    <color>ff00a5ff</color> <!-- naranja -->
                    <width>2</width>
                </LineStyle>
            </Style>
            <LineString>
                <tessellate>1</tessellate>
                <coordinates>
                    2.08056907,41.28448483,0 2.081170611540174,41.28470285724849,0 2.0817721570535803,41.284920881322094,0 2.0823737065401975,41.285138902248555,0 2.08297526,41.28535692,0 2.0836909547527687,41.28559520920467,0 2.084406654670394,41.285833493930326,0 2.085122359752822,41.28607177420474,0 2.08583807,41.28631005,0 2.0869126617806497,41.28666505006213,0 2.087987265114046,41.28702004006223,0 2.08906188,41.28737502,0 2.089919833574774,41.2876681346255,0 2.090777794766423,41.2879612428248,0 2.09163576357486,41.28825434462565,0 2.09249374,41.28854744,0 2.0934087185882357,41.28882211343169,0 2.0943237047844088,41.2890967795664,0 2.095238698588377,41.289371438431836,0 2.0961537,41.28964609,0 2.097056313418378,41.28992861814274,0 2.097958934557921,41.29021113918114,0 2.0988615634185033,41.290493653142896,0 2.0997642,41.29077616,0 2.100677598936588,41.29104294339217,0 2.1015910052488818,41.29130971951371,0 2.1025044189367352,41.29157648839231,0 2.10341784,41.29184325,0 2.1043238422218318,41.292093190712734,0 2.10522985129588,41.29234312427444,0 2.106135867221988,41.29259305071286,0 2.10704189,41.29284297,0 2.107964182042439,41.29309280609923,0 2.108886481056698,41.29334263478978,0 2.109808787042608,41.29359245609934,0 2.1107311,41.29384227,0 2.112025618249656,41.294142527888965,0 2.1133201482498367,41.294442771222414,0 2.11461469,41.294743,0 2.115639992716649,41.29490011117679,0 2.1166653002890854,41.29505721322651,0 2.1176906127169794,41.29521430617689,0 2.11871593,41.29537139,0 2.119802231562364,41.29539167282085,0 2.1208885337501164,41.29541194541856,0 2.121974836562811,41.29543220782087,0 2.12306114,41.29545246,0 2.1241230673180778,41.295405867135,0 2.125184993091046,41.29535926450403,0 2.126246917318491,41.29531265213497,0 2.12730884,41.29526603,0 2.128441705439733,41.29511358414644,0 2.129574565586616,41.29496112718591,0 2.1307074204401912,41.29480865914633,0 2.13184027,41.29465618,0 2.133000865393081,41.29446103246992,0 2.1341614538577507,41.29426587328385,0 2.135322035393544,41.29407070246975,0 2.13648261,41.29387552,0 2.1376634912642145,41.293667585584956,0 2.1388443650192728,41.29345963910388,0 2.1400252312646937,41.293251680584774,0 2.14120609,41.29304371,0 2.142451689113661,41.292840600117884,0 2.1436972804852674,41.29263747681442,0 2.1449428641142396,41.292434340117666,0 2.14618844,41.29223119,0 2.147455759305058,41.292028315824325,0 2.1487230707404863,41.29182542775636,0 2.1499903743056707,41.29162252582412,0 2.15125767,41.29141961,0 2.152550404399284,41.29121920666652,0 2.1538431308661496,41.291018788879285,0 2.1551358493999406,41.29081835666632,0 2.15642856,41.29061791,0 2.1577436389525704,41.29042844992089,0 2.159058710270564,41.29023897488508,0 2.1603737739532756,41.290049484920644,0 2.16168883,41.28985998,0 2.1630631093093937,41.289673156982296,0 2.164437380746402,41.28948631763364,0 2.1658116443102093,41.28929946198207,0 2.1671859,41.28911259,0 2.168519492564163,41.288948713056065,0 2.1698530784193912,41.28878482073203,0 2.1711866575649235,41.28862091305587,0 2.17252023,41.28845699,0 2.173894585487207,41.28829134448525,0 2.1752689339834985,41.288125682637606,0 2.1766432754880416,41.28796000448506,0 2.17801761,41.28779431,0 2.179360809105103,41.2876473508895,0 2.180704002140664,41.287500376176624,0 2.1820471891058935,41.28735338588934,0 2.18339037,41.28720638,0 2.1847970695271752,41.28705966315083,0 2.1862037627035096,41.2869129291917,0 2.187610449528089,41.286766178150636,0 2.18901713,41.28661941,0 2.190428414010898,41.28648123831858,0 2.191839692015151,41.28634304941537,0 2.193250964011828,41.286204843318394,0 2.19466223,41.28606662,0 2.196071246255835,41.28593221573585,0 2.1974802566750653,41.28579779430507,0 2.198889261256763,41.285663355735664,0 2.20029826,41.2855289,0 2.2017088432685212,41.285402258293544,0 2.20311942102532,41.285275599382004,0 2.204529993269458,41.285148923293356,0 2.20594056,41.28502223,0 2.207368711212994,41.28489038393879,0 2.2087968566179716,41.28475852024233,0 2.2102249962139635,41.28462663893862,0 2.21165313,41.28449474,0 2.213080861211284,41.28436290142306,0 2.2145085866156906,41.28423104522136,0 2.215936306212252,41.28409917142289,0 2.21736402,41.28396728,0 2.2187665110544184,41.28383546799766,0 2.220168996406502,41.2837036389875,0 2.2215714760553342,41.283571792997506,0 2.22297395,41.28343993,0 2.224398496121623,41.283309211305145,0 2.225823036496139,41.28317847506413,0 2.227247571122586,41.28304772130497,0 2.2286721,41.28291695,0 2.2300966935258444,41.28278773380684,0 2.231521281368435,41.2826585000664,0 2.2329458635268082,41.282529248806675,0 2.23437044,41.28239998,0 2.2357494103021813,41.282277889650715,0 2.2371283754034925,41.28215578285824,0 2.238507335303057,41.282033659650565,0 2.23988629,41.28191152,0 2.24130530657031,41.281773391100145,0 2.2427243170943774,41.28163524479079,0 2.2441433215712556,41.28149708109997,0 2.24556232,41.2813589,0 2.246918760894625,41.28122515385105,0 2.248275196193383,41.281091391792,0 2.2496316258954496,41.28095761385087,0 2.25098805,41.28082382,0 2.2523637234548004,41.28069106453148,0 2.253739391273642,41.28055829269925,0 2.255115053455663,41.280425504531316,0 2.25649071,41.2802927,0 2.2578720534997934,41.28015981223374,0 2.2592533913336403,41.280026907968924,0 2.260634723500667,41.279893987233564,0 2.26201605,41.27976105,0 2.2633995087053917,41.27962512730897,0 2.2647829616077724,41.27948918806924,0 2.266166408706267,41.27935323230879,0 2.26754985,41.27921726,0
                </coordinates>
            </LineString>
        </Placemark>
        

        <Placemark>
            <name>Route ITY075</name>
            <Style>
                <LineStyle>
                    <color>ff00a5ff</color> <!-- naranja -->
                    <width>2</width>
                </LineStyle>
            </Style>
            <LineString>
                <tessellate>1</tessellate>
                <coordinates>
                    2.081302,41.2846704,0 2.0819429462106696,41.28488639788336,0 2.0825838966142505,41.285102392168575,0 2.0832248512107068,41.28531838288342,0 2.08386581,41.28553437,0 2.08457321879383,41.285805144060475,0 2.085280633391792,41.28607591373807,0 2.085988053793858,41.28634667906057,0 2.08669548,41.28661744,0 2.087483645575833,41.28688065062573,0 2.0882718174344914,41.2871438558251,0 2.089059995575904,41.28740705562583,0 2.08984818,41.28767025,0 2.090705744652895,41.28793593460847,0 2.0915633162039335,41.288201612802105,0 2.092420894653005,41.2884672846086,0 2.09327848,41.28873295,0 2.0940889018255713,41.289022808595654,0 2.0948993307674697,41.28931266145168,0 2.095709766825633,41.28960250859578,0 2.09652021,41.28989235,0 2.0973165230942725,41.29015237829277,0 2.098112842459082,41.29041240104782,0 2.09890916809435,41.29067241829288,0 2.0997055,41.29093243,0 2.1004832884868834,41.29118753291315,0 2.101261082982559,41.29144263054166,0 2.1020388834869554,41.291697722913256,0 2.10281669,41.29195281,0 2.1035947231041563,41.29214817290276,0 2.104372760805615,41.29234353052778,0 2.1051508031042663,41.29253888290285,0 2.10592885,41.29273423,0 2.106740649811933,41.29287542108732,0 2.1075524530826817,41.29301660644052,0 2.1083642598120904,41.293157786087384,0 2.10917607,41.29329896,0 2.1102854204453116,41.2933859906677,0 2.111394773778799,41.29347301066772,0 2.11250413,41.29356002,0 2.1134293000406115,41.293560178618705,0 2.114354470054333,41.29356032981568,0 2.115279640040888,41.293560473618726,0 2.11620481,41.29356061,0 2.117120880650634,41.293546140900226,0 2.1180369508676904,41.29353166452435,0 2.1189530206509017,41.29351718090023,0 2.11986909,41.29350269,0 2.120814746227625,41.293475361612714,0 2.121760401637029,41.293448025474326,0 2.1227060562279187,41.29342068161268,0 2.12365171,41.29339333,0 2.124655444470663,41.29335148307825,0 2.1256591776277833,41.29330962742837,0 2.1266629094710123,41.29326776307822,0 2.12766664,41.29322589,0 2.1286560996598056,41.29317921770922,0 2.1296455578799636,41.29313253693635,0 2.1306350146601396,41.29308584770921,0 2.13162447,41.29303915,0 2.1327095337790785,41.292964070276376,0 2.1337945950390607,41.292888980359194,0 2.1348796537795125,41.29281388027632,0 2.13596471,41.29273877,0 2.137083806925963,41.29265338124733,0 2.1382029009016,41.2925679816538,0 2.1393219919264372,41.29248257124727,0 2.14044108,41.29239715,0 2.1415951577955985,41.29229790727637,0 2.142749232061141,41.29219865302582,0 2.143903302796113,41.292099387276274,0 2.14505737,41.29200011,0 2.1462484011699945,41.29188793589795,0 2.1474394282270333,41.29177574952127,0 2.1486304511705554,41.29166355089786,0 2.14982147,41.29155134,0 2.1510710146091254,41.29142808274683,0 2.152320554479264,41.2913048119864,0 2.1535700896097705,41.29118152774671,0 2.15481962,41.29105823,0 2.1561073407165607,41.29091985900039,0 2.1573950559558797,41.290781473657816,0 2.1586827657172596,41.290643074000236,0 2.15997047,41.29050466,0 2.1612764284451136,41.290364444612756,0 2.1625823812606377,41.29022421447429,0 2.1638883284458426,41.29008396961261,0 2.16519427,41.28994371,0 2.1665433483528838,41.289809613595665,0 2.1678924211377195,41.28967550145149,0 2.169241488353695,41.28954137359548,0 2.17059055,41.28940723,0 2.1719562540089004,41.28926428167947,0 2.173321952012425,41.2891213172299,0 2.1746876440097367,41.2889783366793,0 2.17605333,41.28883534,0 2.1774305728334697,41.288672517088045,0 2.178807808778522,41.28850967777464,0 2.180185037834313,41.288346822087846,0 2.18156226,41.28818395,0 2.1829545509059254,41.28801391762715,0 2.1843468345418113,41.28784386849346,0 2.1857391109067916,41.287673802626934,0 2.18713138,41.28750372,0 2.1884828902262083,41.287339501178174,0 2.1898343936354734,41.28717526656149,0 2.1911858902270014,41.28701101617798,0 2.19253738,41.28684675,0 2.1939098630888028,41.28667931691762,0 2.1952823391189566,41.286511867547404,0 2.196654808089632,41.286344401917404,0 2.19802727,41.28617692,0 2.1994472457377734,41.28601294113504,0 2.200867214317649,41.285848944837284,0 2.2022871757387006,41.28568493113483,0 2.20370713,41.2855209,0 2.2050866450785125,41.28536250466828,0 2.206466153438584,41.28520409288162,0 2.207845655079363,41.28504566466807,0 2.20922515,41.28488722,0 2.210603247251448,41.284733889617755,0 2.211981338002499,41.28458054281426,0 2.2133594222523003,41.284427179617566,0 2.2147375,41.2842738,0 2.2161836354231683,41.28411770460586,0 2.2176297638982168,41.28396159113173,0 2.219075885424157,41.28380545960565,0 2.220522,41.28364931,0 2.221972279990896,41.28350024226167,0 2.2234225533218637,41.28335115633947,0 2.2248728199918997,41.28320205226147,0 2.22632308,41.28305293,0 2.2277774945334303,41.28291122991766,0 2.2292319027119194,41.28276951154747,0 2.2306863045344487,41.28262777491747,0 2.2321407,41.28248602,0 2.2336602501970777,41.282341024925955,0 2.2351797935968793,41.28219600989183,0 2.236699330198241,41.28205097492573,0 2.23821886,41.28190592,0 2.2397608651471512,41.28176384331641,0 2.2413028635303482,41.281621746079104,0 2.242844855148371,41.28147962831618,0 2.24438684,41.28133749,0 2.245971390810005,41.28119020003839,0 2.2475559344142226,41.28104288837507,0 2.2491404708113283,41.28089555503814,0 2.250725,41.2807482,0 2.252307598072488,41.280604044958395,0 2.253890189097531,41.280459868268416,0 2.2554727730738087,41.280315669958156,0 2.25705535,41.28017145,0 2.2586853655035313,41.28003259943184,0 2.260315374005676,41.27989372589968,0 2.261945375504982,41.279754829431596,0 2.26357537,41.27961591,0 2.265266219261158,41.27946594454659,0 2.2669570606826204,41.279315954385964,0 2.268647894262773,41.279165939546296,0 2.27033872,41.2790159,0 2.2719803764953763,41.27886485742287,0 2.2736220253281503,41.27871379155437,0 2.2752636664968486,41.27856270242259,0 2.2769053,41.27841159,0 2.2785905568873424,41.27825952180112,0 2.280275805850853,41.27810742905869,0 2.281961046888938,41.27795531180086,0 2.28364628,41.27780317,0 2.28533086206036,41.27764881177104,0 2.2870154360815413,41.27749442901857,0 2.288700002061952,41.27734002177075,0 2.29038456,41.27718559,0 2.2920675542203197,41.27703554920209,0 2.2937505406281535,41.27688548392664,0 2.2954335192219104,41.276735394201786,0 2.29711649,41.27658528,0 2.2987993966924845,41.27643562419801,0 2.3004822955910402,41.2762859439212,0 2.3021651866940758,41.276136239197726,0 2.30384807,41.27598651,0
                </coordinates>
            </LineString>
        </Placemark>
        

        <Placemark>
            <name>Route RYR2A</name>
            <Style>
                <LineStyle>
                    <color>ff00a5ff</color> <!-- naranja -->
                    <width>2</width>
                </LineStyle>
            </Style>
            <LineString>
                <tessellate>1</tessellate>
                <coordinates>
                    2.08291618,41.2853094,0 2.083542411517847,41.28551967764016,0 2.084168647023819,41.285729951844296,0 2.084794886517882,41.28594022264021,0 2.08542113,41.28615049,0 2.086152999385843,41.28639454701007,0 2.086884874181163,41.28663859933755,0 2.087616754385901,41.28688264701017,0 2.08834864,41.28712669,0 2.0891646551339442,41.287392863706344,0 2.089980676845315,41.28765903159925,0 2.090796705134028,41.287925193706435,0 2.09161274,41.28819135,0 2.092477542802847,41.28850172728433,0 2.0933423537371785,41.28881209803661,0 2.0942071728029203,41.28912246228448,0 2.095072,41.28943282,0 2.0959301021303367,41.2896989146208,0 2.0967882111738554,41.28996500281854,0 2.0976463271304464,41.29023108462092,0 2.09850445,41.29049716,0 2.0993691392324667,41.29077133227064,0 2.10023383564336,41.29104549801834,0 2.1010985392325736,41.291319657270776,0 2.10196325,41.29159381,0 2.1028288088235305,41.291878064793465,0 2.1036943750981063,41.29216231304877,0 2.104559948823629,41.2924465547936,0 2.10542553,41.29273079,0 2.10660959824901,41.2930587555283,0 2.107793678249126,41.29338670886173,0 2.10897777,41.29371465,0 2.109908552101525,41.29390194378638,0 2.1108393394688485,41.2940892300393,0 2.1117701321017472,41.29427650878649,0 2.11270093,41.29446378,0 2.113644080253979,41.294633484082816,0 2.1145872353388016,41.294803180434535,0 2.115530395254223,41.29497286908292,0 2.11647356,41.29514255,0 2.1174325473620055,41.29526128446241,0 2.1183915381495293,41.29538001094061,0 2.1193505323622883,41.29549872946245,0 2.12030953,41.29561744,0 2.121338263786578,41.295644598743976,0 2.1223669983823568,41.29567174831605,0 2.123395733786957,41.29569888874401,0 2.12442447,41.29572602,0 2.1254471985108094,41.29570560357872,0 2.1264699263479945,41.29568517809567,0 2.127492653511182,41.295664743578705,0 2.12851538,41.2956443,0 2.1295556964374516,41.295562526543925,0 2.130596010250189,41.29548074371592,0 2.1316363214378313,41.29539895154385,0 2.13267663,41.29531715,0 2.133772958021071,41.29520799059258,0 2.134869282361718,41.29509882078078,0 2.1359656030215057,41.294989640592505,0 2.13706192,41.29488045,0 2.1381994235506743,41.29476513678349,0 2.1393369230678894,41.29464981236866,0 2.14047441855116,41.2945344767834,0 2.14161191,41.29441913,0 2.1427902672292696,41.294285970507985,0 2.143968619639381,41.294152799001296,0 2.1451469672298016,41.294019615507864,0 2.14632531,41.29388642,0 2.147540913725519,41.29373042166188,0 2.1487565116344065,41.29357441053979,0 2.1499721037260904,41.29341838666173,0 2.15118769,41.29326235,0 2.1524185422024673,41.29309090714445,0 2.153649387937012,41.29291945118321,0 2.1548802272030505,41.29274798214428,0 2.15611106,41.2925765,0 2.157383977487926,41.292405926008094,0 2.1586568883176684,41.292235338001404,0 2.1599297924885765,41.29206473600793,0 2.16120269,41.29189412,0 2.1624962149799276,41.29172647169284,0 2.1637897333070275,41.29155880891439,0 2.1650832449806146,41.291391131692656,0 2.16637675,41.29122344,0 2.167693299418661,41.29106816747132,0 2.1690098425587054,41.29091287995238,0 2.170326379419397,41.29075757747116,0 2.17164291,41.29060226,0 2.1729592864002836,41.29045563246566,0 2.17427565686754,41.29030898994483,0 2.1755920214010263,41.290162332465506,0 2.17690838,41.29001566,0 2.178246976457802,41.28987060322957,0 2.1795855669442585,41.28972553096337,0 2.1809241514585858,41.2895804432294,0 2.18226273,41.28943534,0 2.1835988289393784,41.28929032564288,0 2.1849349219196905,41.28914529584777,0 2.1862710089401576,41.289000250642694,0 2.18760709,41.28885519,0 2.1889234987349284,41.288711377466356,0 2.1902399016470677,41.28856754994574,0 2.1915562987356734,41.28842370746619,0 2.19287269,41.28827985,0 2.194187901489884,41.28813166242508,0 2.195503106987004,41.28798345989072,0 2.1968183064906226,41.287835242424904,0 2.1981335,41.28768701,0 2.1994707591139386,41.28753931068227,0 2.200808012152438,41.2873915959003,0 2.202145259114718,41.28724386568211,0 2.2034825,41.28709612,0 2.204818636869441,41.286944110642956,0 2.206154767493104,41.28679208584787,0 2.207490891870215,41.28664004564278,0 2.20882701,41.28648799,0 2.2102082825285523,41.28633061973079,0 2.211589548371973,41.28617323296496,0 2.2129708075294077,41.28601582973058,0 2.21435206,41.28585841,0 2.215733852374731,41.28570356474932,0 2.2171156381668804,41.28554870298968,0 2.2184974173755894,41.28539382474912,0 2.21987919,41.28523893,0 2.2212396045292606,41.28508718149013,0 2.2226000127062266,41.28493541697745,0 2.2239604145300795,41.28478363648997,0 2.22532081,41.28463184,0 2.2267440651987247,41.28447667125507,0 2.228167313598927,41.28432148499733,0 2.2295905551996658,41.28416628125484,0 2.23101379,41.28401106,0 2.2323936796798685,41.28385915468083,0 2.233773562907063,41.28370723289836,0 2.2351534396807256,41.28355529468063,0 2.23653331,41.28340334,0 2.2379575423866878,41.28325313379104,0 2.239381768182882,41.283102910045315,0 2.240805987387635,41.28295266879085,0 2.2422302,41.28280241,0 2.2436068316753492,41.282658224564734,0 2.2449834572343694,41.28251402274358,0 2.246360076676205,41.28236980456455,0 2.24773669,41.28222557,0 2.249179080382202,41.2820698069642,0 2.25062146384359,41.28191402594285,0 2.2520638403831827,41.281758226963994,0 2.25350621,41.28160241,0 2.2549054030192943,41.28143956037374,0 2.2563045890263163,41.28127669382223,0 2.25770376802018,41.28111381037351,0 2.25910294,41.28095091,0 2.2604959586197455,41.280738430147096,0 2.261888968160211,41.28052593352,0 2.2632819686205705,41.28031342014682,0 2.26467496,41.28010089,0 2.2661137630742543,41.27978910182395,0 2.2675525524328575,41.279477295755726,0 2.2689913280750322,41.279165471823525,0 2.27043009,41.27885363,0 2.2718262440578214,41.27843791776572,0 2.273222380410762,41.278022188678,0 2.2746184990583216,41.2776064427652,0 2.2760146,41.27719068,0 2.277444544435915,41.27666370651627,0 2.278874465914742,41.27613671534526,0 2.280304364436198,41.275609706515546,0 2.28173424,41.27508268,0 2.28311445875685,41.27446756722837,0 2.2844946516757667,41.27385243796136,0 2.2858748187568,41.27323729222758,0 2.28725496,41.27262213,0 2.2886140863931046,41.271954623995185,0 2.2899731851906426,41.27128710198374,0 2.291332256392859,41.270619563994345,0 2.2926913,41.26995201,0 2.294101859184447,41.269265468340215,0 2.2955123889124285,41.26857890944372,0 2.2969228891841955,41.26789233333928,0 2.29833336,41.26720574,0 2.2998016005342676,41.26652616298246,0 2.301269810712255,41.265846567299995,0 2.302737990534115,41.26516695298147,0 2.30420614,41.26448732,0 2.3056481218404383,41.26381344449198,0 2.3070900741204734,41.26313955097937,0 2.308531996840272,41.262465639491005,0 2.30997389,41.26179171,0 2.311430977259169,41.261118532556274,0 2.3128880346787954,41.26044533673178,0 2.314345062259025,41.259772122555304,0 2.31580206,41.25909889,0 2.3172545691630604,41.25843257988094,0 2.3187070488839967,41.257766251498005,0 2.3201594991629344,41.25709990487999,0 2.32161192,41.25643354,0
                </coordinates>
            </LineString>
        </Placemark>
        

        <Placemark>
            <name>Route TVF32ER</name>
            <Style>
                <LineStyle>
                    <color>ff00a5ff</color> <!-- naranja -->
                    <width>2</width>
                </LineStyle>
            </Style>
            <LineString>
                <tessellate>1</tessellate>
                <coordinates>
                    2.08165994,41.28486211,0 2.082318820709692,41.28508894568843,0 2.082977705946281,41.28531577757534,0 2.08363659570973,41.28554260568849,0 2.08429549,41.28576943,0 2.0850663335833337,41.28602407527283,0 2.0858371831111575,41.28627871535456,0 2.0866080385834023,41.28653335027293,0 2.0873789,41.28678798,0 2.0882018323521083,41.28705944385495,0 2.0890247714695334,41.28733090179739,0 2.089847717352192,41.28760235385506,0 2.09067067,41.2878738,0 2.0914988247008526,41.28814756896766,0 2.0923269862678597,41.28842133194769,0 2.093155154700937,41.288695088967806,0 2.09398333,41.28896884,0 2.094801359861463,41.289241663751305,0 2.0956193964820047,41.28951448165918,0 2.096437439861543,41.2897872937514,0 2.09725549,41.2900601,0 2.0980595750902955,41.29033137595745,0 2.0988636667871097,41.29060264626741,0 2.0996677650903686,41.290873910957565,0 2.10047187,41.29114517,0 2.1012682146558657,41.291431015801244,0 2.1020645662078596,41.29171685605914,0 2.1028609246559236,41.292002690801375,0 2.10365729,41.29228852,0 2.1047607468281404,41.29258322059202,0 2.1058642134949053,41.292877910592104,0 2.10696769,41.29317259,0 2.1078543675368087,41.293296475232964,0 2.1087410483825573,41.293420353634716,0 2.109627732537027,41.29354422523303,0 2.11051442,41.29366809,0 2.1114076688372143,41.293697737869806,0 2.1123009184497845,41.29372737881715,0 2.1131941688374623,41.29375701286981,0 2.11408742,41.29378664,0 2.1150072086756433,41.293759703487574,0 2.115926996567704,41.29373275964082,0 2.1168467836759133,41.29370580848756,0 2.11776657,41.29367885,0 2.1187067181722563,41.29360593147513,0 2.1196468642298614,41.29353300529086,0 2.1205870081725364,41.29346007147507,0 2.12152715,41.29338713,0 2.122425805107631,41.293324542987285,0 2.1233244584770055,41.293261948973736,0 2.1242231101078777,41.29319934798725,0 2.12512176,41.29313674,0 2.1260377379212585,41.29306787089411,0 2.1269537138951846,41.29299899451618,0 2.1278696879215184,41.29293011089409,0 2.12878566,41.29286122,0 2.129777433909492,41.292775930266245,0 2.1307692052128737,41.292690632012345,0 2.131760973909819,41.29260532526618,0 2.13275274,41.29252001,0 2.1337635566210316,41.29243179075996,0 2.134774370494939,41.292343562670645,0 2.1357851816213773,41.29225532575992,0 2.13679599,41.29216708,0 2.1378188917317367,41.29207756857819,0 2.1388417906425548,41.29198804809495,0 2.139864686732095,41.29189851857812,0 2.14088758,41.29180898,0 2.1419284244079626,41.29171735155764,0 2.1429692658775346,41.29162571373419,0 2.144010104408339,41.29153406655757,0 2.14505094,41.29144241,0 2.146128367278502,41.29134644756104,0 2.1472057913716145,41.291250475072054,0 2.1482832122789195,41.29115449256096,0 2.14936063,41.2910585,0 2.150481630469339,41.29095286130116,0 2.1516026272927635,41.29084721172555,0 2.152723620469807,41.290741551301075,0 2.15384461,41.29063588,0 2.154986570497172,41.290531714415486,0 2.1561285273298925,41.290427537544645,0 2.1572704804976675,41.290323349415395,0 2.15841243,41.29021915,0 2.159590976162487,41.29010593301444,0 2.160769518217011,41.28999270400992,0 2.1619480561630295,41.289879463014344,0 2.16312659,41.28976621,0 2.1643509941609462,41.28964843194129,0 2.1655753938816673,41.28953064091235,0 2.166799789161555,41.28941283694116,0 2.16802418,41.28929502,0 2.169290734653307,41.289172755800735,0 2.1705572845381913,41.28905047772494,0 2.17182382965398,41.2889281858006,0 2.17309037,41.28880588,0 2.174374839728265,41.28868410639253,0 2.1756593046381556,41.28856231851403,0 2.1769437647289687,41.28844051639241,0 2.17822822,41.2883187,0 2.1795558276075195,41.28819474785165,0 2.180883430143878,41.28807078045949,0 2.1822110276082975,41.287946797851504,0 2.18353862,41.2878228,0 2.1849228210735108,41.28768876733843,0 2.186307016431933,41.287554718108524,0 2.1876912060743887,41.287420652338284,0 2.18907539,41.28728657,0 2.1904340807732443,41.28715481893219,0 2.191792766031546,41.28702305190017,0 2.1931514457740744,41.286891268931996,0 2.19451012,41.28675947,0 2.1958865135604144,41.28662490205885,0 2.197262901414461,41.286490317735755,0 2.1986392835612776,41.286355717058704,0 2.20001566,41.2862211,0 2.2013917635363107,41.286086907048364,0 2.202767861382323,41.285952697721754,0 2.2041439535371734,41.2858184720482,0 2.20552004,41.28568423,0 2.206912739108252,41.285542685142694,0 2.208305432144929,41.28540112351419,0 2.209698119109142,41.28525954514254,0 2.2110908,41.28511795,0 2.2124616812915496,41.28497917936184,0 2.213832556722632,41.28484039247304,0 2.2152034262923985,41.28470158936165,0 2.21657429,41.28456277,0 2.21796266414397,41.28442024498644,0 2.2193510321925465,41.28427770330585,0 2.22073939414485,41.28413514498626,0 2.22212775,41.28399257,0 2.2234983912165824,41.28385501435302,0 2.224869026622676,41.28371744246128,0 2.2262396562174316,41.28357985435283,0 2.22761028,41.28344225,0 2.228980641231881,41.28330443934284,0 2.2303509966430735,41.28316661244772,0 2.23172134623273,41.28302876934267,0 2.23309169,41.28289091,0
                </coordinates>
            </LineString>
        </Placemark>
        

        <Placemark>
            <name>Route VLG911N</name>
            <Style>
                <LineStyle>
                    <color>ff00a5ff</color> <!-- naranja -->
                    <width>2</width>
                </LineStyle>
            </Style>
            <LineString>
                <tessellate>1</tessellate>
                <coordinates>
                    2.08120491,41.2846509,0 2.0818649451082,41.284897320713085,0 2.0825249851442855,41.2851437376082,0 2.0831850301082273,41.28539015071315,0 2.08384508,41.28563656,0 2.0846020135611245,41.285896489998514,0 2.085358953081538,41.28615641498881,0 2.0861158985611823,41.286416334998634,0 2.08687285,41.28667625,0 2.0876831649498646,41.286949261088,0 2.0884934865998694,41.287222266441454,0 2.0893038149499397,41.28749526608808,0 2.09011415,41.28776826,0 2.091020505700581,41.288054900731524,0 2.0919268692675237,41.28834153429953,0 2.0928332407007044,41.28862816073168,0 2.09373962,41.28891478,0 2.0946333255971057,41.28920798043838,0 2.095527039129547,41.289501173908675,0 2.0964207605972143,41.28979436043853,0 2.09731449,41.29008754,0 2.0982010463373326,41.290364780268405,0 2.099087610116523,41.29064201368201,0 2.0999741813374517,41.29091924026854,0 2.10086076,41.29119646,0 2.102022699634086,41.29158574509558,0 2.1031846529674945,41.29197501842903,0 2.10434662,41.29236428,0 2.1051646489293394,41.292662073759516,0 2.1059826852391583,41.29295986167016,0 2.106800728929398,41.29325764375965,0 2.10761878,41.29355542,0 2.108505537619343,41.29380090276402,0 2.1093923018258876,41.294046378676164,0 2.1102790726194884,41.29429184776415,0 2.11116585,41.29453731,0 2.1120536902380467,41.29471782777199,0 2.112941535317524,41.29489833868678,0 2.1138293852382386,41.29507884277208,0 2.11471724,41.29525934,0 2.11566028300759,41.29536501906665,0 2.1166033290103026,41.29547069041298,0 2.117546378007864,41.29557635406671,0 2.11848943,41.29568201,0 2.1195352191769423,41.295648101695484,0 2.120581007236188,41.29561418391802,0 2.1216267941773395,41.295580256695466,0 2.12267258,41.29554632,0 2.1236914526040067,41.2954914859738,0 2.124710323472251,41.29543664295574,0 2.12572919260437,41.29538179097376,0 2.12674806,41.29532693,0 2.127824036101649,41.29525480252211,0 2.128900009802481,41.295182665020185,0 2.1299759811020733,41.295110517522076,0 2.13105195,41.29503836,0 2.132158429410249,41.29495226588348,0 2.1332649058806368,41.294866161168656,0 2.134371379410706,41.29478004588341,0 2.13547785,41.29469392,0 2.1365588473329034,41.2945971576608,0 2.137639841444152,41.294500385205076,0 2.1387208323333247,41.29440360266072,0 2.13980182,41.29430681,0 2.14094183362206,41.29419038935744,0 2.142081843163072,41.29407395746723,0 2.1432218486225483,41.293957514357324,0 2.14436185,41.29384106,0 2.145540022252646,41.293707450502254,0 2.1467181896705485,41.29357382899366,0 2.147896352253177,41.29344019550214,0 2.14907451,41.29330655,0 2.150289590693199,41.293160111645605,0 2.1515046659246493,41.2930136605181,0 2.1527197356937755,41.29286719664545,0 2.1539348,41.29272072,0 2.155193291687185,41.29256211803562,0 2.156451777250004,41.29240350237146,0 2.1577102566878215,41.292244873035465,0 2.15896873,41.29208623,0 2.160202736283358,41.291931614745245,0 2.161436736711544,41.29177698631761,0 2.162670731283958,41.29162234474507,0 2.16390472,41.29146769,0 2.1652033776813866,41.29129731936493,0 2.1665020285756444,41.291126934143854,0 2.16780067268208,41.29095653436477,0 2.16909931,41.29078612,0 2.1704448360031647,41.290608415969295,0 2.1717903546713995,41.290430696282996,0 2.1731358660039346,41.290252960969084,0 2.17448137,41.29007521,0 2.1759052846897617,41.28988922127997,0 2.1773291912536252,41.289703215030535,0 2.1787530896906766,41.289517191279735,0 2.18017698,41.28933115,0 2.1815546991544243,41.28914734210382,0 2.1829324105397823,41.28896351779568,0 2.1843101141552492,41.2887796771036,0 2.18568781,41.28859582,0 2.1871498053172753,41.28840539520233,0 2.188611792090361,41.28821495192699,0 2.1900737703182664,41.288024490202076,0 2.19153574,41.28783401,0 2.192999212424152,41.28764970275827,0 2.1944626765662028,41.287465377001574,0 2.195926132425152,41.287281032758,0 2.19738958,41.28709667,0 2.198852416949079,41.28691943523428,0 2.200315245932776,41.28674218196959,0 2.2017780669500846,41.28656491023403,0 2.20324088,41.28638762,0 2.2047439226963137,41.286204346777836,0 2.2062469569291445,41.28602105402764,0 2.207749982697403,41.285837741777556,0 2.209253,41.28565441,0 2.2107373865691335,41.28548547855673,0 2.2122217654262193,41.285316528066204,0 2.213706136570195,41.28514755855649,0 2.2151905,41.28497857,0 2.2166931570632804,41.284804546762835,0 2.218195806085106,41.28463050400766,0 2.2196984470643786,41.28445644176257,0 2.22120108,41.28428236,0 2.2227062170291343,41.2841091518592,0 2.2242113460395823,41.283935924136145,0 2.2257164670302387,41.28376267685894,0 2.22722158,41.28358941,0 2.2287289506690446,41.28343630944779,0 2.2302363142261448,41.283283189254284,0 2.2317436706701725,41.283130049447564,0 2.23325102,41.28297689,0 2.2347524133730965,41.28289334672315,0 2.236253802831569,41.282809783954846,0 2.237755188374257,41.28272620172304,0 2.23925657,41.2826426,0 2.240806212112778,41.282792178688055,0 2.242355861151196,41.28294173657492,0 2.243905517114016,41.28309127368827,0 2.24545518,41.28324079,0 2.2473934394260926,41.28342349919252,0 2.2493317094269014,41.283606175859326,0 2.25126999,41.28378882,0 2.2527247621425133,41.284060517539004,0 2.254179546190605,41.28433219670964,0 2.255634342143394,41.28460385753937,0 2.25708915,41.2848755,0 2.258564493825899,41.285155633325054,0 2.2600398501018066,41.28543574775772,0 2.261515218826811,41.28571584332544,0 2.2629906,41.28599592,0 2.264526785516957,41.28627673070272,0 2.2660629840233066,41.28655752092795,0 2.2675991955180033,41.286838290703145,0 2.26913542,41.28711904,0 2.2706466951816573,41.28740927222272,0 2.272157983576193,41.28769948462129,0 2.2736692851826326,41.287989677223145,0 2.2751806,41.28827985,0 2.276749173874395,41.28857797201625,0 2.2783177618332573,41.288876072679365,0 2.2798863638754905,41.28917415201671,0 2.28145498,41.28947221,0 2.2830210206137083,41.289781471919156,0 2.2845870758189917,41.29009071254992,0 2.286153145614779,41.290399931919644,0 2.28771923,41.29070913,0 2.289321329298012,41.29102958340738,0 2.290923444064775,41.29135001453423,0 2.29252557429915,41.29167042340791,0 2.29412772,41.29199081,0 2.2957871107659718,41.292314060833654,0 2.2974465176888175,41.292637287769296,0 2.299105940767254,41.292960490834226,0 2.30076538,41.29328367,0
                </coordinates>
            </LineString>
        </Placemark>
        

        <Placemark>
            <name>Route TAP1041</name>
            <Style>
                <LineStyle>
                    <color>ff00a5ff</color> <!-- naranja -->
                    <width>2</width>
                </LineStyle>
            </Style>
            <LineString>
                <tessellate>1</tessellate>
                <coordinates>
                    2.08063663,41.28443321,0 2.081275435615758,41.28467034285288,0 2.081914245821028,41.28490747212793,0 2.082553060615784,41.285144597852934,0 2.08319188,41.28538172,0 2.083917426593723,41.28563671439334,0 2.084642978791662,41.28589170418192,0 2.08536853659377,41.28614668939344,0 2.0860941,41.28640167,0 2.0869051544633015,41.28668758610739,0 2.0877162159511125,41.28697349646732,0 2.088527284463367,41.287259401107505,0 2.08933836,41.2875453,0 2.0902272336184913,41.287827222822806,0 2.091116114824732,41.28810913875455,0 2.0920050036186066,41.28839104782295,0 2.0928939,41.28867295,0 2.0937870900302467,41.28898023043097,0 2.0946802883737257,41.28928750389879,0 2.0955734950303415,41.289594770431144,0 2.09646671,41.28990203,0 2.0973482664717755,41.29017748515309,0 2.098229830295779,41.29045293352827,0 2.099111401471893,41.29072837515322,0 2.09999298,41.29100381,0 2.1011491749444713,41.29143357832556,0 2.102305384944521,41.29186333499237,0 2.10346161,41.29229308,0 2.1043363132297372,41.29252661248503,0 2.105211022639747,41.292760138304175,0 2.1060857382298837,41.292993657485155,0 2.10696046,41.29322717,0 2.10788163715135,41.29335567854251,0 2.108802817868629,41.29348417971411,0 2.109724002151595,41.29361267354257,0 2.11064519,41.29374116,0 2.111596551636645,41.29376222675793,0 2.1125479138490593,41.29378328566796,0 2.113499276636944,41.29380433675793,0 2.11445064,41.29382538,0 2.1153998736342587,41.293742486697084,0 2.116349104845869,41.2936595855868,0 2.1172983336345452,41.29357667669704,0 2.11824756,41.29349376,0 2.1192735727244636,41.29338323116033,0 2.1202995819661874,41.29327269320443,0 2.121325587724817,41.29316214616024,0 2.12235159,41.29305159,0 2.1233781131141614,41.29293279117356,0 2.124404632485782,41.292813983222096,0 2.1254311481145116,41.292695166173495,0 2.12645766,41.29257634,0 2.1275195906309645,41.292461254631284,0 2.1285815175082132,41.29234615949905,0 2.1296434406313556,41.2922310546312,0 2.13070536,41.29211594,0 2.1317808431769287,41.29200141250638,0 2.13285632256951,41.29188687499917,0 2.1339317981773367,41.29177232750631,0 2.13500727,41.29165777,0 2.1361401465119023,41.29153301664743,0 2.137273018682852,41.29140825218721,0 2.138405886512376,41.291283476647315,0 2.13953875,41.29115869,0 2.1406936760807547,41.29104458730107,0 2.1418485981080124,41.29093047305876,0 2.143003516081264,41.290816347300975,0 2.14415843,41.29070221,0 2.145338393163795,41.290598368058696,0 2.146518352552093,41.29049451406892,0 2.1476983081643444,41.29039064805862,0 2.14887826,41.29028677,0 2.150093538782195,41.29017487915374,0 2.1513088133766587,41.29006297552896,0 2.152524083782793,41.28995105915361,0 2.15373935,41.28983913,0 2.1549746263090537,41.289728642288416,0 2.1562098984124916,41.28961814137519,0 2.157445166309683,41.28950762728831,0 2.15868043,41.2893971,0 2.159977287180109,41.289277289307336,0 2.1612741395739627,41.28915746406707,0 2.1625709871808345,41.2890376243072,0 2.16386783,41.28891777,0 2.1651864195375885,41.288802385043695,0 2.1665050043839624,41.2886869850489,0 2.1678235845383553,41.28857157004357,0 2.16914216,41.28845614,0 2.17047925208574,41.288341630680065,0 2.1718163394481875,41.2882271058974,0 2.1731534220865414,41.28811256567994,0 2.1744905,41.28799801,0 2.1762723343534933,41.28785841743893,0 2.178054161020796,41.287718797438835,0 2.17983598,41.28757915,0 2.1811974906934144,41.28748925903562,0 2.1825589975917925,41.287399352038136,0 2.183920500694274,41.2873094290355,0 2.185282,41.28721949,0 2.186656691966931,41.28711017450073,0 2.1880313792898245,41.28700084265827,0 2.1894060619678064,41.28689149450061,0 2.19078074,41.28678213,0 2.1921498805198936,41.28665548430176,0 2.1935190156937607,41.286528822392945,0 2.194888145520747,41.28640214430158,0 2.19625727,41.28627545,0 2.1976499682221844,41.286147845144164,0 2.1990426609635128,41.286020223516175,0 2.2004353482230843,41.28589258514403,0 2.20182803,41.28576493,0 2.203195273235616,41.28563467673386,0 2.2045625109813862,41.28550440730241,0 2.2059297432364637,41.285374121733675,0 2.20729697,41.28524382,0 2.2087063089290147,41.285106795746884,0 2.2101156419059707,41.28496975431979,0 2.2115249689299414,41.28483269574671,0 2.21293429,41.28469562,0 2.2143642499335616,41.28454522400386,0 2.215794203245388,41.28439481032907,0 2.21722414993452,41.28424437900367,0 2.21865409,41.28409393,0 2.2200621996743757,41.28394519570065,0 2.221470302899778,41.283796444258144,0 2.222878399675291,41.283647675700465,0 2.22428649,41.28349889,0 2.2257215921445326,41.28335351419466,0 2.227156687860026,41.28320812058344,0 2.2285917771455064,41.28306270919444,0 2.23002686,41.28291728,0 2.231506662190374,41.28277577588227,0 2.232986457921215,41.28263425283363,0 2.2344662471914485,41.28249271088207,0 2.23594603,41.28235115,0 2.237468084801256,41.282212130025044,0 2.2389901330691244,41.282073090023985,0 2.24051217480243,41.28193403002485,0 2.24203421,41.28179495,0 2.24360134779587,41.281653164328304,0 2.245168478728682,41.28151135742831,0 2.246735602797153,41.28136952932808,0 2.24830272,41.28122768,0 2.2498708523906767,41.28109168936916,0 2.2514389781884288,41.28095567748276,0 2.2530070973919667,41.280819644368925,0 2.25457521,41.28068359,0 2.256231015422855,41.28054804802993,0 2.2578868138981574,41.28041248236378,0 2.2595426054243815,41.280276893029686,0 2.26119839,41.28014128,0 2.2628246544662147,41.27998235677081,0 2.2644509109559015,41.27982341068495,0 2.2660771594676374,41.27966444177052,0 2.2677034,41.27950545,0 2.26936493550992,41.27923705576278,0 2.2710264573474777,41.27896863767411,0 2.272687965511296,41.2787001957623,0 2.27434946,41.27843173,0 2.2759251887523684,41.277893819684664,0 2.27750089167017,41.277355887903006,0 2.279076568752886,41.27681793468378,0 2.28065222,41.27627996,0 2.2821907133827684,41.27569839069235,0 2.2837291795105603,41.275116800913224,0 2.285267618383073,41.274535190691424,0 2.28680603,41.27395356,0 2.2882647478915903,41.273347220105556,0 2.2897234388555128,41.27274086179752,0 2.2911821028916783,41.272134485104665,0 2.29264074,41.27152809,0 2.293991595191676,41.27071291375673,0 2.2953424169217027,41.26989772166567,0 2.296693205190877,41.269082513755706,0 2.29804396,41.26826729,0 2.299188215988888,41.26733620715803,0 2.3003324396509797,41.26640511286748,0 2.301476630987581,41.265474007157124,0 2.30262079,41.26454289,0 2.3035531117486125,41.26343904159296,0 2.304485402330279,41.26233518544743,0 2.3054176617468056,41.26123132159212,0 2.30634989,41.26012745,0 2.307058971145322,41.25892504695713,0 2.3077680265259257,41.257722639266454,0 2.3084770561435652,41.25652022695648,0 2.30918606,41.25531781,0 2.3096842404727087,41.25407533873021,0 2.3101824022960353,41.252832864963985,0 2.310680545471344,41.25159038872972,0 2.31117867,41.25034791,0 2.311424249316918,41.24904575389908,0 2.3116698190887237,41.24774359685588,0 2.311915379316167,41.24644143889868,0 2.31216093,41.24513928,0 2.312192741655114,41.243827510682856,0 2.3122245522067577,41.242515740900934,0 2.312256361655023,41.2412039706825,0 2.31228817,41.2398922,0
                </coordinates>
            </LineString>
        </Placemark>
        

        <Placemark>
            <name>Route RYR2VR</name>
            <Style>
                <LineStyle>
                    <color>ff00a5ff</color> <!-- naranja -->
                    <width>2</width>
                </LineStyle>
            </Style>
            <LineString>
                <tessellate>1</tessellate>
                <coordinates>
                    2.08076302,41.28452302,0 2.081328279866607,41.28472288669516,0 2.0818935431554904,41.28492275058429,0 2.0824588098666283,41.2851226116952,0 2.08302408,41.28532247,0 2.083712212641467,41.285557843701866,0 2.084400350188652,41.28579321325994,0 2.0850884926415114,41.286028578701945,0 2.08577664,41.28626394,0 2.086543825676731,41.28653140770349,0 2.087311017569013,41.286798870262096,0 2.0880782156767888,41.28706632770358,0 2.08884542,41.28733378,0 2.0896816643221197,41.28761485164448,0 2.0905179157628817,41.287895917183455,0 2.091354174322203,41.288176976644614,0 2.09219044,41.28845803,0 2.093070943126427,41.28875486013552,0 2.0939514541686335,41.28905168350484,0 2.094831973126523,41.28934850013565,0 2.0957125,41.28964531,0 2.096936134798701,41.29005549970782,0 2.098159784798789,41.29046567637464,0 2.09938345,41.29087584,0 2.1003084973631823,41.29117658118083,0 2.101233553150992,41.29147731489857,0 2.1021586173633056,41.291778041180976,0 2.10308369,41.29207876,0 2.10400528757371,41.29237560859708,0 2.104926893431697,41.29267244978694,0 2.1058485075738353,41.292969283597245,0 2.10677013,41.29326611,0 2.1076923103590812,41.29355598860896,0 2.1086144988121958,41.293845859802744,0 2.1095366953592127,41.29413572360909,0 2.1104589,41.29442558,0 2.1114577317223984,41.29466349300318,0 2.1124565706300285,41.29490139732842,0 2.1134554167226436,41.295139293003345,0 2.11445427,41.29537718,0 2.1154606853193045,41.295534950679325,0 2.116467105425947,41.29569271256323,0 2.1174735303196157,41.295850465679415,0 2.11847996,41.29600821,0 2.1198357500803704,41.296169765929484,0 2.121191546747306,41.296331305929556,0 2.12254735,41.29649283,0 2.1236259054544324,41.29653579260684,0 2.1247044622728666,41.29657874513318,0 2.125783020454867,41.296621687606866,0 2.12686158,41.29666462,0 2.127938132579195,41.29666435754489,0 2.129014685105884,41.29666408505058,0 2.1300912375796313,41.296663802544884,0 2.13116779,41.29666351,0 2.132295343032307,41.29660591149525,0 2.133422894043405,41.29654830198436,0 2.1345504430328,41.2964906814952,0 2.13567799,41.29643305,0 2.136836483327146,41.296324117407856,0 2.1379949727698726,41.29621517320114,0 2.139153458327663,41.29610621740776,0 2.14031194,41.29599725,0 2.141530193237168,41.29585038924568,0 2.142748440983278,41.295703515651546,0 2.1439666832377497,41.295556629245546,0 2.14518492,41.29540973,0 2.1464419971585773,41.2952426904895,0 2.1476990678785213,41.295075637309964,0 2.1489561321592046,41.29490857048934,0 2.15021319,41.29474149,0 2.151546609520245,41.294545333049705,0 2.152880021027481,41.29434916072351,0 2.1542134245209765,41.29415297304947,0 2.15554682,41.29395677,0 2.156860586737579,41.29376236487582,0 2.1581743456505706,41.293567944825014,0 2.159488096738277,41.2933735098756,0 2.16080184,41.29317906,0 2.162155854360368,41.292988568765935,0 2.1635098608143397,41.29279806167849,0 2.1648638593611422,41.292607538765715,0 2.16621785,41.292417,0 2.1675743917631656,41.29222846135443,0 2.168930925684741,41.29203990679649,0 2.170287451763946,41.291851336354206,0 2.17164397,41.29166275,0 2.173043424328987,41.29147909788576,0 2.174442870772561,41.29129542883825,0 2.175842309329855,41.29111174288552,0 2.17724174,41.29092804,0 2.178661011406819,41.29075356110921,0 2.1800802752097024,41.290579064802856,0 2.1814995314077352,41.290404551108985,0 2.18291878,41.29023002,0 2.1843379414196136,41.29005534860489,0 2.1857570952267618,41.28988065979709,0 2.18717624142053,41.28970595360467,0 2.18859538,41.28953123,0 2.1899727454529874,41.289366567091534,0 2.191350103937877,41.28920188777928,0 2.1927274554538285,41.28903719209131,0 2.1941048,41.28887248,0 2.195526958686868,41.28870181871486,0 2.196949109916441,41.288531139943736,0 2.198371253687794,41.28836044371465,0 2.19979339,41.28818973,0 2.201238885971448,41.28802518708166,0 2.2026843746292504,41.287860626099445,0 2.2041298559724276,41.28769604708143,0 2.20557533,41.28753145,0 2.206997732957719,41.28737211872407,0 2.2084201289442493,41.28721276995601,0 2.209842517958655,41.28705340372386,0 2.2112649,41.28689402,0 2.2127112831891083,41.28673390961468,0 2.2141576592528014,41.286573781143474,0 2.2156040281900937,41.286413634614455,0 2.21705039,41.28625347,0 2.21847316781951,41.28609635623755,0 2.219895938759973,41.285939224973994,0 2.221318702820449,41.285782076237346,0 2.22274146,41.28562491,0 2.224166955839989,41.285460103836996,0 2.225592444453944,41.28529528010657,0 2.227017925840927,41.28513043883677,0 2.2284434,41.28496558,0 2.229931659108146,41.28479660120468,0 2.2314199104782415,41.28462760326348,0 2.232908154109216,41.28445858620445,0 2.23439639,41.28428955,0 2.235882214144481,41.28411977111058,0 2.237368030526684,41.283949973137986,0 2.2388538391455444,41.28378015611032,0 2.24033964,41.28361032,0 2.241803716389362,41.283441797779616,0 2.2432677851864935,41.283273257030025,0 2.2447318463903785,41.28310469777935,0 2.2461959,41.28293612,0 2.2476595615024184,41.28276587276346,0 2.2491232153372342,41.282595607008496,0 2.250586861503433,41.28242532276323,0 2.2520505,41.28225502,0 2.2535108617824515,41.28208018513787,0 2.254971215710604,41.281905331841045,0 2.2564315617834545,41.281730460137624,0 2.2578919,41.28155557,0 2.2593957172768224,41.28137872930544,0 2.260899526369829,41.28120186906445,0 2.2624033272779203,41.281024989305166,0 2.26390712,41.28084809,0 2.2653260256614023,41.28068540609264,0 2.26674492421582,41.280522704780736,0 2.2681638156623283,41.28035998609241,0 2.2695827,41.28019725,0 2.27108598990437,41.280018524284124,0 2.2725892715398897,41.27983977903606,0 2.2740925449054648,41.27966101428387,0 2.27559581,41.27948223,0 2.277034189034299,41.27930852181166,0 2.278472560379703,41.27913479573943,0 2.279910924035255,41.27896105181142,0 2.28134928,41.27878729,0 2.2827890785996203,41.27862041186492,0 2.284228869800137,41.278453515810455,0 2.2856686536005855,41.2782866018647,0 2.28710843,41.27811967,0 2.2885491240423264,41.277946166897436,0 2.2899898103904093,41.27777264585381,0 2.2914304890432877,41.277599106897185,0 2.29287116,41.27742555,0 2.294328640033707,41.27723917752594,0 2.2957861117122667,41.2770527866918,0 2.297243575034692,41.27686637752567,0 2.29870103,41.27667995,0 2.3001051923012232,41.276450830547304,0 2.301509344735516,41.276221694053596,0 2.30291348730205,41.275992540547,0 2.30431762,41.27576337,0
                </coordinates>
            </LineString>
        </Placemark>
        

        <Placemark>
            <name>Route RYR81RY</name>
            <Style>
                <LineStyle>
                    <color>ff00a5ff</color> <!-- naranja -->
                    <width>2</width>
                </LineStyle>
            </Style>
            <LineString>
                <tessellate>1</tessellate>
                <coordinates>
                    2.08108988,41.28464569,0 2.0816964565349507,41.284862109827095,0 2.0823030370466182,41.28507852642688,0 2.0829096215349767,41.28529493982715,0 2.08351621,41.28551135,0 2.08421216513996,41.28574414634174,0 2.084908125186646,41.285976938446424,0 2.0856040901400092,41.2862097263418,0 2.08630006,41.28644251,0 2.0870860256711508,41.286703793080235,0 2.087871997561582,41.28696507076443,0 2.088657975671222,41.287226343080334,0 2.08944396,41.28748761,0 2.090594666225839,41.287882811538445,0 2.0917453862259068,41.28827800153856,0 2.09289612,41.28867318,0 2.0937844689688694,41.28894662030828,0 2.0946728252919073,41.28922005373521,0 2.0955611889689925,41.28949348030842,0 2.09644956,41.2897669,0 2.097342090751902,41.29005668041019,0 2.098234629335943,41.29034645387108,0 2.0991271757520136,41.290636220410335,0 2.10001973,41.29092598,0 2.100916416460256,41.29119711050102,0 2.1018131102804287,41.29146823399216,0 2.1027098114603873,41.29173935050115,0 2.10360652,41.29201046,0 2.1045053121159545,41.29226496804524,0 2.105404111154704,41.29251946905113,0 2.106302917116102,41.29277396304538,0 2.10720173,41.29302845,0 2.108133916562857,41.29322813632337,0 2.10906610875062,41.29342781508863,0 2.1099983065630727,41.29362748632348,0 2.11093051,41.29382715,0 2.111884842044942,41.29395372934839,0 2.1128391777267734,41.29408030078864,0 2.113793517045218,41.29420686434848,0 2.11474786,41.29433342,0 2.116085173673296,41.294408735485604,0 2.1174224903402363,41.29448403548563,0 2.11875981,41.29455932,0 2.119738908203494,41.29454475494777,0 2.1207180059382105,41.29453018158775,0 2.121697103203821,41.29451559994777,0 2.1226762,41.29450101,0 2.1237456483874135,41.29443280984111,0 2.1248150945168294,41.294364599778845,0 2.125884538387831,41.29429637984105,0 2.12695398,41.29422815,0 2.1280134463865994,41.29414894956508,0 2.1290729101824004,41.29406973941077,0 2.1301323713870017,41.29399051956502,0 2.13119183,41.29391129,0 2.1323458029017255,41.29380999227325,0 2.1334997722026436,41.29370868302166,0 2.1346537379022394,41.29360736227316,0 2.1358077,41.29350603,0 2.1369598828576226,41.29340542471972,0 2.138112062143838,41.293304807950285,0 2.139264237858135,41.29320417971963,0 2.14041641,41.29310354,0 2.141629871031259,41.29299599659684,0 2.1428433280420767,41.29288844045309,0 2.144056781031856,41.292780871596726,0 2.14527023,41.29267329,0 2.1464990714470047,41.29255971958288,0 2.147727908596418,41.29244613610115,0 2.148956741447622,41.29233253958275,0 2.15018557,41.29221893,0 2.1514990903392404,41.29208964237014,0 2.15281260545282,41.29196033981747,0 2.1541261153399898,41.29183102237,0 2.15543962,41.29170169,0 2.1567461280783884,41.29156768713175,0 2.158052630771674,41.29143366949961,0 2.1593591280791227,41.291299637131594,0 2.16066562,41.29116559,0 2.161989806038706,41.29102580773355,0 2.1633139863854494,41.29088601030202,0 2.164638161039468,41.290746197733384,0 2.16596233,41.29060637,0 2.1673016421184106,41.29045052075431,0 2.168640947825066,41.29029465599635,0 2.169980247119188,41.29013877575412,0 2.17131954,41.28998288,0 2.1726986828724772,41.28981965215598,0 2.174077818830535,41.289656407865216,0 2.175456947873324,41.289493147155774,0 2.17683607,41.28932987,0 2.1781735069127084,41.28917721068904,0 2.1795109375507953,41.28902453590932,0 2.1808483619134846,41.28887184568887,0 2.18218578,41.28871914,0 2.183544719646392,41.28856519893963,0 2.1849036528624,41.288411241910104,0 2.1862625796472077,41.288257268939454,0 2.1876215,41.28810328,0 2.188980482081317,41.28795041394098,0 2.190339457775633,41.287797531911906,0 2.191698427082133,41.2876446339408,0 2.19305739,41.28749172,0 2.1944197267893193,41.28734396655933,0 2.1957820573863094,41.28719619706969,0 2.197144381790145,41.287048411559134,0 2.1985067,41.28690061,0 2.199888421985179,41.28675189224794,0 2.20127013764748,41.286603157987855,0 2.2026518469860417,41.28645440724776,0 2.20403355,41.28630564,0 2.2054190240869,41.286163669882704,0 2.2068044921164502,41.28602168316753,0 2.208189954087775,41.28587967988252,0 2.20957541,41.28573766,0 2.2109386714344477,41.285595784091754,0 2.212301926913152,41.28545389211295,0 2.21366517643528,41.285311984091585,0 2.21502842,41.28517006,0 2.2164112215843006,41.28502788728646,0 2.2177940171129804,41.28488569803922,0 2.2191768065851702,41.28474349228629,0 2.22055959,41.28460127,0 2.2219871272886444,41.284452871413976,0 2.2234146580521625,41.2843044552092,0 2.2248421822896,41.28415602141376,0 2.2262697,41.28400757,0 2.227658103771942,41.283870969987575,0 2.2290465016965126,41.28373435330738,0 2.230434893772827,41.28359771998741,0 2.23182328,41.28346107,0 2.233209153786293,41.28332400489646,0 2.2345950217156436,41.28318692318587,0 2.2359808837871724,41.28304982489627,0 2.23736674,41.28291271,0 2.238795501850579,41.28277123895923,0 2.2402242574680806,41.28262975026958,0 2.241653006851543,41.282488243959044,0 2.24308175,41.28234672,0 2.2445078019236666,41.282203866358685,0 2.245933847565526,41.28206099513552,0 2.2473598869246234,41.28191810635852,0 2.24878592,41.2817752,0 2.250210719743485,41.28162730631177,0 2.2516355129919465,41.28147939507295,0 2.2530602997444347,41.28133146631156,0 2.25448508,41.28118352,0 2.2558896315804375,41.281043818070394,0 2.25729417710786,41.28090409908446,0 2.2586987165813524,41.28076436307022,0 2.26010325,41.28062461,0 2.261527454188547,41.280485253790204,0 2.262951652252033,41.28034588004421,0 2.2643758441895026,41.28020648879002,0 2.26580003,41.28006708,0 2.2672256544329885,41.279924121342034,0 2.268651272577955,41.279781145113304,0 2.270076884433944,41.27963815134186,0 2.27150249,41.27949514,0 2.2729027795270156,41.27934805291421,0 2.2743030627032876,41.27920094887619,0 2.2757033395279165,41.279053827914026,0 2.27710361,41.27890669,0 2.2784843868385782,41.2787604747113,0 2.279865157452013,41.278614242939,0 2.281245921839441,41.27846799471113,0 2.28262668,41.27832173,0 2.284051284668541,41.27817509380337,0 2.285475882892022,41.27802844006174,0 2.286900474669492,41.277881768803184,0 2.28832506,41.27773508,0 2.289704157282339,41.277581649650116,0 2.291083248043688,41.27742820285742,0 2.2924623322831925,41.277274739649926,0 2.29384141,41.27712126,0 2.2952405222911816,41.276969975370214,0 2.2966396280555057,41.27681867381754,0 2.298038727292077,41.27666735537002,0 2.29943782,41.27651602,0 2.3008624671134394,41.27637029880441,0 2.302287107818554,41.27622456006312,0 2.3037117421143907,41.276078803804204,0 2.30513637,41.27593303,0
                </coordinates>
            </LineString>
        </Placemark>
        

        <Placemark>
            <name>Route KLM73T</name>
            <Style>
                <LineStyle>
                    <color>ff00a5ff</color> <!-- naranja -->
                    <width>2</width>
                </LineStyle>
            </Style>
            <LineString>
                <tessellate>1</tessellate>
                <coordinates>
                    2.08292009,41.28530663,0 2.0835753780190807,41.285541075629055,0 2.0842306706921296,41.2857755174962,0 2.084885968019113,41.28600995562915,0 2.08554127,41.28624439,0 2.0865176470451794,41.286569774979064,0 2.0874940337118915,41.28689515164579,0 2.08847043,41.28722052,0 2.0893039687538497,41.28751744159079,0 2.0901375150051775,41.28781435711185,0 2.090971068753917,41.28811126659091,0 2.09180463,41.28840817,0 2.0926858034758595,41.28869608264798,0 2.093566984634549,41.28898398852146,0 2.0944481734759646,41.28927188764813,0 2.09532937,41.28955978,0 2.0962389334545293,41.28983929580514,0 2.0971485046061273,41.29011880439768,0 2.0980580834546623,41.29039830580529,0 2.09896767,41.2906778,0 2.0998820915686305,41.290941120915306,0 2.1007965204249417,41.291204434544575,0 2.1017109565687817,41.291467740915465,0 2.1026254,41.29173104,0 2.1035111043450545,41.29199597774534,0 2.104396815793492,41.29226090865125,0 2.105282534345183,41.292525832745454,0 2.10616826,41.29279075,0 2.1070444314318117,41.293068882531614,0 2.1079206102424894,41.293347008366304,0 2.1087967964319225,41.29362512753175,0 2.10967299,41.29390324,0 2.1109013338068583,41.29424918979035,0 2.112129690473651,41.294595126457125,0 2.11335806,41.29494105,0 2.1143198650191537,41.29516986205907,0 2.1152816766923515,41.29539866606959,0 2.116243495019373,41.29562746205921,0 2.11720532,41.29585625,0 2.1182414177586604,41.29595793645335,0 2.1192775186784596,41.29605961359526,0 2.1203136227590296,41.29616128145343,0 2.12134973,41.29626294,0 2.1224391508969656,41.29624622040417,0 2.123528571196254,41.29622949052961,0 2.124617990897416,41.296212750404145,0 2.12570741,41.296196,0 2.1267732634548038,41.29612618474137,0 2.12783911460668,41.296056359645846,0 2.1289049634552164,41.295986524741316,0 2.12997081,41.29591668,0 2.1311053767001105,41.295788471696746,0 2.1322399389337967,41.295660252252986,0 2.133374496700585,41.29553202169666,0 2.13450905,41.29540378,0 2.1356759864479136,41.295236922660656,0 2.1368429169308807,41.29507005353816,0 2.1380098414484072,41.29490317266049,0 2.13917676,41.29473628,0 2.140342691537003,41.2945676101301,0 2.141508617049665,41.29439892849742,0 2.142674536537494,41.29423023512994,0 2.14384045,41.29406153,0 2.1450777294483365,41.29389548485027,0 2.1463150025981803,41.29372942645765,0 2.1475522694489335,41.293563354850114,0 2.14878953,41.29339727,0 2.150044631931611,41.29323393792537,0 2.151299727575899,41.29307059222444,0 2.1525548169322373,41.292907232925195,0 2.1538099,41.29274386,0 2.1551093771661267,41.2925822768932,0 2.1564088478886365,41.292420679181554,0 2.1577083121668283,41.292259066893045,0 2.15900777,41.29209744,0 2.1603249523233425,41.29193547249295,0 2.1616421280982787,41.291773489981196,0 2.1629592973240754,41.291611492492756,0 2.16427646,41.29144948,0 2.16559183222535,41.291288937431084,0 2.16690719796762,41.2911283798987,0 2.16822255722608,41.2909678074309,0 2.16953791,41.29080722,0 2.1708727424623055,41.29064519059868,0 2.1722075682835835,41.29048314578883,0 2.17354238746307,41.290321085598485,0 2.1748772,41.29015901,0 2.176217122246783,41.29000116077494,0 2.177557037996229,41.28984329602386,0 2.17889694724756,41.289685415774755,0 2.18023685,41.28952752,0 2.1815769391642763,41.28937925578104,0 2.1829170222195575,41.28923097603201,0 2.1842570991650603,41.28908268078087,0 2.18559717,41.28893437,0 2.186939975964294,41.288797880876,0 2.188282776286257,41.288661376158615,0 2.1896255709650916,41.28852485587584,0 2.19096836,41.28838832,0 2.192310373606537,41.28824943834809,0 2.1936523814759123,41.288110541121405,0 2.194994383607332,41.287971628347925,0 2.19633638,41.2878327,0 2.197716547867241,41.28766976719145,0 2.1990967088235536,41.287506817912515,0 2.200476862868089,41.287343852191256,0 2.20185701,41.28718087,0 2.2031932699808716,41.287018818146706,0 2.20452952330834,41.28685675085288,0 2.205865769981638,41.28669466814653,0 2.20720201,41.28653257,0 2.208561142981603,41.286365238944576,0 2.2099202689760067,41.286197891916665,0 2.2112793879824073,41.28603052894435,0 2.2126385,41.28586315,0 2.2140187958650466,41.28569236469487,0 2.2153990844872897,41.285521562917076,0 2.216779365865888,41.28535074469467,0 2.21815964,41.28517991,0 2.2195661410666045,41.285009258140335,0 2.2209726347560683,41.28483858917768,0 2.2223791210674984,41.284667903140104,0 2.2237856,41.2844972,0 2.2252375065664554,41.284324482320656,0 2.226689405422598,41.28415174641808,0 2.2281412965674416,41.2839789923204,0 2.22959318,41.28380622,0 2.2310239285930917,41.28363816903088,0 2.23245466979142,41.28347010036508,0 2.2338854035940376,41.283302014030674,0 2.23531613,41.28313391,0 2.236830434347465,41.28296446971723,0 2.238344730797373,41.282795009613515,0 2.2398590193485943,41.28262552971696,0 2.2413733,41.28245603,0 2.242911241501459,41.282294235651975,0 2.244449175336074,41.28213242085984,0 2.2459871015026516,41.281970585651706,0 2.24752502,41.28180873,0 2.2490824561937455,41.28165338893384,0 2.2506398849258256,41.281498026902334,0 2.252197306194993,41.281342643933584,0 2.25375472,41.28118724,0 2.2553243429747747,41.281078219433134,0 2.2568939606339087,41.280969177568124,0 2.2584635729760882,41.28086011443297,0 2.26003318,41.28075103,0 2.261662855426455,41.28091632449449,0 2.263292538902894,41.28108159598355,0 2.264922230427886,41.28124684449478,0 2.26655193,41.28141207,0 2.268106016981758,41.281563208869336,0 2.2696601109765093,41.28171432681666,0 2.2712142119830054,41.28186542386957,0 2.27276832,41.2820165,0 2.274319974650731,41.282448173901365,0 2.275871649534827,41.28287982685965,0 2.2774233446515098,41.28331145890204,0 2.27897506,41.28374307,0 2.2804203661856643,41.284296492338484,0 2.281865696581051,41.284849896442545,0 2.283311051185911,41.28540328233925,0 2.28475643,41.28595665,0 2.2861129477055986,41.286642371699614,0 2.287469493607268,41.28732807725744,0 2.2888260677053034,41.288013766700495,0 2.29018267,41.28869944,0 2.291437111128461,41.28946785579917,0 2.2926915815041697,41.290236257723485,0 2.2939460811277934,41.2910046458,0 2.29520061,41.29177302,0 2.2962462721115062,41.292724904705345,0 2.2972919644811136,41.293676779598385,0 2.298337687110165,41.294628644706144,0 2.29938344,41.2955805,0 2.3002638430177638,41.29662475564208,0 2.3011442740226657,41.29766900418064,0 2.3020247330162347,41.29871324564279,0 2.30290522,41.29975748,0 2.3035930697953644,41.30087618676978,0 2.304280943059503,41.30199488901746,0 2.30496883979389,41.303113586770316,0 2.30565676,41.30423228,0 2.3060830469402664,41.30540988800549,0 2.306509349252977,41.306587493998315,0 2.3069356669391987,41.30776509800589,0 2.307362,41.3089427,0 2.3075820599999264,41.31016817378795,0 2.3078021283328267,41.311393646708225,0 2.3080222049993138,41.312619118788284,0 2.30824229,41.31384459,0 2.308215583792946,41.31508432563679,0 2.308188876723973,41.316324060839975,0 2.3081621687930136,41.31756379563708,0 2.30813546,41.31880353,0 2.3078602752410924,41.32003479405328,0 2.307585080321959,41.321266057062026,0 2.3073098752418466,41.32249731905364,0 2.30703466,41.32372858,0
                </coordinates>
            </LineString>
        </Placemark>
        

        <Placemark>
            <name>Route AFR32SN</name>
            <Style>
                <LineStyle>
                    <color>ff00a5ff</color> <!-- naranja -->
                    <width>2</width>
                </LineStyle>
            </Style>
            <LineString>
                <tessellate>1</tessellate>
                <coordinates>
                    2.08209009,41.28500164,0 2.0827820178252914,41.28522990876802,0 2.0834739504337554,41.285458173348125,0 2.0841658878253413,41.285686433768085,0 2.08485783,41.28591469,0 2.085635128485663,41.28616999290269,0 2.086412432980932,41.2864252905277,0 2.0871897434857347,41.286680582902804,0 2.08796706,41.28693587,0 2.0887985521132997,41.287210859039796,0 2.0896300511511234,41.28748584204385,0 2.0904615571133855,41.28776081903991,0 2.09129307,41.28803579,0 2.092190937289261,41.288347368041016,0 2.0930888130524097,41.28865893904553,0 2.093986697289354,41.2889705030412,0 2.09488459,41.28928206,0 2.0957558308205395,41.28957713492456,0 2.096627079427448,41.28987220322358,0 2.097498335820632,41.29016726492472,0 2.0983696,41.29046232,0 2.0992449635135153,41.2907511825162,0 2.1001203346847546,41.29104003834578,0 2.1009957135136164,41.29132888751634,0 2.1018711,41.29161773,0 2.102729890639447,41.291921664648335,0 2.1035886891859805,41.29222559285528,0 2.1044474956395236,41.2925295146485,0 2.10530631,41.29283343,0 2.106475314881448,41.293166541889725,0 2.107644331548222,41.29349964188983,0 2.10881336,41.29383273,0 2.109722467924321,41.29400458326551,0 2.110631580565904,41.2941764293448,0 2.111540697924535,41.29434826826562,0 2.11244982,41.2945201,0 2.11338960521692,41.294574553978634,0 2.114329391956083,41.29462900029558,0 2.1152691802172043,41.29468343897864,0 2.11620897,41.29473787,0 2.117224055630117,41.29467142337336,0 2.1182391391737276,41.29460496782184,0 2.1192542206304736,41.294538503373325,0 2.1202693,41.29447203,0 2.1212429734657383,41.29439509480591,0 2.1222166446211923,41.29431815139857,0 2.1231903134660497,41.29424119980586,0 2.12416398,41.29416424,0 2.1251691692754644,41.29407211811295,0 2.1261743557008446,41.29397998747462,0 2.127179539275803,41.29388784811289,0 2.12818472,41.2937957,0 2.1292007148220162,41.29369278339533,0 2.1302167064295854,41.29358985785112,0 2.1312326948223617,41.293486923395264,0 2.13224868,41.29338398,0 2.1332575975692105,41.29327495320943,0 2.1342665117591713,41.29316591760325,0 2.1352754225695465,41.29305687320935,0 2.13628433,41.29294782,0 2.1373035632981123,41.29282422847987,0 2.138322792731043,41.292700627963846,0 2.139342018298452,41.29257701847979,0 2.14036124,41.2924534,0 2.1413578584549,41.292323497889285,0 2.142354472940076,41.29219358717638,0 2.1433510834552143,41.2920636678892,0 2.14434769,41.29193374,0 2.145319320966997,41.29180016475225,0 2.146290947956188,41.29166658132703,0 2.147262570967285,41.291532989752184,0 2.14823419,41.29139939,0 2.1492449094413963,41.29124991825541,0 2.1502556242554074,41.29110043766453,0 2.151266334441715,41.29095094825531,0 2.15227704,41.29080145,0 2.153249278744528,41.2906617072673,0 2.1542215133262275,41.29052195634705,0 2.1551937437448134,41.29038219726719,0 2.15616597,41.29024243,0 2.1571859366347312,41.2901009609984,0 2.1582058988465294,41.28995948298856,0 2.1592258566350635,41.289817995998334,0 2.16024581,41.2896765,0 2.1612883616757186,41.289537304101565,0 2.162330908901197,41.28939809879274,0 2.163373451676076,41.28925888410146,0 2.16441599,41.28911966,0 2.165438293635196,41.28898927356023,0 2.166460593180488,41.28885887807097,0 2.167482888635536,41.28872847356015,0 2.16850518,41.28859806,0 2.1695499286852984,41.288469494161006,0 2.1705946732473085,41.28834091887202,0 2.171639413685664,41.28821233416091,0 2.17268415,41.28808374,0 2.1737477637498777,41.28795618467603,0 2.174811373333428,41.28782861955868,0 2.1758749787502647,41.28770104467593,0 2.17693858,41.28757346,0 2.1780507038804977,41.28744903604291,0 2.1791628235076286,41.28732460138119,0 2.180274938880945,41.28720015604279,0 2.18138705,41.2870757,0 2.1824582854286803,41.28696593488731,0 2.18352951723851,41.28685615984043,0 2.184600745429085,41.286746374887244,0 2.18567197,41.28663658,0 2.186816743116569,41.28653047949806,0 2.1879615124890917,41.286424367654725,0 2.1891062781170683,41.28631824449797,0 2.19025104,41.28621211,0 2.191417577572447,41.28611831015042,0 2.1925841117636193,41.28602449852458,0 2.1937506425729816,41.28593067515035,0 2.19491717,41.28583684,0 2.1961061824426404,41.28574729083644,0 2.1972951915905665,41.28565772943926,0 2.198484197443209,41.28556815583636,0 2.1996732,41.28547857,0 2.2009086426071462,41.28538961229452,0 2.2021440818099545,41.28530064138334,0 2.2033795176077855,41.28521165729441,0 2.20461495,41.28512266,0 2.2058720719775815,41.28504631549569,0 2.2071291909705613,41.28496995731827,0 2.20838630697826,41.28489358549562,0 2.20964342,41.2848172,0 2.2109432822547688,41.28473882691107,0 2.212243141340193,41.284660439205425,0 2.21354299725552,41.284582036910976,0 2.21484285,41.28450362,0 2.216139112259347,41.28442495928988,0 2.2174353713462924,41.28434628404382,0 2.218731627260092,41.28426759428979,0 2.22002788,41.28418889,0 2.221365655400396,41.28410229070529,0 2.222703427201072,41.28401567593105,0 2.2240411954012123,41.2839290457052,0 2.22537896,41.2838424,0 2.226695065055309,41.28376008496072,0 2.228011166740931,41.283677754938296,0 2.229327265056088,41.28359540996063,0 2.23064336,41.28351305,0 2.2320660920086937,41.28340709124058,0 2.2334888193455744,41.283301114978066,0 2.234911542009668,41.283195121240446,0 2.23633426,41.28308911,0 2.237732597398358,41.28297512534809,0 2.2391309298650914,41.282861123788074,0 2.2405292573992783,41.282747105347944,0 2.24192758,41.28263307,0 2.2433868309212106,41.282508660101286,0 2.2448460762289746,41.282384231792314,0 2.2463053159222515,41.28225978510111,0 2.24776455,41.28213532,0 2.2492435791237813,41.282002225852764,0 2.2507226021657614,41.28186911279428,0 2.25220161912486,41.28173598085257,0 2.25368063,41.28160283,0 2.255173175653984,41.28152207137999,0 2.256665717539406,41.281441293497295,0 2.258158255655125,41.28136049637987,0 2.25965079,41.28127968,0 2.2612330566466037,41.28143284001556,0 2.262815330529683,41.28158597834497,0 2.264397611647921,41.28173909501583,0 2.2659799,41.28189219,0 2.2674994172116367,41.28197111246856,0 2.269018937949655,41.28205001494886,0 2.270538462212845,41.282128897468674,0 2.27205799,41.28220776,0 2.273638180310111,41.28251853499736,0 2.275218385414216,41.282829288320855,0 2.276798605311213,41.283140019997845,0 2.27837884,41.28345073,0 2.279902593134803,41.28387605028474,0 2.281426365846894,41.284301350370804,0 2.282950158135537,41.284726630285384,0 2.28447397,41.28515189,0 2.2859411298169396,41.2857549081997,0 2.287408316422672,41.28635790759091,0 2.288875529817068,41.286960888200575,0 2.29034277,41.28756385,0 2.2916722651777013,41.288304953299615,0 2.293001790236591,41.28904604105751,0 2.294331345177185,41.28978711330055,0 2.29566093,41.29052817,0 2.2968808347151977,41.29138821976466,0 2.2981007712862493,41.29224825634421,0 2.299320739714177,41.293108279765576,0 2.30054074,41.29396829,0 2.301565762206864,41.294937066665476,0 2.302590814608224,41.295905833878535,0 2.3036158972054723,41.29687459166625,0 2.30464101,41.29784334,0 2.3056318780571696,41.298881378334805,0 2.306622777408476,41.29991940777101,0 2.3076137080555457,41.30095742833562,0 2.30860467,41.30199544,0 2.30935983361981,41.30312129054939,0 2.31011502315867,41.30424713572368,0 2.310870238618196,41.305372975550036,0 2.31162548,41.30649881,0 2.3122252697559413,41.307690250360984,0 2.3128250813402564,41.308881687139056,0 2.3134249147544432,41.3100731203615,0 2.31402477,41.31126455,0
                </coordinates>
            </LineString>
        </Placemark>
        

        <Placemark>
            <name>Route VLG8SJ</name>
            <Style>
                <LineStyle>
                    <color>ff00a5ff</color> <!-- naranja -->
                    <width>2</width>
                </LineStyle>
            </Style>
            <LineString>
                <tessellate>1</tessellate>
                <coordinates>
                    2.08180459,41.28484722,0 2.0824739276218,41.285089795872615,0 2.0831432701624224,41.2853323678209,0 2.0838126176218332,41.28557493587266,0 2.08448197,41.2858175,0 2.085230054042278,41.286066379822685,0 2.085978143723078,41.28631525475437,0 2.0867262390423393,41.28656412482277,0 2.08747434,41.28681299,0 2.088294939777071,41.28708722380602,0 2.089115546369481,41.287361451732174,0 2.089936159777151,41.28763567380615,0 2.09075678,41.28790989,0 2.0916724127010062,41.2882056134538,0 2.0925880536014225,41.2885013295959,0 2.0935037027011276,41.28879703845398,0 2.09441936,41.28909274,0 2.095346991533547,41.289412258748996,0 2.0962746320447994,41.2897317699895,0 2.097202281533652,41.29005127374916,0 2.09812994,41.29037077,0 2.0990534178071187,41.29066148113978,0 2.0999769037429132,41.29095218484387,0 2.1009003978072514,41.29124288113994,0 2.1018239,41.29153357,0 2.102726642465728,41.29183918815357,0 2.1036293932877053,41.292144799195576,0 2.1045321524658305,41.29245040315373,0 2.10543492,41.292756,0 2.106625752989223,41.29313531568107,0 2.107816599655982,41.29351461901452,0 2.10900746,41.29389391,0 2.1099422982667075,41.294111711392425,0 2.11087714268908,41.29432950518073,0 2.111811993266912,41.29454729139257,0 2.11274685,41.29476507,0 2.1137188568409084,41.29483757227984,0 2.1146908657880856,41.29491006636387,0 2.11566287684122,41.29498255227988,0 2.11663489,41.29505503,0 2.1176546387930304,41.295028448499366,0 2.1186743867242863,41.295001857989874,0 2.119694133793399,41.29497525849936,0 2.12071388,41.29494865,0 2.1217351843660834,41.29485606603597,0 2.122756485821682,41.294763473038614,0 2.123777784366439,41.29467087103588,0 2.12479908,41.29457826,0 2.125849295126979,41.294472399311,0 2.126899506836227,41.29436652907201,0 2.1279497151273614,41.29426064931092,0 2.12899992,41.29415476,0 2.1300838409212037,41.29403619774211,0 2.1311677578952155,41.29391762531346,0 2.1322516709216197,41.29379904274201,0 2.13333558,41.29368045,0 2.1344356862935423,41.293556253199625,0 2.135535788391678,41.293432045923495,0 2.1366358862939747,41.29330782819952,0 2.13773598,41.2931836,0 2.1388711675271463,41.29303947921453,0 2.1400063500365056,41.29289534727667,0 2.141141527527612,41.292751204214404,0 2.1422767,41.29260705,0 2.1434348002721486,41.29246120739481,0 2.1445928953631954,41.29231535318371,0 2.145750985272644,41.29216948739468,0 2.14690907,41.29202361,0 2.1481062257558303,41.29187376858575,0 2.1493033760081404,41.29172391477165,0 2.150500520756379,41.29157404858561,0 2.15169766,41.29142417,0 2.1529371637613894,41.291270617421766,0 2.1541766616822593,41.29111705155298,0 2.1554161537619994,41.2909634724216,0 2.15665564,41.29080988,0 2.1579171087998974,41.29065840563308,0 2.159178571733627,41.2905069175014,0 2.160440028800543,41.29035541563294,0 2.16170148,41.2902039,0 2.163027512024347,41.2900479927962,0 2.164353537699631,41.28989207038553,0 2.1656795570250997,41.289736132796,0 2.16700557,41.28958018,0 2.1683593693290484,41.28943073375998,0 2.1697131624392703,41.28928127167058,0 2.171066949329857,41.2891317937598,0 2.17242073,41.2889823,0 2.1738148247831717,41.288830150193625,0 2.175208913044819,41.2886779835821,0 2.1766029947840564,41.28852580019343,0 2.17799707,41.2883736,0 2.1794347520883868,41.28822918179247,0 2.1808724277851694,41.28808474571388,0 2.1823100970893674,41.28794029179228,0 2.18374776,41.28779582,0 2.185224432484373,41.28764945826381,0 2.1867010983132067,41.28750307767565,0 2.188177757485437,41.2873566782636,0 2.18965441,41.28721026,0 2.191126492459752,41.28706381808827,0 2.1925985682803724,41.2869173574416,0 2.194070637460806,41.28677087808808,0 2.1955427,41.28662438,0 2.1970584227758,41.286477724776745,0 2.198574138701836,41.2863310496929,0 2.2000898477769537,41.286184354776516,0 2.20160555,41.28603764,0 2.203117247580079,41.28589344961887,0 2.2046289384408686,41.285749239482406,0 2.2061406225812243,41.28560500961865,0 2.2076523,41.28546076,0 2.209141779824128,41.28531814875517,0 2.2106312530995678,41.285175518330796,0 2.212120719825224,41.28503286875495,0 2.21361018,41.2848902,0 2.2151224002765177,41.28474325463859,0 2.2166346137027872,41.28459628950871,0 2.2181468202776626,41.28444930463838,0 2.21965902,41.2843023,0 2.2211719881137393,41.2841505571672,0 2.2226849491524145,41.28399879454683,0 2.224197903114882,41.28384701216697,0 2.22571085,41.28369521,0 2.2272249502381145,41.28354905721186,0 2.2287390436515855,41.2834028846064,0 2.2302531302392645,41.28325669221165,0 2.23176721,41.28311048,0 2.2332998481708235,41.28295997544268,0 2.2348324792285585,41.28280945058078,0 2.236365103172014,41.28265890544243,0 2.23789772,41.28250834,0 2.239452078354858,41.282357431310736,0 2.2410064294739733,41.282206501738195,0 2.2425607733561015,41.28205555131049,0 2.24411511,41.28190458,0 2.245647163224652,41.28175329291883,0 2.2471792093003278,41.28160198554902,0 2.24871124822584,41.28145065791862,0 2.25024328,41.28129931,0 2.251793963638255,41.28114406616197,0 2.2533446398518264,41.28098880153985,0 2.254895308639485,41.280833516161714,0 2.25644597,41.28067821,0 2.2579578317220643,41.28054671712461,0 2.259469687296856,41.28041520449007,0 2.26098153672322,41.28028367212441,0 2.26249338,41.28015212,0 2.264067773795704,41.28020637466242,0 2.2656421700618417,41.280260607874006,0 2.2672165687970582,41.28031481966251,0 2.26879097,41.28036901,0 2.2703138998209598,41.28051826012592,0 2.2718368364287285,41.28066749015877,0 2.2733597798221328,41.280816700126145,0 2.27488273,41.28096589,0 2.2763429585048507,41.28114112770996,0 2.277803194673805,41.28131634693748,0 2.2792634385058577,41.28149154771019,0 2.28072369,41.28166673,0 2.282170697756493,41.28204432480034,0 2.283617722009112,41.2824219013915,0 2.285064762757176,41.28279945980085,0 2.28651182,41.283177,0 2.287838622243222,41.283679350541405,0 2.289165444657766,41.284181685712994,0 2.290492287243427,41.284684005542005,0 2.29181915,41.28518631,0 2.293068340417156,41.28588290057361,0 2.2943175572225893,41.28657947742272,0 2.2955668004167276,41.28727604057439,0 2.29681607,41.28797259,0
                </coordinates>
            </LineString>
        </Placemark>
        

        <Placemark>
            <name>Route EJU73YK</name>
            <Style>
                <LineStyle>
                    <color>ff00a5ff</color> <!-- naranja -->
                    <width>2</width>
                </LineStyle>
            </Style>
            <LineString>
                <tessellate>1</tessellate>
                <coordinates>
                    2.08214064,41.28496606,0 2.082808210722116,41.28518955833719,0 2.0834757859628503,41.28541305277371,0 2.0841433657221593,41.28563654333727,0 2.08481095,41.28586003,0 2.0855346512415376,41.28612633686184,0 2.086258358322076,41.28639263913992,0 2.086982071241576,41.28665893686195,0 2.08770579,41.28692523,0 2.088518677159261,41.287205221144305,0 2.0893315712123957,41.287485206516536,0 2.0901444721593325,41.287765186144405,0 2.09095738,41.28804516,0 2.091813793994407,41.28832805458815,0 2.092670215325939,41.28861094277501,0 2.093526643994501,41.28889382458827,0 2.09438308,41.2891767,0 2.0952337633411964,41.28947831446731,0 2.0960844544549775,41.289779922613896,0 2.09693515334127,41.29008152446745,0 2.09778586,41.29038312,0 2.098919088041842,41.29073166784759,0 2.1000523280419277,41.29108020451435,0 2.10118558,41.29142873,0 2.1020207086279457,41.291728386626765,0 2.102855844837305,41.29202803715983,0 2.1036909886280117,41.292327681626894,0 2.10452614,41.29262732,0 2.1053587312072617,41.292925791571655,0 2.1061913299430595,41.293224257086365,0 2.1070239362073275,41.2935227165718,0 2.10785655,41.29382117,0 2.1087047525706515,41.29407895939979,0 2.1095529617609423,41.29433674252386,0 2.110401177570762,41.294594519399894,0 2.1112494,41.29485229,0 2.112139874150203,41.29499750032478,0 2.1130303522004117,41.29514270375716,0 2.113920834150415,41.295287900324865,0 2.11481132,41.29543309,0 2.115751969696672,41.2954996365015,0 2.116692621262418,41.29556617532608,0 2.1176332746969555,41.295632706501536,0 2.11857393,41.29569923,0 2.1198906093699317,41.29563325166481,0 2.12120728603686,41.29556725833145,0 2.12252396,41.29550125,0 2.1235503417317925,41.29541201617066,0 2.124576720642631,41.295322773218246,0 2.125603096732154,41.295233521170616,0 2.12662947,41.29514426,0 2.1276645177482068,41.295034243901135,0 2.1286995619978515,41.29492421852552,0 2.12973460274857,41.294814183901046,0 2.13076964,41.29470414,0 2.131802022653353,41.29459586132973,0 2.1328344018713787,41.29448757343033,0 2.1338667776537146,41.294379276329686,0 2.13489915,41.29427097,0 2.135994180848136,41.294155123055525,0 2.137089207797802,41.294039265731364,0 2.138184230848567,41.29392339805544,0 2.13927925,41.29380752,0 2.140396225746015,41.29369602618429,0 2.14151319766166,41.29358452156971,0 2.1426301657464752,41.29347300618419,0 2.14374713,41.29336148,0 2.144904586424339,41.293241134876226,0 2.1460620385661247,41.29312077815897,0 2.147219486424848,41.29300040987612,0 2.14837693,41.29288003,0 2.1495572767584052,41.292755878069016,0 2.1507376190115672,41.292631714082674,0 2.151917956758945,41.29250753806891,0 2.15309829,41.29238335,0 2.1543181097200526,41.292255024295706,0 2.1555379246271333,41.29212668571824,0 2.156757734720648,41.29199833429557,0 2.15797754,41.29186997,0 2.15919817745117,41.29173758932121,0 2.16041880993529,41.291605195752254,0 2.1616394374517647,41.291472789321084,0 2.16286006,41.29134037,0 2.164163353574896,41.29119768702235,0 2.1654666414336754,41.29105498935374,0 2.1667699235756177,41.29091227702218,0 2.1680732,41.29076955,0 2.169355320614221,41.290632358813504,0 2.170637435819421,41.29049515340863,0 2.1719195456149114,41.29035793381335,0 2.17320165,41.2902207,0 2.1745448540880683,41.290074010889654,0 2.1758880521179513,41.28992730617681,0 2.177231244088859,41.28978058588948,0 2.17857443,41.28963385,0 2.1799144186048256,41.28949473827818,0 2.1812544014736277,41.28935561102818,0 2.182594378605616,41.28921646827802,0 2.18393435,41.28907731,0 2.1853184738354017,41.28893911983517,0 2.1867025917811196,41.28880091310416,0 2.1880867038362775,41.288662689834986,0 2.18947081,41.28852445,0 2.190833810889436,41.28839126158379,0 2.1921968061864727,41.288258057102354,0 2.1935597958902737,41.28812483658365,0 2.19492278,41.2879916,0 2.196285798323552,41.28785949408432,0 2.197648811098629,41.287727372103056,0 2.199011818324391,41.28759523408418,0 2.20037482,41.28746308,0 2.2017799965578866,41.28732360309504,0 2.2031851670777933,41.287184109117305,0 2.204590331558803,41.28704459809485,0 2.20599549,41.28690507,0 2.2074217144279245,41.28676203636636,0 2.2088479325712034,41.28661898514573,0 2.2102741444288814,41.28647591636615,0 2.21170035,41.28633283,0 2.2131241043605225,41.286190601275024,0 2.2145478524813322,41.286048355023965,0 2.2159715943614753,41.285906091274825,0 2.21739533,41.28576381,0 2.2187974915502076,41.28562420548476,0 2.22019964706755,41.28548458397027,0 2.2216017965511177,41.28534494548459,0 2.22300394,41.28520529,0 2.224445089997171,41.285055169419344,0 2.2258862333302165,41.28490503088303,0 2.2273273699981537,41.284754874419136,0 2.2287685,41.2846047,0 2.2302101823019638,41.28445763193926,0 2.231651858069943,41.284310545909605,0 2.23309352730295,41.28416344193907,0 2.23453519,41.28401632,0 2.235952304564275,41.283870328529545,0 2.2373694127529906,41.283724319696645,0 2.238786514565211,41.28357829352935,0 2.24020361,41.28343225,0 2.2416425372198625,41.28328618683612,0 2.243081457960471,41.28314010577208,0 2.244520372220844,41.282994006835914,0 2.24595928,41.28284789,0 2.2473539444273496,41.28270167271155,0 2.2487486025703936,41.282555438606,0 2.25014325442824,41.28240918771137,0 2.2515379,41.28226292,0 2.252954279621856,41.28211601850183,0 2.2543706528297633,41.28196909965968,0 2.2557870196227894,41.28182216350164,0 2.25720338,41.28167521,0 2.258642965228763,41.28152151185925,0 2.2600825436390015,41.2813677958029,0 2.26152211522974,41.28121406185903,0 2.26296168,41.28106031,0 2.2643571665737907,41.2809198077412,0 2.265752647098985,41.28077928864551,0 2.2671481215746865,41.28063875274101,0 2.26854359,41.2804982,0 2.26995662468426,41.280427758388576,0 2.271369656246327,41.28035729950876,0 2.2727826846852306,41.28028682338848,0 2.27419571,41.28021633,0
                </coordinates>
            </LineString>
        </Placemark>
        

        <Placemark>
            <name>Route UPS242</name>
            <Style>
                <LineStyle>
                    <color>ff00a5ff</color> <!-- naranja -->
                    <width>2</width>
                </LineStyle>
            </Style>
            <LineString>
                <tessellate>1</tessellate>
                <coordinates>
                    2.08092563,41.28458491,0 2.081884707046715,41.284916068023875,0 2.0828437937134203,41.28524721802394,0 2.08380289,41.28557836,0 2.0846038775046978,41.28585302589332,0 2.0854048716729765,41.28612768618188,0 2.0862058725047667,41.286402340893424,0 2.08700688,41.28667699,0 2.0878292448823363,41.286947833842625,0 2.088651616509838,41.287218671780956,0 2.0894739948824204,41.28748950384273,0 2.09029638,41.28776033,0 2.091107650805875,41.288009888601515,0 2.09191892774123,41.28825944145949,0 2.0927302108059695,41.28850898860163,0 2.0935415,41.28875853,0 2.0943418527223536,41.28902744587888,0 2.0951422119631866,41.28929635616265,0 2.0959425777224268,41.289565260878994,0 2.09674295,41.28983416,0 2.097533368981458,41.29007150566513,0 2.098323793642005,41.290308845877654,0 2.0991142239815495,41.29054618066523,0 2.09990466,41.29078351,0 2.100719571862766,41.29100352867081,0 2.1015344891504326,41.29122354155184,0 2.1023494118628827,41.29144354867089,0 2.10316434,41.29166355,0 2.1040304440738633,41.29181470977084,0 2.104896552098612,41.29196586301856,0 2.1057626640740543,41.29211700977091,0 2.10662878,41.29226815,0 2.107550853344164,41.29236815855858,0 2.108472929459057,41.29246815973554,0 2.1093950083444217,41.29256815355863,0 2.11031709,41.29266814,0 2.1116026038324716,41.29265690763551,0 2.112888117166052,41.29264566096884,0 2.11417363,41.2926344,0 2.115187174515749,41.292537820831605,0 2.1162007160212295,41.292441232766144,0 2.1172142545160955,41.29234463583153,0 2.11822779,41.29224803,0 2.1192881168128306,41.292108262087,0 2.1203484390840255,41.291968484439984,0 2.121408756813208,41.291828697086885,0 2.12246907,41.2916889,0 2.1235367463708728,41.29155921478957,0 2.1246044184947572,41.29142951971008,0 2.1256720863712637,41.29129981478946,0 2.12673975,41.2911701,0 2.127873340581474,41.29106342416943,0 2.1290069274422874,41.29095673721657,0 2.1301405105819575,41.29085003916934,0 2.13127409,41.29074333,0 2.1324725547395365,41.29065803113027,0 2.133671016319772,41.29057271983103,0 2.134869474740121,41.29048739613021,0 2.13606793,41.29040206,0 2.137301126956941,41.29032429972484,0 2.1385343209430143,41.29024652629043,0 2.139767511957581,41.29016873972474,0 2.1410007,41.29009094,0 2.142282330194178,41.29000362880171,0 2.1435639569260485,41.28991630339294,0 2.1448455801948945,41.28982896380162,0 2.1461272,41.28974161,0 2.147433553990601,41.289634242128834,0 2.148739903654634,41.28952685949576,0 2.1500462489913503,41.28941946212871,0 2.15135259,41.28931205,0 2.15269316511788,41.28918906580086,0 2.1540337351577077,41.28906606605843,0 2.155374300118682,41.288943050800725,0 2.15671486,41.28882002,0 2.158041332870521,41.28869152531319,0 2.1593678004945436,41.28856301540821,0 2.1606942628712944,41.288434490313044,0 2.16202072,41.28830595,0 2.1633849057911747,41.28817435662707,0 2.1647490860554597,41.28804274716005,0 2.1661132607920157,41.28791112162692,0 2.16747743,41.28777948,0 2.168837912828024,41.287655013996726,0 2.170198390437925,41.287530531986235,0 2.171558862828863,41.28740603399657,0 2.17291933,41.28728152,0 2.174283282649361,41.28716027661922,0 2.1756472301997127,41.28703901714961,0 2.1770111726502086,41.286917741619085,0 2.17837511,41.28679645,0 2.179755670314818,41.286674099709344,0 2.181136225420343,41.286551732936424,0 2.1825167753156967,41.286429349709195,0 2.18389732,41.28630695,0 2.185253070403205,41.28618087632959,0 2.186608815538159,41.2860547867634,0 2.187964555404034,41.28592868132943,0 2.18932029,41.28580256,0 2.1907099902726817,41.285642232534194,0 2.192099683697488,41.28548188836952,0 2.1934893702735505,41.285321527534,0 2.19487905,41.28516115,0 2.1961813882338386,41.284771079497624,0 2.1974837109787204,41.284380994320586,0 2.198786018234242,41.28399089449719,0 2.20008831,41.28360078,0 2.201332692360626,41.28311939010307,0 2.202577056480927,41.28263798679446,0 2.2038214023607643,41.28215657010254,0 2.20506573,41.28167514,0 2.206190479210224,41.28105689897475,0 2.2073152072800997,41.2804386469567,0 2.2084399142099254,41.27982038397422,0 2.2095646,41.27920211,0 2.210547933427563,41.27845564767301,0 2.211531244569631,41.27770917688772,0 2.212514533426884,41.27696269767248,0 2.2134978,41.27621621,0 2.2143650773066765,41.27533382246975,0 2.2152323314082243,41.27445142828336,0 2.2160995623056596,41.27356902746923,0 2.21696677,41.27268662,0
                </coordinates>
            </LineString>
        </Placemark>
        

        <Placemark>
            <name>Route VLG365N</name>
            <Style>
                <LineStyle>
                    <color>ff00a5ff</color> <!-- naranja -->
                    <width>2</width>
                </LineStyle>
            </Style>
            <LineString>
                <tessellate>1</tessellate>
                <coordinates>
                    2.08032237,41.28448625,0 2.0809239271960545,41.28468036724347,0 2.0815254879280953,41.28487448131538,0 2.082127052196089,41.28506859224351,0 2.08272862,41.2852627,0 2.083431832855955,41.2854863789712,0 2.0841350504746443,41.28571005361904,0 2.084838272856012,41.285933723971276,0 2.0855415,41.28615739,0 2.086326100142595,41.28643389305678,0 2.0871107068568326,41.28671039073315,0 2.0878953201426538,41.2869868830569,0 2.08867994,41.28726337,0 2.089570317382522,41.287575252867164,0 2.090460703176755,41.28788712881371,0 2.0913510973826104,41.288198997867305,0 2.0922415,41.28851086,0 2.0931557273952905,41.28881436342305,0 2.0940699631937965,41.28911785955491,0 2.0949842073954037,41.289421348423225,0 2.09589846,41.28972483,0 2.096818322557349,41.29002262605549,0 2.0977381934098807,41.29032041473151,0 2.098658072557472,41.29061819605567,0 2.09957796,41.29091597,0 2.100458448715834,41.29119812763092,0 2.101338944954519,41.29148027849871,0 2.1022194487159447,41.29176242263105,0 2.10309996,41.29204456,0 2.1039866938681047,41.292320982772516,0 2.1048734351575527,41.29259739868751,0 2.105760183868224,41.29287380777267,0 2.10664694,41.29315021,0 2.1078279905757054,41.2935070321409,0 2.109009053909139,41.293863842141,0 2.11019013,41.29422064,0 2.111068305977541,41.29444707506231,0 2.1119464879701577,41.294673503407225,0 2.1128246759776954,41.29489992506243,0 2.11370287,41.29512634,0 2.1146854904647987,41.29522881255402,0 2.1156681139532734,41.29533127672945,0 2.1166507404651114,41.29543373255408,0 2.11763337,41.29553618,0 2.118616993797082,41.295564227567695,0 2.11960061839633,41.29559226674767,0 2.1205842437974125,41.295620297567716,0 2.12156787,41.29564832,0 2.122587865724845,41.295580183502544,0 2.123607859300035,41.2955120379941,0 2.1246278507252065,41.29544388350251,0 2.12564784,41.29537572,0 2.126716112784945,41.295268452306345,0 2.1277843820468614,41.29516117473247,0 2.1288526477853473,41.29505388730627,0 2.12992091,41.29494659,0 2.131010482528825,41.294796260400446,0 2.132100050038704,41.29464592052457,0 2.1331896125292307,41.29449557040032,0 2.13427917,41.29434521,0 2.1354037164808393,41.29417129890295,0 2.1365282569747404,41.293997376861235,0 2.1376527914812717,41.29382344390279,0 2.13877732,41.2936495,0 2.139923194129996,41.293476034529775,0 2.141069062173635,41.293302557697,0 2.142214924130456,41.29312906952963,0 2.14336078,41.29295557,0 2.144525326747836,41.292782725088244,0 2.1456898673307716,41.29260986844162,0 2.1468544017483215,41.29243700008809,0 2.14801893,41.29226412,0 2.1492286224299315,41.29208547397595,0 2.1504383082402723,41.29190681529188,0 2.151647987430477,41.291728143975774,0 2.15285766,41.29154946,0 2.154111725219015,41.29137220539137,0 2.1553657836257627,41.2911949371791,0 2.156619835219629,41.29101765539118,0 2.15787388,41.29084036,0 2.159150642700849,41.29066664613508,0 2.160427398601568,41.2904929181707,0 2.1617041477015033,41.290319176134894,0 2.16298089,41.29014542,0 2.1642787275021185,41.28997796433766,0 2.16557655833662,41.289810494107485,0 2.1668743825028125,41.28964300933748,0 2.1681722,41.28947551,0 2.16951672829679,41.289301033434874,0 2.1708612493962347,41.28912654123708,0 2.1722057632975615,41.28895203343467,0 2.17355027,41.28877751,0 2.175003891952542,41.28859898238752,0 2.1764575059373787,41.28842043650726,0 2.1779111119535264,41.28824187238727,0 2.17936471,41.28806329,0 2.1808156388797664,41.28789311478637,0 2.1822665601736797,41.2877229213724,0 2.183717473880753,41.28755270978614,0 2.18516838,41.28738248,0 2.1866398008037957,41.287223353062345,0 2.1881112144057555,41.28706420740703,0 2.1895826208048375,41.28690504306211,0 2.19105402,41.28674586,0 2.192569435539924,41.286595327264585,0 2.194084844053998,41.286444774676674,0 2.195600245541073,41.28629420226435,0 2.19711564,41.28614361,0 2.198606847139706,41.28600384382257,0 2.2000980478536762,41.28586405842068,0 2.201589242140808,41.28572425382237,0 2.20308043,41.28558443,0 2.2045693669499475,41.28544726623497,0 2.206058297600663,41.28531008330388,0 2.2075472219510464,41.285172881234764,0 2.20903614,41.28503566,0 2.2105256841114342,41.28490356875866,0 2.2120152221493146,41.28477145833547,0 2.2135047541125377,41.28463932875845,0 2.21499428,41.28450718,0 2.216503492228733,41.2843679095216,0 2.218012697972407,41.28422861935274,0 2.219521897229877,41.2840893095214,0 2.22103109,41.28394998,0 2.2225029806518806,41.28383061558249,0 2.223974865869889,41.28371123243391,0 2.2254467456529534,41.28359183058231,0 2.22691862,41.28347241,0 2.2283821284242373,41.28342330277349,0 2.2298456345663746,41.28337417702199,0 2.2313091384253245,41.28332503277341,0 2.23277264,41.28327587,0 2.234284739077335,41.283327927168564,0 2.235796840437247,41.28337996454888,0 2.237308944078535,41.28343198216867,0 2.23882105,41.28348398,0 2.2402513444759027,41.28368607659461,0 2.241681647635148,41.28388815545037,0 2.2431119594768196,41.28409021659487,0 2.24454228,41.28429226,0 2.245996460080437,41.28463282754677,0 2.247450655107761,41.28497337672006,0 2.248904865081205,41.28531390754723,0 2.25035909,41.28565442,0 2.2517963246489274,41.28608178695571,0 2.253233577865609,41.28650913593206,0 2.2546708496494863,41.28693646695629,0 2.25610814,41.28736378,0 2.2575412797965044,41.28786653934708,0 2.258974441395585,41.28836928078729,0 2.2604076247968723,41.28887200434776,0 2.26184083,41.28937471,0 2.263260860768493,41.28990561887961,0 2.264680914358171,41.290436510164014,0 2.2661009907687633,41.29096738388033,0 2.26752109,41.29149824,0 2.269010963163488,41.2920428265285,0 2.270500860884883,41.29258739369593,0 2.2719907831638366,41.2931319415293,0 2.27348073,41.29367647,0 2.2749347628786754,41.29423860517084,0 2.276388820505057,41.294800721885714,0 2.2778429028789104,41.29536282017164,0 2.27929701,41.2959249,0 2.2808236658620027,41.29648950798483,0 2.28235034781624,41.29705409563775,0 2.2838770558623573,41.29761866298571,0 2.28540379,41.29818321,0 2.286912522716177,41.29876380729038,0 2.2884212819550833,41.299344384711816,0 2.2899300677164476,41.29992494229126,0 2.29143888,41.30050548,0 2.2929542523326694,41.30108908755443,0 2.2944696514437415,41.301672675063884,0 2.2959850773329427,41.30225624255531,0 2.29750053,41.30283979,0
                </coordinates>
            </LineString>
        </Placemark>
        

        <Placemark>
            <name>Route VLG3YR</name>
            <Style>
                <LineStyle>
                    <color>ff00a5ff</color> <!-- naranja -->
                    <width>2</width>
                </LineStyle>
            </Style>
            <LineString>
                <tessellate>1</tessellate>
                <coordinates>
                    2.09527381,41.28936417,0 2.0945905223343755,41.289117298618756,0 2.093907239779144,41.28887042314903,0 2.0932239623343403,41.288623543618684,0 2.09254069,41.28837666,0 2.0918951417210416,41.28816491926975,0 2.0912495975815215,41.28795317489065,0 2.0906040575814804,41.2877414268906,0 2.0899585217209595,41.287529675269646,0 2.08931299,41.28731792,0 2.0884569557285246,41.287015292085314,0 2.08760092930465,41.286712657771034,0 2.0867449107284495,41.28641001708517,0 2.0858889,41.28610737,0 2.0849774464803605,41.28578094586407,0 2.0840660019737562,41.28545451447601,0 2.0831545664802738,41.28512807586388,0 2.08224314,41.28480163,0 2.0812968795638014,41.284500639194256,0 2.0803506277516424,41.28419964058294,0 2.079404384563662,41.28389863419408,0 2.07845815,41.28359762,0 2.0775814699856374,41.2832834775526,0 2.0767047983141316,41.28296932839411,0 2.0758281349855605,41.28265517255247,0 2.07495148,41.28234101,0 2.074028440824386,41.28200306114314,0 2.0731054110991263,41.281665104848095,0 2.0721823908243038,41.281327141142945,0 2.07125938,41.28098917,0 2.0703491098601794,41.28062328584916,0 2.0694388498135456,41.28025739445614,0 2.068528599860139,41.27989149584897,0 2.06761836,41.27952559,0 2.066841641900742,41.279013732984986,0 2.066064935867796,41.27850187063723,0 2.065288241900952,41.277990002984765,0 2.06451156,41.27747813,0 2.063874409838432,41.27686984046816,0 2.063237271451471,41.27626154728148,0 2.0626001448387745,41.275653250467975,0 2.06196303,41.27504495,0 2.0614946685960738,41.27439420306241,0 2.0610263164616516,41.27374345407384,0 2.0605579735964032,41.27309270306227,0 2.06008964,41.27244195,0 2.059743675729549,41.27169733931619,0 2.059397719306291,41.270952727412215,0 2.059051770729888,41.27020811431607,0 2.05870583,41.2694635,0 2.0585044852117202,41.26867392580707,0 2.0583031452824465,41.267884351066755,0 2.0581018102119493,41.26709477580699,0 2.05790048,41.2663052,0 2.0577998487242524,41.26549294791904,0 2.057699219965752,41.264680695549366,0 2.0575985937243755,41.263868442918955,0 2.05749797,41.26305619,0 2.0574305798859753,41.26222288535694,0 2.0573631915146917,41.26138958046658,0 2.0572958048860626,41.260556275356855,0 2.05722842,41.25972297,0 2.0571681344890544,41.25857272373277,0 2.0571078511557714,41.257422477066015,0 2.05704757,41.25627223,0 2.0570396521170355,41.2553896103253,0 2.05703173448939,41.25450699042435,0 2.0570238171170487,41.25362437032518,0 2.0570159,41.25274175,0 2.057022025184416,41.25183387784027,0 2.0570281502458827,41.25092600544435,0 2.0570342751844084,41.25001813284018,0 2.0570404,41.24911026,0 2.0570707737017604,41.248189735357705,0 2.057101146602317,41.24726921046756,0 2.0571315187017154,41.24634868535759,0 2.05716189,41.24542816,0 2.0571748779943806,41.24445923038318,0 2.0571878656591607,41.243490300501506,0 2.0572008529943604,41.24252137038302,0 2.05721384,41.24155244,0 2.057245598836622,41.24057196539992,0 2.057277356782127,41.239591490523836,0 2.0573091138365687,41.238611015399776,0 2.05734087,41.23763054,0 2.05736116585323,41.236612950420145,0 2.057381461137616,41.235595360550796,0 2.0574017558531943,41.234577770419996,0 2.05742205,41.23356018,0 2.0574381981825973,41.23250436794725,0 2.0574543459101093,41.23144855558691,0 2.057470493182567,41.23039274294707,0 2.05748664,41.22933693,0 2.0575079909506115,41.22825808796648,0 2.0575293412674536,41.22717924561254,0 2.057550690950569,41.2261004029663,0 2.05757204,41.22502156,0 2.0575692472614806,41.2239282779737,0 2.0575664546819805,41.22283499562217,0 2.0575636622614897,41.221741712973504,0 2.05756087,41.22064843,0 2.0575456841256856,41.21953258549523,0 2.0575304988342733,41.21841674065086,0 2.057515314125724,41.21730089549503,0 2.05750013,41.21618505,0 2.0574835415647486,41.21507996298582,0 2.057466953753025,41.21397487563831,0 2.0574503665647885,41.21286978798561,0 2.05743378,41.2117647,0 2.057389757644709,41.21064040302491,0 2.057345736859682,41.20951610569043,0 2.057301717644814,41.20839180802471,0 2.0572577,41.20726751,0 2.0572308060440396,41.206160055492155,0 2.0572039130587623,41.205052600646766,0 2.0571770210441036,41.203945145491964,0 2.05715013,41.20283769,0 2.0571260161895704,41.20173446298536,0 2.0571019032527986,41.20063123563767,0 2.057077791189627,41.199528007985144,0 2.05705368,41.19842478,0 2.0570181130665803,41.197294378016494,0 2.056982547422165,41.19616397567919,0 2.0569469830666676,41.19503357301628,0 2.05691142,41.19390317,0 2.056901166888005,41.1928049579712,0 2.056890914184024,41.19170674561881,0 2.056880661888031,41.190608532971,0 2.05687041,41.18951032,0 2.0568412959331592,41.18840291548899,0 2.056812182910925,41.18729551064252,0 2.056783070933228,41.18618810548879,0 2.05675396,41.1850807,0 2.056733693877985,41.18397285048152,0 2.056713428504013,41.182865000632546,0 2.056693163878035,41.1817571504813,0 2.0566729,41.1806493,0 2.056648528632424,41.17951120800775,0 2.0566241581766063,41.17837311566752,0 2.056599788632486,41.17723502300752,0 2.05657542,41.17609693,0 2.056558569038507,41.17497686048684,0 2.056541718718037,41.17385679063964,0 2.0565248690385487,41.17273672048663,0 2.05650802,41.17161665,0 2.0564884563691503,41.17046733051109,0 2.056468893492234,41.16931801067195,0 2.0564493313692016,41.168168690510875,0 2.05642977,41.16701937,0 2.056409668880946,41.165906117980676,0 2.056389568507961,41.16479286563142,0 2.0563694688809955,41.16367961298047,0 2.05634937,41.16256636,0 2.056304137584168,41.16144117801297,0 2.0562589067789627,41.16031599567446,0 2.0562136775842763,41.15919081301273,0 2.05616845,41.15806563,0 2.0561143495997065,41.1569284055338,0 2.05606025113303,41.15579118070223,0 2.0560061545998383,41.15465395553356,0 2.05595206,41.15351673,0 2.055944171990186,41.15238797798348,0 2.055936284320263,41.15125922563516,0 2.055928396990208,41.150130472983264,0 2.05592051,41.14900172,0 2.056083840607507,41.147894535792176,0 2.056247165809768,41.14678735104673,0 2.0564104856071452,41.14568016579195,0 2.0565738,41.14457298,0 2.0571084197508562,41.14344603662665,0 2.0576430213336843,41.14231909049256,0 2.0581776047496696,41.141192141626235,0 2.05871217,41.14006519,0 2.0592849799202892,41.13900729211995,0 2.059857771559648,41.13794939115032,0 2.0604305449191833,41.13689148711955,0 2.0610033,41.13583358,0 2.0615524296982612,41.13483956923376,0 2.062101542930393,41.13384555563543,0 2.0626506396973276,41.132851539233414,0 2.06319972,41.13185752,0
                </coordinates>
            </LineString>
        </Placemark>
        

        <Placemark>
            <name>Route VLG1265</name>
            <Style>
                <LineStyle>
                    <color>ff00a5ff</color> <!-- naranja -->
                    <width>2</width>
                </LineStyle>
            </Style>
            <LineString>
                <tessellate>1</tessellate>
                <coordinates>
                    2.09479682,41.28931494,0 2.0941132001090597,41.289076996122326,0 2.093429585145386,41.28883904815379,0 2.0927459751090187,41.28860109612227,0 2.09206237,41.28836314,0 2.09128904784147,41.28808828282819,0 2.090515732121924,41.28781342042822,0 2.0897424228414154,41.287538552828075,0 2.08896912,41.28726368,0 2.0881066734730007,41.28696949972558,0 2.0872442346306093,41.28667531295806,0 2.0863818034729134,41.28638111972543,0 2.08551938,41.28608692,0 2.084604289203637,41.28576713344795,0 2.0836892072714517,41.285447339587876,0 2.082774134203541,41.285127538447774,0 2.08185907,41.28480773,0 2.0809026653514704,41.28447064945699,0 2.079946270468556,41.28413356093325,0 2.0789898853513633,41.2837964644568,0 2.07803351,41.28345936,0 2.077078653593669,41.28313877691258,0 2.076123806458143,41.282818185874035,0 2.075168968593545,41.28249758691239,0 2.07421414,41.28217698,0 2.0732663129384328,41.281838876744885,0 2.072318495584511,41.28150076565042,0 2.071370687938334,41.281162646744676,0 2.07042289,41.28082452,0 2.069471192365146,41.28047456934424,0 2.0685195048201366,41.2801246107829,0 2.067567827365058,41.27977464434401,0 2.06661616,41.27942467,0 2.065707506602574,41.279039853317755,0 2.064798863803422,41.27865502941427,0 2.0638902316025587,41.278270198317564,0 2.06298161,41.27788536,0 2.0622042053897074,41.27740180298541,0 2.0614268121863892,41.27691824063779,0 2.060649430389877,41.276434672985204,0 2.05987206,41.2759511,0 2.059160283907629,41.27537759175823,0 2.0584485202103746,41.274804079001534,0 2.0577367689079327,41.27423056175802,0 2.05702503,41.27365704,0 2.056455897404884,41.27297897443826,0 2.0558867765401234,41.27230090590829,0 2.055317667405301,41.27162283443808,0 2.05474857,41.27094476,0 2.0543705293822225,41.270185037128066,0 2.053992497509885,41.26942531282807,0 2.0536144743826052,41.26866558712794,0 2.05323646,41.26790586,0 2.052953875033338,41.26713468631062,0 2.0526712967113183,41.26636351173815,0 2.0523887250336394,41.26559233631052,0 2.05210616,41.26482116,0 2.0518838266063875,41.26399714844487,0 2.0516614988087,41.26317313625045,0 2.0514391766066624,41.262349123444764,0 2.05121686,41.26152511,0 2.051087404961121,41.26067981552757,0 2.0509579532816087,41.25983452069407,0 2.050828504961292,41.25898922552749,0 2.05069906,41.25814393,0 2.050591963156384,41.25726569297864,0 2.050484869208614,41.256387455628804,0 2.0503777781565367,41.255509217978535,0 2.05027069,41.25463098,0 2.0501709008269895,41.25372674047564,0 2.0500711144360864,41.25282250062482,0 2.0499713308271406,41.251918260475534,0 2.04987155,41.25101402,0 2.049771385715069,41.25008918549041,0 2.049671224286864,41.249164350644485,0 2.049571065715228,41.248239515490276,0 2.04947091,41.24731468,0 2.0493664054355536,41.24637000051576,0 2.0492619039141875,41.245425320678294,0 2.049157405435727,41.24448064051563,0 2.04905291,41.24353596,0 2.048941510035064,41.24257123554952,0 2.048830113380214,41.241606510723294,0 2.048718720035257,41.24064178554938,0 2.04860733,41.23967706,0 2.0484749689051553,41.23867823564237,0 2.048342611873703,41.23767941084708,0 2.0482102589054,41.23668058564221,0 2.04807791,41.23568176,0 2.0479277204707667,41.2346650207222,0 2.04777753562788,41.233648280953496,0 2.047627355471053,41.23263154072201,0 2.04747718,41.2316148,0 2.0473099895303744,41.23057807580838,0 2.047142804374053,41.22954135106841,0 2.0469756245307056,41.228504625808206,0 2.04680845,41.2274679,0 2.0466228210075954,41.226413208407735,0 2.04643719801038,41.22535851620088,0 2.0462515810079744,41.224303823407524,0 2.04606597,41.22324913,0 2.0458637326984337,41.22219293849294,0 2.0456615019315207,41.221136746314485,0 2.0454592776988476,41.220080553492735,0 2.04525706,41.21902436,0 2.0450298212657483,41.21794591365153,0 2.0448025900213196,41.21686746652591,0 2.0445753662662316,41.2157890186513,0 2.04434815,41.21471057,0 2.044136119715987,41.21365285604546,0 2.0439240962882725,41.21259514138448,0 2.0437120797164217,41.211537426045226,0 2.04350007,41.21047971,0 2.0432606804297415,41.20937924374205,0 2.043021298906675,41.20827877664661,0 2.0427819254302713,41.207178308741824,0 2.04254256,41.20607784,0 2.0422841971275445,41.20498952635505,0 2.0420258428370985,41.20390121179727,0 2.041767497128103,41.20281289635482,0 2.04150916,41.20172458,0 2.0411963695152187,41.200641599257764,0 2.040883589354068,41.1995586173342,0 2.040570819515884,41.1984756342575,0 2.04025806,41.19739265,0 2.0396498192796306,41.19637407525988,0 2.03904159737356,41.19535549700359,0 2.03843339428071,41.19433691525948,0 2.03782521,41.19331833,0 2.0372427062377816,41.19232848483644,0 2.0366602199843613,41.19133863643901,0 2.0360777512387602,41.19034878483608,0 2.0354953,41.18935893,0 2.0346624350211022,41.18843553689993,0 2.033829593362203,41.18751213752356,0 2.0329967750222013,41.18658873189939,0 2.03216398,41.18566532,0 2.0310983226387345,41.18484205257442,0 2.0300326918522456,41.18401877508942,0 2.0289670876396335,41.18319548757373,0 2.02790151,41.18237219,0 2.026775357157345,41.18163223924122,0 2.0256492295435464,41.18089227731184,0 2.0245231271579742,41.18015230424056,0 2.02339705,41.17941232,0 2.022206954281536,41.178704946144,0 2.0210168840423823,41.17799755984885,0 2.019826839282037,41.17729016114328,0 2.01863682,41.17658275,0 2.0174665483902112,41.17589361302407,0 2.0162963011872526,41.17520446402232,0 2.015126078390668,41.17451530302341,0 2.01395588,41.17382613,0 2.012733158763101,41.173128134658675,0 2.0115104633511023,41.172430126201725,0 2.0102877937635517,41.17173210465794,0 2.00906515,41.17103407,0 2.0078643543497408,41.17033408646856,0 2.006663584133302,41.169634090281605,0 2.0054628393502116,41.16893408146786,0 2.00426212,41.16823406,0 2.0030729021885922,41.16753351360839,0 2.0018837095851096,41.16683295480138,0 2.000694542189072,41.1661323836077,0 1.9995054,41.1654318,0 1.9983150325857755,41.164739218638125,0 1.99712469011467,41.164046624841035,0 1.99593437258623,41.16335401863742,0 1.99474408,41.1626614,0 1.9935275994492059,41.16192688697877,0 1.9923111459326548,41.16119236096185,0 1.991094719449777,41.160457821978,0 1.98987832,41.15972327,0 1.9886825459247668,41.159003176319935,0 1.9874867979000466,41.158283070083456,0 1.9862910759253032,41.15756295131922,0 1.98509538,41.15684282,0
                </coordinates>
            </LineString>
        </Placemark>
        

        <Placemark>
            <name>Route VLG73QE</name>
            <Style>
                <LineStyle>
                    <color>ff00a5ff</color> <!-- naranja -->
                    <width>2</width>
                </LineStyle>
            </Style>
            <LineString>
                <tessellate>1</tessellate>
                <coordinates>
                    2.09614469,41.28978958,0 2.0955213485392785,41.289561515097624,0 2.0948980113856877,41.28933344678754,0 2.094274678539253,41.28910537509758,0 2.09365135,41.2888773,0 2.0928969765726224,41.28863136994451,0 2.0921426087634525,41.28838543491668,0 2.0913882465725564,41.288139494944424,0 2.09063389,41.28789355,0 2.089852827725882,41.287618150484384,0 2.089071771967804,41.287342745636494,0 2.0882907227258243,41.28706733548428,0 2.08750968,41.28679192,0 2.086610434336824,41.28646979057585,0 2.085711197449043,41.28614765409175,0 2.0848119693367413,41.28582551057569,0 2.08391275,41.28550336,0 2.0829771139812494,41.285185328940635,0 2.082041486974924,41.28486729024477,0 2.081105868981137,41.284549243940454,0 2.08017026,41.28423119,0 2.0792495960594217,41.283897978584996,0 2.078328941412505,41.283564759770584,0 2.0774082960593363,41.28323153358481,0 2.07648766,41.2828983,0 2.0755865698215756,41.282588610614106,0 2.0746854880953687,41.28227891414275,0 2.073784414821478,41.281969210613944,0 2.07288335,41.2816595,0 2.0719710484238534,41.2813199908878,0 2.071058756231756,41.28098047450767,0 2.0701464734237804,41.280640950887616,0 2.0692342,41.28030142,0 2.0684344165798905,41.27986394842453,0 2.067634643773255,41.27942647122328,0 2.0668348815799926,41.27898898842433,0 2.06603513,41.2785515,0 2.0654088987113712,41.27798065776973,0 2.0647826782820218,41.277409812016906,0 2.064156468711661,41.27683896276956,0 2.06353027,41.27626811,0 2.063006977470102,41.27563824126059,0 2.0624836949603567,41.275008370004755,0 2.0619604224704338,41.27437849626046,0 2.06143716,41.27374862,0 2.0610716657015113,41.273041829475495,0 2.0607061792688945,41.27233503762462,0 2.060340700701831,41.271628244475366,0 2.05997523,41.27092145,0 2.059723946575565,41.270188798569436,0 2.059472668767582,41.26945614641657,0 2.059221396575808,41.26872349356935,0 2.05897013,41.26799084,0 2.0587567900319304,41.26722676085658,0 2.058543455042725,41.26646268113276,0 2.058330125032157,41.265698600856496,0 2.0581168,41.26493452,0 2.057912947766488,41.26416024081037,0 2.0577091003554657,41.26338596107113,0 2.05750525776671,41.262611680810274,0 2.05730142,41.2618374,0 2.0570855171324114,41.261042005889415,0 2.056869619510048,41.26024661117652,0 2.0566537271326606,41.25945121588932,0 2.05643784,41.25865582,0 2.056253443406065,41.2578760132135,0 2.0560690512082234,41.25709620594198,0 2.0558846634062697,41.25631639821342,0 2.05570028,41.25553659,0 2.0554776865390987,41.25470683344889,0 2.0552550987189844,41.253877076255826,0 2.055032516539378,41.25304731844878,0 2.05480994,41.25221756,0 2.054616492772918,41.25140267577937,0 2.0544230503640466,41.2505877910298,0 2.054229612773152,41.24977290577927,0 2.05403618,41.24895802,0 2.05382436169734,41.24810268840309,0 2.053612548929975,41.247247356194755,0 2.0534007416976228,41.24639202340298,0 2.05318894,41.24553669,0 2.0529678035718093,41.24465549347302,0 2.052746673095954,41.24377429628797,0 2.0525255485721225,41.24289309847289,0 2.05230443,41.2420119,0 2.0520866435746905,41.24111754346208,0 2.0518688630997994,41.2402231862734,0 2.0516510885750088,41.23932882846195,0 2.05143332,41.23843447,0 2.0511957673200567,41.237498876108965,0 2.0509582214269946,41.236563281469216,0 2.050720682320436,41.23562768610882,0 2.05048315,41.23469209,0 2.05024063697628,41.23374452114821,0 2.0499981309686377,41.23279695152153,0 2.0497556319766765,41.23184938114804,0 2.04951314,41.23090181,0 2.0492622713075836,41.22992744122143,0 2.049011410077067,41.228953071619124,0 2.048760556308017,41.227978701221225,0 2.04850971,41.22700433,0 2.0482658664528386,41.226015096186046,0 2.048022030270742,41.22502586157199,0 2.047778201453274,41.224036626185864,0 2.04753438,41.22304739,0 2.0472836434996213,41.2220456487395,0 2.047032914666467,41.22104390664324,0 2.0467821935000803,41.22004216373932,0 2.04653148,41.21904042,0 2.046262237360831,41.21801468138364,0 2.0459930031481184,41.216988941835396,0 2.0457237773613466,41.21596320138343,0 2.04545456,41.21493746,0 2.0451894723590223,41.21389559386617,0 2.0449243931457115,41.2128537268121,0 2.0446593223595455,41.21181185886596,0 2.04439426,41.21076999,0 2.044117343954387,41.209700978971156,0 2.0438404369395666,41.20863196695207,0 2.0435635389549627,41.20756295397092,0 2.04328665,41.20649394,0 2.0429956481561207,41.20541627658213,0 2.0427046558752373,41.20433861209999,0 2.042413673156735,41.20326094658186,0 2.0421227,41.20218328,0 2.041796036341854,41.20110092687379,0 2.041469383456267,41.200018572488894,0 2.0411427413425463,41.19893621687353,0 2.04081611,41.19785386,0 2.040208752302412,41.19685266273228,0 2.0396014130705753,41.19585146196678,0 2.038994092303451,41.19485025773188,0 2.03838679,41.19384905,0 2.0377452705709675,41.192841628292136,0 2.037103770762025,41.19183420271325,0 2.03646229057207,41.190826773291725,0 2.03582083,41.18981934,0 2.034947297083368,41.18892773027955,0 2.0340737877785164,41.18803611369637,0 2.033200302084407,41.18714449027901,0 2.03232684,41.18625286,0 2.0313572505212716,41.18541371004371,0 2.0303876856956498,41.184574551715215,0 2.0294181455222033,41.183735385043114,0 2.02844863,41.18289621,0 2.0271863368982843,41.18218765844579,0 2.0259240708646833,41.18147909291785,0 2.0246618318987406,41.180770513445,0 2.02339962,41.18006192,0 2.022359197881638,41.17927655185573,0 2.021318800509371,41.17849117413123,0 2.0202784278824186,41.17770578685511,0 2.01923808,41.17692039,0 2.0180615636108192,41.176192325738334,0 2.01688507314814,41.17546424930798,0 2.0157086086113907,41.17473616073765,0 2.01453217,41.17400806,0 2.013338367373761,41.173313688748905,0 2.0121445898319865,41.17261930498875,0 2.010950837374219,41.17192490874822,0 2.00975711,41.1712305,0 2.0085263469157524,41.170504012431465,0 2.0072956108880278,41.16977751156544,0 2.0060649019162886,41.16905099743069,0 2.00483422,41.16832447,0 2.003622116931253,41.167632421817245,0 2.0024100392419637,41.166940360746516,0 2.0011979869316923,41.16624828681654,0 1.99998596,41.1655562,0 1.9987683561886747,41.16485381449591,0 1.9975507782518778,41.16415141598475,0 1.9963332261891422,41.16344900449521,0 1.9951157,41.16274658,0 1.9938852328598005,41.16203664990839,0 1.9926547921467226,41.16132670653466,0 1.9914243778602834,41.16061674990764,0 1.99019399,41.15990678,0 1.988967583188111,41.159200352275576,0 1.9877412025844643,41.15849391135758,0 1.9865148481885855,41.15778745727483,0 1.98528852,41.15708099,0 1.9840519473326683,41.1563650876053,0 1.9828154014438895,41.1556491717972,0 1.9815788823331664,41.15493324260453,0 1.98034239,41.1542173,0 1.9791247737759874,41.153516324490994,0 1.9779071833682922,41.15281533597817,0 1.9766896187764509,41.15211433449029,0 1.97547208,41.15141332,0 1.9742306892249368,41.15068932776291,0 1.9729893256335964,41.149965322007354,0 1.9717479892254577,41.14924130276213,0 1.97050668,41.14851727,0
                </coordinates>
            </LineString>
        </Placemark>
        

        <Placemark>
            <name>Route VLG4SW</name>
            <Style>
                <LineStyle>
                    <color>ff00a5ff</color> <!-- naranja -->
                    <width>2</width>
                </LineStyle>
            </Style>
            <LineString>
                <tessellate>1</tessellate>
                <coordinates>
                    2.09525713,41.28944013,0 2.0945502149560267,41.289205219041904,0 2.0938433049413345,41.28897030371319,0 2.093136399955975,41.28873538404182,0 2.0924295,41.28850046,0 2.091648400248356,41.28822570548507,0 2.090867306997769,41.28795094563739,0 2.0900862202482973,41.287676180484944,0 2.08930514,41.28740141,0 2.088613400093304,41.287164996346235,0 2.0879216651399113,41.28692857850535,0 2.087229935139866,41.286692156505275,0 2.0865382100932144,41.28645573034608,0 2.08584649,41.2862193,0 2.0849155009221336,41.285886528833316,0 2.0839845212294494,41.28555375010167,0 2.0830535509220405,41.285220963833126,0 2.08212259,41.28488817,0 2.0811333524023463,41.28455223778549,0 2.0801441248697063,41.284216297037894,0 2.079154907402213,41.283880347785285,0 2.0781657,41.28354439,0 2.077226001853741,41.28323641153575,0 2.076286312471571,41.28292842537159,0 2.0753466318536145,41.28262043153557,0 2.07440696,41.28231243,0 2.073453170657394,41.2819814593895,0 2.0724993908764504,41.28165048084326,0 2.071545620657282,41.2813194943893,0 2.07059186,41.2809885,0 2.069657535671649,41.28065101641463,0 2.0687232208954724,41.28031352521011,0 2.0677889156715596,41.27997602641444,0 2.06685462,41.27963852,0 2.06600721292856,41.27919570944506,0 2.065159817238141,41.27875289258399,0 2.064312432928652,41.278310069444835,0 2.06346506,41.27786724,0 2.062967244430159,41.27707199352062,0 2.062469440907237,41.27627674468477,0 2.0619716494306957,41.27548149352044,0 2.06147387,41.27468624,0 2.0607395958933923,41.274189427144265,0 2.0600053328579855,41.27369260951628,0 2.059271080893587,41.273195787144076,0 2.05853684,41.27269896,0 2.058195911020676,41.271962049266314,0 2.0578549896944525,41.27122513734572,0 2.057514076021003,41.2704882242662,0 2.05717317,41.26975131,0 2.0569327037038416,41.2689524860398,0 2.0566922432719745,41.26815366137705,0 2.0564517887041203,41.26735483603971,0 2.05621134,41.26655601,0 2.056137997185056,41.26572986536422,0 2.0560646562468037,41.264903720476276,0 2.0559913171851494,41.26407757536411,0 2.05591798,41.26325143,0 2.055840397247029,41.262112587081944,0 2.0557628172470914,41.26097374374855,0 2.05568524,41.2598349,0 2.055669521810956,41.25896049532347,0 2.055653804081291,41.258086090421926,0 2.0556380868109803,41.25721168532336,0 2.05562237,41.25633728,0 2.0556118619951174,41.25542575534587,0 2.055601354326835,41.25451423045178,0 2.0555908469951354,41.253602705345735,0 2.05558034,41.25269118,0 2.055580639940647,41.25175913785714,0 2.0555809399208638,41.25082709546681,0 2.055581239940649,41.249895052857006,0 2.05558154,41.24896301,0 2.0556047584212314,41.24802149536806,0 2.0556279762282847,41.24707998048135,0 2.0556511934211956,41.24613846536791,0 2.05567441,41.24519695,0 2.055716696755589,41.244245507888834,0 2.0557589823407407,41.24329406550907,0 2.0558012667555214,41.24234262288872,0 2.05584355,41.24139118,0 2.0558829441888955,41.240403730411394,0 2.055922337251815,41.23941628053912,0 2.0559617291888275,41.23842883041125,0 2.05600112,41.23744138,0 2.056054067318515,41.236444587932354,0 2.05610701309129,41.23544779556706,0 2.0561599573184206,41.2344510029322,0 2.0562129,41.23345421,0 2.0562561694453256,41.23242077044799,0 2.0562994375937125,41.231387330587914,0 2.0563427044452434,41.230353890447844,0 2.05638597,41.22932045,0 2.056441847514627,41.228296762954535,0 2.0564977233527664,41.22727307559662,0 2.0565535975145224,41.226249387954354,0 2.05660947,41.2252257,0 2.056652509452571,41.224181855453764,0 2.056695547603373,41.2231380105956,0 2.056738584452488,41.22209416545359,0 2.05678162,41.22105032,0 2.0568139489516257,41.22000051294794,0 2.056846276935459,41.21895070558782,0 2.056878603951563,41.21790089794777,0 2.05691093,41.21685109,0 2.0569281557537966,41.21576279046912,0 2.0569453810050393,41.21467449061605,0 2.056962605753762,41.21358619046891,0 2.05697983,41.21249789,0 2.0569887553441526,41.21140449047007,0 2.0569976804588594,41.210311090617324,0 2.0570066053441365,41.209217690469885,0 2.05701553,41.20812429,0 2.0570100896183914,41.20700378299186,0 2.057004649491199,41.20588327564635,0 2.0569992096184073,41.20476276799166,0 2.05699377,41.20364226,0 2.056984506917228,41.202511025500606,0 2.0569752442229876,41.20137979065801,0 2.0569659819172537,41.200248555500394,0 2.05695672,41.19911732,0 2.0569600575652127,41.19798922299438,0 2.0569633950869477,41.19686112564971,0 2.0569667325652086,41.19573302799416,0 2.05697007,41.19460493,0 2.056956111643343,41.19343413803322,0 2.0569421538578165,41.19226334570146,0 2.056928196643382,41.19109255303298,0 2.05691424,41.18992176,0 2.0569131548329653,41.188770455511325,0 2.056912069777291,41.18761915067227,0 2.056910984832972,41.186467845511096,0 2.0569099,41.18531654,0 2.05689767174201,41.18415433552224,0 2.05688544398937,41.18299213068682,0 2.0568732167420443,41.181829925521996,0 2.05686099,41.18066772,0 2.056839253689317,41.17946257056295,0 2.056817518252464,41.17825742074109,0 2.056795783689379,41.17705227056268,0 2.05677405,41.17584712,0 2.0567777275819377,41.17468921301221,0 2.056781405109247,41.17353130567344,0 2.0567850825819325,41.172373398011985,0 2.05678876,41.17121549,0 2.0568054682772856,41.17003963052785,0 2.0568221760363556,41.168863770694294,0 2.0568388832772477,41.167687910527604,0 2.05685559,41.16651205,0 2.056976461159709,41.16537014067267,0 2.057097328212756,41.164228230887375,0 2.0572181911594245,41.16308632067243,0 2.05733905,41.16194441,0 2.0578587629815206,41.160754123978464,0 2.0583784573078305,41.15956383529496,0 2.0588981329802243,41.158373543978,0 2.05941779,41.15718325,0 2.059843540797623,41.15610261525117,0 2.060269277729577,41.15502197865868,0 2.060695000796742,41.15394134025086,0 2.06112071,41.1528607,0 2.0619261093340744,41.15178299376877,0 2.0627314824444127,41.150705281681915,0 2.0635368293325445,41.14962756376813,0 2.06434215,41.14854984,0 2.065259768904216,41.14755469370918,0 2.0661773602046916,41.14655953993577,0 2.0670949239028213,41.14556437870849,0 2.06801246,41.14456921,0 2.0691330082423454,41.14366960649746,0 2.070253525989012,41.142769991986704,0 2.071374013241173,41.14187036649662,0 2.07249447,41.14097073,0 2.073772912496187,41.14019567133593,0 2.0750513249944618,41.139420598437965,0 2.076329707495506,41.13864551133503,0 2.07760806,41.13787041,0 2.0790093886863454,41.13726309553747,0 2.0804106915818,41.13665576404006,0 2.081811968686354,41.13604841553666,0 2.08321322,41.13544105,0 2.0847855499184376,41.13498820458742,0 2.08635785822509,41.134535337773364,0 2.0879301449191976,41.13408244958667,0 2.08950241,41.13362954,0 2.0911418452933597,41.133324922364444,0 2.0927812653919817,41.1330202814762,0 2.094420670294613,41.1327156173639,0 2.09606006,41.13241093,0 2.097709531607641,41.13225775779394,0 2.0993589954778487,41.132104562049065,0 2.101008451609132,41.13195134279368,0 2.1026579,41.1317981,0 2.104327995065087,41.13170026368633,0 2.105998085087844,41.13160240323897,0 2.1076681700666793,41.13150451868614,0 2.10933825,41.13140661,0 2.111006743454543,41.13132998611942,0 2.112675232940457,41.131253338149776,0 2.1143437184561424,41.13117666611929,0 2.1160122,41.13109997,0 2.1176882331040234,41.131061231451845,0 2.119364264139788,41.13102246859305,0 2.1210402931056587,41.13098368145178,0 2.12271632,41.13094487,0
                </coordinates>
            </LineString>
        </Placemark>
        

        <Placemark>
            <name>Route VLG4VF</name>
            <Style>
                <LineStyle>
                    <color>ff00a5ff</color> <!-- naranja -->
                    <width>2</width>
                </LineStyle>
            </Style>
            <LineString>
                <tessellate>1</tessellate>
                <coordinates>
                    2.09621412,41.28976833,0 2.0955445435841744,41.289557360869225,0 2.0948749714455324,41.2893463878163,0 2.0942054035841235,41.28913541086915,0 2.09353584,41.28892443,0 2.092770255376913,41.28864783267423,0 2.0920046771691845,41.28837123022296,0 2.0912391053768635,41.28809462267412,0 2.09047354,41.28781801,0 2.0896317610304784,41.28751816177042,0 2.0887899897072577,41.2872183073512,0 2.0879482260304085,41.28691844677029,0 2.08710647,41.28661858,0 2.0861927821377266,41.28630872341144,0 2.0852791028502313,41.2859988595392,0 2.0843654321376204,41.28568898841128,0 2.08345177,41.28537911,0 2.0825111682200506,41.28504500156708,0 2.081570575960002,41.284710885413354,0 2.080629993219952,41.28437676156687,0 2.07968942,41.28404263,0 2.0787264410009345,41.283722619614586,0 2.077763471334492,41.28340260114339,0 2.076800511000803,41.2830825746144,0 2.07583756,41.28276254,0 2.074907082056102,41.2824563013113,0 2.0739766127413883,41.28215005507234,0 2.0730461520559804,41.28184380131112,0 2.0721157,41.28153754,0 2.071374343306255,41.281009087612176,0 2.0706329985061203,41.28048063035095,0 2.0698916655993562,41.27995216824437,0 2.0691503445857258,41.27942370129266,0 2.0684090354649913,41.278895229496015,0 2.0676677382369144,41.27836675285466,0 2.066926452901258,41.277838271368786,0 2.0661851794577832,41.277309785038625,0 2.0654439179062525,41.276781293864374,0 2.064702668246429,41.27625279784624,0 2.063961430478073,41.27572429698445,0 2.063220204600949,41.2751957912792,0 2.062478990614817,41.27466728073071,0 2.06173778851944,41.27413876533918,0 2.0609965983145804,41.273610245104834,0 2.06025542,41.27308172,0 2.0598467190464165,41.27236069992006,0 2.0594380270621335,41.27163967821737,0 2.059029344046784,41.2709186549199,0 2.05862067,41.27019763,0 2.058486810060314,41.269395815516575,0 2.0583529534138583,41.26859400067944,0 2.058219100060473,41.26779218551653,0 2.05808525,41.26699037,0 2.057996259085674,41.2661616854001,0 2.0579072704476413,41.265333000524116,0 2.057818284085788,41.26450431540001,0 2.0577293,41.26367563,0 2.057684895715451,41.262822777834586,0 2.057640492620642,41.26196992543676,0 2.0575960907155117,41.26111707283448,0 2.05755169,41.26026422,0 2.057532964206043,41.25940498281509,0 2.0575142389414087,41.25854574541078,0 2.05749551420607,41.25768650781501,0 2.05747679,41.25682727,0 2.0574750748659185,41.25594373782471,0 2.057473359821228,41.25506020542358,0 2.057471644865923,41.254176672824606,0 2.05746993,41.25329314,0 2.0574907157636844,41.25241838032192,0 2.057511501018227,41.251543620419866,0 2.057532285763657,41.25066886032184,0 2.05755307,41.2497941,0 2.0575719032125797,41.24888161034591,0 2.057590735950088,41.24796912045183,0 2.057609568212553,41.24705663034578,0 2.0576284,41.24614414,0 2.057659781244363,41.24522314035815,0 2.057691161659119,41.24430214046817,0 2.057722541244316,41.24338114035805,0 2.05775392,41.24246014,0 2.0577988267948477,41.24154770036378,0 2.0578437323930863,41.24063526047565,0 2.057888636794781,41.23972282036365,0 2.05793354,41.23881038,0 2.0579534857970496,41.237846520380394,0 2.0579734310627114,41.23688266049782,0 2.0579933757970177,41.23591880038027,0 2.05801332,41.23495494,0 2.0580224378314105,41.23395431040355,0 2.0580315554418718,41.23295368052867,0 2.0580406728313965,41.231953050403405,0 2.05804979,41.23095242,0 2.0580529475594793,41.229927565420596,0 2.0580561050793036,41.22890271055137,0 2.058059262559476,41.227877855420424,0 2.05806242,41.226853,0 2.0580605598150683,41.22578752295167,0 2.058058699753429,41.22472204559279,0 2.058056839815075,41.22365656795148,0 2.05805498,41.22259109,0 2.0580589975998405,41.22153143044552,0 2.058063015133117,41.2204717705846,0 2.058067032599835,41.21941211044534,0 2.05807105,41.21835245,0 2.058053594014211,41.21724047799256,0 2.0580361386856434,41.216128505647305,0 2.058018684014254,41.21501653299238,0 2.05800123,41.21390456,0 2.057982688932262,41.212766175513984,0 2.0579641485763807,41.21162779067583,0 2.057945608932309,41.21048940551375,0 2.05792707,41.20935102,0 2.0579191069830407,41.20821853550289,0 2.057911144310736,41.20708605066107,0 2.0579031819830633,41.20595356550267,0 2.05789522,41.20482108,0 2.0578854318930406,41.20369472049708,0 2.057875644190738,41.202568360653316,0 2.057865856893067,41.20144200049688,0 2.05785607,41.20031564,0 2.057828833464024,41.19916411052712,0 2.0578015979520785,41.198012580693366,0 2.0577743634640937,41.19686105052692,0 2.05774713,41.19570952,0 2.05771739086698,41.19457985050956,0 2.0576876528226884,41.193450180669934,0 2.057657915867053,41.192320510509326,0 2.05762818,41.19119084,0 2.057595628201406,41.190048325521474,0 2.0575630776019294,41.188905810685824,0 2.0575305282014877,41.18776329552125,0 2.05749798,41.18662078,0 2.05745233749736,41.18546729304401,0 2.0574066966632234,41.18431380571587,0 2.057361057497475,41.183160318043775,0 2.05731542,41.18200683,0 2.0572669873627527,41.18085804054238,0 2.0572185564837504,41.17970925071369,0 2.0571701273628733,41.178560460542165,0 2.0571217,41.17741167,0 2.057074209914275,41.17626372553904,0 2.0570267215524454,41.175115780709206,0 2.056979234914393,41.17396783553878,0 2.05693175,41.17281989,0 2.0568772545100957,41.17165719306003,0 2.056822761013554,41.170494495737195,0 2.0567682695102345,41.16933179805979,0 2.05671378,41.1681691,0 2.056660662091229,41.16700947055393,0 2.0566075461217284,41.165849840729074,0 2.056554432091364,41.164690210553694,0 2.05650132,41.16353058,0 2.0564418417165755,41.16235706057416,0 2.0563823656222033,41.16118354075605,0 2.0563228917167296,41.16001002057393,0 2.05626342,41.1588365,0 2.0561914835665553,41.157666788092094,0 2.05611954975553,41.156497075779946,0 2.0560476185667396,41.155327363091835,0 2.05597569,41.15415765,0 2.055916981766563,41.15298694056759,0 2.0558582756888515,41.151816230747265,0 2.0557995717667144,41.15064552056732,0 2.05574087,41.14947481,0 2.055694969945557,41.148303230548045,0 2.0556490715941558,41.14713165072122,0 2.0556031749456767,41.145960070547794,0 2.05555728,41.14478849,0 2.055488571194743,41.14360527309278,0 2.055419864926444,41.14242205578085,0 2.0553511611949227,41.14123883809251,0 2.05528246,41.14005562,0 2.055223424261103,41.138888593060635,0 2.0551643906815706,41.137721565738,0 2.055105359261254,41.13655453806039,0 2.05504633,41.13538751,0 2.0550138806360425,41.13420058554124,0 2.054981432514782,41.13301366071214,0 2.05494898563613,41.13182673554098,0 2.05491654,41.13063981,0 2.054980290767384,41.12947110555304,0 2.055044039356409,41.128302400727875,0 2.055107785767229,41.127133695552814,0 2.05517153,41.12596499,0 2.055453049357609,41.12483267147425,0 2.0557345591430467,41.12370035195612,0 2.0560160593569607,41.12256803147396,0 2.05629755,41.12143571,0 2.0568433433208475,41.12028783179129,0 2.057389117760293,41.11913995071207,0 2.0579348733195926,41.117992066790855,0 2.05848061,41.11684418,0 2.05926225477037,41.115791010758606,0 2.060043874692882,41.1147378360017,0 2.060825469768953,41.11368465575801,0 2.06160704,41.11263147,0
                </coordinates>
            </LineString>
        </Placemark>
        

        <Placemark>
            <name>Route DLH03K</name>
            <Style>
                <LineStyle>
                    <color>ff00a5ff</color> <!-- naranja -->
                    <width>2</width>
                </LineStyle>
            </Style>
            <LineString>
                <tessellate>1</tessellate>
                <coordinates>
                    2.09687997,41.28985564,0 2.0962229161924344,41.28964429565379,0 2.095565866589882,41.28943294752908,0 2.0949088211923894,41.28922159565374,0 2.09425178,41.28901024,0 2.093475405668959,41.28874570288668,0 2.0926990375585692,41.28848116050621,0 2.0919226756688953,41.28821661288655,0 2.09114632,41.28795206,0 2.090328634527974,41.287670186246075,0 2.0895109560372513,41.287388306652076,0 2.0886932845279023,41.28710642124595,0 2.08787562,41.28682453,0 2.0870246011713722,41.28653153947108,0 2.086173589895109,41.28623854261872,0 2.0853225861712907,41.285945539470944,0 2.08447159,41.28565253,0 2.083629596164972,41.285356254273665,0 2.0827876098865805,41.285059972355505,0 2.0819456311648987,41.284763684273535,0 2.08110366,41.28446739,0 2.0802948272111554,41.28418741355817,0 2.0794860012814946,41.28390743140155,0 2.0786771822110865,41.28362744355805,0 2.07786837,41.28334745,0 2.0770594350038967,41.28300768607928,0 2.07625050833852,41.28266791642966,0 2.0754415900038827,41.282328141079155,0 2.07463268,41.28198836,0 2.073958672951674,41.28151434353286,0 2.0732846756023458,41.281040323034425,0 2.072610687951845,41.280566298532705,0 2.07193671,41.28009227,0 2.0713502954824783,41.279549004629025,0 2.0707638906434687,41.27900573616265,0 2.0701774954827257,41.27846246462888,0 2.06959111,41.27791919,0 2.0691967188371594,41.2772990847154,0 2.0688023351163842,41.27667897794453,0 2.068407958837417,41.276058869715314,0 2.06801359,41.27543876,0 2.0677957833145197,41.274768348329616,0 2.0675779810861443,41.274097936096815,0 2.067360183314697,41.27342752332956,0 2.06714239,41.27275711,0 2.0669974754885585,41.272079202985914,0 2.0668525639848263,41.27140129563856,0 2.0667076554886807,41.27072338798586,0 2.06656275,41.27004548,0 2.066444543690493,41.2693453079048,0 2.066326339920728,41.26864513553041,0 2.0662081386905995,41.26794496290474,0 2.06608994,41.26724479,0 2.0659863417074873,41.266555202855784,0 2.065882745610044,41.26586561546503,0 2.0657791517075785,41.26517602785573,0 2.06567556,41.26448644,0 2.0656007901698366,41.26381314027832,0 2.0655260218931573,41.26313984036177,0 2.0654512551698994,41.26246654027825,0 2.06537649,41.26179324,0 2.065298724984219,41.26109422529778,0 2.065220961645673,41.26039521038774,0 2.06514319998429,41.25969619529775,0 2.06506544,41.25899718,0 2.0650022804539376,41.25829980276894,0 2.064939122271955,41.25760242534925,0 2.0648759654539943,41.25690504776887,0 2.06481281,41.25620767,0 2.0647743662407727,41.255511522733734,0 2.0647359233210536,41.254815375302336,0 2.064697481240808,41.25411922773371,0 2.06465904,41.25342308,0 2.064611225925583,41.252718887748856,0 2.0645634129008066,41.25201469532248,0 2.064515600925627,41.25131050274879,0 2.06446779,41.25060631,0 2.0644227785301834,41.24990888524135,0 2.0643777680402717,41.24921146031247,0 2.0643327585302242,41.248514035241314,0 2.06428775,41.24781661,0 2.0642356757840488,41.24711028525519,0 2.0641836027120974,41.246403960330916,0 2.0641315307840973,41.24569763525513,0 2.06407946,41.24499131,0 2.064026738226489,41.24427034276375,0 2.0639740176353527,41.243549375342326,0 2.06392129822654,41.24282840776368,0 2.06386858,41.24210744,0 2.063818550782089,41.241372777767204,0 2.063768522709486,41.24063811534693,0 2.06371849578214,41.23990345276715,0 2.06366847,41.23916879,0 2.0635975874448285,41.23839220282511,0 2.0635267065931573,41.23761561542414,0 2.0634558274449075,41.236839027825035,0 2.06338495,41.23606244,0 2.0633207951351644,41.23527027532167,0 2.063256641846936,41.234478110419516,0 2.0631924901352394,41.23368594532157,0 2.06312834,41.23289378,0 2.0630604324109534,41.23207394534477,0 2.0629925265479945,41.23125411045034,0 2.0629246224110385,41.2304342753447,0 2.06285672,41.22961444,0 2.0627937025479897,41.22877945784506,0 2.0627306867307076,41.22794447545072,0 2.0626676725480717,41.227109492844995,0 2.06260466,41.22627451,0 2.0625453076451463,41.225424660347855,0 2.0624859568602485,41.22457481045442,0 2.0624266076452265,41.22372496034775,0 2.06236726,41.22287511,0 2.0622925568938775,41.221980580404534,0 2.0622178558585773,41.22108605052999,0 2.0621431568939887,41.22019152040443,0 2.06206846,41.21929699,0 2.0619873165845655,41.21839003292585,0 2.06190617544617,41.217483075558405,0 2.0618250365846897,41.216576117925726,0 2.0617439,41.21566916,0 2.0616531710741923,41.21473520296598,0 2.061562444765688,41.21380124561192,0 2.0614717210743394,41.212867287965864,0 2.061381,41.21193333,0 2.0612940212310153,41.210998687956724,0 2.0612070449747812,41.21006404559957,0 2.061120071231157,41.20912940295661,0 2.0610331,41.20819476,0 2.0609323179379646,41.20721643302205,0 2.0608315389174052,41.20623810568666,0 2.0607307629381437,41.20525977802191,0 2.06062999,41.20428145,0 2.060539080866825,41.20330065299754,0 2.060448174489209,41.202319855653954,0 2.0603572708669877,41.20133905799738,0 2.06026637,41.20035826,0 2.060166110400478,41.19936684802849,0 2.060065853867426,41.19837543569523,0 2.0599656004006603,41.197384023028334,0 2.05986535,41.19639261,0 2.0597634076713423,41.195369145556114,0 2.0596614685619214,41.19434568073207,0 2.05955953267154,41.19332221555596,0 2.0594576,41.19229875,0 2.0593467095970963,41.19124481810414,0 2.0592358227962806,41.19019088579605,0 2.059124939597325,41.18913695310394,0 2.05901406,41.18808302,0 2.0589057272372147,41.18703242059292,0 2.0587973979831005,41.185981820781116,0 2.058689072237436,41.18493122059273,0 2.05858075,41.18388062,0 2.05846722692511,41.1828178131168,0 2.0583537075669716,41.181755005812946,0 2.0582401919253472,41.18069219811662,0 2.05812668,41.17962939,0
                </coordinates>
            </LineString>
        </Placemark>
        

        <Placemark>
            <name>Route VLG593U</name>
            <Style>
                <LineStyle>
                    <color>ff00a5ff</color> <!-- naranja -->
                    <width>2</width>
                </LineStyle>
            </Style>
            <LineString>
                <tessellate>1</tessellate>
                <coordinates>
                    2.09569445,41.28950801,0 2.0950237313267475,41.28930532588714,0 2.09435301676896,41.289102637840216,0 2.0936823063266927,41.28889994588708,0 2.0930116,41.28869725,0 2.092226365724979,41.288437238064844,0 2.0914411376332573,41.28817722074378,0 2.0906559157249065,41.28791719806474,0 2.0898707,41.28765717,0 2.0890242930122667,41.28734552687558,0 2.0881778940163143,41.28703387749139,0 2.0873315030122055,41.28672222187543,0 2.08648512,41.28641056,0 2.0855633965406635,41.28608918110665,0 2.0846416820541522,41.28576779479947,0 2.0837199765405643,41.28544640110647,0 2.08279828,41.285125,0 2.0818190680659767,41.28480051502541,0 2.0808398657545424,41.284476021691134,0 2.079860673065837,41.28415152002521,0 2.07888149,41.28382701,0 2.0779198500789264,41.283485534588635,0 2.0769582201051646,41.28314405110878,0 2.075996600078821,41.28280255958845,0 2.07503499,41.28246106,0 2.0741028486487805,41.28213401885846,0 2.073170716531641,41.281806970135186,0 2.07223859364868,41.281479913858256,0 2.07130648,41.28115285,0 2.070401029908005,41.28078619073588,0 2.0694955898773153,41.280419524305096,0 2.068590159907968,41.28005285073567,0 2.06768474,41.27968617,0 2.0668140383627294,41.2792660649553,0 2.065943347817007,41.278845953264316,0 2.065072668362781,41.278425834955094,0 2.064202,41.27800571,0 2.0635669197146713,41.27739119293724,0 2.0629318512864625,41.276776672240224,0 2.062296794715022,41.27616214793704,0 2.06166175,41.27554762,0 2.0611330923233355,41.2749180188337,0 2.06060444476467,41.27428841510221,0 2.0600758073236696,41.27365880883355,0 2.05954718,41.2730292,0 2.059302776185632,41.27224156355834,0 2.059058378247692,41.27145392640178,0 2.0588139861859065,41.270666288558225,0 2.0585696,41.26987865,0 2.05831708402618,41.269145251077816,0 2.0580645737017362,41.268411851427736,0 2.0578120690264243,41.267678451077714,0 2.05755957,41.26694505,0 2.0574918650489122,41.26616619532422,0 2.057424161731934,41.26538734042297,0 2.0573564600489886,41.26460848532416,0 2.05728876,41.26382963,0 2.057257508777672,41.26300978279948,0 2.057226258370256,41.262189935389955,0 2.057195008777712,41.261370087799385,0 2.05716376,41.26055024,0 2.0571283211306737,41.259735620299644,0 2.057092883174261,41.25892100039019,0 2.0570574461307185,41.25810638029957,0 2.05702201,41.25729176,0 2.0569819283854986,41.25643985782781,0 2.0569418478473684,41.25558795542772,0 2.0569017683855537,41.2547360528277,0 2.05686169,41.25388415,0 2.0568783080779047,41.2530419552992,0 2.0568949257705262,41.25219976038958,0 2.056911543077885,41.251357565299124,0 2.05692816,41.25051537,0 2.056889080803267,41.24960042536798,0 2.056850002737731,41.24868548048126,0 2.056810925803329,41.24777053536787,0 2.05677185,41.24685559,0 2.056786300515194,41.24597360782324,0 2.056800750686912,41.245091625421594,0 2.056815200515175,41.244209642823115,0 2.05682965,41.24332766,0 2.0568390728247925,41.242404672849304,0 2.056848495433048,41.24148168545636,0 2.0568579178247797,41.24055869784919,0 2.05686734,41.23963571,0 2.0568917484658993,41.238700297862486,0 2.0569161562878406,41.23776488547393,0 2.0569405634658624,41.23682947286237,0 2.05696497,41.23589406,0 2.0569876834287033,41.234918547889514,0 2.0570103962382467,41.23394303550995,0 2.057033108428666,41.23296752288936,0 2.05705582,41.23199201,0 2.057089171390046,41.23102431038975,0 2.0571225218533584,41.23005661051025,0 2.0571558713899916,41.22908891038961,0 2.05718922,41.22812121,0 2.057204988136696,41.227116025406886,0 2.05722075584891,41.22611084053309,0 2.057236523136669,41.225105655406715,0 2.05725229,41.22410047,0 2.0572746384465432,41.223084522916636,0 2.0572969862620316,41.22206857554612,0 2.0573193334465034,41.22105262791651,0 2.05734168,41.22003668,0 2.057356040589219,41.218996192931385,0 2.0573704007856084,41.21795570556576,0 2.0573847605891937,41.2169152179312,0 2.05739912,41.21587473,0 2.057404547669685,41.214789110464444,0 2.057409975226241,41.213703490609824,0 2.0574154026696765,41.21261787046426,0 2.05742083,41.21153225,0 2.0574453111084856,41.21044828296738,0 2.057469791477948,41.20936431561372,0 2.057494271108436,41.20828034796719,0 2.05751875,41.20719638,0 2.0575421810800734,41.20608579298713,0 2.0575656114400647,41.204975205640054,0 2.0575890410800235,41.20386461798693,0 2.05761247,41.20275403,0 2.057612654896362,41.20158752052797,0 2.0576128398618176,41.20042101069449,0 2.057613024896365,41.199254500527736,0 2.05761321,41.19808799,0 2.0576106622479826,41.196910155536635,0 2.0576081146639837,41.19573232070602,0 2.057605567247993,41.19455448553639,0 2.05760302,41.19337665,0 2.0575946769215574,41.192170618061176,0 2.057586334228761,41.19096458573874,0 2.0575779919215837,41.18975855306091,0 2.05756965,41.18855252,0 2.057534437906166,41.187322493099195,0 2.0574992272082895,41.18609246578939,0 2.057464017906268,41.18486243809889,0 2.05742881,41.18363241,0 2.0572806865593343,41.182396768384145,0 2.0571325687460575,41.18116112616932,0 2.056984456559752,41.17992548338384,0 2.05683635,41.17868984,0 2.0563531082739632,41.177477313643145,0 2.0558698843661274,41.176264784847895,0 2.0553866782752284,41.17505225364268,0 2.05490349,41.17383972,0 2.054281090417786,41.172707873079,0 2.0536587122246335,41.17157602242899,0 2.0530363554191644,41.17044416807849,0 2.05241402,41.16931231,0 2.051674257296254,41.16819228015206,0 2.050934519729378,41.16707224519301,0 2.050194807297813,41.16595220515146,0 2.04945512,41.16483216,0 2.0486952164478907,41.16371702053978,0 2.047935338598239,41.162601875709946,0 2.0471754864494685,41.161486725539156,0 2.04641566,41.16037157,0 2.045656885921512,41.15923943553051,0 2.0448981378964346,41.15810729569758,0 2.0441394159231407,41.15697515052988,0 2.04338072,41.155843,0 2.0426528303827847,41.15472202992048,0 2.0419249655114062,41.15360105488421,0 2.041197125384325,41.15248007491986,0 2.04046931,41.15135909,0 2.039713055533928,41.150211677990555,0 2.038956827379685,41.14906426064429,0 2.0382006255356004,41.147916837989875,0 2.03744445,41.14676941,0 2.0366796108450216,41.145643560640025,0 2.0359147977944407,41.14451770584361,0 2.03515001084664,41.143391845639414,0 2.03438525,41.14226598,0 2.0336421998551613,41.141151732700095,0 2.0328991748079117,41.140037480257035,0 2.032156174856706,41.13892322269948,0 2.0314132,41.13780896,0 2.0306329296670165,41.136671840956915,0 2.0298526862238084,41.13553471626609,0 2.0290724696686966,41.13439758595625,0 2.02829228,41.13326045,0 2.0275165586828368,41.13208872589321,0 2.0267408649116394,41.130916996181135,0 2.0259651986846228,41.12974526089251,0 2.02518956,41.12857352,0 2.0244330038482574,41.12744941046709,0 2.0236764734654082,41.12632529561299,0 2.022919968849855,41.125201175466444,0 2.02216349,41.12407705,0 2.0213809740682254,41.12292593350916,0 2.0205984854254533,41.12177481133575,0 2.019816024069955,41.120623683508484,0 2.01903359,41.11947255,0 2.018250711585939,41.118322306013866,0 2.01746786044907,41.117172056342014,0 2.0166850365876656,41.11602180101318,0 2.01590224,41.11487154,0 2.015125934397499,41.113720268379296,0 2.014349655864477,41.11256899116258,0 2.013573404399217,41.11141770837862,0 2.01279718,41.11026642,0 2.0120292828425654,41.10912947569594,0 2.0112614121245245,41.1079925259181,0 2.0104935678442217,41.10685557069529,0 2.00972575,41.10571861,0 2.008940198439266,41.10455372607541,0 2.0081546745868737,41.103388836424024,0 2.007369178441045,41.10222394107469,0 2.00658371,41.10105904,0 2.0057877154685113,41.09989620878683,0 2.0049917489592084,41.09873337170594,0 2.0041958104703017,41.09757052878612,0 2.0033999,41.09640768,0
                </coordinates>
            </LineString>
        </Placemark>
        

        <Placemark>
            <name>Route VLG38HJ</name>
            <Style>
                <LineStyle>
                    <color>ff00a5ff</color> <!-- naranja -->
                    <width>2</width>
                </LineStyle>
            </Style>
            <LineString>
                <tessellate>1</tessellate>
                <coordinates>
                    2.09664001,41.28992385,0 2.0959863308216065,41.28969898809961,0 2.0953326560954504,41.28947412245682,0 2.0946789858215693,41.28924925309953,0 2.09402532,41.28902438,0 2.0932617739402755,41.2887775801254,0 2.092498233586987,41.28853077515787,0 2.091734698940205,41.288283965125316,0 2.09097117,41.28803715,0 2.090162262121367,41.28775477356096,0 2.0893533611617787,41.28747239140525,0 2.0885444671213005,41.28719000356084,0 2.08773558,41.28690761,0 2.086844010046544,41.2866001803926,0 2.08595244839533,41.2862927438474,0 2.0850608950464506,41.28598530039242,0 2.08416935,41.28567785,0 2.0832441263682684,41.28535359119135,0 2.082318911824293,41.2850293249124,0 2.08139370636817,41.28470505119117,0 2.08046851,41.28438077,0 2.0795930657778134,41.28408603001837,0 2.078717629370354,41.28379128334845,0 2.077842200777718,41.28349653001825,0 2.07696678,41.28320177,0 2.076060739039325,41.28287483073601,0 2.0751547070523784,41.28254788430527,0 2.0742486840392425,41.282220930735825,0 2.07334267,41.28189397,0 2.07247834609831,41.28154017478675,0 2.0716140314643945,41.28118637303958,0 2.070749726098282,41.28083256478657,0 2.06988543,41.28047875,0 2.0691798765838945,41.27998333410731,0 2.068474333778656,41.279487913800324,0 2.06776880158409,41.27899248910712,0 2.06706328,41.27849706,0 2.0664206581050464,41.277920045543326,0 2.065778047473596,41.2773430273817,0 2.0651354481053468,41.276766005543145,0 2.06449286,41.27618898,0 2.0640717067677388,41.27550066753643,0 2.0636505623572123,41.27481235337254,0 2.06322942676808,41.27412403753631,0 2.0628083,41.27343572,0 2.0626232406266145,41.272626405737476,0 2.062438185835634,41.271817090973954,0 2.062253135626836,41.27100777573739,0 2.06206809,41.27019846,0 2.0618851462877656,41.26945800818464,0 2.0617022067171433,41.268717555903514,0 2.061519271287949,41.26797710318456,0 2.06133634,41.26723665,0 2.0612832805599206,41.266454782802114,0 2.0612302224132684,41.26567291539348,0 2.0611771655599815,41.264891047802045,0 2.06112411,41.26410918,0 2.0610711579134815,41.26326824783839,0 2.061018207218022,41.26242731544184,0 2.060965257913552,41.26158638283829,0 2.06091231,41.26074545,0 2.0608866539427053,41.25989252031559,0 2.0608609985902984,41.259039590411454,0 2.0608353439427414,41.258186660315516,0 2.06080969,41.25733373,0 2.0608085923936326,41.25646783031299,0 2.0608074948581794,41.25560193040798,0 2.060806397393636,41.254736030312905,0 2.0608053,41.25387013,0 2.060806382477561,41.2529839478257,0 2.060807464970081,41.25209776542489,0 2.060808547477561,41.25121158282559,0 2.06080963,41.2503254,0 2.0608101124479776,41.24939801285337,0 2.060810594930638,41.24847062546178,0 2.060811077447979,41.247543237853236,0 2.06081156,41.24661585,0 2.060803712087144,41.24567036286698,0 2.0607958644495357,41.24472487547993,0 2.0607880170871593,41.24377938786686,0 2.06078017,41.2428339,0 2.0607465133952494,41.24184015041784,0 2.0607128578603753,41.24084640054773,0 2.0606792033953134,41.2398526504177,0 2.06064555,41.2388589,0 2.060616121074466,41.237857127919135,0 2.060586693099326,41.236855355549444,0 2.0605572660745235,41.235853582918985,0 2.06052784,41.23485181,0 2.0604825403061993,41.233829735450584,0 2.0604372420749923,41.23280766059137,0 2.060391945306289,41.23178558545043,0 2.06034665,41.23076351,0 2.0602983626098674,41.22971707797247,0 2.0602500768132233,41.22867064562053,0 2.060201792609967,41.227624212972295,0 2.06015351,41.22657778,0 2.060102034944084,41.22552562798037,0 2.060050561592184,41.224473475631065,0 2.0599990899441916,41.223421322980194,0 2.05994762,41.22236917,0 2.0598766063667093,41.221275073046044,0 2.059805595155719,41.22018097571861,0 2.0597345863668686,41.21908687804583,0 2.05966358,41.21799278,0 2.059596399078342,41.2169050205324,0 2.0595292204378883,41.21581726070043,0 2.059462044078491,41.21472950053221,0 2.05939487,41.21364174,0 2.0593211462238585,41.21254509305111,0 2.059247424965255,41.21144844572536,0 2.059173706224024,41.2103517980509,0 2.05909999,41.20925515,0 2.0590302439338655,41.20816185553936,0 2.0589605002452585,41.207068560709686,0 2.0588907589340213,41.20597526553915,0 2.05882102,41.20488197,0 2.0587345305646023,41.2037794830813,0 2.058648044086267,41.202676995765614,0 2.0585615605647987,41.2015745080811,0 2.05847508,41.20047202,0 2.058403203796336,41.19936925804876,0 2.05833133006189,41.19826649572223,0 2.0582594587964995,41.19716373304856,0 2.05818759,41.19606097,0 2.0581052956619383,41.19492945309316,0 2.058023004216049,41.19379793578141,0 2.0579407156621348,41.19266641809295,0 2.05785843,41.1915349,0 2.057789203890556,41.19042026055084,0 2.0577199801875157,41.18930562072499,0 2.057650758890717,41.18819098055063,0 2.05758154,41.18707634,0 2.0575179542273987,41.18597822052587,0 2.057454370636628,41.18488010069167,0 2.0573907892275427,41.18378198052565,0 2.05732721,41.18268386,0 2.057238377626532,41.18150477064472,0 2.0571495485021964,41.18032568085013,0 2.0570607226267623,41.17914659064447,0 2.0569719,41.1779675,0 2.056901293655285,41.17680372309043,0 2.056830689873832,41.175639945777746,0 2.0567600886554636,41.17447616809019,0 2.05668949,41.17331239,0 2.056612950661204,41.172099318143545,0 2.056536414215079,41.17088624584856,0 2.0564598806614143,41.16967317314327,0 2.05638335,41.1684601,0 2.0563136760479073,41.16724938562604,0 2.0562440047306705,41.166038670825195,0 2.056174336048098,41.16482795562576,0 2.05610467,41.16361724,0 2.0560471791220314,41.16237237063316,0 2.055989690496154,41.161127500834674,0 2.055932204122199,41.15988263063286,0 2.05587472,41.15863776,0 2.055821526784445,41.157362035652646,0 2.055768335712702,41.15608631086065,0 2.0557151467846086,41.15481058565234,0 2.05566196,41.15353486,0 2.0556178598156407,41.15226102563646,0 2.0555737614209453,41.150987190839054,0 2.055529664815777,41.14971335563614,0 2.05548557,41.14843952,0 2.0555227195089834,41.14716875311469,0 2.0555598676785745,41.145897985810024,0 2.0555970145088787,41.144627218114394,0 2.05563416,41.14335645,0 2.0558960572622516,41.14210371644161,0 2.056157944682508,41.14085098191255,0 2.056419822261511,41.13959824644126,0 2.05668169,41.13834551,0 2.057185593814149,41.137080026324746,0 2.057689478417914,41.135814540089974,0 2.0581933438127216,41.134549051324235,0 2.05869719,41.13328356,0
                </coordinates>
            </LineString>
        </Placemark>
        

        <Placemark>
            <name>Route IBE04RC</name>
            <Style>
                <LineStyle>
                    <color>ff00a5ff</color> <!-- naranja -->
                    <width>2</width>
                </LineStyle>
            </Style>
            <LineString>
                <tessellate>1</tessellate>
                <coordinates>
                    2.09664824,41.2899215,0 2.096021949336702,41.289722412638746,0 2.095395662448909,41.289523321842395,0 2.094769379336662,41.28932422763873,0 2.0941431,41.28912513,0 2.0934165112330856,41.288859629415995,0 2.092689928310754,41.288594124212,0 2.091963351233045,41.28832861441591,0 2.09123678,41.2880631,0 2.090424860257183,41.28779893111895,0 2.089612947009522,41.28753475648257,0 2.0888010402570996,41.28727057611883,0 2.08798914,41.28700639,0 2.0871024074245454,41.28669428028253,0 2.0862156832326706,41.28638216370066,0 2.0853289674244597,41.28607004028237,0 2.08444226,41.28575791,0 2.083513176276653,41.28543282628454,0 2.082584101702137,41.28510773503665,0 2.0816550362765525,41.28478263628435,0 2.08072598,41.28445753,0 2.079844784755536,41.28413926265709,0 2.078963598007331,41.28382098853341,0 2.078082419755461,41.283502707656936,0 2.07720125,41.28318442,0 2.076279155630334,41.28284151612241,0 2.075357070840395,41.28249860482048,0 2.074434995630259,41.28215568612224,0 2.07351293,41.28181276,0 2.0726400391126076,41.28149255572147,0 2.071767156692905,41.281172344788025,0 2.0708942827409595,41.28085212722766,0 2.070021417256841,41.28053190304055,0 2.069148560240617,41.28021167222684,0 2.0682757116923574,41.27989143478673,0 2.0674028716121287,41.279571190720326,0 2.06653004,41.27925094,0 2.065899422258153,41.27863363036556,0 2.0652688163444397,41.278016317144676,0 2.0646382222585067,41.27739900036537,0 2.06400764,41.27678168,0 2.0632377506731707,41.27637263780336,0 2.062467870897612,41.2759635903951,0 2.0616980006732475,41.27555453780322,0 2.06092814,41.27514548,0 2.0603871522474217,41.27452706649931,0 2.0598461746634458,41.27390865032303,0 2.059305207247747,41.27329023149915,0 2.05876425,41.27267181,0 2.058385325709878,41.27199032459126,0 2.0580064092800407,41.27130883777898,0 2.0576275007101827,41.27062734959115,0 2.0572486,41.26994586,0 2.0569620421965467,41.269159781350005,0 2.0566754912622747,41.268373701790644,0 2.056388947196865,41.267587621349875,0 2.05610241,41.26680154,0 2.0559519996345013,41.26602513556255,0 2.0558015928461124,41.26524873074072,0 2.0556511896346676,41.26447232556247,0 2.05550079,41.26369592,0 2.0553871806978536,41.26287476046127,0 2.055273574263899,41.262053600605675,0 2.055159970697995,41.26123244046117,0 2.05504637,41.26041128,0 2.0549136171583884,41.25953762305789,0 2.054780867877976,41.25866396573448,0 2.0546481221585755,41.25779030805777,0 2.05451538,41.25691665,0 2.05443766946266,41.25607441038192,0 2.054359960950282,41.25523217049986,0 2.0542822544627626,41.254389930381805,0 2.05420455,41.25354769,0 2.054113468713709,41.25265022044855,0 2.054022389951703,41.25175275058869,0 2.053931313713845,41.25085528044843,0 2.05384024,41.24995781,0 2.0537982582061396,41.24905407536336,0 2.053756277608229,41.248150340475114,0 2.0537142982062044,41.247246605363244,0 2.05367232,41.24634287,0 2.0536567942960113,41.24544128533927,0 2.053641269061365,41.24453970044298,0 2.053625744296036,41.243638115339174,0 2.05361022,41.24273653,0 2.0535746984145384,41.24180022787768,0 2.053539177886091,41.24086392549416,0 2.053503658414598,41.23992762287754,0 2.05346814,41.23899132,0 2.05345786448101,41.238040555369984,0 2.0534475893080257,41.23708979048392,0 2.053437314481029,41.236139025369845,0 2.05342704,41.23518826,0 2.053458041271072,41.23423367037931,0 2.0534890416947293,41.23327908049636,0 2.053520041271022,41.232324490379185,0 2.05355104,41.2313699,0 2.05361701785292,41.23039306543528,0 2.0536829938038177,41.22941623057096,0 2.0537489678528065,41.22843939543514,0 2.05381494,41.22746256,0 2.0538620046524048,41.22641469046177,0 2.0539090678698115,41.22536682060628,0 2.053956129652313,41.2243189504616,0 2.05400319,41.22327108,0 2.0540768634159643,41.2222245479987,0 2.054150534554522,41.221178015655525,0 2.054224203415819,41.220131482998525,0 2.05429787,41.21908495,0 2.054364810756065,41.217982253030485,0 2.054431749341323,41.21687955569787,0 2.0544986857559193,41.21577685803029,0 2.05456562,41.21467416,0 2.054641801371218,41.21352499558383,0 2.0547179801615036,41.21237583076897,0 2.0547941563710377,41.21122666558359,0 2.05487033,41.2100775,0 2.0549554594387,41.20890099812341,0 2.055040585918125,41.20772449582172,0 2.055125709438488,41.206547993123166,0 2.05521083,41.20537149,0 2.05530689012925,41.204169423168494,0 2.0554029468388335,41.20296735588183,0 2.0554990001290006,41.20176528816822,0 2.05559505,41.20056322,0 2.0556588860511145,41.199293163165,0 2.055722719734697,41.198023105877134,0 2.0557865510509306,41.19675304816469,0 2.05585038,41.19548299,0 2.0559289267624687,41.194253743151535,0 2.056007470683149,41.193024495859206,0 2.0560860117622557,41.19179524815126,0 2.05616455,41.190566,0 2.056212490190789,41.18926633566779,0 2.0562604285876236,41.18796667088083,0 2.056308365190646,41.18666700566746,0 2.0563563,41.18536734,0 2.0563528421554977,41.18406754814259,0 2.0563493845406744,41.18276775584722,0 2.0563459271555136,41.18146796314224,0 2.05634247,41.18016817,0 2.055952735939977,41.17895679007349,0 2.05556301625399,41.17774540842174,0 2.055173310941008,41.176534025073124,0 2.05478362,41.17532264,0 2.054354043255651,41.17408605052279,0 2.0539244826749874,41.17284945902075,0 2.0534949382568306,41.17161286552234,0 2.05306541,41.17037627,0 2.052431704069333,41.1692177957866,0 2.0517980204267574,41.16805931770577,0 2.0511643590708033,41.16690083578607,0 2.05053072,41.16574235,0 2.049800202225991,41.16460601998791,0 2.049069709635716,41.163469684974125,0 2.0483392422275832,41.162333344987296,0 2.0476088,41.161197,0 2.046859566407941,41.16006480034352,0 2.0461103585449965,41.15893259544825,0 2.045361176409554,41.157800385342874,0 2.04461202,41.15666817,0 2.04387761960456,41.15553388505665,0 2.043143244473808,41.15439959506577,0 2.0424088946061523,41.15326530005601,0 2.04167457,41.152131,0 2.0409240739499994,41.1510016228621,0 2.0401736036010694,41.149872240473044,0 2.0394231589516045,41.148742852861496,0 2.03867274,41.14761346,0 2.0379025243939632,41.146454150777515,0 2.0371323358597744,41.14529483602687,0 2.0363621743956983,41.144135515776824,0 2.03559204,41.14297619,0 2.034816251692818,41.1418193158857,0 2.0340404905915817,41.14066243617111,0 2.033264756694555,41.139505550885,0 2.03248905,41.13834866,0 2.0316927358448327,41.13719791629886,0 2.030896449460945,41.136047166721994,0 2.0301001908465857,41.13489641129815,0 2.02930396,41.13374565,0 2.0284921702289966,41.13259991911678,0 2.0276804086398372,41.13145418214588,0 2.0268686752307596,41.13030843911608,0 2.02605697,41.12916269,0 2.0252520855699383,41.128016328969935,0 2.0244472290944198,41.126869961950085,0 2.023642400571691,41.12572358896923,0 2.0228376,41.12457721,0 2.0219986903644234,41.1234061472184,0 2.021159810487163,41.12223507794799,0 2.020320960366321,41.12106400221762,0 2.01948214,41.11989292,0
                </coordinates>
            </LineString>
        </Placemark>
        

        <Placemark>
            <name>Route EJU14CG</name>
            <Style>
                <LineStyle>
                    <color>ff00a5ff</color> <!-- naranja -->
                    <width>2</width>
                </LineStyle>
            </Style>
            <LineString>
                <tessellate>1</tessellate>
                <coordinates>
                    2.09553253,41.28949126,0 2.0948611283523273,41.28927328840259,0 2.0941897311364044,41.28905531286082,0 2.09351833835228,41.28883733340254,0 2.09284695,41.28861935,0 2.092099361226117,41.28836104481564,0 2.091351778301453,41.288102734744854,0 2.0906042012260624,41.28784441981555,0 2.08985663,41.2875861,0 2.0890157212340066,41.287291249249805,0 2.0881748199786268,41.286996392323694,0 2.0873339262339328,41.28670152924966,0 2.08649304,41.28640666,0 2.085621108497525,41.28611626993768,0 2.084749184663302,41.28582587324086,0 2.083877268497428,41.285535469937535,0 2.08300536,41.28524506,0 2.0821448514720973,41.284899242199145,0 2.0812843519627737,41.28455341792281,0 2.080423861472063,41.28420758719896,0 2.07956338,41.28386175,0 2.0786545829061662,41.28356877328986,0 2.0777457938748083,41.28327578937709,0 2.0768370129060463,41.2829827982897,0 2.07592824,41.2826898,0 2.0750579827018014,41.28237879990585,0 2.074187733602351,41.282067793198394,0 2.073317492701725,41.28175677990569,0 2.07244726,41.28144576,0 2.0715555365449916,41.281113742903436,0 2.0706638220599434,41.28078171886186,0 2.069772116544924,41.280449687903264,0 2.06888042,41.28011765,0 2.068180258512082,41.27957686519842,0 2.0674801085212238,41.27903607603416,0 2.0667799700271705,41.278495282535246,0 2.066079843029665,41.27795448470189,0 2.0653797275284513,41.277413682534274,0 2.0646796235232734,41.27687287603259,0 2.0639795310138753,41.27633206519705,0 2.06327945,41.27579125,0 2.0624598477612,41.27539584632393,0 2.0616402553482946,41.275000436755846,0 2.0608206727612424,41.27460502132375,0 2.0600011,41.2742096,0 2.059477462404808,41.2735773762661,0 2.0589538348733,41.272945150012085,0 2.0584302174051428,41.27231292126595,0 2.05790661,41.27168069,0 2.057528357127679,41.27093557462154,0 2.0571501128371508,41.27019045781937,0 2.0567718771280474,41.26944533962142,0 2.05639365,41.26870022,0 2.0561637545846945,41.26794823844557,0 2.0559338644464162,41.2671962562514,0 2.0557039795849303,41.266444273445465,0 2.0554741,41.26569229,0 2.055334642387605,41.26489518553314,0 2.0551951881835824,41.264098080701515,0 2.0550557373877685,41.26330097553306,0 2.05491629,41.26250387,0 2.0548199438270616,41.26167914291503,0 2.0547236001028293,41.26085441554402,0 2.054627258827183,41.26002968791493,0 2.05453092,41.25920496,0 2.054443426547575,41.258353030410284,0 2.054355935396846,41.257501100537716,0 2.054268446547693,41.25664917041021,0 2.05418096,41.25579724,0 2.0541126346946723,41.25491569288918,0 2.054044311259629,41.25403414550954,0 2.053975989694772,41.25315259788907,0 2.05390767,41.25227105,0 2.0538620755743175,41.25137489786301,0 2.05381648243247,41.25047874547464,0 2.0537708905743868,41.24958259286291,0 2.0537253,41.24868644,0 2.053718144632061,41.24776952534709,0 2.053710989509424,41.2468526104534,0 2.053703834632074,41.24593569534698,0 2.05369668,41.24501878,0 2.0537015551358095,41.24407543786352,0 2.0537064301810757,41.2431320954753,0 2.0537113051358036,41.242188752863385,0 2.05371618,41.24124541,0 2.053736640827818,41.24027216288797,0 2.0537571011037357,41.239298915507916,0 2.053777560827785,41.23832566788785,0 2.05379802,41.23735242,0 2.0538363241580653,41.236353655417886,0 2.0538746272107082,41.23535489054779,0 2.0539129291579976,41.23435612541775,0 2.05395123,41.23335736,0 2.054007494947048,41.23236980542903,0 2.0540637582626653,41.23138225056265,0 2.05412001994695,41.230394695428885,0 2.05417628,41.22940714,0 2.054215661745473,41.22838443293506,0 2.0542550423272496,41.22736172557066,0 2.0542944217454004,41.22633901793489,0 2.0543338,41.22531631,0 2.054383572249291,41.22428369545261,0 2.0544333429989914,41.22325108059406,0 2.0544831122491964,41.22221846545244,0 2.05453288,41.22118585,0 2.0545809246812845,41.220146575454685,0 2.0546289679083176,41.21910730059682,0 2.0546770096811917,41.218068025454514,0 2.05472505,41.21702875,0 2.0547668919264406,41.21596716546433,0 2.054808732568532,41.21490558060966,0 2.054850571926357,41.21384399546414,0 2.05489241,41.21278241,0 2.054928531661101,41.21171331546392,0 2.0549646522147533,41.210644220609105,0 2.0550007716610286,41.209575125463715,0 2.05503689,41.20850603,0 2.055083907144175,41.20746050545516,0 2.0551309228588397,41.20641498059746,0 2.055177937144084,41.20536945545498,0 2.05522495,41.20432393,0 2.055247055979446,41.20325496045242,0 2.055269161305899,41.20218599059379,0 2.0552912659794025,41.20111702045222,0 2.05531337,41.20004805,0 2.0553462079650933,41.19863169052499,0 2.055379044631722,41.19721533052485,0 2.05541188,41.19579897,0 2.0554435814352328,41.194737977949735,0 2.0554752819136017,41.193676985590216,0 2.0555069814351703,41.19261599294956,0 2.05553868,41.191555,0 2.0555630586063347,41.190467825464516,0 2.0555874364750797,41.1893806506099,0 2.0556118136062853,41.18829347546432,0 2.05563619,41.1872063,0 2.055663061225624,41.18612266296196,0 2.055689931634129,41.18503902560648,0 2.0557168012255698,41.18395538796176,0 2.05574367,41.18287175,0 2.055777574068705,41.18179030046389,0 2.05581147709156,41.18070885060905,0 2.0558453790686357,41.17962740046368,0 2.05587928,41.17854595,0 2.055925174659507,41.17746346797471,0 2.055971067879279,41.17638098562349,0 2.0560169596594116,41.175298502974535,0 2.05606285,41.17421602,0 2.0560942214561035,41.173124735467404,0 2.0561255919414276,41.172033450613725,0 2.056156961456038,41.17094216546719,0 2.05618833,41.16985088,0 2.056214261199247,41.16874656797297,0 2.0562401915989597,41.16764225562115,0 2.0562661211991924,41.16653794297277,0 2.05629205,41.16543363,0 2.0563203688000686,41.16434629545986,0 2.056348686733386,41.163258960603684,0 2.0563770038000104,41.162171625459656,0 2.05640532,41.16108429,0
                </coordinates>
            </LineString>
        </Placemark>
        

        <Placemark>
            <name>Route VLG23TK</name>
            <Style>
                <LineStyle>
                    <color>ff00a5ff</color> <!-- naranja -->
                    <width>2</width>
                </LineStyle>
            </Style>
            <LineString>
                <tessellate>1</tessellate>
                <coordinates>
                    2.09718396,41.29005247,0 2.096562352048492,41.289859365061695,0 2.095940747731295,41.28966625673961,0 2.0953191470484507,41.289473145061635,0 2.09469755,41.28928003,0 2.0939629841117795,41.28902869206336,0 2.09322842381567,41.28877734940848,0 2.092493869111726,41.28852600206329,0 2.09175932,41.28827465,0 2.0909256512163794,41.287976796593554,0 2.0900919899551282,41.287678937115345,0 2.0892583362163126,41.287381071593394,0 2.08842469,41.2870832,0 2.08752737736832,41.28677336802671,0 2.0866300731576968,41.28646352902623,0 2.085732777368225,41.286153683026534,0 2.08483549,41.28584383,0 2.083887135497432,41.28550728675804,0 2.0829387906631753,41.28517073566797,0 2.081990455497331,41.28483417675785,0 2.08104213,41.28449761,0 2.080127049374017,41.284181898446064,0 2.0792119774986215,41.28386617958537,0 2.0782969143739156,41.283550453445905,0 2.07738186,41.28323472,0 2.076467219060881,41.282911348438,0 2.075552587081113,41.282587969574585,0 2.074637964060789,41.282264583437815,0 2.07372335,41.28194119,0 2.0728202243129896,41.28161984316546,0 2.0719171074172618,41.28129848921122,0 2.0710139993129033,41.28097712816528,0 2.0701109,41.28065576,0 2.0692723663026875,41.28023114424358,0 2.0684338434036307,41.279806522315354,0 2.067595331302759,41.279381894243386,0 2.06675683,41.27895726,0 2.0660786956261856,41.2784109861378,0 2.065400572501756,41.27786470817432,0 2.0647224606264487,41.277318426137604,0 2.06404436,41.27677214,0 2.0635752679846417,41.276093960586884,0 2.0631061856464297,41.27541577910646,0 2.0626371129850027,41.274737595586735,0 2.06216805,41.27405941,0 2.0617534945000093,41.273372404963425,0 2.0613389476669024,41.27268539827519,0 2.0609244095003447,41.27199838996331,0 2.06050988,41.27131138,0 2.0603820904112156,41.27053137298225,0 2.0602543038817163,41.269751365633674,0 2.0601265204113592,41.26897135798219,0 2.05999874,41.26819135,0 2.059881435783045,41.26741119044785,0 2.0597641343774815,41.26663103058777,0 2.059646835783177,41.26585087044776,0 2.05952954,41.26507071,0 2.0594604348935843,41.264259670346334,0 2.059391331524835,41.26344863045244,0 2.0593222298936684,41.26263759034625,0 2.05925313,41.26182655,0 2.0592191011580834,41.26099739780762,0 2.059185073210807,41.26016824540083,0 2.0591510461581275,41.259339092807544,0 2.05911702,41.25850994,0 2.0591069645441564,41.25764948531166,0 2.059096909392219,41.256789030406196,0 2.059086854544172,41.25592857531158,0 2.0590768,41.25506812,0 2.0590851052655155,41.25419782281563,0 2.0590934103540137,41.253327525411464,0 2.059101715265505,41.25245722781553,0 2.05911002,41.25158693,0 2.059116825212193,41.250678535340484,0 2.059123630282919,41.2497701404446,0 2.059130435212185,41.24886174534035,0 2.05913724,41.24795335,0 2.059161505942695,41.247035742851644,0 2.0591857712569026,41.246118135459476,0 2.0592100359426593,41.24520052785154,0 2.0592343,41.24428292,0 2.059226937099486,41.2433195153793,0 2.059219574465991,41.24235611049632,0 2.0592122120995007,41.241392705379155,0 2.05920485,41.2404293,0 2.0592067600054413,41.23945907038191,0 2.0592086700072545,41.238488840499826,0 2.0592105800054403,41.237518610381784,0 2.05921249,41.23654838,0 2.059198989297789,41.23554288541102,0 2.0591854890637373,41.2345373905386,0 2.0591719892978166,41.233531895410835,0 2.05915849,41.2325264,0 2.0591551531071244,41.23122519045085,0 2.0591518164404627,41.22992398045075,0 2.05914848,41.22862277,0 2.059122738749841,41.227625977910066,0 2.0590969983331546,41.226629185537334,0 2.0590712587498907,41.225632392909894,0 2.05904552,41.2246356,0 2.059025899051862,41.22366193788795,0 2.0590062787358407,41.22268827550785,0 2.0589866590518984,41.2217146128878,0 2.05896704,41.22074095,0 2.0589320708267165,41.21974121291859,0 2.058897102769,41.21874147554871,0 2.0588621358267836,41.21774173791845,0 2.05882717,41.216742,0 2.058805871471842,41.21576304539114,0 2.0587845736291492,41.214784090512126,0 2.0587632764718817,41.21380513539101,0 2.05874198,41.21282618,0 2.0587079933917836,41.211838147907216,0 2.0586740078557533,41.210850115533525,0 2.0586400233918467,41.20986208290706,0 2.05860604,41.20887405,0 2.05856282299522,41.20789437291033,0 2.0585196073270127,41.206914695537684,0 2.058476392995299,41.205935017910186,0 2.05843318,41.20495534,0 2.0583899554987712,41.20397737790824,0 2.058346732331747,41.20299941553489,0 2.0583035104988494,41.20202145290809,0 2.05826029,41.20104349,0 2.058213817820253,41.200050410422456,0 2.0581673470937285,41.19905733055385,0 2.0581208778203397,41.19806425042231,0 2.05807441,41.19707117,0 2.0580397283824694,41.19609527039561,0 2.0580050478433343,41.19511937051805,0 2.057970368382532,41.19414347039547,0 2.05793569,41.19316757,0 2.057891192924582,41.19218121541327,0 2.05784669723283,41.19119486054159,0 2.0578022029246634,41.190208505413125,0 2.05775771,41.18922215,0 2.057713040418166,41.18823628291226,0 2.0576683722242755,41.187250415540255,0 2.0576237054182474,41.18626454791211,0 2.05757904,41.18527868,0 2.0575019563749453,41.184267765483945,0 2.0574248751666913,41.18325685063582,0 2.0573477963750917,41.18224593548378,0 2.05727072,41.18123502,0 2.0569744316815997,41.180251159044786,0 2.0566781522424784,41.179267297050245,0 2.056381881682118,41.17828343404457,0 2.05608562,41.17729957,0 2.0556790512464294,41.17628822007989,0 2.0552724949957324,41.17527686843035,0 2.0548659512471694,41.17426551507962,0 2.05445942,41.17325416,0 2.0540028095326246,41.17227058062244,0 2.0535462127106845,41.17128699915374,0 2.053089629533402,41.170303415622186,0 2.05263306,41.16931983,0 2.052009289646315,41.16833868547643,0 2.0513855378624313,41.16735753729228,0 2.050761804647331,41.166376385476006,0 2.05013809,41.16539523,0 2.049519752867001,41.16443093537453,0 2.0489014338233154,41.163466637156475,0 2.048283132867972,41.16250233537419,0 2.04766485,41.16153803,0 2.046994416339216,41.160516443792865,0 2.0463240034530727,41.15949485338083,0 2.045653611340393,41.158473258792405,0 2.04498324,41.15745166,0 2.0442918887091284,41.15645654414211,0 2.0436005582795964,41.155461423846496,0 2.0429092487102665,41.15446629914166,0 2.04221796,41.15347117,0 2.0415217169884983,41.15242871926663,0 2.0408254959855094,41.151386264012494,0 2.040129296989766,41.150343804266114,0 2.03943312,41.14930134,0 2.0387201994805273,41.14828275455252,0 2.038007300974855,41.14726416439366,0 2.0372944244817552,41.14624556955201,0 2.03658157,41.14522697,0 2.035873034132573,41.14419123198349,0 2.0351645205109423,41.14315548930165,0 2.03445602913384,41.14211974198299,0 2.03374756,41.14108399,0
                </coordinates>
            </LineString>
        </Placemark>
        

        <Placemark>
            <name>Route VLG7830</name>
            <Style>
                <LineStyle>
                    <color>ff00a5ff</color> <!-- naranja -->
                    <width>2</width>
                </LineStyle>
            </Style>
            <LineString>
                <tessellate>1</tessellate>
                <coordinates>
                    2.09445856,41.28914955,0 2.093721459233007,41.28890267461054,0 2.0929843639773043,41.28865579447138,0 2.092247274232949,41.288408909610446,0 2.09151019,41.28816202,0 2.090727828127386,41.287898325507406,0 2.0899454725031363,41.28763462566719,0 2.0891631231273182,41.2873709205073,0 2.08838078,41.28710721,0 2.087518545350384,41.28679712722592,0 2.0866563188004643,41.28648703795851,0 2.0857941003503124,41.286176942225765,0 2.08493189,41.28586684,0 2.0839831729651888,41.285529679267206,0 2.0830344656201842,41.2851925106802,0 2.0820857679650877,41.28485533426701,0 2.08113708,41.28451815,0 2.0801990311699203,41.28419365150133,0 2.0792609915598224,41.28386914532571,0 2.0783229611698135,41.28354463150116,0 2.07738494,41.28322011,0 2.0764520843075656,41.282908803870555,0 2.075519237410009,41.28259749015134,0 2.074586399307447,41.28228616887038,0 2.07365357,41.28197484,0 2.072701588178556,41.281643731844795,0 2.0717496159046673,41.28131261578365,0 2.0707976531784458,41.2809814918446,0 2.0698457,41.28065036,0 2.0689299676987156,41.28029474847472,0 2.068014245264917,41.279939129623536,0 2.0670985326986595,41.27958350347453,0 2.06618283,41.27922787,0 2.0654191043910326,41.27870707272906,0 2.0646553908548606,41.27818627029599,0 2.063891689391258,41.277665462728834,0 2.063128,41.27714465,0 2.062493847988889,41.27655594040823,0 2.061859707318728,41.27596722720158,0 2.0612255779892035,41.27537851040806,0 2.06059146,41.27478979,0 2.0601252023582424,41.274078125571236,0 2.0596589548112565,41.27336645908558,0 2.0591927173586417,41.27265479057107,0 2.05872649,41.27194312,0 2.058417297177216,41.27121272149278,0 2.058108111236484,41.27048232198103,0 2.0577989321775094,41.269751921492706,0 2.05748976,41.26902152,0 2.057234265648434,41.26822190363794,0 2.0569787775314423,41.26742228650788,0 2.05672329564873,41.266622668637815,0 2.05646782,41.26582305,0 2.0562823058311412,41.26503927072233,0 2.0560967961083274,41.26425549095377,0 2.0559112908313497,41.26347171072224,0 2.05572579,41.26268793,0 2.055549533238687,41.261852268210696,0 2.0553732809850667,41.261016605938245,0 2.0551970332389127,41.26018094321061,0 2.05502079,41.25934528,0 2.054839655368746,41.25848753324775,0 2.0546585254918237,41.25762978598762,0 2.0544774003689903,41.25677203824763,0 2.05429628,41.25591429,0 2.0541378686418406,41.25504098815578,0 2.053979461522602,41.254167685864985,0 2.053821058642063,41.25329438315564,0 2.05366266,41.25242108,0 2.053497885712613,41.25152460819819,0 2.053333115950313,41.25062813592157,0 2.0531683507128564,41.24973166319809,0 2.05300359,41.24883519,0 2.052831095221626,41.24791660074748,0 2.0526586052956795,41.24699801098725,0 2.052486120221894,41.24607942074734,0 2.05231364,41.24516083,0 2.0520519098200216,41.24388946771375,0 2.0517901898202804,41.24261810438029,0 2.05152848,41.24134674,0 2.051331231292544,41.24038469339827,0 2.0511339883902817,41.23942264618829,0 2.0509367512928787,41.238460598398106,0 2.05073952,41.23749855,0 2.0505330481521367,41.23651159096522,0 2.0503265825364276,41.23552463127755,0 2.050120123152505,41.23453767096505,0 2.04991367,41.23355071,0 2.0496761613595282,41.23252718367407,0 2.049438660146341,41.23150365655602,0 2.049201166359983,41.230480128673896,0 2.04896368,41.2294566,0 2.0487441720177246,41.22841526607884,0 2.0485246710239235,41.22737393142899,0 2.0483051770181606,41.22633259607864,0 2.04808569,41.22529126,0 2.0478072436819144,41.22420727649871,0 2.0475288065762833,41.2231232919888,0 2.0472503786825107,41.222039306498466,0 2.04697196,41.22095532,0 2.0467035366915294,41.2198724689245,0 2.046435122255755,41.21878961688986,0 2.046166716692103,41.21770676392427,0 2.04589832,41.21662391,0 2.0456110904377773,41.21551611908151,0 2.045323870584131,41.21440832709917,0 2.0450366604384187,41.21330053408124,0 2.04474946,41.21219274,0 2.044454387144092,41.21105546166543,0 2.0441593245259186,41.20991818221108,0 2.043864272144786,41.20878090166514,0 2.04356923,41.20764362,0 2.043255120789459,41.20648053683892,0 2.0429410227197935,41.20531745244236,0 2.0426269357902314,41.204154366838615,0 2.04231286,41.20299128,0 2.0419186086340795,41.2018047901028,0 2.0415243715127724,41.200618298460824,0 2.0411301486350792,41.19943180510243,0 2.04073594,41.19824531,0 2.0399945284172016,41.19716160015684,0 2.0392531412239054,41.1960778851994,0 2.038511778418657,41.19499416515625,0 2.03777044,41.19391044,0 2.037037496289972,41.19282528749379,0 2.036304576720926,41.19174012998202,0 2.035571681291417,41.19065496749323,0 2.03483881,41.1895698,0 2.0338902397157743,41.18857796463492,0 2.0329416979553065,41.1875861211701,0 2.0319931847171855,41.186594269634206,0 2.0310447,41.18560241,0 2.029954079499499,41.18468437584276,0 2.0288634893334856,41.18376633111379,0 2.027772929500729,41.18284827584191,0 2.0266824,41.18193021,0 2.025406049226442,41.18114037896191,0 2.024129728969076,41.18035053360597,0 2.0228534392271724,41.17956067396102,0 2.02157718,41.1787708,0 2.0202574180288977,41.17798682792055,0 2.018937687372317,41.177202840550784,0 2.0176179880295786,41.1764188379196,0 2.01629832,41.17563482,0 2.014972599623781,41.174880738103944,0 2.0136469094987506,41.17412664079531,0 2.012321249624345,41.17337252810303,0 2.01099562,41.1726184,0 2.0096678427919223,41.17183510819277,0 2.0083400970563443,41.17105180091372,0 2.0070123827925945,41.1702684781918,0 2.0056847,41.16948514,0 2.0043799059754357,41.168699574906874,0 2.0030751429677114,41.16791399486588,0 2.001770410976132,41.167128399905955,0 2.00046571,41.16634279,0 1.9991236338445684,41.16554398869616,0 1.9977815901265725,41.16474517158488,0 1.9964395788452902,41.163946338695155,0 1.9950976,41.16314749,0 1.9937597579410575,41.16237235103141,0 1.9924219472551654,41.16159719636522,0 1.9910841679416904,41.16082202603044,0 1.98974642,41.16004684,0 1.9884004885231636,41.1592449538297,0 1.9870545896980387,41.15844305176293,0 1.9857087235238942,41.15764113382869,0 1.98436289,41.1568392,0 1.9830017599737353,41.156029216868006,0 1.981640663298815,41.155219217480635,0 1.980279599974487,41.154409201866955,0 1.97891857,41.15359917,0 1.9775996705384518,41.152814405379566,0 1.9762808023850582,41.152029625496105,0 1.9749619655391353,41.151244830378616,0 1.97364316,41.15046002,0 1.972281001990647,41.14964272940612,0 1.9709188776547162,41.148825422531395,0 1.9695567869914274,41.148008099405025,0 1.96819473,41.14719076,0 1.9668141270732253,41.14638560005333,0 1.9654335577647786,41.14558042339439,0 1.964053022073942,41.14477523005226,0 1.96267252,41.14397002,0 1.9613187288039466,41.143177046591475,0 1.959964970072388,41.14238405711194,0 1.9586112438046355,41.14159105159047,0 1.95725755,41.14079803,0
                </coordinates>
            </LineString>
        </Placemark>
        

        <Placemark>
            <name>Route VLG6UW</name>
            <Style>
                <LineStyle>
                    <color>ff00a5ff</color> <!-- naranja -->
                    <width>2</width>
                </LineStyle>
            </Style>
            <LineString>
                <tessellate>1</tessellate>
                <coordinates>
                    2.0954244,41.28952741,0 2.0947449548004182,41.28927805855148,0 2.0940655147338694,41.2890287030593,0 2.093386079800386,41.288779343551404,0 2.09270665,41.28852998,0 2.092098206613598,41.28832955046145,0 2.091489766920363,41.28812911767819,0 2.0908813309203294,41.287928681678146,0 2.09027289861353,41.28772824246134,0 2.08966447,41.2875278,0 2.088802558226417,41.2872271672157,0 2.0879406543018355,41.28692652794489,0 2.087078758226336,41.286625882215546,0 2.08621687,41.28632523,0 2.0852975940775282,41.28600388104814,0 2.084378327103306,41.285682524721466,0 2.0834590690774304,41.285361161047966,0 2.08253982,41.28503979,0 2.0815491544456077,41.284749565306576,0 2.080558497594019,41.28445933206602,0 2.0795678494454206,41.28416909030639,0 2.07857721,41.28387884,0 2.0776596613764386,41.283552081008324,0 2.076742121835191,41.283225314668364,0 2.0758245913763482,41.28289854100814,0 2.07490707,41.28257176,0 2.073987644510278,41.28226077604751,0 2.073068227680298,41.28194978472063,0 2.072148819510169,41.28163878604737,0 2.07122942,41.28132778,0 2.070329172006863,41.28101013559674,0 2.069428932675758,41.28069248411955,0 2.068528702006774,41.28037482559653,0 2.06762848,41.28005716,0 2.0668201317804837,41.279629733599066,0 2.0660117940407026,41.279202301456,0 2.06520346678057,41.278774863598876,0 2.06439515,41.27834742,0 2.0637194704468054,41.27779335109813,0 2.0630438022625897,41.27723927812145,0 2.0623681454470786,41.276685201097955,0 2.0616925,41.27613112,0 2.0611816623284174,41.27547992110431,0 2.0606708347714577,41.27482871979637,0 2.0601600173287693,41.27417751610416,0 2.05964921,41.27352631,0 2.0593064009988225,41.272792039281676,0 2.0589635996653146,41.27205776736623,0 2.058620805999149,41.27132349428158,0 2.05827802,41.27058922,0 2.0580765130043575,41.26983174328845,0 2.057875010672617,41.26907426604192,0 2.0576735130045685,41.268316788288374,0 2.05747202,41.26755931,0 2.0573809117688753,41.26679206786725,0 2.0572898056919,41.26602482548032,0 2.0571987017689746,41.265257582867164,0 2.0571076,41.26449034,0 2.0569890954373657,41.26365522298549,0 2.0568705939165897,41.26282010563798,0 2.0567520954375187,41.26198498798541,0 2.0566336,41.26114987,0 2.056544713640092,41.260052490408164,0 2.056455830306825,41.258955110408095,0 2.05636695,41.25785773,0 2.0562975147083193,41.25699394537975,0 2.0562280812778235,41.25613016049698,0 2.056158649708416,41.25526637537966,0 2.05608922,41.25440259,0 2.0560976052629334,41.25355848029851,0 2.0561059903505714,41.25271437038865,0 2.056114375262924,41.25187026029842,0 2.05612276,41.25102615,0 2.056121644887301,41.250127525333795,0 2.056120529849737,41.24922890043569,0 2.0561194148873043,41.24833027533369,0 2.0561183,41.24743165,0 2.0561451910496524,41.24651705285101,0 2.05617208139951,41.245602455458645,0 2.056198971049613,41.24468785785088,0 2.05622586,41.24377326,0 2.056242868160152,41.242823280370345,0 2.0562598758801847,41.2418733004844,0 2.0562768831601255,41.240923320370214,0 2.05629389,41.23997334,0 2.0563335266588068,41.239010765393125,0 2.056373162211699,41.23804819051478,0 2.0564127966587415,41.23708561539299,0 2.05645243,41.23612304,0 2.0564895990811407,41.2351404579046,0 2.0565267671081453,41.23415787553008,0 2.056563934081077,41.23317529290446,0 2.0566011,41.23219271,0 2.0566321438358033,41.23118716041592,0 2.056663186781034,41.23018161054515,0 2.056694228835748,41.22917606041577,0 2.05672527,41.22817051,0 2.0567571988871003,41.22715640292204,0 2.056789126849429,41.22614229555332,0 2.056821053887043,41.2251281879219,0 2.05685298,41.22411408,0 2.056847404628706,41.223033152964035,0 2.0568418295049513,41.22195222560928,0 2.0568362546287213,41.220871297963846,0 2.05683068,41.21979037,0 2.0568270147197825,41.21870124546906,0 2.0568233496263835,41.217612120615975,0 2.0568196847197933,41.216522995468864,0 2.05681602,41.21543387,0 2.05678847598684,41.21430951550897,0 2.0567609329824985,41.21318516066918,0 2.0567333909869077,41.21206080550876,0 2.05670585,41.21093645,0 2.056682836224993,41.209817295499924,0 2.056659823300029,41.20869814065707,0 2.05663681122505,41.20757898549969,0 2.0566138,41.20645983,0 2.0565751153487706,41.2052999880471,0 2.0565364321317605,41.20414014572,0 2.05649775034887,41.202980303046864,0 2.05645907,41.20182046,0 2.056436058699631,41.20068035301473,0 2.0564130482662137,41.19954024567683,0 2.0563900386996896,41.19840013801449,0 2.05636703,41.19726003,0 2.056331770553253,41.196113228029546,0 2.0562965124043964,41.194966425696606,0 2.056261255553342,41.19381962302933,0 2.056226,41.19267282,0 2.0561975608872056,41.19151139803416,0 2.0561691228496564,41.190349975702716,0 2.0561406858872795,41.18918855303392,0 2.05611225,41.18802713,0 2.056070735243728,41.1868879630273,0 2.056029221991706,41.185748795693605,0 2.055987710243831,41.1846096280271,0 2.0559462,41.18347046,0 2.055658442788088,41.18235265908558,0 2.0553706953845534,41.18123485710457,0 2.0550829577887417,41.180117054085294,0 2.05479523,41.17899925,0 2.0543899717110503,41.17787516265763,0 2.0539847272820126,41.17675107353394,0 2.053579496711968,41.17562698265728,0 2.05317428,41.17450289,0 2.0527265932587775,41.1734377630808,0 2.052278921012304,41.17237263409818,0 2.051831263259679,41.171307503080484,0 2.05138362,41.17024237,0 2.0507193877661902,41.169176186223645,0 2.050055177022441,41.16810999828854,0 2.0493909877674716,41.16704380622316,0 2.04872682,41.16597761,0 2.048042725550036,41.164951136539045,0 2.0473586524008542,41.16392465870907,0 2.046674600551245,41.162898176538576,0 2.04599057,41.16187169,0 2.045284661689327,41.1608343744416,0 2.044578775586615,41.15979705424579,0 2.0438729116905954,41.1587597294411,0 2.04316707,41.1577224,0 2.042428173471097,41.15670968254164,0 2.041689299628961,41.155696960045844,0 2.040950448472344,41.15468423254112,0 2.04021162,41.1536715,0 2.0394715598190785,41.15262611758881,0 2.038731523092997,41.15158073010872,0 2.0379915098204178,41.15053533758827,0 2.03725152,41.14948994,0 2.036536593857035,41.14845506710237,0 2.0358216901435626,41.147420189460135,0 2.035106808858309,41.14638530710185,0 2.03439195,41.14535042,0 2.033687798809482,41.144298204415584,0 2.03298367008018,41.1432459842111,0 2.0322795638107873,41.14219375941507,0 2.03157548,41.14114153,0 2.030872585781446,41.140070844406054,0 2.0301697143761643,41.139000154198385,0 2.0294668657828,41.137929459405534,0 2.02876404,41.13685876,0 2.028077451517637,41.13578618161077,0 2.027390885357738,41.13471359880465,0 2.0267043415189696,41.13364101161024,0 2.02601782,41.13256842,0
                </coordinates>
            </LineString>
        </Placemark>
        

        <Placemark>
            <name>Route VLG3BV</name>
            <Style>
                <LineStyle>
                    <color>ff00a5ff</color> <!-- naranja -->
                    <width>2</width>
                </LineStyle>
            </Style>
            <LineString>
                <tessellate>1</tessellate>
                <coordinates>
                    2.09605664,41.28981828,0 2.0953968525606896,41.28957020320953,0 2.094737070080902,41.28932212260338,0 2.094077292560663,41.28907403820946,0 2.09341752,41.28882595,0 2.092687284706405,41.28859098447668,0 2.091957054608499,41.28835601429291,0 2.091226829706343,41.2881210394766,0 2.09049661,41.28788606,0 2.089654981043342,41.28758649426705,0 2.0888133597244085,41.287286922346695,0 2.087971746043272,41.286987344266905,0 2.08713014,41.28668776,0 2.086229969472801,41.286369270596175,0 2.085329807630343,41.286050774118856,0 2.0844296544727134,41.285732270596,0 2.08352951,41.28541376,0 2.082628169474051,41.28509570812316,0 2.0817268376320084,41.28477764915482,0 2.080825514473962,41.28445958312298,0 2.0799242,41.28414151,0 2.0791896550050994,41.28389439740567,0 2.078455115507592,41.283647280094485,0 2.077720581507536,41.283400158094395,0 2.0769860530049864,41.28315303140549,0 2.07625153,41.2829059,0 2.0753343867139584,41.28258706349586,0 2.0744172522852127,41.28226821965174,0 2.07350012671386,41.281949368495674,0 2.07258301,41.28163051,0 2.0716769368646473,41.2813114507338,0 2.070770872486136,41.28099238430234,0 2.0698648168645564,41.28067331073364,0 2.06895877,41.28035423,0 2.068083086911292,41.279962752556976,0 2.067207414215064,41.27957126839988,0 2.0663317519113034,41.27917977755678,0 2.0654561,41.27878828,0 2.0647896071460705,41.27820032595506,0 2.064123126194974,41.277612367930665,0 2.0634566571463906,41.27702440595486,0 2.0627902,41.27643644,0 2.062192868049056,41.27581384733624,0 2.061595547398976,41.275191251438926,0 2.0609982380494074,41.27456865233606,0 2.06040094,41.27394605,0 2.05994171300736,41.272969565455696,0 2.0594824996742847,41.27199307878894,0 2.0590233,41.27101659,0 2.0587622981524434,41.27023404116479,0 2.0585013025367833,41.26945149154371,0 2.0582403131527323,41.26866894116469,0 2.05797933,41.26788639,0 2.057799838246667,41.267066643216424,0 2.0576203509957036,41.26624689594586,0 2.057440868246888,41.26542714821631,0 2.05726139,41.2646074,0 2.057049073913804,41.2637255284267,0 2.0568367635519405,41.26284365622623,0 2.056624458914106,41.26196178342658,0 2.05641216,41.26107991,0 2.0562351031532193,41.260237513218634,0 2.056058050871113,41.25939511594881,0 2.0558810031534502,41.25855271821853,0 2.05570396,41.25771032,0 2.0554513520431485,41.256806458686995,0 2.055198751057781,41.25590259657327,0 2.0549461570435232,41.25499873368685,0 2.05469357,41.25409487,0 2.054416985863165,41.25317566386375,0 2.054140409484503,41.252256456808944,0 2.0538638408635888,41.25133724886359,0 2.05358728,41.25041804,0 2.0533024154769666,41.24949568142625,0 2.0530175589695814,41.24857332189225,0 2.052732710477405,41.24765096142608,0 2.05244787,41.2467286,0 2.0521782086137055,41.245806058815035,0 2.051908554818551,41.24488351674398,0 2.0516389086141213,41.24396097381488,0 2.05136927,41.24303843,0 2.05105039555333,41.24204787424491,0 2.0507315307381506,41.241057317317086,0 2.0504126755538956,41.24006675924467,0 2.05009383,41.2390762,0 2.049780095322224,41.23805348172657,0 2.049466370430028,41.23703076229266,0 2.0491526553228185,41.23600804172636,0 2.04883895,41.23498532,0 2.0485051509883796,41.233903799444015,0 2.048171362984977,41.23282227758252,0 2.047837585989086,41.23174075444373,0 2.04750382,41.23065923,0 2.047212740698577,41.2295857515858,0 2.0469216709318423,41.228512272104936,0 2.0466306106991867,41.22743879158557,0 2.04633956,41.22636531,0 2.04601545299618,41.22521857691403,0 2.0456913573287556,41.224071842542514,0 2.0453672729969536,41.22292510691371,0 2.0450432,41.22177837,0 2.044740073796698,41.22061049925855,0 2.044436958396099,41.21944262733524,0 2.0441338537974505,41.218274754258246,0 2.04383076,41.21710688,0 2.0435468848133826,41.215938451609,0 2.043263019751648,41.21477002213582,0 2.0429791648140894,41.2136015916087,0 2.04269532,41.21243316,0 2.0424168221911443,41.211232831596426,0 2.0421383345886803,41.21003250211902,0 2.0418598571918762,41.2088321715961,0 2.04158139,41.20763184,0 2.041288803346708,41.206388651740305,0 2.040996227796161,41.20514546231085,0 2.040703663347533,41.20390227173995,0 2.04041111,41.20265908,0 2.0400644628826314,41.20142130968739,0 2.039717828844151,41.20018353790695,0 2.039371207883595,41.19894576468703,0 2.0390246,41.19770799,0 2.0385172798185494,41.19651171644326,0 2.0380099780922585,41.19531544024805,0 2.037502694819838,41.19411916144281,0 2.03699543,41.19292288,0 2.036103788700767,41.19184322084623,0 2.035212176602128,41.190763554451806,0 2.0343205937024247,41.18968388084548,0 2.03342904,41.1886042,0 2.0325610992769754,41.18757278026078,0 2.0316931857036096,41.18654135367127,0 2.030825299278439,41.185509920260124,0 2.02995744,41.18447848,0 2.0288410863531148,41.18351960661247,0 2.027724765138415,41.182560722140025,0 2.026608476354508,41.181601826611555,0 2.02549222,41.18064292,0 2.0242306974248065,41.179812453500915,0 2.0229692065670024,41.17898197299127,0 2.021707747425697,41.178151478499984,0 2.02044632,41.17732097,0 2.019122024602716,41.176524273084624,0 2.0177977611374396,41.175727560769516,0 2.0164735296034424,41.17493083308366,0 2.01514933,41.17413409,0 2.0138002172684506,41.173354621433226,0 2.0124511363583615,41.17257513690097,0 2.0111020872690917,41.17179563643223,0 2.00975307,41.17101612,0 2.0083857578250157,41.1702156820881,0 2.0070184787671606,41.169415227774095,0 2.0056512328257248,41.168614757087056,0 2.00428402,41.16781427,0 2.00293983595747,41.16705129374684,0 2.0015956829436816,41.16628830165248,0 2.0002515609580525,41.16552529374588,0 1.99890747,41.16476227,0 1.9975305526541705,41.16396455242542,0 1.9961536685393542,41.16316681822384,0 1.9947768176548606,41.16236906742436,0 1.9934,41.1615713,0 1.992015390547695,41.16078418769255,0 1.9906308140640203,41.15999705858003,0 1.9892462705483358,41.15920991269151,0 1.98786176,41.15842275,0 1.9864773646557694,41.15762129519288,0 1.9850930028748253,41.15681982358046,0 1.9837086746564685,41.15601833519183,0 1.98232438,41.15521683,0 1.9809564252567293,41.15441538960353,0 1.9795885036761136,41.153613932794656,0 1.9782206152574413,41.152812459602494,0 1.97685276,41.15201097,0
                </coordinates>
            </LineString>
        </Placemark>
        

        <Placemark>
            <name>Route VLG2472</name>
            <Style>
                <LineStyle>
                    <color>ff00a5ff</color> <!-- naranja -->
                    <width>2</width>
                </LineStyle>
            </Style>
            <LineString>
                <tessellate>1</tessellate>
                <coordinates>
                    2.09678203,41.29002145,0 2.096166775747387,41.28978001247097,0 2.0955515259965054,41.28953857161864,0 2.0949362807473717,41.28929712747092,0 2.09432104,41.28905568,0 2.0935803899506,41.28883121967277,0 2.0928397449340848,41.28860675455438,0 2.0920991049505266,41.28838228467271,0 2.09135847,41.28815781,0 2.09056317508692,41.28788347077522,0 2.089767886782516,41.28760912602427,0 2.088972605086854,41.28733477577511,0 2.08817733,41.28706042,0 2.0872797925086437,41.28675409303079,0 2.0863822633447926,41.28644775903167,0 2.085484742508545,41.286141418030645,0 2.08458723,41.28583507,0 2.08363812311474,41.28550150177552,0 2.082689025819583,41.285167925691255,0 2.0817399381146346,41.284834341775294,0 2.08079086,41.28450075,0 2.079841281512787,41.28418807927965,0 2.078891712016963,41.28387540069681,0 2.077942151512658,41.28356271427947,0 2.0769926,41.28325002,0 2.0760253430340736,41.28292082972474,0 2.075058095712016,41.28259163129022,0 2.0740908580339497,41.282262424724514,0 2.07312363,41.28193321,0 2.0721559400233254,41.28159258973936,0 2.0711882600310263,41.28125196130974,0 2.0702205900232147,41.280911324739165,0 2.06925293,41.28057068,0 2.068333946429441,41.28024568354132,0 2.0674149719058583,41.279920679712355,0 2.066496006429347,41.279595668541155,0 2.06557705,41.27927065,0 2.0647141972219876,41.27881776979223,0 2.0638513562960505,41.27836488304685,0 2.0629885272220885,41.27791198979199,0 2.06212571,41.27745909,0 2.0614476913739512,41.27685612616396,0 2.0607696851654977,41.27625315820918,0 2.060091691374295,41.27565018616374,0 2.05941371,41.27504721,0 2.0589156080088773,41.27440930092953,0 2.058417515678723,41.27377138956332,0 2.057919433009207,41.2731334759294,0 2.05742136,41.27249556,0 2.0570925033565084,41.27172096168362,0 2.0567636544755783,41.27094636223544,0 2.0564348133568595,41.270171761683486,0 2.05610598,41.26939716,0 2.055909835815501,41.268653578251936,0 2.0557136960874662,41.267909995993236,0 2.055517560815699,41.26716641325185,0 2.05532143,41.26642283,0 2.055231261587345,41.2656048978959,0 2.055141095449869,41.26478696551853,0 2.055050931587458,41.26396903289583,0 2.05496077,41.2631511,0 2.0549044027908034,41.262312752841616,0 2.0548480370544544,41.26147440544616,0 2.0547916727908775,41.26063605784154,0 2.05473531,41.25979771,0 2.0546736500501894,41.258946160358164,0 2.054611991733642,41.2580946104682,0 2.054550335050273,41.257243060358064,0 2.05448868,41.25639151,0 2.0544521409639223,41.255506740345616,0 2.0544156029519325,41.25462197045147,0 2.0543790659639765,41.25373720034552,0 2.05434253,41.25285243,0 2.0543720936420904,41.251953975342715,0 2.0544016565227587,41.25105552044759,0 2.0544312186420477,41.2501570653426,0 2.05446078,41.24925861,0 2.054499079064525,41.24831904287741,0 2.0545373770859934,41.24737947549386,0 2.054575674064465,41.246439907877296,0 2.05461397,41.24550034,0 2.0546633120872664,41.244536445405586,0 2.0547126527829676,41.2435725505314,0 2.054761992087185,41.24260865540546,0 2.05481133,41.24164476,0 2.0548688699975135,41.24066012293048,0 2.054926408329951,41.239675485564575,0 2.0549839449974137,41.238690847930336,0 2.05504148,41.23770621,0 2.0551048603192807,41.236699337954704,0 2.055168238758964,41.235692465596856,0 2.0552316153191654,41.234685592954534,0 2.05529499,41.23367872,0 2.0553480299276967,41.23263510046716,0 2.05540106823686,41.23159148061347,0 2.055454104927593,41.230547860466984,0 2.05550714,41.22950424,0 2.0555698979125845,41.22845171048668,0 2.0556326538833627,41.22739918063949,0 2.05569540791246,41.226346650486505,0 2.05575816,41.22529412,0 2.055796349342601,41.22417315551107,0 2.0558345374567453,41.22305219067197,0 2.055872724342517,41.22193122551085,0 2.05591091,41.22081026,0 2.0559509319697606,41.21966846052888,0 2.0559909526262867,41.218526660695716,0 2.0560309719696686,41.217384860528654,0 2.05607099,41.21624306,0 2.0561070292953447,41.21507870804321,0 2.0561430673937355,41.2139143557148,0 2.0561791042952593,41.21275000304298,0 2.05621514,41.21158565,0 2.0562438239114593,41.21041613304084,0 2.0562725068819,41.20924661571164,0 2.056301188911391,41.2080770980406,0 2.05632987,41.20690758,0 2.0563534486459596,41.2057310830425,0 2.056377026527909,41.20455458571384,0 2.056400603645904,41.20337808804225,0 2.05642418,41.20220159,0 2.056425532454116,41.201001663056736,0 2.0564268849388214,41.19980173573282,0 2.0564282374541163,41.19860180805648,0 2.05642959,41.19740188,0 2.0564373978025814,41.19622446553562,0 2.0564452054034317,41.19504705070468,0 2.0564530128025655,41.193869635535385,0 2.05646082,41.19269222,0 2.056467537747173,41.19148719305803,0 2.056474255329555,41.190282165734544,0 2.0564809727471594,41.189077138057776,0 2.05648769,41.18787211,0 2.0564549006090873,41.186681790561444,0 2.0564221124788427,41.185491470739095,0 2.0563893256091768,41.18430115056118,0 2.05635654,41.18311083,0 2.056029140162344,41.18195226694077,0 2.0557017518836567,41.180793702578136,0 2.055374375163141,41.17963513694044,0 2.05504701,41.17847657,0 2.054669738029914,41.17734617487598,0 2.0542924790404635,41.17621577815842,0 2.0539152330307817,41.17508537987566,0 2.053538,41.17395498,0 2.0529545307104655,41.17285286994044,0 2.0523710809481077,41.17175075657764,0 2.051787650711696,41.170648639940005,0 2.05120424,41.16954652,0 2.050565778879068,41.16847574328947,0 2.0499273385062584,41.16740496270964,0 2.049288918880319,41.166334178289006,0 2.04865052,41.16526339,0 2.0479521633451503,41.164188556835455,0 2.047253829461107,41.163113719104246,0 2.04655551834651,41.16203887683491,0 2.04585723,41.16096403,0 2.045185402464454,41.15989969635132,0 2.044513596620131,41.15883535845876,0 2.0438418124657423,41.157771016350836,0 2.04317005,41.15670667,0 2.0424836114104212,41.1556310691179,0 2.0417971952147895,41.154555463814184,0 2.041110801411763,41.15347985411739,0 2.04042443,41.15240424,0 2.039742655201376,41.15136268650547,0 2.0390609019359975,41.150321128664274,0 2.03837917020262,41.14927956650495,0 2.03769746,41.148238,0 2.0369997110091305,41.147166854315294,0 2.0363019846797386,41.146095704077375,0 2.0356042810104773,41.145024549314776,0 2.0349066,41.14395339,0 2.0342076489872425,41.142898936822085,0 2.0335087203171924,41.14184447908644,0 2.032809813988546,41.140790016821576,0 2.03211093,41.13973555,0 2.0313863818679874,41.13865385231776,0 2.030661857491596,41.13757214974729,0 2.0299373568694064,41.13649044231718,0 2.02921288,41.13540873,0 2.028500616019189,41.134359194560034,0 2.027788374693125,41.13330965440366,0 2.027076156020498,41.13226010955951,0 2.02636396,41.13121056,0
                </coordinates>
            </LineString>
        </Placemark>
        

        <Placemark>
            <name>Route VLG3LK</name>
            <Style>
                <LineStyle>
                    <color>ff00a5ff</color> <!-- naranja -->
                    <width>2</width>
                </LineStyle>
            </Style>
            <LineString>
                <tessellate>1</tessellate>
                <coordinates>
                    2.09522813,41.28952309,0 2.094513529427266,41.28927446418724,0 2.093798934236324,41.289025833906976,0 2.09308434442722,41.28877719918715,0 2.09236976,41.28852856,0 2.0915868828117716,41.288256200520415,0 2.0908040120823213,41.28798383568453,0 2.09002114781171,41.28771146552031,0 2.08923829,41.28743909,0 2.0883495120126963,41.287117535332904,0 2.0874607426835436,41.286795973767816,0 2.0865719820126194,41.28647440533273,0 2.08568323,41.28615283,0 2.0847664516805633,41.28583307598807,0 2.0838496822406865,41.28551331464138,0 2.082932921680466,41.285193545987894,0 2.08201617,41.28487377,0 2.0810890143338043,41.28456118873372,0 2.080161867444997,41.28424859996889,0 2.0792347293336917,41.283936003733544,0 2.0783076,41.2836234,0 2.077408416034302,41.28328167308063,0 2.0765092413790276,41.282939939098085,0 2.07561007603424,41.28259819808043,0 2.07471092,41.28225645,0 2.073807019040634,41.281928770685845,0 2.0729031270541256,41.28160108423839,0 2.071999244040554,41.28127339068567,0 2.07109537,41.28094569,0 2.0701876334198333,41.28060438578049,0 2.069279906226399,41.28026307436458,0 2.0683721884197657,41.27992175578031,0 2.06746448,41.27958043,0 2.0666288336402188,41.279150086682925,0 2.0657931981870115,41.278719737234475,0 2.0649575736402985,41.278289381682725,0 2.06412196,41.27785902,0 2.063424377356301,41.27730371148963,0 2.062726806475252,41.276748398643434,0 2.0620292473565773,41.27619308148944,0 2.0613317,41.27563776,0 2.06073165057735,41.27501898737634,0 2.060131612436697,41.27440021149239,0 2.0595315855776963,41.273781432376175,0 2.05893157,41.27316265,0 2.0584710805957465,41.272477075486144,0 2.0580106007945713,41.271791498972156,0 2.057550130596111,41.27110592048601,0 2.05708967,41.27042034,0 2.05677430391072,41.26965113906637,0 2.0564589452145157,41.268881937079115,0 2.0561435939110533,41.26811273406625,0 2.05582825,41.26734353,0 2.055619362273721,41.26653655335828,0 2.0554104796984594,41.26572957613503,0 2.0552016022739688,41.26492259835819,0 2.05499273,41.26411562,0 2.054849589532796,41.26328521056781,0 2.0547064527105157,41.26245480074772,0 2.0545633195329778,41.2616243905677,0 2.05442019,41.26079398,0 2.0542621260617135,41.25990799066383,0 2.0541040664157704,41.25902200087575,0 2.0539460110619423,41.258136010663705,0 2.05378796,41.25725002,0 2.0536797380263083,41.25635508799319,0 2.053571519035184,41.25546015564823,0 2.053463303026468,41.25456522299309,0 2.05335509,41.25367029,0 2.0532902147212964,41.25275260040744,0 2.05322534129513,41.25183491053386,0 2.0531604697213983,41.25091722040732,0 2.0530956,41.24999953,0 2.0530393249559116,41.249035887925416,0 2.052983051607947,41.248072245557836,0 2.05292677995601,41.24710860292528,0 2.05287051,41.24614496,0 2.052848866450973,41.24516072040168,0 2.0528272236013243,41.24417648052617,0 2.0528055814510138,41.24319224040154,0 2.05278394,41.242208,0 2.0527852399754245,41.241194830414386,0 2.0527865399672325,41.240181660543115,0 2.0527878399754247,41.23916849041424,0 2.05278914,41.23815532,0 2.0528112384560275,41.23711588543796,0 2.0528333362746762,41.236076450574544,0 2.0528554334559868,41.235037015437804,0 2.05287753,41.23399758,0 2.052924287139908,41.23294891046372,0 2.0529710428531494,41.231900240608866,0 2.0530177971398165,41.230851570463535,0 2.05306455,41.2298029,0 2.053110369664178,41.22871792799039,0 2.0531561878855067,41.22763295564442,0 2.053202004664082,41.2265479829902,0 2.05324782,41.22546301,0 2.053306157758227,41.224387482997294,0 2.053364493677556,41.223311955653635,0 2.053422827758107,41.22223642799711,0 2.05348116,41.2211609,0 2.053530114837449,41.22006655549914,0 2.053579068116529,41.218972210656084,0 2.053628019837345,41.21787786549895,0 2.05367697,41.21678352,0 2.053738077923847,41.21569611800845,0 2.0537991838983762,41.21460871566852,0 2.0538602879237176,41.21352131300828,0 2.05392139,41.21243391,0 2.053989610706757,41.21136989050005,0 2.0540578292755836,41.2103058706573,0 2.054126045706618,41.20924185049986,0 2.05419426,41.20817783,0 2.054273886234852,41.20712055051444,0 2.054353509979696,41.20606327067649,0 2.054433131234692,41.205005990514266,0 2.05451275,41.20394871,0 2.054574382928148,41.20286911049961,0 2.054636013904112,41.201789510656695,0 2.0546976429280197,41.20070991049942,0 2.05475927,41.19963031,0 2.054826273126879,41.198573162989426,0 2.054893274169083,41.19751601564311,0 2.054960273126745,41.19645886798923,0 2.05502727,41.19540172,0 2.0550866527890124,41.194333210485375,0 2.0551460337186027,41.19326470063772,0 2.0552054127888915,41.19219619048519,0 2.05526479,41.19112768,0 2.055330135520097,41.19007995797738,0 2.05539547902671,41.18903223562705,0 2.0554608205199685,41.18798451297721,0 2.05552616,41.18693679,0 2.055565829391593,41.18583104548913,0 2.0556054975220666,41.18472530064272,0 2.0556451643915072,41.18361955548894,0 2.05568483,41.18251381,0 2.0556725568045864,41.18143844545082,0 2.055660284072801,41.18036308059164,0 2.055648011804615,41.179287715450634,0 2.05563574,41.17821235,0 2.0553162923276567,41.17717254927367,0 2.054996854770624,41.17613274735542,0 2.0546774273282797,41.17509294427344,0 2.05435801,41.17405314,0 2.053895995132722,41.172991155748726,0 2.0534339951775773,41.17192916932208,0 2.052972010133644,41.1708671807484,0 2.05251004,41.16980519,0 2.052043395663074,41.168778343275726,0 2.0515767658846773,41.16775149435808,0 2.0511101506639413,41.166724643275415,0 2.05064355,41.16569779,0 2.0500107433852324,41.164686815646526,0 2.0493779561810412,41.16367583751908,0 2.048745188386329,41.1626648556461,0 2.04811244,41.16165387,0 2.0474673344274867,41.16061242837439,0 2.0468222492374415,41.15957098282289,0 2.0461771844286756,41.158529533373944,0 2.04553214,41.15748808,0 2.044865216133928,41.156454291240145,0 2.044198313179372,41.15542049831056,0 2.04353143113513,41.15438670123967,0 2.04286457,41.1533529,0 2.0421680394545487,41.15230980927246,0 2.041471530940245,41.151266714020274,0 2.040775044455819,41.15022361427197,0 2.04007858,41.14918051,0
                </coordinates>
            </LineString>
        </Placemark>
        

        <Placemark>
            <name>Route VLG55PB</name>
            <Style>
                <LineStyle>
                    <color>ff00a5ff</color> <!-- naranja -->
                    <width>2</width>
                </LineStyle>
            </Style>
            <LineString>
                <tessellate>1</tessellate>
                <coordinates>
                    2.09599669,41.28969465,0 2.0953227756435617,41.28947069344792,0 2.0946488658580518,41.28924673292124,0 2.093974960643516,41.28902276844784,0 2.09330106,41.2887988,0 2.0925620959956404,41.288530667152045,0 2.091823137994158,41.288262529526726,0 2.0910841859955966,41.287994387151954,0 2.09034524,41.28772624,0 2.0894842562513394,41.287438652190865,0 2.088623280001724,41.2871510579118,0 2.0877623112512467,41.28686345719074,0 2.08690135,41.28657585,0 2.0859963120774787,41.286261595708766,0 2.085091282769908,41.28594733426896,0 2.0841862620773837,41.285633065708595,0 2.08328125,41.28531879,0 2.082409770016475,41.2850035674353,0 2.0815382983552517,41.28468833823767,0 2.0806668350164026,41.28437310243513,0 2.07979538,41.28405786,0 2.078907957586909,41.283749995296525,0 2.078020543449152,41.283442123719304,0 2.0771331375868187,41.283134245296345,0 2.07624574,41.28282636,0 2.075378337666515,41.2825134523421,0 2.074510943555304,41.282200538113436,0 2.0736435576664425,41.281887617341965,0 2.07277618,41.28157469,0 2.071936811515262,41.281221334234765,0 2.07109745202034,41.28086797230362,0 2.0702581015152477,41.28051460423459,0 2.06941876,41.28016123,0 2.068730178903564,41.279647933807944,0 2.068041608538231,41.279134633401206,0 2.067353048903783,41.27862132880777,0 2.0666645,41.27810802,0 2.0661528580965607,41.27749070109737,0 2.0656412257956225,41.27687337978713,0 2.0651296030968727,41.276256056097246,0 2.06461799,41.27563873,0 2.064242323875656,41.27499012704186,0 2.063866665167723,41.27434152271314,0 2.0634910138759284,41.27369291704177,0 2.06311537,41.27304431,0 2.0628681116934793,41.272310301044364,0 2.0626208589247996,41.27157629138314,0 2.06237361169372,41.270842281044274,0 2.06212637,41.27010827,0 2.0620404643826418,41.26932442786536,0 2.061954560843588,41.26854058547779,0 2.06186865938274,41.267756742865274,0 2.06178276,41.2669729,0 2.061714499992485,41.26618288283208,0 2.0616462416566996,41.265392865433405,0 2.0615779849925646,41.26460284783199,0 2.06150973,41.26381283,0 2.0614256392167665,41.26297067539697,0 2.0613415506224295,41.26212852051995,0 2.0612574642168773,41.2612863653969,0 2.06117338,41.26044421,0 2.0611010696548533,41.25959805287421,0 2.0610287612065354,41.25875189548959,0 2.06095645465495,41.25790573787411,0 2.06088415,41.25705958,0 2.0608264676390604,41.256184777866686,0 2.060768786852136,41.25530997547956,0 2.060711107639143,41.25443517286658,0 2.06065343,41.25356037,0 2.0606225486802483,41.2526688628443,0 2.0605916682403627,41.2517773554497,0 2.0605607886802955,41.25088584784421,0 2.06052991,41.24999434,0 2.06049681605825,41.24908329535907,0 2.060463723077701,41.24817225046937,0 2.0604306310583023,41.247261205358946,0 2.06039754,41.24635016,0 2.060345712695476,41.245404735404875,0 2.0602938869273593,41.244459310530466,0 2.060242062695563,41.24351388540477,0 2.06019024,41.24256846,0 2.0601133039931154,41.24158951297283,0 2.0600363703242457,41.24061056562104,0 2.059959438993253,41.239631617972684,0 2.05988251,41.23865267,0 2.0598104991784614,41.23766373296945,0 2.0597384905713696,41.23667479561652,0 2.059666484178593,41.23568585796929,0 2.05959448,41.23469692,0 2.059518008956052,41.233701892982126,0 2.0594415402748303,41.23270686563345,0 2.0593650739561933,41.231711837981976,0 2.05928861,41.23071681,0 2.0592236169318126,41.22970768296974,0 2.0591586259091663,41.22869855561692,0 2.059093636931937,41.2276894279696,0 2.05902865,41.2266803,0 2.058969519665268,41.22565860046841,0 2.0589103912204343,41.22463690061512,0 2.0588512646653836,41.223615200468245,0 2.05879214,41.2225935,0 2.058739027403592,41.22155573047046,0 2.058685916538194,41.220517960617876,0 2.0586328074036997,41.2194801904703,0 2.0585797,41.21844242,0 2.0585412755272805,41.21736844297907,0 2.058502852369763,41.21629446562932,0 2.0584644305273647,41.21522048797888,0 2.05842601,41.21414651,0 2.0583865278906712,41.213029445514195,0 2.0583470471876244,41.211912380676125,0 2.058307567890765,41.210795315513984,0 2.05826809,41.20967825,0 2.058212221995125,41.20853778805452,0 2.0581563559935914,41.20739732572988,0 2.058100491995262,41.2062568630543,0 2.05804463,41.2051164,0 2.057961240546766,41.20397033311059,0 2.057877854062492,41.202824265804644,0 2.057794470546971,41.20167819811036,0 2.05771109,41.20053213,0 2.0576669525848086,41.19938296054267,0 2.0576228167798183,41.198233790714085,0 2.057578682584919,41.19708462054244,0 2.05753455,41.19593545,0 2.0575006730394607,41.1947393280702,0 2.05746679738601,41.19354320575078,0 2.0574329230395536,41.19234708306995,0 2.05739905,41.19115096,0 2.057358692764861,41.18999291804279,0 2.0573183370198826,41.18883487571423,0 2.0572779827649637,41.18767683304254,0 2.05723763,41.18651879,0 2.0571527677577377,41.185319718153984,0 2.0570679086771353,41.18412064586248,0 2.0569830527579653,41.182921573153735,0 2.0568982,41.1817225,0 2.0566606019492775,41.18052414130765,0 2.056423012599453,41.17932578173401,0 2.0561854319499018,41.17812742130735,0 2.05594786,41.17692906,0 2.0554216922993347,41.17577405915706,0 2.0548955430666047,41.17461905553312,0 2.0543694123005722,41.17346404915662,0 2.0538433,41.17230904,0 2.053176912394263,41.17115201884042,0 2.0525105481933714,41.16999499344416,0 2.051844207395795,41.16883796383985,0 2.05117789,41.16768093,0 2.05043313953387,41.16656058024821,0 2.0496884143795393,41.1654402253212,0 2.0489437145354388,41.164319865247585,0 2.04819904,41.1631995,0 2.0474285903910467,41.16206941576252,0 2.0466581671891575,41.16093932600691,0 2.045887770392689,41.159809230761866,0 2.0451174,41.15867913,0 2.0443354068956663,41.15753757850435,0 2.0435534408620213,41.156396021329364,0 2.0427715018973656,41.15525445850368,0 2.04198959,41.15411289,0 2.041214882924026,41.15298961333864,0 2.04044020223312,41.15186633110841,0 2.0396655479256536,41.15074304333799,0 2.03889092,41.14961975,0 2.0381063868962648,41.148481588549494,0 2.0373218808628146,41.147343421389536,0 2.0365374018979567,41.146205248548824,0 2.03575295,41.14506707,0 2.034967436956685,41.14393185606508,0 2.0341819509433687,41.14279663641031,0 2.0333964919583685,41.14166141106441,0 2.03261106,41.14052618,0 2.031829997139781,41.13938952847361,0 2.0310489611874947,41.13825287128836,0 2.0302679521414615,41.13711620847294,0 2.02948697,41.13597954,0 2.028711756873274,41.13482667336726,0 2.027936570832181,41.13367380114655,0 2.027161411874997,41.132520923366584,0 2.02638628,41.13136804,0 2.025559372752009,41.13024365941969,0 2.024732493670489,41.129119272549765,0 2.023905642753724,41.12799487941898,0 2.02307882,41.12687048,0 2.0221424867694178,41.125795001888925,0 2.0212061840270192,41.124719515842,0 2.0202699117711105,41.12364402188812,0 2.01933367,41.12256852,0 2.0179894095498887,41.12165888385533,0 2.0166451860673065,41.12074923179698,0 2.015300999551071,41.119839563854164,0 2.01395685,41.11892988,0
                </coordinates>
            </LineString>
        </Placemark>
        

        <Placemark>
            <name>Route VLG56ND</name>
            <Style>
                <LineStyle>
                    <color>ff00a5ff</color> <!-- naranja -->
                    <width>2</width>
                </LineStyle>
            </Style>
            <LineString>
                <tessellate>1</tessellate>
                <coordinates>
                    2.09544698,41.28959118,0 2.0947584823362675,41.28934622371101,0 2.094069989781664,41.28910126327202,0 2.093381502336229,41.28885629871094,0 2.09269302,41.28861133,0 2.0919402038491515,41.28835838741592,0 2.0911873934654945,41.288105439878564,0 2.0904345888490905,41.28785248741582,0 2.08968179,41.28759953,0 2.0888261606787877,41.287295487076776,0 2.087970539238334,41.286991437759674,0 2.0871149256787134,41.286687382076636,0 2.08625932,41.28638332,0 2.085362214668318,41.28606852802342,0 2.0844651178910314,41.28575372902182,0 2.083568029668229,41.285438923023236,0 2.08267095,41.28512411,0 2.0817978057812643,41.28476591748789,0 2.080924671041667,41.2844077183078,0 2.0800515457812367,41.28404951248772,0 2.07917843,41.2836913,0 2.0782510112980326,41.28336613624413,0 2.0773236017306442,41.28304096498278,0 2.076396201297934,41.28271578624395,0 2.07546881,41.2823906,0 2.074586316944393,41.282065060188934,0 2.0737038325924786,41.281739513575836,0 2.072821356944324,41.28141396018876,0 2.07193889,41.2810884,0 2.071028495834036,41.28074601834363,0 2.070118111112003,41.28040362944878,0 2.069207735833968,41.28006123334344,0 2.06829737,41.27971883,0 2.0674309176989,41.279343129842196,0 2.066564475265198,41.27896742311351,0 2.0656980426988967,41.278591709842,0 2.06483162,41.27821599,0 2.064155476383262,41.277611678632,0 2.063479345177914,41.277007363166575,0 2.062803226383608,41.27640304363178,0 2.06212712,41.27579872,0 2.06151654302568,41.27518870753755,0 2.0609059773677987,41.27457869170733,0 2.060295423026018,41.27396867253738,0 2.05968488,41.27335865,0 2.0591682718840723,41.27269582618754,0 2.0586516741790093,41.27203299990733,0 2.058135086884442,41.27137017118737,0 2.05761851,41.27070734,0 2.0573223097263558,41.26994879890661,0 2.057026116302011,41.26919025686611,0 2.056729929726661,41.26843171390651,0 2.05643375,41.26767317,0 2.0562226945140036,41.266847723382234,0 2.05601164435218,41.26602227616692,0 2.055800599514266,41.26519682838211,0 2.05558956,41.26437138,0 2.055421588581574,41.263539328170985,0 2.055253621442241,41.26270727588528,0 2.055085658581788,41.26187522317087,0 2.0549177,41.26104317,0 2.0547332726671534,41.260176895769604,0 2.05454885022304,41.259310621016795,0 2.054364432667407,41.2584443457695,0 2.05418002,41.25757807,0 2.054021491222871,41.25671644814867,0 2.053862966630639,41.255854825855536,0 2.053704446223087,41.254993203148565,0 2.05354593,41.25413158,0 2.0533570047749348,41.25324054330748,0 2.053168084700096,41.252349506067254,0 2.05297916977521,41.251458468307355,0 2.05279026,41.25056743,0 2.0525679379239277,41.249627858522224,0 2.0523456222321426,41.248688286353556,0 2.0521233129242864,41.24774871352207,0 2.05190101,41.24680914,0 2.0516920535302856,41.24587310094299,0 2.051483103040604,41.24493706124791,0 2.0512741585306205,41.24400102094283,0 2.05106522,41.24306498,0 2.0508313571020937,41.24209475861259,0 2.0505975011363935,41.24112453647402,0 2.0503636521024964,41.2401543136124,0 2.05012981,41.23918409,0 2.049889859040944,41.238187343669836,0 2.049649915388215,41.23719059655038,0 2.049409979041379,41.23619384866966,0 2.04917005,41.2351971,0 2.0489456647756263,41.23420304857172,0 2.0487212863677726,41.233208996419535,0 2.048496914776032,41.23221494357153,0 2.04827255,41.23122089,0 2.0480252883303716,41.230190671240926,0 2.0477780344408147,41.22916045164513,0 2.0475307883308504,41.228130231240726,0 2.04728355,41.22710001,0 2.047044443747697,41.22607286618528,0 2.0468053449972357,41.22504572157093,0 2.0465662537481575,41.22401857618508,0 2.04632717,41.22299143,0 2.046064982384889,41.221940576355294,0 2.045802803180204,41.220889721797604,0 2.0455406323854164,41.21983886635507,0 2.04527847,41.21878801,0 2.0450264329000944,41.21773963628357,0 2.0447744038671294,41.216691261701946,0 2.0445223829005994,41.21564288628333,0 2.04427037,41.21459451,0 2.0440018540901206,41.21350360642994,0 2.043733347120549,41.212412701897094,0 2.0434648490907033,41.21132179642968,0 2.04319636,41.21023089,0 2.042937749804487,41.209158563844746,0 2.042679148073011,41.20808623678354,0 2.042420554805029,41.207013908844544,0 2.04216197,41.20594158,0 2.0419126102796965,41.20487124378018,0 2.041663258706609,41.20380090669741,0 2.0414139152802173,41.20273056877995,0 2.04116458,41.20166023,0 2.040824365532491,41.20056868949966,0 2.0404841623771435,41.19947714765668,0 2.040143970533224,41.19838560449936,0 2.03980379,41.19729406,0 2.0391864990052393,41.19628058540032,0 2.0385692270077067,41.19526710719084,0 2.0379519740063206,41.19425362539991,0 2.03733474,41.19324014,0 2.036643791933924,41.19226828412222,0 2.035952864245953,41.19129642382001,0 2.0352619569350057,41.19032455912178,0 2.03457107,41.18935269,0 2.0337396776794723,41.18843184436596,0 2.032908308573357,41.18751099247825,0 2.0320769626805633,41.18659013436541,0 2.03124564,41.18566927,0 2.0302063842167035,41.18485852684326,0 2.029167153956177,41.18404777411458,0 2.0281279492175623,41.18323701184261,0 2.02708877,41.18242624,0 2.0259172593684034,41.18170938058054,0 2.024745774158231,41.180992509097614,0 2.023574314368943,41.18027562557986,0 2.02240288,41.17955873,0 2.0211845342794006,41.17886764201767,0 2.0199662140394894,41.178176541013755,0 2.018747919279834,41.17748542701695,0 2.01752965,41.1767943,0 2.016337345879286,41.17611763869258,0 2.015145066172652,41.17544096491366,0 2.0139528108796925,41.1747642786919,0 2.01276058,41.17408758,0 2.011542680597055,41.17337482201452,0 2.0103248074630735,41.17266205100953,0 2.009106960597556,41.171949267013794,0 2.00788914,41.17123647,0 2.006703219667125,41.17053363600886,0 2.005517324556492,41.16983078966868,0 2.0043314546676134,41.16912793100817,0 2.00314561,41.16842506,0 2.0019764667254867,41.167703840505695,0 2.0008073489676845,41.16698260899777,0 1.9996382567260407,41.16626136550498,0 1.99846919,41.16554011,0
                </coordinates>
            </LineString>
        </Placemark>
        

        <Placemark>
            <name>Route VLG1PT</name>
            <Style>
                <LineStyle>
                    <color>ff00a5ff</color> <!-- naranja -->
                    <width>2</width>
                </LineStyle>
            </Style>
            <LineString>
                <tessellate>1</tessellate>
                <coordinates>
                    2.09601489,41.28968896,0 2.095349678107327,41.28946090329774,0 2.094684470809743,41.28923284272098,0 2.0940192681072873,41.289004778297645,0 2.09335407,41.28877671,0 2.0926189340940966,41.288525037074265,0 2.091883803792093,41.28827335942301,0 2.091148679094043,41.28802167707416,0 2.09041356,41.28776999,0 2.0895863291911407,41.2874824164515,0 2.0887591055881387,41.28719483692599,0 2.087931889191068,41.28690725145139,0 2.08710468,41.28661966,0 2.0861994670008777,41.286303610713496,0 2.085294262667775,41.28598755427526,0 2.0843890670007847,41.28567149071332,0 2.08348388,41.28535542,0 2.08257496464464,41.285044113298824,0 2.081666057859452,41.28473279938904,0 2.0807571596445382,41.284421478298654,0 2.07984827,41.28411015,0 2.078931198615095,41.28377697349927,0 2.078014136486739,41.28344378965632,0 2.0770970836150124,41.28311059849912,0 2.07618004,41.2827774,0 2.0753090753047445,41.28246924242092,0 2.0744381187396064,41.2821610782185,0 2.0735671703046648,41.28185290742074,0 2.07269623,41.28154473,0 2.071839356859591,41.28120735461449,0 2.0709824924794273,41.28086997280993,0 2.0701256368595504,41.28053258461432,0 2.06926879,41.28019519,0 2.068563594043262,41.27969825910134,0 2.0678584087244802,41.27920132379241,0 2.0671532340434586,41.27870438410119,0 2.06644807,41.27820744,0 2.065878074732828,41.27761981190334,0 2.0653080896439695,41.277032180861745,0 2.064738114733126,41.27644454690319,0 2.06416815,41.27585691,0 2.0637816411798373,41.27521531214588,0 2.0633951399066315,41.27457371285183,0 2.06300864618011,41.2739321121458,0 2.06262216,41.27329051,0 2.0624079977261265,41.27254913334848,0 2.062193840301645,41.271807756121945,0 2.0619796877263408,41.27106637834838,0 2.06176554,41.270325,0 2.0616170400951814,41.269605865522045,0 2.0614685434603355,41.26888673068673,0 2.0613200500953224,41.26816759552197,0 2.06117156,41.26744846,0 2.0610687090211575,41.266715080377914,0 2.0609658603616117,41.265981700494564,0 2.06086301402126,41.26524832037785,0 2.06076017,41.26451494,0 2.060647963508981,41.26374330542667,0 2.0605357596787237,41.26297167055954,0 2.0604235585091044,41.262200035426574,0 2.06031136,41.2614284,0 2.060241980057586,41.26067025781435,0 2.0601726017434974,41.25991211540979,0 2.0601032250576603,41.25915397281429,0 2.06003385,41.25839583,0 2.0599885108501486,41.25762075528642,0 2.0599431728002324,41.25684568037254,0 2.0598978358501996,41.25607060528633,0 2.0598525,41.25529553,0 2.0598097633446697,41.254473592811415,0 2.059767027792929,41.25365165540587,0 2.059724293344724,41.25282971781133,0 2.05968156,41.25200778,0 2.059655543951355,41.251171587803675,0 2.0596295286018296,41.25033539539556,0 2.0596035139513895,41.249499202803605,0 2.0595775,41.24866301,0 2.0595619043248945,41.247799775314114,0 2.0595463090998747,41.246936540409465,0 2.0595307143249175,41.24607330531403,0 2.05951512,41.24521007,0 2.059509949723415,41.244318015328965,0 2.059504779631226,41.24342596042924,0 2.0594996097234244,41.24253390532887,0 2.05949444,41.24164185,0 2.059479954329613,41.24073033034472,0 2.0594654691061667,41.239818810450245,0 2.0594509843296374,41.238907290344585,0 2.0594365,41.23799577,0 2.0594283120846635,41.23707254284969,0 2.0594201244462274,41.23614931545687,0 2.059411937084678,41.235226087849576,0 2.05940375,41.23430286,0 2.0593747186566995,41.233343970386116,0 2.0593456882089667,41.23238508050544,0 2.0593166586567504,41.231426190385996,0 2.05928763,41.2304673,0 2.059264286388853,41.22949529539046,0 2.0592409435184984,41.2285232905112,0 2.0592176013888954,41.22755128539032,0 2.05919426,41.22657928,0 2.059165493610659,41.22558106041311,0 2.0591367281475823,41.224582840541366,0 2.059107963610715,41.223584620412936,0 2.0590792,41.2225864,0 2.059042153186899,41.22156224543963,0 2.0590051075825815,41.22053809057675,0 2.058968063186973,41.21951393543948,0 2.05893102,41.21848978,0 2.0588797549627906,41.21744075297558,0 2.0588284916171253,41.21639172562465,0 2.0587772299628972,41.215342697975395,0 2.05872597,41.21429367,0 2.0586738423473334,41.21321534549895,0 2.058621716463188,41.21213702065583,0 2.058569592347448,41.21105869549876,0 2.05851747,41.20998037,0 2.0584666174322193,41.208910895488906,0 2.0584157665763656,41.20784142064243,0 2.058364917432329,41.206771945488725,0 2.05831407,41.20570247,0 2.05824692650522,41.20459109804827,0 2.058179785340397,41.203479725721564,0 2.058112646505376,41.20236835304805,0 2.05804551,41.20125698,0 2.057975033433874,41.19979841726479,0 2.057904560100635,41.1983398539313,0 2.05783409,41.19688129,0 2.0577793771491955,41.19577565802014,0 2.0577246661990114,41.194670025684054,0 2.0576699571493218,41.19356439301992,0 2.05761525,41.19245876,0 2.05754831899983,41.191341970548564,0 2.0574813903332108,41.190225180721946,0 2.057414463999986,41.18910839054835,0 2.05734754,41.1879916,0 2.057276848879269,41.18689534553771,0 2.057206160172464,41.185799090707484,0 2.057135473879428,41.184702835537514,0 2.05706479,41.18360658,0 2.056905294339644,41.18249437082379,0 2.056745804119768,41.18138216108889,0 2.0565863193400076,41.180269950823565,0 2.05642684,41.17915774,0 2.055930308242199,41.17808591619068,0 2.0554337926569346,41.17701408991134,0 2.0549372932432033,41.175942261190315,0 2.05444081,41.17487043,0 2.053965494585844,41.17381279090836,0 2.053490194448418,41.17275514953492,0 2.0530149095867825,41.17169750590802,0 2.05253964,41.17063986,0 2.051897435113447,41.16961740081317,0 2.0512552501520216,41.16859493774129,0 2.0506130851145854,41.16757247081275,0 2.04997094,41.16655,0 2.049289895537496,41.1655185789891,0 2.0486088723841402,41.16448715364248,0 2.047927870538713,41.16345572398864,0 2.04724689,41.16242429,0 2.046568760743077,41.16139498143439,0 2.0458906526582408,41.16036566856953,0 2.0452125657442846,41.15933635143391,0 2.0445345,41.15830703,0 2.0438492649646447,41.157263311570865,0 2.0431640516203626,41.15621958875149,0 2.0424788599659,41.155175861570385,0 2.04179369,41.15413213,0 2.041105090351184,41.153105654115926,0 2.0404165121357214,41.152079173811586,0 2.0397279553523986,41.15105268911547,0 2.03903942,41.1500262,0 2.0383296210077777,41.148973137022274,0 2.037619844677915,41.14792006935335,0 2.0369100910090943,41.146866997021775,0 2.03620036,41.14581392,0 2.035481995703149,41.14476390967777,0 2.034763654271746,41.14371389456065,0 2.03404533570447,41.14266387467725,0 2.03332704,41.14161385,0 2.0325885743718346,41.14055258506703,0 2.0318501324967,41.139491315079646,0 2.031111714373216,41.13843004006647,0 2.03037332,41.13736876,0
                </coordinates>
            </LineString>
        </Placemark>
        

        <Placemark>
            <name>Route VLG11TT</name>
            <Style>
                <LineStyle>
                    <color>ff00a5ff</color> <!-- naranja -->
                    <width>2</width>
                </LineStyle>
            </Style>
            <LineString>
                <tessellate>1</tessellate>
                <coordinates>
                    2.09580059,41.28975856,0 2.0951388401995636,41.28951581324178,0 2.0944770952660647,41.28927306264641,0 2.0938153551995335,41.28903030824172,0 2.09315362,41.28878755,0 2.0923879912428505,41.28853576266805,0 2.0916223683237556,41.28828397021473,0 2.0908567512427827,41.28803217266795,0 2.09009114,41.28778037,0 2.0892385530172275,41.28747109701106,0 2.0883859740229256,41.287161817672036,0 2.0875334030171606,41.28685253201091,0 2.08668084,41.28654324,0 2.0857542040724164,41.28622430372366,0 2.084827577096485,41.28590535995547,0 2.0839009590723108,41.285586408723475,0 2.08297435,41.28526745,0 2.08207774204239,41.28494940301274,0 2.0811811427231297,41.28463134900757,0 2.080284552042304,41.284313288012555,0 2.07938797,41.28399522,0 2.0784400058104318,41.28366577424556,0 2.077492051080503,41.28333632065133,0 2.0765441058103224,41.28300685924535,0 2.07559617,41.28267739,0 2.0746682434889685,41.28234509875855,0 2.073740326318563,41.28201280000201,0 2.0728124184888763,41.28168049375837,0 2.07188452,41.28134818,0 2.0710073049089313,41.281032305064954,0 2.0701300982118584,41.280716423410546,0 2.069252899908856,41.280400535064786,0 2.06837571,41.28008464,0 2.0675275104833504,41.279643659461875,0 2.066679322311193,41.27920267260642,0 2.0658311454834397,41.27876167946167,0 2.06498298,41.27832068,0 2.06420737642542,41.27786526793702,0 2.063431783567315,41.27740985057326,0 2.0626562014255523,41.276954427936815,0 2.06188063,41.276499,0 2.061196932976704,41.275952323735865,0 2.060513247302448,41.27540564330507,0 2.059829572976968,41.27485895873568,0 2.05914591,41.27431227,0 2.0585969571270106,41.27359838666588,0 2.058048016169652,41.272884500545096,0 2.057499087127468,41.27217061166569,0 2.05695017,41.27145672,0 2.0564993538012777,41.27079068286002,0 2.0560485467352607,41.270124643803975,0 2.0555977488016137,41.269458602859885,0 2.05514696,41.26879256,0 2.0548940761311822,41.26802621859964,0 2.054641198175089,41.26725987645685,0 2.0543883261314506,41.26649353359956,0 2.05413546,41.26572719,0 2.0539149292349554,41.264909220930704,0 2.05369440398012,41.264091251231584,0 2.053473884235224,41.263273280930605,0 2.05325337,41.26245531,0 2.053061347592518,41.26161433829055,0 2.0528693301235226,41.26077336604469,0 2.0526773175927664,41.25993239329042,0 2.05248531,41.25909142,0 2.0523036702545157,41.25822237825761,0 2.052122035339522,41.25735333600078,0 2.0519404052547676,41.25648429325751,0 2.05175878,41.25561525,0 2.051581727875002,41.2547386907404,0 2.0514046805001693,41.25386213097783,0 2.0512276378752516,41.252985570740286,0 2.0510506,41.25210901,0 2.0508539140931705,41.2511775258751,0 2.050657233791103,41.250246041157396,0 2.0504605590934837,41.24931455587496,0 2.05026389,41.24838307,0 2.05008392219652,41.24743888830049,0 2.0499039595955564,41.246494706057916,0 2.0497240021968146,41.245550523300345,0 2.04954405,41.24460634,0 2.0493519289674302,41.24363876837664,0 2.04915981362346,41.242671196159456,0 2.0489677039677603,41.24170362337647,0 2.0487756,41.24073605,0 2.0485712405457686,41.23972785847073,0 2.0483668873946126,41.23871966628487,0 2.0481625405461497,41.23771147347054,0 2.0479582,41.23670328,0 2.047762045637629,41.2356636809511,0 2.047565897517098,41.23462408125869,0 2.047369755638018,41.2335844809509,0 2.04717362,41.23254488,0 2.0469624170808074,41.23146982105969,0 2.046751221108041,41.23039476140344,0 2.046540032081255,41.22931970105946,0 2.04632885,41.22824464,0 2.0461138739436455,41.227123958618,0 2.045898905258524,41.22600327648121,0 2.0456839439441405,41.22488259361776,0 2.04546899,41.22376191,0 2.0452562564806738,41.22263324111087,0 2.045043530307897,41.22150457147169,0 2.0448308114811713,41.22037590111062,0 2.0446181,41.21924723,0 2.0444004561393547,41.21810953864519,0 2.044182819852817,41.216971846517424,0 2.043965191139871,41.21583415364491,0 2.04374757,41.21469646,0 2.043533781209556,41.21354557113327,0 2.0433199999464216,41.21239468150154,0 2.043106226210076,41.211243791133,0 2.04289246,41.2100929,0 2.0426182838623066,41.20856657794301,0 2.042344120529364,41.20704025460948,0 2.04206997,41.20551393,0 2.0418449756461894,41.204364911193714,0 2.0416199891952824,41.203215891582104,0 2.041395010646734,41.20206687119344,0 2.04117004,41.20091785,0 2.0408712714623283,41.199744509222235,0 2.040572513616937,41.198571167286794,0 2.0402737664630766,41.19739782422193,0 2.03997503,41.19622448,0 2.039395674505723,41.195163992346316,0 2.0388163376750503,41.194103501452155,0 2.0382370195068518,41.1930430073459,0 2.03765772,41.19198251,0 2.0370149304587177,41.19088807088462,0 2.0363721622791697,41.1897936278365,0 2.0357294154600374,41.18869918088412,0 2.03508669,41.18760473,0 2.0341920361531516,41.186649908312404,0 2.0332974082050317,41.185695079406806,0 2.0324028061543955,41.184740243311786,0 2.03150823,41.1837854,0 2.030448167847824,41.18291032495627,0 2.0293881337978115,41.18203523993185,0 2.028328127848893,41.18116014495551,0 2.02726815,41.18028504,0 2.0260715833571745,41.17951860888308,0 2.0248750444766914,41.17875216516759,0 2.023678533357862,41.177985708882304,0 2.02248205,41.17721924,0 2.021199861772955,41.17647653912353,0 2.0199177023643116,41.17573382382146,0 2.0186355717735123,41.17499109412267,0 2.01735347,41.17424835,0 2.016068329662007,41.17351395171534,0 2.0147832178830267,41.172779538943885,0 2.013498134662533,41.172045111714496,0 2.01221308,41.17131067,0 2.0109306737709542,41.17060224410664,0 2.009648295028233,41.16989380379899,0 2.0083659437713943,41.16918534910584,0 2.00708362,41.16847688,0 2.00580289816809,41.16775713655634,0 2.00452220422444,41.16703737873191,0 2.0032415381685698,41.16631760655553,0 2.0019609,41.16559782,0
                </coordinates>
            </LineString>
        </Placemark>
        

        <Placemark>
            <name>Route VLG15SY</name>
            <Style>
                <LineStyle>
                    <color>ff00a5ff</color> <!-- naranja -->
                    <width>2</width>
                </LineStyle>
            </Style>
            <LineString>
                <tessellate>1</tessellate>
                <coordinates>
                    2.09693968,41.29011785,0 2.0964452890595884,41.289952876276146,0 2.095950900589365,41.289787900400306,0 2.0954565145893476,41.289622922400284,0 2.0949621310595536,41.2894579422761,0 2.09446775,41.28929296,0 2.0937424686029433,41.28902305189262,0 2.0930171931372334,41.28875313918083,0 2.092291923602907,41.28848322189253,0 2.09156666,41.2882133,0 2.090758164352146,41.287923481054605,0 2.089949675802821,41.2876336563968,0 2.0891411943520857,41.287343826054496,0 2.08833272,41.28705399,0 2.0874754336218673,41.286761859609776,0 2.0866181548290994,41.286469722803645,0 2.0857608836217816,41.286177579609614,0 2.08490362,41.28588543,0 2.0839183351396104,41.285553442683,0 2.0829330601860576,41.28522144690125,0 2.081947795139475,41.28488944268279,0 2.08096254,41.28455743,0 2.0799978421810033,41.284207987168124,0 2.079033154574606,41.28385853621475,0 2.0780684771809055,41.28350907716792,0 2.07710381,41.28315961,0 2.0761414678744003,41.28282511210358,0 2.075179135499124,41.28249060612868,0 2.0742168128742864,41.28215609210338,0 2.0732545,41.28182157,0 2.0723131904836087,41.28148219408551,0 2.071371890644749,41.28114281043791,0 2.070430600483516,41.28080341908529,0 2.06948932,41.28046402,0 2.06858398104705,41.28012489822321,0 2.0676786513960215,41.27978576928822,0 2.066773331046982,41.27944663322304,0 2.06586802,41.27910749,0 2.0650160680698253,41.278670657042746,0 2.064164127426489,41.278233817714224,0 2.0633121980699074,41.27779697204252,0 2.06246028,41.27736012,0 2.0616777895484533,41.27685612809768,0 2.060895311064736,41.27635213078747,0 2.0601128445486507,41.275848128097465,0 2.05933039,41.27534412,0 2.058805514693721,41.27460050134745,0 2.058280651258617,41.27385688012052,0 2.057755799694205,41.27311325634727,0 2.05723096,41.27236963,0 2.0565378380472645,41.27183251889932,0 2.0558447273965204,41.27129540352302,0 2.0551516280475153,41.27075828389913,0 2.05445854,41.27022116,0 2.054024788446953,41.269511232687954,0 2.0535910462628535,41.268801303574556,0 2.053157313447327,41.26809137268783,0 2.05272359,41.26738144,0 2.052484025907112,41.266552663552886,0 2.052244467876349,41.265723886394454,0 2.052004915907411,41.26489510855275,0 2.05176537,41.26406633,0 2.051664996103275,41.26322610043579,0 2.0515646248044543,41.2623858705717,0 2.0514642561034067,41.261545640435685,0 2.05136389,41.26070541,0 2.0513157229792833,41.25981346286499,0 2.051267557305759,41.25892151547729,0 2.0512193929793554,41.25802956786488,0 2.05117123,41.25713762,0 2.0511576568877303,41.25625084533027,0 2.0511440841836546,41.255364070431014,0 2.051130511887752,41.254477295330176,0 2.05111694,41.25359052,0 2.051111214680043,41.25264420286843,0 2.051105489573399,41.25169788548185,0 2.0510997646800546,41.2507515678683,0 2.05109404,41.24980525,0 2.051116045882713,41.24884895037822,0 2.0511380511769275,41.24789265049491,0 2.051160055882678,41.24693635037811,0 2.05118206,41.24598005,0 2.051249162583185,41.244664590496754,0 2.051316262583116,41.24334913049664,0 2.05138336,41.24203367,0 2.0514679837778336,41.2410311104913,0 2.0515526050370085,41.24002855064565,0 2.0516372237776794,41.23902599049113,0 2.05172184,41.23802343,0 2.05183473270284,41.23699351308066,0 2.051947621936976,41.2359635957648,0 2.0520605077026235,41.23493367808049,0 2.05217339,41.23390376,0 2.0522934233364696,41.23281714314483,0 2.0524134527817885,41.231730525850324,0 2.052533478336213,41.23064390814462,0 2.0526535,41.22955729,0 2.05279897963166,41.228464758233336,0 2.0529444545086704,41.22737222596833,0 2.053089924631345,41.22627969323313,0 2.05323539,41.22518716,0 2.053375432184437,41.22404223825553,0 2.0535154695790276,41.222897315997905,0 2.0536555021841045,41.221752393255294,0 2.05379553,41.22060747,0 2.053948682767976,41.21947703829052,0 2.0541018303570655,41.218346606044555,0 2.054254972767622,41.217216173290275,0 2.05440811,41.21608574,0 2.0545482746965384,41.21493956575424,0 2.0546884345951626,41.213793390996194,0 2.0548285896962053,41.21264721575402,0 2.05496874,41.21150104,0 2.0550913663765695,41.2103371982099,0 2.0552139885018934,41.209173355937025,0 2.0553366063762697,41.20800951320963,0 2.05545922,41.20684567,0 2.055584326453062,41.20569162570786,0 2.0557094286038815,41.204537580934335,0 2.055834526452761,41.20338353570762,0 2.05595962,41.20222949,0 2.0560530524247262,41.20104231564835,0 2.056146481566144,41.199855140854986,0 2.0562399074244895,41.1986679656481,0 2.05633333,41.19748079,0 2.05643209261052,41.196317168139466,0 2.0565308518138665,41.19515354584315,0 2.0566296076102795,41.19398992313923,0 2.05672836,41.1928263,0 2.056806306584913,41.19163999061192,0 2.0568842504464193,41.19045368080639,0 2.056962191584716,41.189267370611645,0 2.05704013,41.18808106,0 2.0570974204427,41.186906455566486,0 2.057154708923506,41.185731850745825,0 2.0572119954425587,41.18455724556624,0 2.05726928,41.18338264,0 2.057239313319444,41.182229443025676,0 2.0572093477593105,41.18107624569143,0 2.057179383319521,41.17992304802547,0 2.05714942,41.17876985,0 2.0567385736028916,41.17762865023225,0 2.0563277414711614,41.17648744863343,0 2.0559169236038506,41.175346245231886,0 2.05550612,41.17420504,0 2.0550028038749963,41.17306635383446,0 2.054499505167431,41.171927665103,0 2.0539962238761498,41.17078897383406,0 2.05349296,41.16965028,0 2.0529089281675335,41.16854749494851,0 2.0523249158908667,41.16744470658838,0 2.051740923168767,41.16634191494806,0 2.05115695,41.16523912,0 2.0504102524238625,41.16420640771173,0 2.049663578232692,41.16317369027258,0 2.048916927425176,41.16214096771117,0 2.0481703,41.16110824,0 2.0474160616672563,41.16006367786735,0 2.046661847223913,41.159019110480095,0 2.0459076566686134,41.15797453786681,0 2.04515349,41.15692996,0 2.0443950571029426,41.15590360793383,0 2.0436366478047967,41.15487725056874,0 2.042878262104253,41.153850887933295,0 2.0421199,41.15282452,0 2.041360033960615,41.15178143547422,0 2.0406001919483936,41.150738345622564,0 2.039840373961975,41.14969525047366,0 2.03908058,41.14865215,0 2.03831163056315,41.14759559316462,0 2.0375427057518087,41.14653903087642,0 2.0367738055645623,41.145482463164036,0 2.03600493,41.14442589,0 2.0352446634584624,41.14336861299066,0 2.0344844212788846,41.14231133064449,0 2.0337242034598644,41.14125404299009,0 2.03296401,41.14019675,0 2.0322264824819114,41.13915224503506,0 2.031488978310103,41.138107735037025,0 2.0307514974832435,41.13706322003452,0 2.03001404,41.1360187,0 2.0292532528120937,41.13494324801278,0 2.0284924904170953,41.13386779067395,0 2.0277317528135494,41.13279232801219,0 2.02697104,41.13171686,0
                </coordinates>
            </LineString>
        </Placemark>
        

        <Placemark>
            <name>Route VLG7EY</name>
            <Style>
                <LineStyle>
                    <color>ff00a5ff</color> <!-- naranja -->
                    <width>2</width>
                </LineStyle>
            </Style>
            <LineString>
                <tessellate>1</tessellate>
                <coordinates>
                    2.09630895,41.28988001,0 2.0956660660032274,41.28965759541738,0 2.095023186337613,41.28943517721385,0 2.0943803110031927,41.289212755417324,0 2.09373744,41.28899033,0 2.092970505285658,41.28871160770173,0 2.0922035770475116,41.28843288025962,0 2.0914366552856096,41.288154147701626,0 2.09066974,41.28787541,0 2.090023829194817,41.28765039128196,0 2.089377922792192,41.28742536890896,0 2.0887320207921576,41.287200342908875,0 2.0880861231947487,41.286975313281836,0 2.08744023,41.28675028,0 2.0865317994740034,41.28643469328908,0 2.085623377631941,41.28611909937603,0 2.0847149644739074,41.2858034982889,0 2.08380656,41.28548789,0 2.082860070722203,41.285155894210504,0 2.0819135909628668,41.2848238906046,0 2.080967120722098,41.284491879210314,0 2.08002066,41.28415986,0 2.0790872628234927,41.283813873895866,0 2.0781538754312705,41.28346788018509,0 2.0772204978234132,41.28312187889566,0 2.07628713,41.28277587,0 2.075348538476035,41.28244702401574,0 2.074409956301311,41.28211817034489,0 2.073471383475932,41.28178930901553,0 2.07253282,41.28146044,0 2.0715882305756597,41.28112436916453,0 2.07064365076748,41.2807882905433,0 2.0696990805755604,41.280452204164334,0 2.06875452,41.28011611,0 2.0678402366053055,41.279733715950215,0 2.0669259638070594,41.27935131459088,0 2.0660117016052837,41.27896890595003,0 2.06509745,41.27858649,0 2.064377694026371,41.278022956902305,0 2.063657950368687,41.27745941919363,0 2.0629382190266603,41.276895876902074,0 2.0622185,41.27633233,0 2.0615829097786658,41.27572047794395,0 2.060947331371786,41.27510862224917,0 2.060311764779013,41.27449676294375,0 2.05967621,41.2738849,0 2.059247520981745,41.27316851263562,0 2.058818841309245,41.27245212350478,0 2.0583901709821224,41.27173573263547,0 2.05796151,41.27101934,0 2.057713771188316,41.270242356072885,0 2.057466038251269,41.269465371421134,0 2.057218311188587,41.268688386072775,0 2.05697059,41.2679114,0 2.0568292072451935,41.26710332554754,0 2.0566878279937044,41.26629525072071,0 2.0565464522453634,41.26548717554746,0 2.05640508,41.2646791,0 2.056321240424434,41.26356291707829,0 2.0562374037578324,41.26244673374488,0 2.05615357,41.26133055,0 2.0561437270630596,41.260487240300904,0 2.0561338844174224,41.25964393039186,0 2.056124042063074,41.25880062030083,0 2.0561142,41.25795731,0 2.056120390184937,41.25706729032909,0 2.0561265802465782,41.256177270429404,0 2.05613277018493,41.25528725032897,0 2.05613896,41.25439723,0 2.056171121247009,41.253499550344316,0 2.056203281662648,41.252601870449716,0 2.056235441246963,41.25170419034422,0 2.0562676,41.25080651,0 2.0563218047108354,41.249881447885215,0 2.0563760079477253,41.24895638550425,0 2.056430209710752,41.2480313228851,0 2.05648441,41.24710626,0 2.056549315169302,41.24617825040211,0 2.056614218559002,41.24525024052678,0 2.0566791201692016,41.244322230402,0 2.05674402,41.24339422,0 2.056795424668665,41.24243422790482,0 2.056846827891497,41.24147423553036,0 2.0568982296685805,41.240514242904666,0 2.05694963,41.23955425,0 2.056984003969861,41.23856191791023,0 2.0570183769597743,41.23756958553758,0 2.057052748969801,41.23657725291009,0 2.05708712,41.23558492,0 2.057143317443626,41.23459729542943,0 2.057199513258103,41.23360967056318,0 2.0572557074435283,41.232622045429295,0 2.0573119,41.23163442,0 2.0573531243297474,41.23061218043696,0 2.057394347439612,41.22958994057318,0 2.0574355693296713,41.22856770043679,0 2.05747679,41.22754546,0 2.05750990648146,41.2265015404456,0 2.0575430219752384,41.22545762058468,0 2.0575761364813974,41.22441370044541,0 2.05760925,41.22336978,0 2.057632376011078,41.222321182941876,0 2.057655501348075,41.22127258557975,0 2.0576786260110347,41.2202239879417,0 2.05770175,41.21917539,0 2.0577057951013003,41.21810699045156,0 2.0577098401350633,41.217038590592644,0 2.057713885101295,41.21597019045138,0 2.05771793,41.21490179,0 2.057702319126751,41.213811175473175,0 2.057686708835693,41.21272056062145,0 2.0576710991267886,41.211629945472964,0 2.05765549,41.21053933,0 2.057643699308283,41.20943762297922,0 2.05763190907773,41.20833591562951,0 2.057620119308312,41.20723420797903,0 2.05760833,41.2061325,0 2.057596964333403,41.205036152973484,0 2.0575855991112233,41.20393980562186,0 2.057574234333432,41.202843457973295,0 2.05756287,41.20174711,0 2.0575464415548566,41.20062246299774,0 2.0575300137398367,41.1994978156542,0 2.057513586554898,41.198373167997524,0 2.05749716,41.19724852,0 2.057477016353406,41.1961132705074,0 2.0574568734712426,41.19497802066707,0 2.0574367313534574,41.19384277050718,0 2.05741659,41.19270752,0 2.05739854396521,41.19157569300195,0 2.0573804986203106,41.19044386565981,0 2.057362453965256,41.189312038001745,0 2.05734441,41.18818021,0 2.0573089830235314,41.1870216730369,0 2.05727355736477,41.185863135706384,0 2.057238133023623,41.18470459803668,0 2.05720271,41.18354606,0 2.057108224985316,41.18240299562839,0 2.057013743313908,41.181259930828354,0 2.056919264985546,41.180116865628136,0 2.05682479,41.1789738,0 2.0563636565458685,41.17785851578389,0 2.0559025387285046,41.17674322936894,0 2.055441436546888,41.17562794078352,0 2.05498035,41.17451265,0 2.0545924777826072,41.17339880246713,0 2.054204618710719,41.17228495327997,0 2.0538167727834713,41.17117110246683,0 2.05342894,41.17005725,0 2.05278067869969,41.16899651844615,0 2.0521324382670816,41.16793578291855,0 2.0514842187009323,41.166875043445685,0 2.05083602,41.1658143,0 2.0500350450358695,41.16478579880272,0 2.049234095048741,41.16375729172721,0 2.0484331700372413,41.16272877880211,0 2.04763227,41.16170026,0 2.0465598155865665,41.16078846282877,0 2.0454873907828888,41.15987665542849,0 2.0444149955877666,41.15896483782799,0 2.04334263,41.15805301,0 2.042107537646233,41.15720830265732,0 2.040872476862279,41.15636358186645,0 2.0396374476471855,41.15551884765638,0 2.03840245,41.1546741,0 2.0371030964403256,41.15389278722837,0 2.0358037735875567,41.153111459627866,0 2.034504481441009,41.15233011722746,0 2.03320522,41.15154876,0 2.0318555762672275,41.15079353894047,0 2.030505963356669,41.150038301910634,0 2.029156381267775,41.14928304893951,0 2.02780683,41.14852778,0 2.0264264519755786,41.14776069503683,0 2.0250461059678146,41.146993593372414,0 2.0236657919761436,41.1462264750358,0 2.02228551,41.14545934,0 2.0209259906668433,41.14469976678794,0 2.0195665025561613,41.14394017737391,0 2.018207045667398,41.14318057178697,0 2.01684762,41.14242095,0 2.015496481403926,41.14166863898667,0 2.0141453735389243,41.14091631197223,0 2.012794296404461,41.14016396898571,0 2.01144325,41.13941161,0 2.010063148412446,41.138627277533764,0 2.00868307955035,41.13784292836831,0 2.0073030434130783,41.13705856253275,0 2.00592304,41.13627418,0 2.004564257855043,41.135508999261106,0 2.0032055071404415,41.134743802338114,0 2.00184678785562,41.13397858926011,0 2.0004881,41.13321336,0 1.9991220985920843,41.1324237570311,0 1.9977561297898894,41.1316341376981,0 1.9963901935927493,41.13084450203007,0 1.99502429,41.13005485,0 1.9936500616056734,41.129278122313956,0 1.992275865474636,41.128501378075235,0 1.9909017016062809,41.12772461731295,0 1.98952757,41.12694784,0 1.9881587310414544,41.1261589446283,0 1.9867899247223793,41.125370032827675,0 1.9854211510421145,41.124581104627254,0 1.98405241,41.12379216,0 1.9826887464703615,41.12300715194046,0 1.981325115294248,41.12222212757727,0 1.9799615164710103,41.12143708693946,0 1.97859795,41.12065203,0 1.9772229570713513,41.119843007357716,0 1.975847997762292,41.11903396813354,0 1.9744730720720867,41.118224912356645,0 1.97309818,41.11741584,0
                </coordinates>
            </LineString>
        </Placemark>
        

        <Placemark>
            <name>Route VLG76GZ</name>
            <Style>
                <LineStyle>
                    <color>ff00a5ff</color> <!-- naranja -->
                    <width>2</width>
                </LineStyle>
            </Style>
            <LineString>
                <tessellate>1</tessellate>
                <coordinates>
                    2.09613221,41.28979343,0 2.095397993953286,41.289537242058074,0 2.0946637836043482,41.28928104940142,0 2.093929578953236,41.28902485205798,0 2.09319538,41.28876865,0 2.0923573463100222,41.28847478668704,0 2.0915193200799806,41.28818091724002,0 2.090681301309949,41.2878870416869,0 2.08984329,41.28759316,0 2.0889188837436805,41.287265666173234,0 2.087994486658178,41.28693816488824,0 2.087070098743586,41.28661065617304,0 2.08614572,41.28628314,0 2.0851730821127687,41.28593499486763,0 2.084200454483621,41.28558684148075,0 2.083227837112663,41.28523867986741,0 2.08225523,41.28489051,0 2.0812704240131112,41.28453328017977,0 2.08028562868408,41.28417604189694,0 2.0793008440130083,41.283818795179556,0 2.07831607,41.28346154,0 2.0775459727056322,41.28317664034518,0 2.076775882058403,41.28289173550372,0 2.076005798058358,41.28260682550361,0 2.0752357207055416,41.28232191034496,0 2.07446565,41.28203699,0 2.0735594718370987,41.28159634328287,0 2.0726533057828402,41.28115568936773,0 2.0717471518371613,41.28071502828262,0 2.07084101,41.28027436,0 2.0700457863039166,41.27968906339995,0 2.069250576738772,41.27910376119046,0 2.0684553813042417,41.27851845339969,0 2.0676602,41.27793314,0 2.0667247790594283,41.277078867825985,0 2.0657893823930844,41.27622458782581,0 2.06485401,41.2753703,0 2.064337170089872,41.274631963735715,0 2.0638203417868093,41.273893624971535,0 2.063303525090342,41.273155283735505,0 2.06278672,41.27241694,0 2.06234017945035,41.271654107867725,0 2.0618936492674322,41.27089127381425,0 2.0614471294507974,41.27012843786757,0 2.06100062,41.2693656,0 2.0606120121920695,41.26850351980142,0 2.0602234145897675,41.26764143805917,0 2.0598348271925815,41.26677935480125,0 2.05944625,41.26591727,0 2.059139850486197,41.26506008155025,0 2.058833458981866,41.26420289205762,0 2.058527075486602,41.263345701550094,0 2.0582207,41.26248851,0 2.0580176290667196,41.26158339339213,0 2.0578145637558296,41.26067827618012,0 2.0576115040670246,41.25977315839199,0 2.05740845,41.25886804,0 2.0572138766741466,41.25793590336627,0 2.057019308899069,41.25700376614565,0 2.0568247466744567,41.25607162836612,0 2.05663019,41.25513949,0 2.0564229407670256,41.25416871346129,0 2.0562156976896064,41.25319793627234,0 2.0560084607673836,41.25222715846115,0 2.05580123,41.25125638,0 2.055594083038007,41.25026113597858,0 2.0553869423842595,41.24926589129536,0 2.0551798080383827,41.24827064597841,0 2.05497268,41.2472754,0 2.054763630214587,41.24625552100732,0 2.0545545869530484,41.245235641333664,0 2.0543455502149857,41.24421576100714,0 2.05413652,41.24319588,0 2.05391518208593,41.242170148580676,0 2.0536938511148572,41.24114441643145,0 2.053472527086356,41.240118683580484,0 2.05325121,41.23909295,0 2.0530244291032673,41.23804527862933,0 2.052797655471327,41.236997606496324,0 2.0525708891037233,41.2359499336291,0 2.05234413,41.23490226,0 2.0520815367749954,41.23380312140154,0 2.0518189523670465,41.23270398185925,0 2.0515563767755745,41.231604841401285,0 2.05129381,41.2305057,0 2.0510093256946824,41.22940745655698,0 2.0507248509266596,41.22830921206651,0 2.0504403856953073,41.227210966556726,0 2.05015593,41.22611272,0 2.0498600500120028,41.22500598914981,0 2.0495641800164432,41.223899257190254,0 2.049268320012662,41.22279252414954,0 2.04897247,41.22168579,0 2.0486623617047126,41.22057250176731,0 2.048352263940082,41.21945921234692,0 2.0480421767054104,41.218345921767025,0 2.0477321,41.21723263,0 2.0473921698870083,41.21609943953748,0 2.0470522515165377,41.21496624770713,0 2.0467123448877986,41.21383305453719,0 2.04637245,41.21269986,0 2.0460468008655344,41.21158274189752,0 2.045721162821204,41.21046562252051,0 2.0453955358662714,41.20934850189722,0 2.04506992,41.20823138,0 2.0447148392896928,41.20710908716331,0 2.044359770720129,41.20598679287489,0 2.0440047142905007,41.204864497163015,0 2.04364967,41.2037422,0 2.043276515978082,41.20262616482903,0 2.0429033746380005,41.20151012809585,0 2.042530245978919,41.2003940898287,0 2.04215713,41.19927805,0 2.0416310731997966,41.198160691626576,0 2.0411050342671655,41.19704333049252,0 2.0405790132009516,41.19592596662619,0 2.04005301,41.1948086,0 2.0392846275197343,41.19380829061715,0 2.0385162683604805,41.19280797581317,0 2.0377479325209857,41.191807655616614,0 2.03697962,41.19080733,0 2.0360952924359252,41.18981132310682,0 2.0352109915821446,41.188815309132664,0 2.034326717437291,41.18781928810616,0 2.03344247,41.18682326,0 2.0323876087429316,41.185962587303585,0 2.031332774991256,41.18510190472829,0 2.0302779687439525,41.18424121230286,0 2.02922319,41.18338051,0 2.028065542904502,41.18257991521603,0 2.026907923873213,41.18177930861153,0 2.025750332905318,41.180978690215255,0 2.02459277,41.18017806,0 2.023349527115247,41.17941831535753,0 2.022106312820757,41.17865855713349,0 2.020863127115888,41.1778987853567,0 2.01961997,41.177139,0 2.0183818846070105,41.176420277663794,0 2.017143826143019,41.17570154187523,0 2.0159057946075176,41.17498279266305,0 2.01466779,41.17426403,0 2.0134147278008663,41.17352213316187,0 2.0121616937348707,41.17278022253926,0 2.0109086878014404,41.172038298161056,0 2.00965571,41.17129636,0 2.008414360829856,41.17055681277958,0 2.0071730394401905,41.169817252029574,0 2.0059317458304293,41.16907767777879,0 2.00469048,41.16833809,0 2.003431872473899,41.16759363834188,0 2.0021732932989176,41.166849172779294,0 2.0009147424744778,41.16610469334107,0 1.99965622,41.1653602,0
                </coordinates>
            </LineString>
        </Placemark>
        

        <Placemark>
            <name>Route VLG68LT</name>
            <Style>
                <LineStyle>
                    <color>ff00a5ff</color> <!-- naranja -->
                    <width>2</width>
                </LineStyle>
            </Style>
            <LineString>
                <tessellate>1</tessellate>
                <coordinates>
                    2.09729791,41.29016076,0 2.096694044491186,41.289959949781256,0 2.0960901826548928,41.2897591363657,0 2.0954863244911532,41.28955831978119,0 2.09488247,41.2893575,0 2.0941638995987892,41.28911546925927,0 2.0934453344650175,41.288873434003044,0 2.0927267745987366,41.28863139425921,0 2.09200822,41.28838935,0 2.091213569818241,41.288107378264236,0 2.0904189264242814,41.28782540100961,0 2.0896242898181816,41.28754341826411,0 2.08882966,41.28726143,0 2.087958637792088,41.286952984923026,0 2.087087623722731,41.286644533221335,0 2.0862166177920085,41.28633607492288,0 2.08534562,41.28602761,0 2.084439160042265,41.28572508573821,0 2.0835327083896145,41.285422554308234,0 2.0826262650421565,41.285120015738045,0 2.08171983,41.28481747,0 2.0807917869525587,41.28450799125402,0 2.0798637526033343,41.28419850499595,0 2.0789357269524427,41.28388901125384,0 2.07800771,41.28357951,0 2.0771327111035283,41.283292782505626,0 2.076257719804636,41.28300604833145,0 2.075382736103426,41.28271930750548,0 2.07450776,41.28243256,0 2.07362340230352,41.2821166077284,0 2.0727390530713063,41.281800648628476,0 2.07185471230344,41.28148468272825,0 2.07097038,41.28116871,0 2.070184605727696,41.28076944562099,0 2.0693988409703006,41.2803701758186,0 2.0686130857277556,41.27997090062083,0 2.06782734,41.27957162,0 2.0671567713493486,41.279042835996904,0 2.066486213465957,41.27851404798646,0 2.0658156663495877,41.27798525599672,0 2.06514513,41.27745646,0 2.0647561546769073,41.276734629716124,0 2.0643671879027785,41.27601279794545,0 2.0639782296772604,41.275290964715985,0 2.06358928,41.27456913,0 2.063116468272486,41.27402508806324,0 2.0626436643634616,41.27348104407494,0 2.0621708682727062,41.27293699806313,0 2.06169808,41.27239295,0 2.0614436464760137,41.271660808590255,0 2.0611892186348486,41.270928666444334,0 2.060934796476259,41.270196523590165,0 2.06068038,41.26946438,0 2.0604172364826674,41.26875670113479,0 2.0601540986437143,41.268049021503714,0 2.059890966482904,41.26734134113473,0 2.05962784,41.26663366,0 2.0594061576521487,41.2659097183804,0 2.059184480203005,41.265185776164515,0 2.0589628076523594,41.26446183338031,0 2.05874114,41.26373789,0 2.0585291853352854,41.262999835832844,0 2.0583172354471877,41.26226178110112,0 2.058105290335496,41.26152372583277,0 2.05789335,41.26078567,0 2.0576599441913777,41.260008143481414,0 2.0574265439220074,41.25923061629921,0 2.057193149191633,41.25845308848132,0 2.05695976,41.25767556,0 2.0567356568675095,41.25688315843433,0 2.0565115591568497,41.2560907562364,0 2.056287466867765,41.25529835343422,0 2.05606338,41.25450595,0 2.055855499754804,41.2536928883548,0 2.055647624673239,41.25287982613036,0 2.0554397547550542,41.252066763354684,0 2.05523189,41.2512537,0 2.055026297247859,41.25043091334805,0 2.0548207096639812,41.24960812612136,0 2.054615127248113,41.24878533834795,0 2.05440955,41.24796255,0 2.0541744730487137,41.24708470605478,0 2.0539394023985045,41.246206861396985,0 2.053704338049043,41.245329016054654,0 2.05346928,41.24445117,0 2.0532538263020217,41.24357020344007,0 2.0530383784028996,41.24268923624403,0 2.0528229363023276,41.241808268439925,0 2.0526075,41.2409273,0 2.0523717727716972,41.240026176073584,0 2.0521360520291623,41.239125051422064,0 2.0519003377720457,41.23822392607346,0 2.05166463,41.2373228,0 2.0514214921337874,41.236391761140766,0 2.051178361178639,41.23546072151161,0 2.0509352371341714,41.234529681140614,0 2.05069212,41.23359864,0 2.050443946599512,41.23263943369308,0 2.050195780466294,41.23168022658134,0 2.049947621599929,41.23072101869291,0 2.04969947,41.22976181,0 2.049452434203917,41.22880730368135,0 2.049205405605496,41.2278527965657,0 2.048958384204327,41.22689828868117,0 2.04871137,41.22594378,0 2.048451068320913,41.22496353628807,0 2.0481907744281873,41.22398329170801,0 2.047930488321368,41.22300304628789,0 2.04767021,41.2220228,0 2.047403225137009,41.22101105135756,0 2.047136248516343,41.21999930180065,0 2.046869280137506,41.21898755135737,0 2.04660232,41.2179758,0 2.0463098436727165,41.21694222906095,0 2.0460173765640004,41.21590865707178,0 2.045724918673284,41.2148750840607,0 2.04543247,41.21384151,0 2.0451464962875727,41.2127933390221,0 2.0448605317171444,41.21174516702001,0 2.0445745762881438,41.21069699402187,0 2.04428863,41.20964882,0 2.044007251543877,41.20860340648457,0 2.043725882058875,41.20755799196996,0 2.0434445215444357,41.20651257648435,0 2.04316317,41.20546716,0 2.042864183082897,41.20441255662498,0 2.0425652057775983,41.20335795215715,0 2.0422662380835,41.20230334662473,0 2.04196728,41.20124874,0 2.0416205633054685,41.20019457952755,0 2.0412738577410874,41.19914041769392,0 2.0409271633061628,41.198086254527304,0 2.04058048,41.19703209,0 2.039941624730429,41.196077448207774,0 2.0393027879745573,41.19512280260078,0 2.038663969731406,41.194168153207386,0 2.03802517,41.1932135,0 2.0372926337029917,41.19227463736823,0 2.0365601182713537,41.19133576981467,0 2.035827623704039,41.190396897367776,0 2.03509515,41.18945802,0 2.0343425749096133,41.18857906271091,0 2.0335900198800956,41.1877001002716,0 2.0328374849105297,41.18682113271047,0 2.03208497,41.18594216,0 2.031077173933297,41.185154525990875,0 2.030069401911587,41.184366882978104,0 2.0290616539340833,41.18357923099027,0 2.02805393,41.18279157,0 2.0269528758739392,41.18205911351023,0 2.0258518461656614,41.181326646337205,0 2.024750840874553,41.18059416850958,0 2.02364986,41.17986168,0 2.022535149506568,41.17916042388318,0 2.0214204626757697,41.1784591568345,0 2.0203057995070868,41.17775787888257,0 2.01919116,41.17705659,0 2.01806033628152,41.1763511443548,0 2.0169295367090427,41.175645687463295,0 2.015798761282044,41.174940219354156,0 2.01466801,41.17423474,0 2.01352432983364,41.173557357217014,0 2.012380673111812,41.17287996294627,0 2.0112370398340773,41.17220255721639,0 2.01009343,41.17152514,0 2.008922358934841,41.170846615540285,0 2.0077513119134047,41.17016807904396,0 2.006580288935266,41.16948953053966,0 2.00540929,41.16881097,0 2.0042483294352156,41.168135997730985,0 2.003087392580568,41.16746101363155,0 2.0019264794356357,41.16678601773034,0 2.00076559,41.16611101,0 1.999574912296148,41.16541327115106,0 1.9983842597285109,41.16471551985828,0 1.997193632296618,41.164017756150365,0 1.99600303,41.16331998,0 1.9948378739800976,41.16263875785937,0 1.993672741973754,41.16195752380273,0 1.9925076339805334,41.16127627785874,0 1.99134255,41.16059502,0 1.9901575679917205,41.15990676346766,0 1.9889726106559238,41.15921849461373,0 1.9877876779921653,41.158530213466975,0 1.98660277,41.15784192,0 1.985424780786573,41.15715505825117,0 1.9842468160490603,41.15646818432512,0 1.983068875787018,41.155781298250524,0 1.98189096,41.1550944,0 1.980706605046135,41.15439742345137,0 1.9795222750618278,41.153700434592,0 1.9783379700466066,41.153003433450664,0 1.97715369,41.15230642,0
                </coordinates>
            </LineString>
        </Placemark>
        

        <Placemark>
            <name>Route VLG5YL</name>
            <Style>
                <LineStyle>
                    <color>ff00a5ff</color> <!-- naranja -->
                    <width>2</width>
                </LineStyle>
            </Style>
            <LineString>
                <tessellate>1</tessellate>
                <coordinates>
                    2.09510561,41.28942227,0 2.094406645017719,41.289186643897054,0 2.093707685023593,41.28895101352007,0 2.093008730017671,41.288715378896974,0 2.09230978,41.28847974,0 2.091521567862335,41.28821061562823,0 2.0907333621497357,41.28794148582827,0 2.0899451628622683,41.28767235062812,0 2.08915697,41.28740321,0 2.088267597045118,41.28708266784628,0 2.087378232726772,41.28676211878564,0 2.0864888770450394,41.28644156284609,0 2.08559953,41.286121,0 2.0846676194491085,41.28581271634718,0 2.0837357175987306,41.28550442512019,0 2.0828038244489875,41.28519612634702,0 2.08187194,41.28488782,0 2.080922378827867,41.284570874280746,0 2.0799728267704065,41.28425392069824,0 2.079023283827743,41.283936959280545,0 2.07807375,41.28361999,0 2.0771615163522337,41.283290758382954,0 2.0762492918029216,41.282961519501214,0 2.0753370763521493,41.28263227338277,0 2.07442487,41.28230302,0 2.0734969350775785,41.28194919626635,0 2.072569010103394,41.2815953650124,0 2.071641095077512,41.281241526266164,0 2.07071319,41.28088768,0 2.0698122362467455,41.280490945641915,0 2.068911293328997,41.28009420417978,0 2.06801036124675,41.27969745564168,0 2.06710944,41.2793007,0 2.06637686501159,41.278776434625236,0 2.065644301682275,41.278252164490894,0 2.064911750011823,41.277727889625034,0 2.06417921,41.27720361,0 2.0635968375164118,41.27654513212652,0 2.0630144766888123,41.275886651159304,0 2.0624321275168067,41.27522816712635,0 2.06184979,41.27456968,0 2.061462063085836,41.27375600476047,0 2.061074345781416,41.27294232800457,0 2.0606866380862887,41.272128649760305,0 2.06029894,41.27131497,0 2.0600072655933306,41.270609498840784,0 2.0597155974579464,41.26990402677837,0 2.059423935593589,41.2691985538407,0 2.05913228,41.26849308,0 2.0589618660565296,41.26766972317702,0 2.0587914564088474,41.26684636589334,0 2.0586210510567415,41.266023008176916,0 2.05845065,41.26519965,0 2.0583696817781134,41.264342155400264,0 2.058288715704226,41.26348466052434,0 2.0582077517782245,41.262627165400175,0 2.05812679,41.26176967,0 2.0580386513647757,41.26087998293769,0 2.057950515153121,41.25999029557422,0 2.0578623813649055,41.259100607937576,0 2.05777425,41.25821092,0 2.0577157500263685,41.25730743788768,0 2.0576572517018836,41.256403955507544,0 2.057598755026458,41.25550047288757,0 2.05754026,41.25459699,0 2.0575070735478365,41.25368174786291,0 2.057473888063817,41.25276650547452,0 2.0574407035478894,41.25185126286282,0 2.05740752,41.25093602,0 2.0573952468979684,41.249991322868865,0 2.057382974197307,41.24904662548244,0 2.057370701897991,41.24810192786874,0 2.05735843,41.24715723,0 2.057349742029696,41.24617217539623,0 2.057341054372939,41.245187120518914,0 2.0573323670297134,41.244202065396095,0 2.05732368,41.24321701,0 2.0573338703791624,41.24222079790226,0 2.057344060505539,41.24122458552697,0 2.057354250379146,41.24022837290214,0 2.05736444,41.23923216,0 2.0573545044348083,41.23818423794297,0 2.0573445692464265,41.2371363155812,0 2.0573346344348313,41.2360883929428,0 2.0573247,41.23504047,0 2.057326742503785,41.233968040458954,0 2.0573287850050455,41.23289561060252,0 2.0573308275037836,41.231823180458775,0 2.05733287,41.23075075,0 2.0573344299759477,41.229639642989426,0 2.05733598996793,41.228528535643115,0 2.057337549975947,41.22741742798922,0 2.05733911,41.22630632,0 2.0573443451611104,41.22520533297978,0 2.057349580214808,41.224104345630266,0 2.0573548151611023,41.22300335797957,0 2.05736005,41.22190237,0 2.057352709513067,41.22076597050971,0 2.0573453693507693,41.219629570670136,0 2.0573380295130876,41.21849317050948,0 2.05733069,41.21735677,0 2.0573198918410442,41.216230038001434,0 2.057309094121412,41.2151033056591,0 2.0572982968410733,41.21397657300121,0 2.0572875,41.21284984,0 2.0572770243499465,41.211711525509706,0 2.057266549133281,41.210573210670134,0 2.0572560743499753,41.209434895509474,0 2.0572456,41.20829658,0 2.0572297190787854,41.20716753300302,0 2.0572138387717414,41.2060384856612,0 2.057197959078826,41.20490943800279,0 2.05718208,41.20378039,0 2.0571655365340233,41.202639775511685,0 2.0571489937120604,41.20149916067281,0 2.0571324515340663,41.200358545511484,0 2.05711591,41.19921793,0 2.0570981489762254,41.19808252050669,0 2.0570803886349975,41.1969471106661,0 2.0570626289762712,41.19581170050647,0 2.05704487,41.19467629,0 2.057025006354418,41.1935285580169,0 2.0570051434725922,41.19238082567973,0 2.05698528135447,41.19123309301667,0 2.05696542,41.19008536,0 2.056931863152385,41.188944538020706,0 2.0568983075365694,41.187803715684794,0 2.056864753152469,41.186662893020475,0 2.0568312,41.18552207,0 2.0567404251146733,41.18436437313201,0 2.056649653486382,41.1832066758332,0 2.0565588851149,41.18204897813177,0 2.05646812,41.18089128,0 2.056170574602063,41.17975960417189,0 2.0558730394698794,41.178627927219665,0 2.0555755146027557,41.17749624917159,0 2.055278,41.17636457,0 2.0547909711614976,41.17529073356934,0 2.0543039582159905,41.17421689474956,0 2.053816961162488,41.173143053569014,0 2.05332998,41.17206921,0 2.052728237788273,41.170984912707596,0 2.052126515385179,41.16990061193382,0 2.051524812789495,41.16881630770713,0 2.05092313,41.167732,0 2.0502246356457614,41.16665120684397,0 2.049526164195266,41.1655704091156,0 2.0488277156471373,41.16448960684345,0 2.04812929,41.1634088,0 2.0474044695456795,41.162333622326166,0 2.0466796727285073,41.161258439758484,0 2.045954899547082,41.160183252325595,0 2.04523015,41.15910806,0 2.0444845575837705,41.15800484774637,0 2.043738990112705,41.15690163031876,0 2.0429934475852876,41.155798407745785,0 2.04224793,41.15469518,0 2.0414727952484855,41.15356757335127,0 2.0406976869990756,41.15243996112522,0 2.039922605250128,41.1513123433506,0 2.03914755,41.15018472,0 2.038370232762263,41.14906050089064,0 2.0375929420174397,41.147936276177745,0 2.036815677763897,41.14681204589,0 2.03603844,41.14568781,0 2.0352586521506155,41.144549785950986,0 2.0344788912019425,41.14341175625816,0 2.033699157152298,41.1422737209503,0 2.03291945,41.14113568,0 2.0321328637882083,41.1399832386005,0 2.031346305052106,41.138830791457536,0 2.0305597737899506,41.13767833859981,0 2.02977327,41.13652588,0 2.028981585545345,41.135360081215254,0 2.0281899290616567,41.13419427661052,0 2.0273983005471403,41.13302846621456,0 2.0266067,41.13186265,0 2.0258008899733295,41.13070143650324,0 2.024995108298976,41.12954021699448,0 2.0241893549751344,41.12837899150251,0 2.02338363,41.12721776,0
                </coordinates>
            </LineString>
        </Placemark>
        

        <Placemark>
            <name>Route RYR2SY</name>
            <Style>
                <LineStyle>
                    <color>ff00a5ff</color> <!-- naranja -->
                    <width>2</width>
                </LineStyle>
            </Style>
            <LineString>
                <tessellate>1</tessellate>
                <coordinates>
                    2.09543577,41.28952358,0 2.094784720862565,41.28929919555492,0 2.0941336761500624,41.289074807397235,0 2.0934826358625283,41.288850415554855,0 2.0928316,41.28862602,0 2.0921081417556424,41.28837521185301,0 2.0913846890074907,41.288124399127994,0 2.0906612417555936,41.287873581852914,0 2.0899378,41.28762276,0 2.089128049969934,41.2873501110757,0 2.0883183066265283,41.287077456424925,0 2.0875085699698586,41.28680479607559,0 2.08669884,41.28653213,0 2.085832210013213,41.28621507732672,0 2.0849655883509057,41.285898018092915,0 2.0840989750131453,41.285580952326555,0 2.08323237,41.28526388,0 2.082399533705372,41.284965434075254,0 2.0815667049404514,41.284666982090975,0 2.0807338837053058,41.28436852407513,0 2.07990107,41.28407006,0 2.079040244488699,41.28373751970142,0 2.0781794276515666,41.28340497292583,0 2.0773186194886506,41.28307241970126,0 2.07645782,41.28273986,0 2.0756186845347266,41.2823999817252,0 2.0747795577129495,41.28206009729088,0 2.073940439534698,41.28172020672505,0 2.07310133,41.28138031,0 2.072270347703068,41.280988796567044,0 2.07143937527078,41.28059727707999,0 2.0706084127031015,41.28020575156687,0 2.06977746,41.27981422,0 2.0691168770763517,41.27930158581679,0 2.068456304435281,41.27878894774633,0 2.0677957420765694,41.27827630581661,0 2.06713519,41.27776366,0 2.0665561047266725,41.27718496453472,0 2.0659770296357562,41.27660626603691,0 2.065397964726962,41.27602756453456,0 2.06481891,41.27544886,0 2.0643987278626965,41.27481585249541,0 2.0639785538171185,41.274182843317874,0 2.063558387862981,41.27354983249532,0 2.06313823,41.27291682,0 2.062856990899559,41.27220918126416,0 2.062575757866247,41.2715015416762,0 2.062294530899811,41.27079390126406,0 2.06201331,41.27008626,0 2.0617707244958186,41.26936528350639,0 2.06152814432791,41.268644306332504,0 2.061285569496046,41.26792332850631,0 2.061043,41.26720235,0 2.060850693292688,41.26644160574246,0 2.0606583910570526,41.265680860980595,0 2.060466093292891,41.26492011574236,0 2.0602738,41.26415937,0 2.0600706550080856,41.26335490082532,0 2.0598675150109402,41.26255043109108,0 2.059664380008325,41.26174596082522,0 2.05946125,41.26094149,0 2.059276588073044,41.26012387823886,0 2.0590919307642097,41.2593062659758,0 2.0589072780732702,41.25848865323877,0 2.05872263,41.25767104,0 2.0585338951941106,41.25682729327534,0 2.0583451652589786,41.25598354602441,0 2.0581564401943573,41.25513979827522,0 2.05796772,41.25429605,0 2.0577613891701914,41.253415663390946,0 2.0575550638937843,41.25253527617854,0 2.057348744170484,41.251654888390824,0 2.05714243,41.2507745,0 2.0569242432893677,41.24985373348487,0 2.056706062719382,41.24893296630377,0 2.0564878882897055,41.24801219848473,0 2.05626972,41.24709143,0 2.0560460655053334,41.246165233519825,0 2.0558224173406785,41.24523903635038,0 2.0555987755056844,41.24431283851968,0 2.05537514,41.24338664,0 2.0551538533722002,41.24248648098677,0 2.0549325728298187,41.24158632130628,0 2.0547112983725278,41.24068616098663,0 2.05449003,41.239786,0 2.054209767677914,41.23882527391837,0 2.0539295135708646,41.23786454688174,0 2.053649267678383,41.23690381891817,0 2.05336903,41.23594309,0 2.0530996909181773,41.235003458823144,0 2.052830359557858,41.234063826754785,0 2.0525610359186093,41.233124193822995,0 2.05229172,41.23218456,0 2.0520267036384356,41.23124773878998,0 2.051761694851529,41.23031091671056,0 2.051496693638858,41.2293740937898,0 2.0512317,41.22843727,0 2.05093420897709,41.2274434740714,0 2.050636726969808,41.226449677085775,0 2.0503392539776217,41.22545587907121,0 2.05004179,41.22446208,0 2.0497646430679985,41.22352082137785,0 2.0494875040909615,41.22257956182771,0 2.0492103730684437,41.22163830137767,0 2.04893325,41.22069704,0 2.0486459124816703,41.21974429896087,0 2.0483585833092084,41.21879155693839,0 2.0480712624821424,41.21783881396067,0 2.04778395,41.21688607,0 2.04749003726516,41.215938264006525,0 2.047196133020532,41.21499045699926,0 2.046902237265638,41.21404264900633,0 2.04660835,41.21309484,0 2.0463068920084173,41.21215184906107,0 2.046005442678213,41.211208857071995,0 2.0457040020089012,41.210265864060894,0 2.04540257,41.20932287,0 2.045080010944514,41.20836898174071,0 2.044757461259705,41.20741509231149,0 2.0444349209450428,41.20646120174053,0 2.04411239,41.20550731,0 2.0437822854068717,41.20453941431468,0 2.0434521905428666,41.203571517410104,0 2.043122105407428,41.202603619314466,0 2.04279203,41.20163572,0 2.0424761112120224,41.2006802166846,0 2.042160201616376,41.19972471223668,0 2.041844301212542,41.19876920668441,0 2.04152841,41.1978137,0 2.0411407000874133,41.19682943986623,0 2.0407530017836644,41.195845178145504,0 2.040365315088083,41.194860914866005,0 2.03997764,41.19387665,0 2.039297872003192,41.19297172137318,0 2.03861812267153,41.19206678848798,0 2.037938392004103,41.1911618513728,0 2.03725868,41.19025691,0 2.0366107159777163,41.189357585818165,0 2.035962769637533,41.18845825774799,0 2.035314840978583,41.18755892581782,0 2.03466693,41.18665959,0 2.0337749795100524,41.185845915647455,0 2.032883051013959,41.18503223418695,0 2.0319911445108856,41.18421854564696,0 2.03109926,41.18340485,0 2.030023439338444,41.18267500029549,0 2.0289476424516684,41.18194514038425,0 2.027871869339058,41.1812152702949,0 2.02679612,41.18048539,0 2.025606193177689,41.179803711124,0 2.024416290903867,41.17912201982221,0 2.023226413178112,41.17844031612332,0 2.02203656,41.1777586,0 2.0208346855325896,41.17712668396545,0 2.0196328340436334,41.17649475527751,0 2.018431005532861,41.17586281396482,0 2.0172292,41.17523086,0 2.0159966153357676,41.174566484953964,0 2.0147640554479174,41.17390209659552,0 2.0135315203361084,41.1732376949533,0 2.01229901,41.17257328,0 2.0110551925642186,41.171865860339906,0 2.0098114017526023,41.17115842711001,0 2.008567637564685,41.170450980339126,0 2.0073239,41.16974352,0
                </coordinates>
            </LineString>
        </Placemark>
        

        <Placemark>
            <name>Route VLG2QW</name>
            <Style>
                <LineStyle>
                    <color>ff00a5ff</color> <!-- naranja -->
                    <width>2</width>
                </LineStyle>
            </Style>
            <LineString>
                <tessellate>1</tessellate>
                <coordinates>
                    2.09705769,41.29008446,0 2.096454789613468,41.28988777726525,0 2.095851892817935,41.28969109134435,0 2.095248999613434,41.28949440226522,0 2.09464611,41.28929771,0 2.093939387177519,41.289054096540596,0 2.0932326695699945,41.28881047871147,0 2.0925259571774726,41.28856685654051,0 2.09181925,41.28832323,0 2.0909959561151323,41.288018956372504,0 2.0901726698201393,41.28771467682064,0 2.0893493911150767,41.28741039137237,0 2.08852612,41.2871061,0 2.087659653675792,41.28681840481369,0 2.0867931949009915,41.286530703075535,0 2.0859267436756954,41.28624299481353,0 2.0850603,41.28595528,0 2.0841045080740814,41.285623094440254,0 2.083148725765367,41.28529090091094,0 2.0821929530739696,41.28495869944004,0 2.08123719,41.28462649,0 2.0802950887675307,41.28430564909891,0 2.079352996689964,41.283984800455826,0 2.078410913767416,41.28366394409872,0 2.07746884,41.28334308,0 2.0765356893431663,41.28303270887737,0 2.0756025474574753,41.28272233016045,0 2.0746694143430466,41.28241194387721,0 2.07373629,41.28210155,0 2.0728072787449126,41.28177568378236,0 2.0718782766598167,41.28144981003376,0 2.070949283744813,41.281123928782186,0 2.0700203,41.28079804,0 2.0691056512817227,41.28046797343998,0 2.068191011708907,41.280137899577234,0 2.0672763812816384,41.27980781843981,0 2.06636176,41.27947773,0 2.0655040267260056,41.2790733721579,0 2.0646463039680323,41.27866900786777,0 2.0637885917260426,41.27826463715769,0 2.06293089,41.27786026,0 2.0622058857778423,41.27735367947319,0 2.0614808927039285,41.27684709428816,0 2.0607559107780506,41.276340504472984,0 2.06003094,41.27583391,0 2.0593512095997997,41.275255806180986,0 2.0586714911332713,41.27467769823191,0 2.0579917846001075,41.27409958618079,0 2.05731209,41.27352147,0 2.05676586074296,41.27284869160278,0 2.056219642657545,41.27217591046098,0 2.055673435743358,41.27150312660261,0 2.05512724,41.27083034,0 2.054746899398103,41.270076084647506,0 2.0543665675310567,41.26932182785397,0 2.0539862443984824,41.268567569647374,0 2.05360593,41.26781331,0 2.053411307937293,41.26702184827284,0 2.053216690583206,41.26623038602108,0 2.053022077937516,41.26543892327272,0 2.05282747,41.26464746,0 2.052715955622393,41.26379675297424,0 2.0526044441632907,41.26294604562296,0 2.0524929356225425,41.26209533797414,0 2.05238143,41.26124463,0 2.0523456585495574,41.260390650325206,0 2.0523098880661093,41.25953667042425,0 2.0522741185496067,41.25868269032511,0 2.05223835,41.25782871,0 2.0522066036442697,41.25693577784676,0 2.0521748581923918,41.25604284545298,0 2.0521431136443185,41.25514991284666,0 2.05211137,41.25425698,0 2.052113677527681,41.253350747839356,0 2.052115985036907,41.252444515443116,0 2.0521182925276795,41.251538282839256,0 2.0521206,41.25063205,0 2.0521347605285967,41.24970129035723,0 2.0521489207047816,41.24877053046693,0 2.052163080528576,41.24783977035711,0 2.05217724,41.24690901,0 2.0522168091247623,41.24596605788056,0 2.0522563771663087,41.24502310549801,0 2.0522959441247,41.24408015288039,0 2.05233551,41.2431372,0 2.0523784493363832,41.24215681291004,0 2.0524213874484625,41.24117642553732,0 2.0524643243363103,41.240196037909904,0 2.05250726,41.23921565,0 2.05256348749543,41.238207467945664,0 2.0526197133271715,41.23719928558482,0 2.052675937495328,41.23619110294551,0 2.05273216,41.23518292,0 2.052781469789426,41.23412089297746,0 2.052830778052502,41.233058865627186,0 2.0528800847893267,41.23199683797729,0 2.05292939,41.23093481,0 2.0530019810005826,41.229845018032975,0 2.05307456966734,41.228755225701185,0 2.0531471560004273,41.22766543303277,0 2.05321974,41.22657564,0 2.053297568826667,41.22546591805765,0 2.0533753951021074,41.22435619573407,0 2.0534532188264945,41.223246473057436,0 2.05353104,41.22213675,0 2.0536193619478045,41.22100299309773,0 2.0537076809302697,41.21986923578752,0 2.0537959969476,41.218735478097514,0 2.05388431,41.21760172,0 2.053980432368929,41.216463283118124,0 2.054076551491755,41.21532484581469,0 2.054172667368704,41.21418640811789,0 2.05426878,41.21304797,0 2.054349696708961,41.21187287811456,0 2.0544306106118135,41.21069778580991,0 2.0545115217087595,41.209522693114295,0 2.05459243,41.2083476,0 2.0546801295343036,41.207182108118936,0 2.0547678260455955,41.206016615815756,0 2.0548555195340894,41.20485112311869,0 2.05494321,41.20368563,0 2.0550330496144817,41.202528505615085,0 2.055122886152498,41.201371380810635,0 2.055212719614265,41.20021425561486,0 2.05530255,41.19905713,0 2.055380934091246,41.197876278110094,0 2.055459315454864,41.19669542580396,0 2.05553769409105,41.195514573109854,0 2.05561607,41.19433372,0 2.055698244212263,41.193175973096494,0 2.055780415616219,41.19201822578582,0 2.0558625842120652,41.19086047809624,0 2.05594475,41.18970273,0 2.0560176161967303,41.18855307557062,0 2.0560904799288586,41.18740342075136,0 2.0561633411965574,41.18625376557039,0 2.0562362,41.18510411,0 2.056247575499851,41.18390641804969,0 2.056258950666451,41.1827087257234,0 2.056270325499826,41.18151103304941,0 2.0562817,41.18031334,0 2.056147585281981,41.17914691826895,0 2.0560134753761994,41.177980496015785,0 2.055879370282318,41.17681407326872,0 2.05574527,41.17564765,0 2.0553676330258313,41.174518029878236,0 2.0549900090350195,41.173388408161415,0 2.054612398026698,41.172258784877904,0 2.0542348,41.17112916,0 2.0536387630961035,41.170045842617505,0 2.0530427457956106,41.16896252181371,0 2.0524467480973123,41.16787919761707,0 2.05185077,41.16679587,0 2.051153518306543,41.16571819431869,0 2.0504562894096345,41.1646405140819,0 2.0497590833079085,41.163562829318145,0 2.0490619,41.16248514,0 2.0483354327074648,41.16143232483874,0 2.0476089886108473,41.16037950477529,0 2.0468825677088063,41.1593266798382,0 2.04615617,41.15827385,0 2.0454349229710154,41.157221342238515,0 2.0447136989622416,41.15616882964167,0 2.0439924979723476,41.15511631223799,0 2.04327132,41.15406379,0 2.0425557518637416,41.15304551460326,0 2.0418402058191427,41.15202723446132,0 2.0411246818649724,41.151008949602755,0 2.04040918,41.14999066,0 2.0396628139313098,41.14892788022441,0 2.038916471909345,41.147865095289475,0 2.0381701539327075,41.14680230522383,0 2.03742386,41.14573951,0 2.0366681041970303,41.14469743538979,0 2.0359123722636077,41.143655355510006,0 2.0351566641983814,41.142613270389226,0 2.03440098,41.14157118,0 2.0336236708581694,41.14053403331482,0 2.0328463861451365,41.13949688107669,0 2.0320691258595347,41.13845972331424,0 2.03129189,41.13742256,0 2.030409312664849,41.13642891305428,0 2.0295267618873667,41.13543525906258,0 2.0286442376662017,41.13444159805363,0 2.02776174,41.13344793,0
                </coordinates>
            </LineString>
        </Placemark>
        

        <Placemark>
            <name>Route VLG3TC</name>
            <Style>
                <LineStyle>
                    <color>ff00a5ff</color> <!-- naranja -->
                    <width>2</width>
                </LineStyle>
            </Style>
            <LineString>
                <tessellate>1</tessellate>
                <coordinates>
                    2.095835,41.28960578,0 2.0951611082028174,41.289383743447075,0 2.0944872209370593,41.28916170292009,0 2.0938133382027715,41.288939658446985,0 2.09313946,41.28871761,0 2.092369058052176,41.28844771526828,0 2.0915986624028635,41.28817781534838,0 2.090828273052119,41.28790791026819,0 2.09005789,41.287638,0 2.089219019443726,41.28736098669994,0 2.0883801559249093,41.28708396725719,0 2.0875412994436378,41.28680694169978,0 2.08670245,41.28652991,0 2.08580571203805,41.286211805516,0 2.084908982717343,41.285893694011946,0 2.084012262037964,41.28557557551584,0 2.08311555,41.28525745,0 2.082247687468744,41.28493971735449,0 2.081379833291613,41.28462197812993,0 2.080511987468676,41.28430423235433,0 2.07964415,41.28398648,0 2.0787484677446013,41.28368529298546,0 2.0778527936594005,41.283384098971204,0 2.0769571277444996,41.28308289798527,0 2.07606147,41.28278169,0 2.07520843086555,41.28248151951734,0 2.074355399487349,41.28218134268042,0 2.073502375865474,41.28188115951719,0 2.07264936,41.28158097,0 2.071800747633656,41.28126033192601,0 2.0709521435115055,41.28093968755865,0 2.0701035476336025,41.280619036925856,0 2.06925496,41.28029838,0 2.0685366223485073,41.279835044329594,0 2.067818294798112,41.279371704096775,0 2.067099977348661,41.278908359329456,0 2.06638167,41.27844501,0 2.0658130744954297,41.277846814388035,0 2.0652444893274464,41.27724861584131,0 2.0646759144957394,41.27665041438786,0 2.06410735,41.27605221,0 2.0636756165053476,41.275367372652056,0 2.0632438920073604,41.2746825335267,0 2.0628121765056924,41.27399769265192,0 2.06238047,41.27331285,0 2.062114183328479,41.27256010368349,0 2.061847902771486,41.27180735656862,0 2.0615816283287507,41.271054608683386,0 2.06131536,41.27030186,0 2.0611359986209288,41.26952672818829,0 2.0609566414947036,41.26875159590836,0 2.0607772886211264,41.2679764631882,0 2.06059794,41.26720133,0 2.0603863445702357,41.26638376838024,0 2.060174754427153,41.26556620616429,0 2.059963169570494,41.26474864338014,0 2.05975159,41.26393108,0 2.0595688181488154,41.26311418072972,0 2.059386050865236,41.262297280963615,0 2.059203288149039,41.26148038072964,0 2.05902053,41.26066348,0 2.0588212147049076,41.25981078583585,0 2.0586219046067202,41.2589580911051,0 2.058422599705173,41.25810539583572,0 2.0582233,41.2572527,0 2.057996955605316,41.256347178522965,0 2.0577706174739805,41.25544165635458,0 2.0575442856056547,41.25453613352283,0 2.05731796,41.25363061,0 2.0571170393336855,41.25274447336577,0 2.0569161241117735,41.25185833614496,0 2.056715214333974,41.25097219836564,0 2.05651431,41.25008606,0 2.056278614890319,41.24915002610031,0 2.056042926520677,41.24821399145767,0 2.0558072448906963,41.247277956100156,0 2.05557157,41.24634192,0 2.055309770845959,41.24536990129694,0 2.055047979461579,41.24439788171983,0 2.0547861958464093,41.24342586129674,0 2.05452442,41.24245384,0 2.054267585910679,41.24146864377224,0 2.0540107595478743,41.240483446686895,0 2.053753940911133,41.23949824877204,0 2.05349713,41.23851305,0 2.0532165393295467,41.237487761470305,0 2.052935957439753,41.236462471950965,0 2.0526553843300834,41.23543718147009,0 2.05237482,41.23441189,0 2.052060527292783,41.23335428175852,0 2.051746244724136,41.23229667233521,0 2.0514319722934204,41.23123906175826,0 2.05111771,41.23018145,0 2.0508130178213535,41.22912848167559,0 2.0505083354288796,41.22807551222466,0 2.050203662821966,41.227022541675346,0 2.049899,41.22596957,0 2.0495837596606736,41.224905729269146,0 2.049268529547996,41.22384188734937,0 2.04895330966132,41.222778044268885,0 2.0486381,41.2217142,0 2.048298908154894,41.220627931992084,0 2.047959727540341,41.21954166264663,0 2.047620558155618,41.21845539199183,0 2.0472814,41.21736912,0 2.0469540062230247,41.21628176188864,0 2.046626623297833,41.215194402508686,0 2.0462992512237252,41.214107041888376,0 2.04597189,41.21301968,0 2.0456443684924563,41.21191729440109,0 2.045316857990422,41.210814907525275,0 2.044989358493177,41.209712519400796,0 2.04466187,41.20861013,0 2.044337968697672,41.207509201867595,0 2.044014078264037,41.20640827248064,0 2.043690198698383,41.20530734186732,0 2.04336633,41.20420641,0 2.0430058965253144,41.203084489711884,0 2.0426454753676313,41.20196256793966,0 2.042285066526133,41.200840644711604,0 2.04192467,41.19971872,0 2.0414525841559485,41.198634565894665,0 2.040980513875253,41.19755040951666,0 2.040508459156931,41.1964662508943,0 2.04003642,41.19538209,0 2.039263664228507,41.19436499071855,0 2.038490932305546,41.19334788594837,0 2.037718224229812,41.192330775718,0 2.03694554,41.19131366,0 2.0360844459853777,41.19038131502949,0 2.0352233763146033,41.18944896336295,0 2.0343623309865264,41.188516605028916,0 2.03350131,41.18758424,0 2.0325936563129883,41.18670730105877,0 2.0316860267513293,41.18583035473533,0 2.0307784213140057,41.1849534010582,0 2.02987084,41.18407644,0 2.028737266600342,41.18328210949521,0 2.027603720467656,41.18248776765046,0 2.0264702016011418,41.18169341449446,0 2.02533671,41.18089905,0 2.024146989551836,41.18015030365887,0 2.0229572960695363,41.179401544868654,0 2.021767629552468,41.1786527736581,0 2.02057799,41.17790399,0 2.019348816986029,41.17717793238298,0 2.0181196709817297,41.1764518615008,0 2.016890551986566,41.17572577738222,0 2.01566146,41.17499968,0 2.0143981652130547,41.17434923844103,0 2.0131348952842547,41.17369878291157,0 2.0118716502133274,41.17304831344034,0 2.01060843,41.17239783,0 2.0092343039393135,41.17185918967536,0 2.007860200252299,41.1713205328907,0 2.006486118939136,41.17078185967469,0 2.00511206,41.17024317,0 2.003494935077754,41.169902529021115,0 2.001877826769583,41.16956186535178,0 2.0002607350766204,41.16922117902056,0 1.99864366,41.16888047,0 1.9972232122547093,41.168604251247594,0 1.9958027763390775,41.16832801498721,0 1.994382352253907,41.168051761247234,0 1.99296194,41.16777549,0 1.991336119363171,41.167697789313415,0 1.9897103024832408,41.16762006574181,0 1.9880844893616902,41.16754231931329,0 1.98645868,41.16746455,0 1.9848726202848561,41.16753662513911,0 1.983286557045558,41.16760867850955,0 1.9817004902834807,41.16768071013924,0 1.98011442,41.16775272,0 1.978523404725477,41.16792066784052,0 1.976932381299756,41.16808859377821,0 1.9753413497241565,41.16825649784082,0 1.97375031,41.16842438,0 1.972153646074926,41.168610365574516,0 1.970556973099024,41.1687963290902,0 1.96896029107361,41.16898227057481,0 1.9673636,41.16916819,0 1.9657957570956432,41.169372004393196,0 1.9642279044600426,41.16957579751514,0 1.9626600420944207,41.16977956939352,0 1.96109217,41.16998332,0 1.9595265066117125,41.17021580680652,0 1.9579608321481627,41.17044827239959,0 1.9563951466105314,41.17068071680688,0 1.95482945,41.17091314,0
                </coordinates>
            </LineString>
        </Placemark>
        

        <Placemark>
            <name>Route VLG84ZE</name>
            <Style>
                <LineStyle>
                    <color>ff00a5ff</color> <!-- naranja -->
                    <width>2</width>
                </LineStyle>
            </Style>
            <LineString>
                <tessellate>1</tessellate>
                <coordinates>
                    2.09431263,41.28913179,0 2.0935948442316743,41.28887828424769,0 2.0928770639755365,41.28862477398758,0 2.09215928923163,41.2883712592476,0 2.09144152,41.28811774,0 2.0906567731641723,41.287855868055374,0 2.0898720325521833,41.28759399073114,0 2.089087298164102,41.28733210805526,0 2.08830257,41.28707022,0 2.0874447653180748,41.28675772212783,0 2.0865869687573886,41.28644521782773,0 2.0857291803180082,41.28613270712769,0 2.0848714,41.28582019,0 2.0839296813362433,41.28550082158933,0 2.08298797178158,41.285181445443015,0 2.082046271336127,41.284862061589116,0 2.08110458,41.28454267,0 2.0801715685685687,41.284214051380445,0 2.079238566424692,41.28388542516452,0 2.07830557356847,41.283556791380256,0 2.07737259,41.28322815,0 2.076424409995604,41.28287993425741,0 2.0754762399940807,41.282531710667136,0 2.074528079995517,41.2821834792572,0 2.07357993,41.28183524,0 2.072666091870251,41.2815190059163,0 2.0717522624936016,41.28120276454567,0 2.0708384418701513,41.28088651591613,0 2.06992463,41.28057026,0 2.068980769707219,41.28021375415385,0 2.0680369196095763,41.279857240529026,0 2.067093079707145,41.27950071915362,0 2.06614925,41.27914419,0 2.0652675524727084,41.27870716271233,0 2.0643858666303245,41.27827012860699,0 2.063504192472778,41.27783308771209,0 2.06262253,41.27739604,0 2.0618472954455873,41.27691271044149,0 2.0610720722608966,41.27642937557924,0 2.0602968604457574,41.275946035441294,0 2.05952166,41.27546269,0 2.0588256413313792,41.2748738639777,0 2.0581296351087226,41.274285033627514,0 2.057433641331705,41.2736961989775,0 2.05673766,41.27310736,0 2.056199050194312,41.27240284651347,0 2.0556604519260415,41.27169833034188,0 2.0551218651947494,41.27099381151329,0 2.05458329,41.27028929,0 2.054208329498652,41.26953013459736,0 2.053833377665122,41.268770977787106,0 2.0534584344990314,41.26801181959722,0 2.0530835,41.26725266,0 2.0527849833975367,41.26640299898249,0 2.0524864745303075,41.26555333696727,0 2.052187973397925,41.26470367398234,0 2.05188948,41.26385401,0 2.051657771400527,41.263043608491806,0 2.0514260685342207,41.262233206313056,0 2.051194371400804,41.261422803491705,0 2.05096268,41.2606124,0 2.050732125714218,41.25973336602991,0 2.050501577619174,41.25885433136385,0 2.0502710357145424,41.2579752960298,0 2.0500405,41.25709626,0 2.0498406367228674,41.256193460872105,0 2.0496407789640223,41.255290661153424,0 2.0494409267231655,41.25438786087197,0 2.04924108,41.25348506,0 2.0490816858520002,41.252577690682806,0 2.048922296136161,41.25167032090103,0 2.0487629108522416,41.25076295068266,0 2.04860353,41.24985558,0 2.048443588016364,41.24890597571469,0 2.0482836506886626,41.247956370943534,0 2.0481237180166296,41.24700676571455,0 2.04796379,41.24605716,0 2.047821231169655,41.24509274565511,0 2.047678676559703,41.24412833086408,0 2.0475361261698994,41.243163915654954,0 2.04739358,41.2421995,0 2.04726670429175,41.24122385560646,0 2.0471398323891488,41.24024821079921,0 2.047012964291973,41.239272565606306,0 2.0468861,41.23829692,0 2.04675105628615,41.237298453151276,0 2.046616016715033,41.236299985858956,0 2.046480981286399,41.23530151815111,0 2.04634595,41.23430305,0 2.0462120711631626,41.23327633566796,0 2.0460781965510573,41.232249620881184,0 2.0459443261634234,41.23122290566778,0 2.04581046,41.23019619,0 2.0456856965296537,41.22915922814355,0 2.0455609370397037,41.228122265848654,0 2.045436181529902,41.22708530314338,0 2.04531143,41.22604834,0 2.045179508561709,41.224990103183906,0 2.0450475914157935,41.22393186590242,0 2.0449156785619818,41.22287362818371,0 2.04478377,41.22181539,0 2.044640367997746,41.22075528822638,0 2.0444969706638596,41.219695185959054,0 2.0443535779980433,41.21863508322618,0 2.04421019,41.21757498,0 2.0440497221457274,41.21651078329743,0 2.0438892595278606,41.215446586053794,0 2.0437288021460627,41.21438238829723,0 2.04356835,41.21331819,0 2.043405462085136,41.21226131330083,0 2.0432425794470714,41.211204436058324,0 2.043079702085471,41.210147558300626,0 2.04291683,41.20909068,0 2.0427395713348067,41.20802637087041,0 2.0425623184466546,41.2069620611511,0 2.0423850713351754,41.20589775087022,0 2.04220783,41.20483344,0 2.0420097151220307,41.20374675599091,0 2.041811606829661,41.20266007131173,0 2.04161350512246,41.201573385990685,0 2.04141541,41.2004867,0 2.0411413949864685,41.1990920011759,0 2.0408673916534608,41.197697301175744,0 2.0405934,41.1963026,0 2.040139279363536,41.19530598810592,0 2.039685172485245,41.19430937413173,0 2.039231079364332,41.19331275810565,0 2.038777,41.19231614,0 2.0381843158368604,41.191328359990784,0 2.037591649449806,41.190340576644815,0 2.0369990008378487,41.189352789990416,0 2.03640637,41.188365,0 2.0356786419430097,41.187442132263854,0 2.034950934258014,41.18651925967552,0 2.0342232469440114,41.185596382263434,0 2.03349558,41.1846735,0 2.0325386622187245,41.18386219470736,0 2.0315817679588637,41.183050881266766,0 2.0306248972195715,41.1822395597068,0 2.02966805,41.18142823,0 2.0285443587516756,41.18071781415121,0 2.027420691669262,41.180007387191864,0 2.0262970487522174,41.179296949150576,0 2.02517343,41.1785865,0 2.024001424964466,41.17788104808808,0 2.0228294449529574,41.17717558410765,0 2.02165748996497,41.176470108087415,0 2.02048556,41.17576462,0 2.0192917172298204,41.175113666226,0 2.0180978979733144,41.174462699958234,0 2.0169041022301513,41.173811721225356,0 2.01571033,41.17316073,0 2.014737365528317,41.172609236599264,0 2.013764417292695,41.17205773488453,0 2.0127914852929147,41.17150622488417,0 2.0118185695287565,41.17095470659854,0 2.01084567,41.17040318,0 2.009625957334439,41.16972272205208,0 2.0084062697795177,41.16904225105961,0 2.007186607334837,41.16836176705137,0 2.00596697,41.16768127,0 2.0047319241835844,41.16699759504176,0 2.0034969039117105,41.16631390671253,0 2.0022619091839817,41.16563020504103,0 2.00102694,41.16494649,0 1.999801445574854,41.164282432224034,0 1.998575975766702,41.163618361288925,0 1.9973505305751988,41.16295427722335,0 1.99612511,41.16229018,0 1.9948787727238646,41.16158684041515,0 1.9936324619654535,41.16088348721036,0 1.9923861777243157,41.16018012041441,0 1.99113992,41.15947674,0
                </coordinates>
            </LineString>
        </Placemark>
        

        <Placemark>
            <name>Route VLG1YW</name>
            <Style>
                <LineStyle>
                    <color>ff00a5ff</color> <!-- naranja -->
                    <width>2</width>
                </LineStyle>
            </Style>
            <LineString>
                <tessellate>1</tessellate>
                <coordinates>
                    2.09636296,41.28993388,0 2.0957349409691255,41.28970505267378,0 2.095106926292149,41.28947622188905,0 2.094478915969099,41.28924738767372,0 2.09385091,41.28901855,0 2.093077367757517,41.288741392833344,0 2.0923038320099874,41.28846423043512,0 2.091530302757464,41.28818706283324,0 2.09075678,41.28790989,0 2.089941624733317,41.28763267119105,0 2.0891264763110398,41.28735544657872,0 2.0883113347332425,41.28707821619094,0 2.0874962,41.28680098,0 2.0865795945799657,41.28649072098087,0 2.085662997773216,41.28618045463178,0 2.084746409579858,41.28587018098071,0 2.08382983,41.2855599,0 2.082903561391495,41.28523655371614,0 2.08197730185526,41.28491319994545,0 2.081051051391395,41.28458983871595,0 2.08012481,41.28426647,0 2.0791908249423856,41.28397044389307,0 2.078256848256424,41.28367441018134,0 2.0773228799422507,41.283378368892876,0 2.07638892,41.28308232,0 2.075489209896551,41.28277398808138,0 2.0745895081953365,41.28246564909912,0 2.0736898148964533,41.28215730308122,0 2.07279013,41.28184895,0 2.071902710475234,41.281488907814,0 2.071015300633623,41.28112885874262,0 2.0701279004752005,41.28076880281383,0 2.06924051,41.28040874,0 2.06847694615602,41.279938480203135,0 2.0677133932081304,41.279468215261446,0 2.066949851156175,41.27899794520295,0 2.06618632,41.27852767,0 2.0655020530687587,41.27798442124482,0 2.0648177974251842,41.27744116831701,0 2.0641335530690177,41.276897911244625,0 2.06344932,41.27635465,0 2.0628752057526842,41.2757147869918,0 2.06230110267049,41.27507492097968,0 2.0617270107530503,41.274435051991624,0 2.06115293,41.27379518,0 2.0606987733105795,41.27311046291042,0 2.060244626081012,41.272425743871175,0 2.059790488310939,41.271741022910284,0 2.05933636,41.2710563,0 2.059011730972008,41.270279444148855,0 2.058687109629577,41.2695025871891,0 2.058362495972357,41.268725729148734,0 2.05803789,41.26794887,0 2.057844763022671,41.267161013263156,0 2.05765164069704,41.26637315600818,0 2.05745852302289,41.26558529826307,0 2.05726541,41.26479744,0 2.057095395878963,41.26394953069066,0 2.0569253861720997,41.26310162091151,0 2.056755380879187,41.26225371069054,0 2.05658538,41.2614058,0 2.0564601775709366,41.260551445519305,0 2.056334978428028,41.259697090683055,0 2.0562097825711056,41.258842735519224,0 2.05608459,41.25798838,0 2.05596062976512,41.25707276555657,0 2.055836673020288,41.2561571507327,0 2.0557127197653124,41.25524153555644,0 2.05558877,41.25432592,0 2.055528084971514,41.25343423288241,0 2.0554674016287455,41.25254254550052,0 2.055406719971604,41.2516508578823,0 2.05534604,41.25075917,0 2.055274401839842,41.24981251544007,0 2.0552027657865355,41.24886586057738,0 2.0551311318399614,41.247919205439956,0 2.0550595,41.24697255,0 2.0550079026215307,41.24599326542939,0 2.0549563068287697,41.24501398056312,0 2.054904712621624,41.244034695429235,0 2.05485312,41.24305541,0 2.05483501157634,41.24203825292371,0 2.054816903768478,41.241021095555546,0 2.054798796576377,41.240003937923554,0 2.05478069,41.23898678,0 2.0547913136751372,41.237593480514334,0 2.0548019370084605,41.2362001805142,0 2.05481256,41.23480688,0 2.0548135474516895,41.233724805466764,0 2.0548145349355864,41.23264273061294,0 2.054815522451691,41.23156065546659,0 2.05481651,41.23047858,0 2.0548516841325,41.22939774547716,0 2.0548868571766183,41.22831691062676,0 2.0549220291324275,41.22723607547695,0 2.0549572,41.22615524,0 2.054995604354743,41.22503369301199,0 2.055034007472934,41.22391214567321,0 2.0550724093546577,41.22279059801178,0 2.05511081,41.22166905,0 2.055152202043886,41.22052565303178,0 2.0551935927251184,41.219382255699585,0 2.0552349820437907,41.218238858031555,0 2.05527637,41.21709546,0 2.0553362679480394,41.21597482053376,0 2.0553961639306295,41.21485418070223,0 2.055456057947905,41.21373354053356,0 2.05551595,41.2126129,0 2.0555553119605237,41.211455258039244,0 2.055594672613969,41.21029761570951,0 2.0556340319604303,41.209139973039,0 2.05567339,41.20798233,0 2.055722179944844,41.20683039054271,0 2.0557709682597154,41.20567845071416,0 2.0558197549447295,41.204526510542486,0 2.05586854,41.20337457,0 2.0559273454569986,41.202227435550164,0 2.055986148942573,41.20108030072409,0 2.0560449504568608,41.19993316554995,0 2.05610375,41.19878603,0 2.0561514149220654,41.19761542305446,0 2.056199078229343,41.196444815729784,0 2.0562467399219493,41.19527420805421,0 2.0562944,41.1941036,0 2.056333456975897,41.1929253330508,0 2.056372512634466,41.19174706572492,0 2.0564115669758016,41.19056879805056,0 2.05645062,41.18939053,0 2.056495249735434,41.18823327553696,0 2.056539877980508,41.18707602070646,0 2.056584504735328,41.18591876553674,0 2.05662913,41.18476151,0 2.056665864335773,41.183593560537076,0 2.0567025974476385,41.1824256107066,0 2.056739329335685,41.18125766053683,0 2.05677606,41.18008971,0 2.056820014686283,41.178939673027394,0 2.056863967914975,41.1777896356937,0 2.0569079196861804,41.17663959802716,0 2.05695187,41.17548956,0 2.056982304030513,41.174296720550515,0 2.0570127370406337,41.17310388072451,0 2.0570431690304374,41.17191104055027,0 2.0570736,41.1707182,0 2.057115559569012,41.1695754205166,0 2.0571575177586183,41.1684326406793,0 2.0571994745689155,41.16728986051636,0 2.05724143,41.16614708,0 2.0572559906589514,41.16497854801944,0 2.05727055087858,41.16381001568308,0 2.0572851106589187,41.16264148301918,0 2.05729967,41.16147295,0 2.057297924795189,41.16030969801266,0 2.0572961797269245,41.15914644567407,0 2.0572944347951974,41.157983193012434,0 2.05729269,41.15681994,0 2.057270696232449,41.15566214801518,0 2.05724870330997,41.15450435567741,0 2.0572267112325067,41.15334656301495,0 2.05720472,41.15218877,0 2.0571732932149094,41.15101740553261,0 2.0571418676199347,41.14984604070065,0 2.0571104432149925,41.148674675532355,0 2.05707902,41.14750331,0 2.0570204067817826,41.14633609556245,0 2.0569617957091433,41.14516888074042,0 2.0569031867819323,41.14400166556221,0 2.05684458,41.14283445,0 2.0567819939703083,41.141633808095854,0 2.056719410293857,41.140433165784955,0 2.0566568289704774,41.1392325230956,0 2.05659425,41.13803188,0 2.056541417048477,41.136849108063466,0 2.0564885860647286,41.13566633574175,0 2.056435757048616,41.134483563063206,0 2.05638293,41.13330079,0
                </coordinates>
            </LineString>
        </Placemark>
        

        <Placemark>
            <name>Route VLG6FZ</name>
            <Style>
                <LineStyle>
                    <color>ff00a5ff</color> <!-- naranja -->
                    <width>2</width>
                </LineStyle>
            </Style>
            <LineString>
                <tessellate>1</tessellate>
                <coordinates>
                    2.09592121,41.28971846,0 2.095230820180301,41.2894850937419,0 2.09454043524037,41.28925172331321,0 2.0938500551802544,41.28901834874184,0 2.09315968,41.28878497,0 2.0925607704284004,41.288576292264736,0 2.091961864642573,41.28836761138316,0 2.091362962642546,41.2881589273831,0 2.090764064428346,41.28795024026465,0 2.09016517,41.28774155,0 2.089338886796464,41.28745644393042,0 2.0885126107285696,41.287171331897845,0 2.08768634179639,41.28688621393028,0 2.08686008,41.28660109,0 2.0859407039153153,41.28627590855188,0 2.0850213368870243,41.28595071972646,0 2.0841019789152213,41.28562552355171,0 2.08318263,41.28530032,0 2.0822678638143253,41.284971088443335,0 2.0813531067523767,41.28464184958172,0 2.080438358814239,41.28431260344317,0 2.07952362,41.28398335,0 2.0785577950085106,41.28364174469341,0 2.077591980011275,41.283300131248474,0 2.0766261750084025,41.28295850969321,0 2.07566038,41.28261688,0 2.0747323384461036,41.28228361626168,0 2.073804306261411,41.28195034500617,0 2.0728762834460133,41.281617066261475,0 2.07194827,41.28128378,0 2.071040648388027,41.28094166577814,0 2.070133036183991,41.280599544361436,0 2.06922543338796,41.28025741577793,0 2.06831784,41.27991528,0 2.0674382980936943,41.27955497763315,0 2.0665587657915734,41.279194668501454,0 2.065679243093666,41.27883435263298,0 2.06479973,41.27847403,0 2.064000880768189,41.27801376841437,0 2.0632020426910067,41.277553501209724,0 2.062403215768321,41.27709322841414,0 2.0616044,41.27663295,0 2.060978676898955,41.276022706034745,0 2.060352965398895,41.27541245853932,0 2.059727265499475,41.27480220754171,0 2.0591015772003542,41.27419195304215,0 2.058475900501189,41.27358169504078,0 2.0578502354016366,41.27297143353782,0 2.0572245819013544,41.272361168533465,0 2.05659894,41.2717509,0 2.0561483587274623,41.27108094285944,0 2.055697786636843,41.2704109838032,0 2.055247223727802,41.269741022859314,0 2.05479667,41.26907106,0 2.054458788369568,41.26831772174854,0 2.054120914492984,41.267564382322,0 2.053783048369908,41.266811041748404,0 2.05344519,41.2660577,0 2.0532312472899674,41.26527111337325,0 2.053017309720117,41.26448452615498,0 2.0528033772902083,41.263697938373156,0 2.05258945,41.26291135,0 2.052353093404101,41.262071101039695,0 2.052116742872337,41.261230851376894,0 2.0518803984044043,41.26039060103958,0 2.05164406,41.25955035,0 2.0514471248600277,41.25870439831843,0 2.0512501948135418,41.2578584460819,0 2.0510532698602852,41.25701249331834,0 2.05085635,41.25616654,0 2.0506547117603118,41.255275570873074,0 2.050453079013944,41.25438460115472,0 2.0502514517606043,41.25349363087294,0 2.05004983,41.25260266,0 2.049838795767913,41.25143248077397,0 2.049627769101424,41.25026230077389,0 2.04941675,41.24909212,0 2.049220001473246,41.24814765088419,0 2.0490232586312094,41.24720318116953,0 2.048826521473568,41.246258710884035,0 2.04862979,41.24531424,0 2.0484552172687245,41.244350248289116,0 2.0482806496918315,41.24338625604275,0 2.048106087269023,41.24242226328895,0 2.04793153,41.24145827,0 2.0477751254640855,41.240480243219174,0 2.0476187256189644,41.2395022159495,0 2.0474623304643615,41.238524188219024,0 2.04730594,41.23754616,0 2.0471271940191755,41.236513623359414,0 2.046948453692468,41.23548108613645,0 2.046769719019526,41.23444854835922,0 2.04659099,41.23341601,0 2.046423256971862,41.232375080814535,0 2.0462555292960394,41.23133415107661,0 2.046087806972197,41.23029322081435,0 2.04592009,41.22925229,0 2.0457593272260155,41.228201100791296,0 2.045598569634906,41.22714991104563,0 2.0454378172263428,41.226098720791114,0 2.04527707,41.22504753,0 2.0451129470038683,41.22398814581126,0 2.044948829338717,41.22292876107224,0 2.0447847170042075,41.22186937581105,0 2.04462061,41.22080999,0 2.044443303839379,41.21974688087276,0 2.0442660034527504,41.21868377115424,0 2.0440887088397472,41.21762066087254,0 2.04391142,41.21655755,0 2.043740196669434,41.21549884334003,0 2.043568978892814,41.214440136110596,0 2.0433977666697873,41.21338142833984,0 2.04322656,41.21232272,0 2.0430325928931388,41.211243645965226,0 2.0428386321911285,41.21016457127753,0 2.042644677893554,41.20908549596503,0 2.04245073,41.20800642,0 2.0422740088659386,41.20694269336714,0 2.0420972934881627,41.20587896614672,0 2.0419205838663057,41.20481523836692,0 2.04174388,41.20375151,0 2.041538349958406,41.2026860710129,0 2.041332826611493,41.201620631341086,0 2.041127309958834,41.2005551910127,0 2.0409218,41.19948975,0 2.040636993785527,41.19843671901338,0 2.040352196714418,41.19738368700835,0 2.0400674087861006,41.19633065401312,0 2.03978263,41.19527762,0 2.039133491424728,41.194310783389156,0 2.0384843719003154,41.19334394284264,0 2.0378352714257457,41.19237709838878,0 2.03718619,41.19141025,0 2.036538642071349,41.19046281084651,0 2.0358911127624464,41.189515367785745,0 2.0352436020723204,41.18856792084612,0 2.03459611,41.18762047,0 2.033689040294258,41.18677880102033,0 2.0327819937262883,41.18593712468409,0 2.031874970295174,41.18509544101981,0 2.03096797,41.18425375,0 2.0298063853437354,41.18359655274478,0 2.028644823791894,41.18293934364996,0 2.027483285344106,41.18228212274416,0 2.02632177,41.18162489,0 2.025215349804768,41.18097399611508,0 2.0241089514066126,41.18032309147706,0 2.023002574805152,41.17967217611452,0 2.02189622,41.17902125,0 2.020591401519453,41.17858195972061,0 2.01928660035906,41.178142654617815,0 2.0179818165191374,41.17770333472011,0 2.01667705,41.177264,0 2.0153055913264577,41.17692300949579,0 2.0139341467682037,41.176582002651436,0 2.012562716325848,41.17624097949535,0 2.0111913,41.17589994,0 2.009749683505019,41.17572314450607,0 2.008308074672716,41.17554633099863,0 2.0068664735040556,41.17536949950584,0 2.00542488,41.17519265,0 2.003953103412829,41.17520501561203,0 2.0024813262163645,41.17521736247341,0 2.0010095484117176,41.17522969061207,0 1.99953777,41.175242,0 1.9980438078043599,41.175355736457924,0 1.9965498404050623,41.175469453601345,0 1.9950558678032335,41.17558315145809,0 1.99356189,41.17569683,0
                </coordinates>
            </LineString>
        </Placemark>
        

        <Placemark>
            <name>Route VLG9VG</name>
            <Style>
                <LineStyle>
                    <color>ff00a5ff</color> <!-- naranja -->
                    <width>2</width>
                </LineStyle>
            </Style>
            <LineString>
                <tessellate>1</tessellate>
                <coordinates>
                    2.09650817,41.28982234,0 2.095869678883571,41.28961146534165,0 2.0952311918447357,41.28940058711288,0 2.0945927088835323,41.289189705341585,0 2.09395423,41.28897882,0 2.093217721970263,41.28873880959737,0 2.092481219293642,41.28849879445384,0 2.091744721970201,41.2882587745973,0 2.09100823,41.28801875,0 2.0902364900173134,41.28773412529931,0 2.08946475668972,41.28744949538972,0 2.0886930300172675,41.28716486029919,0 2.08792131,41.28688022,0 2.0872204998737023,41.286641688565396,0 2.086519694810507,41.28640315283408,0 2.0858188948104592,41.286164612834014,0 2.085118099873608,41.28592606856523,0 2.08441731,41.28568752,0 2.0834707880616334,41.285351816712655,0 2.0825242757487774,41.28501610560748,0 2.0815777730615324,41.28468038671248,0 2.08063128,41.28434466,0 2.079710391990027,41.28403368608282,0 2.0787895126532963,41.283722704767676,0 2.0778686419899173,41.283411716082625,0 2.07694778,41.28310072,0 2.076036103963647,41.28277396586883,0 2.0751244369514716,41.28244720448239,0 2.0742127789635605,41.28212043586866,0 2.07330113,41.28179366,0 2.072388825835068,41.28145201838865,0 2.0714765311133774,41.281110369508795,0 2.0705642458349978,41.28076871338847,0 2.06965197,41.28042705,0 2.069026938228954,41.279843526698954,0 2.0684019175385124,41.279259999883806,0 2.0677769079283688,41.27867646958259,0 2.067151909398216,41.27809293579549,0 2.0665269219477493,41.27750939852267,0 2.0659019455766634,41.276925857764304,0 2.0652769802846516,41.27634231352059,0 2.064652026071408,41.27575876579169,0 2.0640270829366267,41.27517521457779,0 2.0634021508800022,41.274591659879064,0 2.062777229901229,41.27400810169569,0 2.06215232,41.27342454,0 2.0616859157907816,41.27275675304783,0 2.0612195210546065,41.2720889640544,0 2.0607531357911286,41.27142117304769,0 2.06028676,41.27075338,0 2.0600400867082076,41.270018876040446,0 2.059793418944437,41.26928437137793,0 2.0595467567084476,41.26854986604036,0 2.0593001,41.26781536,0 2.059115327196869,41.266732630634515,0 2.058930560530335,41.26564990063444,0 2.0587458,41.26456717,0 2.058653181582578,41.263769185389215,0 2.05856056544351,41.26297120050961,0 2.058467951582687,41.262173215389126,0 2.05837534,41.26137523,0 2.0582727860520325,41.260541845436975,0 2.0581702347361315,41.25970846057328,0 2.0580676860521647,41.25887507543689,0 2.05796514,41.25804169,0 2.057883014271248,41.25719389539527,0 2.0578008906950704,41.25634610051765,0 2.0577187692713577,41.255498305395164,0 2.05763665,41.25465051,0 2.0575759325004213,41.25376934037542,0 2.0575152166672876,41.25288817049119,0 2.05745450250051,41.25200700037532,0 2.05739379,41.25112583,0 2.0573619661325973,41.25022800784898,0 2.057330143176829,41.24933018545594,0 2.057298321132646,41.24843236284888,0 2.0572665,41.24753454,0 2.0572750602872647,41.246616865346304,0 2.057283620383012,41.24569919045237,0 2.0572921802872535,41.2447815153462,0 2.05730074,41.24386384,0 2.05739921930521,41.24288528550543,0 2.057497695740167,41.241906730664496,0 2.0575961693050395,41.24092817550529,0 2.05769464,41.23994962,0 2.057667766266429,41.23900190787748,0 2.0576408933552695,41.23805419549392,0 2.0576140212664753,41.237106482877365,0 2.05758715,41.23615877,0 2.0576400547888243,41.235174170422994,0 2.057692958051705,41.23418957055459,0 2.057745859788733,41.23320497042284,0 2.05779876,41.23222037,0 2.057840959374833,41.23119822543796,0 2.0578831574997247,41.23017608057452,0 2.057925354374755,41.22915393543781,0 2.05796755,41.22813179,0 2.058002546570806,41.2270877454473,0 2.0580375420943633,41.22604370058698,0 2.058072536570739,41.22499965544713,0 2.05810753,41.22395561,0 2.0581253057655955,41.22289156045185,0 2.058143081020771,41.22182751059303,0 2.058160855765561,41.220763460451685,0 2.05817863,41.21969941,0 2.058177257330331,41.21859959547735,0 2.0581758847737794,41.217499780627016,0 2.058174512330338,41.216399965477144,0 2.05817314,41.21530015,0 2.058168029639693,41.21419131298421,0 2.0581629195196007,41.21308247563616,0 2.0581578096397077,41.21197363798401,0 2.0581527,41.2108648,0 2.058135374016536,41.20974830549411,0 2.058118048688744,41.20863181064937,0 2.0581007240165796,41.20751531549391,0 2.0580834,41.20639882,0 2.058061401270182,41.20527444800225,0 2.058039403360279,41.204150075660195,0 2.058017406270236,41.203025703002034,0 2.05799541,41.20190133,0 2.057949827511514,41.20075319554405,0 2.0579042466820945,41.19960506071591,0 2.0578586675116277,41.198456925543816,0 2.05781309,41.19730879,0 2.0577759229895345,41.196181218015525,0 2.0577387573194397,41.19505364567789,0 2.0577015929896247,41.19392607301529,0 2.05766443,41.1927985,0 2.057613762268626,41.19165907804089,0 2.0575630963582507,41.190519655711704,0 2.0575124322687506,41.189380233040666,0 2.05746177,41.18824081,0 2.0574137123765666,41.18708978804564,0 2.0573656565021685,41.18593876571802,0 2.057317602376687,41.1847877430454,0 2.05726955,41.18363672,0 2.0572205998750235,41.18250424303001,0 2.0571716515001106,41.18137176569719,0 2.0571227048751424,41.180239288029796,0 2.05707376,41.17910681,0 2.057024294810165,41.17795844054259,0 2.0569748314136356,41.176810070713955,0 2.0569253698102883,41.17566170054234,0 2.05687591,41.17451333,0 2.056832137649935,41.173384485517566,0 2.0567883668666505,41.172255640680596,0 2.0567445976500407,41.17112679551735,0 2.05670083,41.16999795,0 2.056666760647933,41.16886928300528,0 2.056632692530633,41.1677406156642,0 2.0565986256480158,41.166611948005034,0 2.05656456,41.16548328,0 2.0565152972994714,41.164325718045816,0 2.056466036399378,41.16316815571827,0 2.056416777299596,41.1620105930456,0 2.05636752,41.16085303,0 2.0563214925490376,41.159730213011585,0 2.0562754667321235,41.15860739567261,0 2.0562294425491476,41.15748457801135,0 2.05618342,41.15636176,0 2.056136224950957,41.15522224802533,0 2.0560890316013527,41.15408273569096,0 2.0560418399510727,41.152943223025105,0 2.05599465,41.15180371,0 2.055945882333607,41.15064907053853,0 2.055897116444891,41.14949443070854,0 2.05584835233373,41.148339790538294,0 2.05579959,41.14718515,0 2.0557379516698266,41.14603394555414,0 2.0556763155598707,41.14488274072935,0 2.0556146816699794,41.14373153555392,0 2.05555305,41.14258033,0 2.055507482468449,41.141410835543724,0 2.0554619166246773,41.14024134071546,0 2.0554163524685674,41.13907184554349,0 2.05537079,41.13790235,0 2.055329767745137,41.136749975522584,0 2.055288746993585,41.13559760068726,0 2.055247727745241,41.13444522552234,0 2.05520671,41.13329285,0 2.055218368002624,41.132131705502495,0 2.055230025670148,41.13097056066048,0 2.0552416830025986,41.12980941550226,0 2.05525334,41.12864827,0
                </coordinates>
            </LineString>
        </Placemark>
        

        <Placemark>
            <name>Route NSZ3DA</name>
            <Style>
                <LineStyle>
                    <color>ff00a5ff</color> <!-- naranja -->
                    <width>2</width>
                </LineStyle>
            </Style>
            <LineString>
                <tessellate>1</tessellate>
                <coordinates>
                    2.07625454,41.30150022,0 2.0762705630440856,41.30149008617547,0 2.0762865860832362,41.30147995232092,0 2.076302609117452,41.30146981846411,0 2.0763186321467315,41.301459684605085,0 2.076334655171076,41.301449550743826,0 2.0763506781904852,41.30143941688033,0 2.076366701204959,41.3014292830146,0 2.076382724214497,41.301419149146625,0 2.0763987472191,41.301409015276434,0 2.0764147702187676,41.301398881404005,0 2.0764307932135,41.30138874752933,0 2.0764468162032967,41.301378613652425,0 2.076462839188158,41.3013684797733,0 2.076478862168084,41.30135834589194,0 2.0764948851430747,41.30134821200832,0 2.07651090811313,41.3013380781225,0 2.0765269310782495,41.30132794423443,0 2.076542954038434,41.30131781034413,0 2.076558976993683,41.30130767645159,0 2.076574999943997,41.30129754255683,0 2.076591022889376,41.30128740865982,0 2.0766070458298187,41.30127727476059,0 2.0766230687653264,41.301267140859125,0 2.0766390916958986,41.30125700695541,0 2.0766551146215355,41.301246873049486,0 2.0766711375422373,41.30123673914131,0 2.0766871604580035,41.30122660523091,0 2.076703183368834,41.30121647131827,0 2.07671920627473,41.3012063374034,0 2.07673522917569,41.3011962034863,0 2.076751252071715,41.30118606956697,0 2.0767672749628048,41.301175935645375,0 2.0767832978489587,41.30116580172159,0 2.0767993207301774,41.30115566779555,0 2.076815343606461,41.30114553386728,0 2.0768313664778093,41.30113539993676,0 2.0768473893442216,41.30112526600403,0 2.0768634122056993,41.30111513206906,0 2.0768794350622413,41.30110499813184,0 2.076895457913848,41.3010948641924,0 2.0769114807605193,41.30108473025073,0 2.076927503602256,41.301074596306826,0 2.0769435264390563,41.30106446236069,0 2.076959549270922,41.30105432841231,0 2.076975572097852,41.30104419446171,0 2.0769915949198468,41.30103406050887,0 2.0770076177369066,41.30102392655378,0 2.0770236405490308,41.30101379259648,0 2.0770396633562194,41.301003658636944,0 2.077055686158473,41.300993524675164,0 2.077071708955791,41.30098339071115,0 2.0770877317481737,41.30097325674491,0 2.0771037545356212,41.30096312277643,0 2.0771197773181336,41.300952988805726,0 2.0771358000957107,41.300942854832776,0 2.0771518228683523,41.30093272085762,0 2.0771678456360587,41.30092258688019,0 2.07718386839883,41.30091245290053,0 2.0771998911566656,41.30090231891867,0 2.077215913909566,41.30089218493456,0 2.077231936657531,41.30088205094821,0 2.077247959400561,41.30087191695964,0 2.077263982138655,41.300861782968816,0 2.0772800048718145,41.30085164897579,0 2.0772960276000387,41.300841514980505,0 2.077312050323327,41.300831380983,0 2.0773280730416803,41.30082124698324,0 2.0773440957550986,41.30081111298127,0 2.0773601184635813,41.30080097897705,0 2.0773761411671288,41.30079084497059,0 2.077392163865741,41.300780710961924,0 2.077408186559418,41.30077057695101,0 2.0774242092481594,41.30076044293787,0 2.077440231931966,41.30075030892248,0 2.077456254610837,41.300740174904874,0 2.0774722772847727,41.30073004088503,0 2.077488299953773,41.30071990686296,0 2.0775043226178385,41.30070977283863,0 2.0775203452769686,41.300699638812084,0 2.077536367931163,41.30068950478331,0 2.0775523905804225,41.30067937075229,0 2.0775684132247467,41.300669236719045,0 2.0775844358641358,41.30065910268356,0 2.077600458498589,41.300648968645845,0 2.0776164811281075,41.3006388346059,0 2.0776325037526906,41.300628700563706,0 2.077648526372339,41.300618566519304,0 2.077664548987051,41.30060843247266,0 2.0776805715968285,41.30059829842377,0 2.0776965942016705,41.30058816437265,0 2.0777126168015774,41.3005780303193,0 2.077728639396549,41.30056789626372,0 2.077744661986585,41.30055776220591,0 2.077760684571686,41.30054762814586,0 2.0777767071518523,41.30053749408357,0 2.077792729727083,41.30052736001905,0 2.0778087522973783,41.3005172259523,0 2.077824774862738,41.30050709188332,0 2.0778407974231627,41.30049695781211,0 2.0778568199786527,41.30048682373866,0 2.0778728425292075,41.300476689662965,0 2.077888865074826,41.30046655558506,0 2.07790488761551,41.300456421504904,0 2.077920910151259,41.300446287422524,0 2.0779369326820722,41.3004361533379,0 2.0779529552079503,41.30042601925104,0 2.0779689777288937,41.300415885161975,0 2.0779850002449014,41.30040575107065,0 2.0780010227559735,41.300395616977106,0 2.078017045262111,41.30038548288131,0 2.078033067763313,41.30037534878329,0 2.0780490902595803,41.30036521468304,0 2.0780651127509118,41.300355080580545,0 2.078081135237308,41.30034494647584,0 2.0780971577187692,41.30033481236889,0 2.0781131801952952,41.3003246782597,0 2.0781292026668865,41.30031454414827,0 2.0781452251335417,41.300304410034634,0 2.078161247595262,41.300294275918745,0 2.078177270052047,41.30028414180062,0 2.0781932925038973,41.30027400768027,0 2.078209314950812,41.30026387355769,0 2.0782253373927917,41.30025373943287,0 2.078241359829836,41.30024360530581,0 2.078257382261945,41.30023347117652,0 2.0782734046891194,41.300223337045004,0 2.078289427111358,41.30021320291125,0 2.0783054495286617,41.300203068775275,0 2.07832147194103,41.30019293463705,0 2.0783374943484634,41.30018280049659,0 2.078353516750961,41.30017266635391,0 2.078369539148524,41.30016253220899,0 2.0783855615411517,41.30015239806185,0 2.0784015839288443,41.30014226391244,0 2.0784176063116013,41.300132129760826,0 2.0784336286894236,41.30012199560698,0 2.0784496510623103,41.30011186145089,0 2.0784656734302622,41.30010172729257,0 2.078481695793279,41.30009159313202,0 2.0784977181513598,41.30008145896923,0 2.078513740504506,41.30007132480421,0 2.0785297628527175,41.30006119063696,0 2.078545785195993,41.30005105646746,0 2.078561807534334,41.30004092229575,0 2.0785778298677395,41.3000307881218,0 2.0785938521962097,41.300020653945616,0 2.078609874519745,41.300010519767184,0 2.0786258968383455,41.300000385586536,0 2.07864191915201,41.299990251403656,0 2.07865794146074,41.299980117218524,0 2.078673963764534,41.29996998303117,0 2.078689986063394,41.29995984884158,0 2.078706008357318,41.29994971464976,0 2.0787220306463072,41.29993958045571,0 2.078738052930361,41.299929446259426,0 2.07875407520948,41.299919312060894,0 2.0787700974836634,41.29990917786014,0 2.078786119752912,41.299899043657156,0 2.0788021420172256,41.29988890945194,0 2.078818164276604,41.29987877524448,0 2.0788341865310467,41.299868641034784,0 2.0788502087805547,41.29985850682288,0 2.0788662310251276,41.29984837260872,0 2.078882253264765,41.29983823839234,0 2.078898275499468,41.29982810417371,0 2.078914297729235,41.29981796995286,0 2.0789303199540674,41.299807835729766,0 2.0789463421739645,41.29979770150445,0 2.0789623643889263,41.2997875672769,0 2.0789783865989535,41.29977743304711,0 2.078994408804045,41.299767298815084,0 2.0790104310042015,41.299757164580846,0 2.0790264531994236,41.29974703034436,0 2.0790424753897097,41.29973689610564,0 2.079058497575061,41.29972676186467,0 2.079074519755477,41.29971662762148,0 2.079090541930958,41.299706493376064,0 2.079106564101504,41.29969635912841,0 2.079122586267115,41.29968622487852,0 2.0791386084277907,41.299676090626406,0 2.079154630583531,41.29966595637205,0 2.0791706527343368,41.29965582211546,0 2.0791866748802073,41.299645687856646,0 2.0792026970211426,41.29963555359558,0 2.0792187191571427,41.299625419332315,0 2.0792347412882077,41.299615285066785,0 2.079250763414338,41.29960515079903,0 2.0792667855355327,41.299595016529054,0 2.0792828076517926,41.29958488225682,0 2.0792988297631174,41.29957474798237,0 2.079314851869507,41.29956461370568,0 2.0793308739709615,41.29955447942676,0 2.079346896067481,41.299544345145605,0 2.079362918159065,41.29953421086221,0 2.0793789402457143,41.29952407657661,0 2.0793949623274286,41.29951394228875,0 2.0794109844042077,41.29950380799867,0 2.0794270064760516,41.29949367370633,0 2.0794430285429604,41.29948353941179,0 2.0794590506049344,41.299473405115016,0 2.0794750726619733,41.29946327081598,0 2.079491094714077,41.29945313651474,0 2.0795071167612456,41.29944300221123,0 2.0795231388034794,41.29943286790553,0 2.079539160840777,41.29942273359757,0 2.0795551828731407,41.29941259928738,0 2.0795712049005695,41.29940246497497,0 2.0795872269230626,41.29939233066031,0 2.0796032489406207,41.29938219634343,0 2.079619270953244,41.29937206202431,0 2.079635292960932,41.29936192770296,0 2.079651314963685,41.299351793379365,0 2.079667336961503,41.299341659053546,0 2.079683358954386,41.2993315247255,0 2.079699380942334,41.299321390395214,0 2.0797154029253466,41.299311256062715,0 2.0797314249034247,41.29930112172795,0 2.079747446876567,41.29929098739096,0 2.079763468844775,41.29928085305175,0 2.0797794908080474,41.29927071871029,0 2.079795512766385,41.29926058436661,0 2.0798115347197874,41.29925045002068,0 2.079827556668255,41.29924031567254,0 2.0798435786117873,41.29923018132215,0 2.079859600550385,41.299220046969545,0 2.079875622484047,41.299209912614685,0 2.0798916444127746,41.29919977825761,0 2.079907666336567,41.29918964389828,0 2.079923688255424,41.29917950953674,0 2.0799397101693464,41.29916937517295,0 2.0799557320783335,41.29915924080693,0 2.079971753982386,41.29914910643869,0 2.0799877758815026,41.299138972068214,0 2.080003797775685,41.29912883769549,0 2.0800198196649324,41.29911870332055,0 2.080035841549244,41.29910856894336,0 2.0800518634286216,41.29909843456393,0 2.0800678853030634,41.29908830018229,0 2.0800839071725705,41.29907816579841,0 2.0800999290371425,41.29906803141229,0 2.0801159508967797,41.29905789702394,0 2.0801319727514818,41.29904776263337,0 2.0801479946012487,41.29903762824055,0 2.0801640164460804,41.2990274938455,0 2.0801800382859774,41.29901735944822,0 2.0801960601209397,41.299007225048705,0 2.0802120819509664,41.298997090646964,0 2.0802281037760584,41.29898695624297,0 2.0802441255962156,41.29897682183676,0 2.0802601474114373,41.298966687428305,0 2.0802761692217246,41.29895655301764,0 2.0802921910270764,41.29894641860472,0 2.0803082128274935,41.29893628418957,0 2.0803242346229753,41.29892614977219,0 2.0803402564135225,41.298916015352575,0 2.0803562781991345,41.29890588093073,0 2.0803722999798113,41.29889574650665,0 2.0803883217555534,41.29888561208035,0 2.0804043435263604,41.2988754776518,0 2.0804203652922326,41.29886534322101,0 2.0804363870531692,41.298855208788,0 2.0804524088091716,41.29884507435275,0 2.080468430560239,41.298834939915274,0 2.0804844523063712,41.29882480547558,0 2.0805004740475685,41.298814671033625,0 2.0805164957838307,41.29880453658945,0 2.0805325175151577,41.29879440214304,0 2.08054853924155,41.29878426769439,0 2.0805645609630075,41.298774133243526,0 2.0805805826795294,41.298763998790406,0 2.080596604391117,41.298753864335055,0 2.0806126260977695,41.298743729877486,0 2.080628647799487,41.29873359541766,0 2.0806446694962695,41.298723460955635,0 2.0806606911881174,41.29871332649135,0 2.0806767128750296,41.29870319202485,0 2.080692734557007,41.2986930575561,0 2.08070875623405,41.29868292308513,0 2.0807247779061577,41.298672788611924,0 2.0807407995733307,41.298662654136464,0 2.080756821235568,41.298652519658795,0 2.080772842892871,41.298642385178894,0 2.080788864545239,41.29863225069676,0 2.0808048861926722,41.298622116212385,0 2.0808209078351703,41.29861198172577,0 2.080836929472733,41.29860184723693,0 2.0808529511053617,41.29859171274585,0 2.0808689727330547,41.29858157825255,0 2.0808849943558134,41.29857144375701,0 2.0809010159736365,41.298561309259235,0 2.080917037586525,41.298551174759226,0 2.080933059194478,41.29854104025698,0 2.0809490807974966,41.29853090575253,0 2.0809651023955804,41.29852077124582,0 2.080981123988729,41.29851063673688,0 2.080997145576943,41.29850050222571,0 2.0810131671602217,41.298490367712304,0 2.0810291887385657,41.29848023319667,0 2.081045210311975,41.2984700986788,0 2.0810612318804487,41.29845996415869,0 2.081077253443988,41.298449829636354,0 2.0810932750025923,41.29843969511178,0 2.0811092965562614,41.29842956058498,0 2.0811253181049962,41.29841942605594,0 2.081141339648796,41.298409291524685,0 2.0811573611876604,41.29839915699116,0 2.08117338272159,41.29838902245544,0 2.0811894042505847,41.29837888791746,0 2.0812054257746446,41.29836875337728,0 2.0812214472937702,41.29835861883484,0 2.08123746880796,41.298348484290166,0 2.081253490317215,41.29833834974327,0 2.0812695118215356,41.29832821519413,0 2.081285533320921,41.29831808064277,0 2.0813015548153717,41.29830794608917,0 2.0813175763048872,41.29829781153333,0 2.0813335977894676,41.29828767697526,0 2.0813496192691137,41.298277542414965,0 2.0813656407438246,41.29826740785244,0 2.0813816622136008,41.298257273287675,0 2.081397683678442,41.298247138720676,0 2.081413705138348,41.29823700415144,0 2.0814297265933197,41.29822686957998,0 2.0814457480433566,41.29821673500628,0 2.0814617694884583,41.298206600430355,0 2.081477790928625,41.298196465852186,0 2.0814938123638567,41.298186331271786,0 2.081509833794154,41.29817619668916,0 2.0815258552195157,41.2981660621043,0 2.0815418766399434,41.2981559275172,0 2.081557898055436,41.29814579292788,0 2.0815739194659932,41.29813565833632,0 2.0815899408716163,41.29812552374253,0 2.081605962272304,41.29811538914649,0 2.081621983668057,41.29810525454822,0 2.081638005058875,41.29809511994774,0 2.0816540264447583,41.29808498534499,0 2.081670047825707,41.29807485074004,0 2.0816860692017203,41.298064716132856,0 2.081702090572799,41.29805458152344,0 2.081718111938943,41.298044446911774,0 2.081734133300152,41.29803431229788,0 2.0817501546564263,41.29802417768176,0 2.0817661760077653,41.2980140430634,0 2.08178219735417,41.29800390844282,0 2.0817982186956394,41.29799377381998,0 2.081814240032174,41.29798363919494,0 2.0818302613637742,41.297973504567636,0 2.081846282690439,41.29796336993812,0 2.0818623040121693,41.297953235306366,0 2.0818783253289648,41.29794310067237,0 2.0818943466408255,41.29793296603615,0 2.0819103679477515,41.2979228313977,0 2.0819263892497424,41.29791269675701,0 2.0819424105467985,41.297902562114096,0 2.0819584318389195,41.29789242746894,0 2.081974453126106,41.29788229282155,0 2.0819904744083577,41.29787215817192,0 2.0820064956856745,41.29786202352008,0 2.0820225169580566,41.29785188886599,0 2.0820385382255036,41.29784175420967,0 2.0820545594880158,41.297831619551125,0 2.0820705807455937,41.29782148489034,0 2.082086601998236,41.29781135022731,0 2.082102623245944,41.29780121556207,0 2.082118644488717,41.29779108089458,0 2.082134665726555,41.297780946224876,0 2.0821506869594586,41.29777081155292,0 2.0821667081874273,41.297760676878745,0 2.0821827294104613,41.29775054220232,0 2.08219875062856,41.297740407523676,0 2.0822147718417248,41.2977302728428,0 2.0822307930499537,41.29772013815968,0 2.0822468142532484,41.297710003474336,0 2.0822628354516084,41.29769986878675,0 2.082278856645033,41.297689734096956,0 2.0822948778335237,41.2976795994049,0 2.082310899017079,41.29766946471063,0 2.0823269201957,41.29765933001411,0 2.0823429413693857,41.29764919531536,0 2.082358962538137,41.297639060614394,0 2.0823749837019534,41.29762892591118,0 2.0823910048608347,41.29761879120574,0 2.0824070260147813,41.297608656498056,0 2.0824230471637932,41.29759852178816,0 2.0824390683078704,41.29758838707602,0 2.082455089447013,41.29757825236163,0 2.0824711105812206,41.29756811764503,0 2.082487131710493,41.297557982926186,0 2.082503152834831,41.29754784820511,0 2.0825191739542346,41.2975377134818,0 2.082535195068703,41.297527578756274,0 2.0825512161782367,41.29751744402849,0 2.082567237282836,41.297507309298496,0 2.0825832583825,41.29749717456625,0 2.0825992794772294,41.297487039831786,0 2.0826153005670243,41.29747690509507,0 2.082631321651884,41.29746677035613,0 2.0826473427318093,41.29745663561496,0 2.0826633638068,41.29744650087157,0 2.082679384876855,41.29743636612593,0 2.082695405941976,41.29742623137806,0 2.0827114270021627,41.29741609662796,0 2.082727448057414,41.29740596187562,0 2.0827434691077302,41.297395827121065,0 2.0827594901531126,41.29738569236425,0 2.0827755111935593,41.29737555760522,0 2.0827915322290718,41.29736542284395,0 2.0828075532596495,41.29735528808046,0 2.0828235742852925,41.29734515331473,0 2.082839595306001,41.297335018546775,0 2.0828556163217744,41.29732488377657,0 2.082871637332613,41.29731474900414,0 2.0828876583385165,41.29730461422948,0 2.0829036793394864,41.297294479452574,0 2.0829197003355207,41.29728434467344,0 2.0829357213266206,41.297274209892095,0 2.0829517423127855,41.297264075108494,0 2.0829677632940156,41.29725394032266,0 2.0829837842703114,41.2972438055346,0 2.0829998052416725,41.29723367074432,0 2.0830158262080984,41.29722353595179,0 2.08303184716959,41.29721340115702,0 2.0830478681261466,41.29720326636004,0 2.0830638890777684,41.29719313156081,0 2.083079910024456,41.297182996759354,0 2.0830959309662083,41.297172861955666,0 2.0831119519030263,41.29716272714973,0 2.0831279728349092,41.29715259234158,0 2.0831439937618574,41.2971424575312,0 2.083160014683872,41.29713232271857,0 2.0831760356009505,41.29712218790372,0 2.083192056513095,41.29711205308663,0 2.0832080774203043,41.297101918267316,0 2.083224098322579,41.29709178344576,0 2.0832401192199197,41.29708164862197,0 2.083256140112325,41.29707151379595,0 2.083272160999796,41.297061378967705,0 2.0832881818823323,41.297051244137215,0 2.0833042027599333,41.29704110930451,0 2.0833202236326,41.29703097446955,0 2.0833362445003325,41.29702083963237,0 2.08335226536313,41.297010704792946,0 2.0833682862209923,41.2970005699513,0 2.08338430707392,41.29699043510743,0 2.0834003279219133,41.29698030026131,0 2.083416348764972,41.296970165412965,0 2.0834323696030963,41.29696003056238,0 2.0834483904362857,41.296949895709574,0 2.08346441126454,41.296939760854535,0 2.08348043208786,41.29692962599725,0 2.083496452906245,41.29691949113774,0 2.0835124737196957,41.296909356276,0 2.0835284945282115,41.29689922141202,0 2.0835445153317926,41.29688908654581,0 2.0835605361304395,41.296878951677364,0 2.083576556924151,41.29686881680669,0 2.083592577712928,41.29685868193379,0 2.083608598496771,41.29684854705865,0 2.0836246192756787,41.296838412181266,0 2.0836406400496523,41.296828277301664,0 2.0836566608186904,41.29681814241983,0 2.0836726815827946,41.29680800753575,0 2.0836887023419637,41.29679787264945,0 2.0837047230961985,41.29678773776091,0 2.083720743845498,41.29677760287013,0 2.0837367645898635,41.29676746797714,0 2.083752785329294,41.2967573330819,0 2.08376880606379,41.296747198184434,0 2.0837848267933516,41.29673706328474,0 2.0838008475179786,41.29672692838281,0 2.0838168682376703,41.29671679347862,0 2.083832888952428,41.296706658572226,0 2.083848909662251,41.29669652366359,0 2.083864930367139,41.29668638875273,0 2.083880951067093,41.29667625383964,0 2.0838969717621114,41.29666611892431,0 2.0839129924521953,41.29665598400674,0 2.0839290131373454,41.29664584908695,0 2.0839450338175602,41.296635714164914,0 2.083961054492841,41.29662557924066,0 2.0839770751631863,41.29661544431416,0 2.0839930958285975,41.29660530938545,0 2.084009116489074,41.29659517445449,0 2.0840251371446157,41.296585039521275,0 2.084041157795223,41.29657490458586,0 2.084057178440896,41.29656476964821,0 2.084073199081634,41.29655463470831,0 2.084089219717437,41.29654449976619,0 2.084105240348306,41.29653436482183,0 2.08412126097424,41.29652422987524,0 2.08413728159524,41.296514094926415,0 2.084153302211305,41.29650395997537,0 2.084169322822435,41.296493825022075,0 2.084185343428631,41.29648369006656,0 2.084201364029892,41.296473555108804,0 2.0842173846262186,41.296463420148825,0 2.0842334052176104,41.2964532851866,0 2.084249425804068,41.29644315022215,0 2.0842654463855905,41.296433015255474,0 2.0842814669621785,41.29642288028656,0 2.0842974875338323,41.296412745315415,0 2.0843135081005513,41.29640261034202,0 2.084329528662336,41.2963924753664,0 2.0843455492191856,41.29638234038856,0 2.084361569771101,41.29637220540848,0 2.0843775903180815,41.29636207042618,0 2.0843936108601273,41.296351935441635,0 2.084409631397239,41.296341800454854,0 2.0844256519294158,41.296331665465836,0 2.0844416724566583,41.29632153047459,0 2.0844576929789658,41.296311395481126,0 2.084473713496339,41.296301260485414,0 2.0844897340087774,41.29629112548748,0 2.0845057545162815,41.2962809904873,0 2.084521775018851,41.2962708554849,0 2.0845377955164857,41.29626072048025,0 2.084553816009186,41.29625058547338,0 2.084569836496952,41.29624045046428,0 2.084585856979783,41.296230315452945,0 2.0846018774576796,41.29622018043936,0 2.084617897930641,41.296210045423564,0 2.084633918398669,41.29619991040553,0 2.084649938861762,41.296189775385265,0 2.08466595931992,41.296179640362766,0 2.084681979773144,41.296169505338035,0 2.084698000221433,41.29615937031107,0 2.084714020664788,41.296149235281874,0 2.084730041103208,41.29613910025044,0 2.0847460615366935,41.296128965216774,0 2.0847620819652444,41.29611883018088,0 2.084778102388861,41.29610869514274,0 2.0847941228075433,41.296098560102386,0 2.0848101432212904,41.296088425059786,0 2.0848261636301033,41.29607829001496,0 2.0848421840339815,41.29606815496791,0 2.0848582044329254,41.296058019918604,0 2.0848742248269345,41.296047884867086,0 2.0848902452160094,41.29603774981333,0 2.0849062656001496,41.296027614757335,0 2.0849222859793555,41.29601747969911,0 2.084938306353626,41.29600734463866,0 2.0849543267229627,41.29599720957597,0 2.0849703470873653,41.295987074511046,0 2.0849863674468323,41.295976939443904,0 2.0850023878013655,41.29596680437451,0 2.0850184081509644,41.29595666930288,0 2.085034428495628,41.295946534229046,0 2.0850504488353576,41.29593639915295,0 2.0850664691701524,41.29592626407464,0 2.085082489500013,41.295916128994094,0 2.0850985098249386,41.2959059939113,0 2.08511453014493,41.29589585882629,0 2.085130550459987,41.29588572373904,0 2.0851465707701093,41.29587558864957,0 2.0851625910752976,41.295865453557845,0 2.0851786113755506,41.29585531846392,0 2.08519463167087,41.295845183367724,0 2.085210651961254,41.29583504826932,0 2.085226672246704,41.29582491316869,0 2.085242692527219,41.295814778065804,0 2.0852587128028,41.29580464296069,0 2.0852747330734465,41.29579450785335,0 2.085290753339158,41.295784372743775,0 2.0853067735999353,41.295774237631974,0 2.0853227938557786,41.295764102517936,0 2.0853388141066866,41.29575396740168,0 2.085354834352661,41.29574383228315,0 2.0853708545937,41.295733697162426,0 2.0853868748298052,41.29572356203945,0 2.0854028950609758,41.295713426914254,0 2.0854189152872116,41.295703291786815,0 2.085434935508513,41.29569315665716,0 2.08545095572488,41.29568302152526,0 2.0854669759363125,41.29567288639112,0 2.0854829961428107,41.29566275125476,0 2.0854990163443743,41.29565261611617,0 2.0855150365410036,41.29564248097533,0 2.085531056732698,41.295632345832274,0 2.0855470769194584,41.29562221068698,0 2.0855630971012835,41.29561207553945,0 2.0855791172781752,41.29560194038969,0 2.0855951374501323,41.29559180523769,0 2.085611157617154,41.295581670083465,0 2.0856271777792417,41.295571534927014,0 2.085643197936396,41.29556139976832,0 2.0856592180886144,41.29555126460741,0 2.0856752382358987,41.29554112944426,0 2.0856912583782488,41.295530994278856,0 2.0857072785156645,41.29552085911123,0 2.085723298648146,41.29551072394138,0 2.0857393187756923,41.2955005887693,0 2.085755338898305,41.295490453594994,0 2.085771359015982,41.29548031841843,0 2.0857873791287256,41.29547018323966,0 2.085803399236535,41.29546004805864,0 2.085819419339409,41.29544991287538,0 2.085835439437349,41.29543977768992,0 2.0858514595303546,41.29542964250219,0 2.085867479618426,41.295419507312246,0 2.0858834997015623,41.295409372120076,0 2.0858995197797645,41.29539923692566,0 2.0859155398530325,41.295389101729015,0 2.085931559921366,41.29537896653014,0 2.085947579984765,41.295368831329036,0 2.0859636000432293,41.29535869612569,0 2.0859796200967593,41.295348560920125,0 2.085995640145355,41.295338425712316,0 2.0860116601890164,41.295328290502276,0 2.0860276802277435,41.295318155290005,0 2.086043700261536,41.29530802007551,0 2.086059720290394,41.295297884858776,0 2.0860757403143175,41.295287749639805,0 2.0860917603333062,41.2952776144186,0 2.0861077803473616,41.29526747919517,0 2.0861238003564817,41.2952573439695,0 2.0861398203606676,41.29524720874159,0 2.086155840359919,41.29523707351148,0 2.0861718603542365,41.29522693827912,0 2.086187880343619,41.29521680304451,0 2.0862039003280675,41.29520666780769,0 2.0862199203075815,41.295196532568625,0 2.086235940282161,41.29518639732734,0 2.086251960251806,41.29517626208381,0 2.0862679802165167,41.29516612683804,0 2.0862840001762932,41.295155991590065,0 2.086300020131135,41.29514585633983,0 2.086316040081043,41.29513572108737,0 2.086332060026016,41.29512558583269,0 2.0863480799660548,41.295115450575786,0 2.086364099901159,41.29510531531663,0 2.086380119831329,41.295095180055235,0 2.0863961397565647,41.29508504479161,0 2.0864121596768657,41.29507490952576,0 2.0864281795922324,41.29506477425769,0 2.0864441995026652,41.29505463898737,0 2.0864602194081634,41.29504450371483,0 2.0864762393087273,41.295034368440035,0 2.0864922592043564,41.295024233163026,0 2.0865082790950513,41.29501409788379,0 2.086524298980812,41.2950039626023,0 2.0865403188616383,41.294993827318585,0 2.0865563387375303,41.29498369203265,0 2.0865723586084877,41.29497355674448,0 2.0865883784745107,41.29496342145407,0 2.0866043983355995,41.29495328616142,0 2.0866204181917536,41.29494315086656,0 2.086636438042974,41.294933015569455,0 2.08665245788926,41.2949228802701,0 2.0866684777306106,41.29491274496855,0 2.086684497567028,41.29490260966475,0 2.0867005173985107,41.294892474358704,0 2.086716537225059,41.29488233905044,0 2.086732557046673,41.294872203739935,0 2.0867485768633522,41.294862068427214,0 2.086764596675098,41.29485193311224,0 2.0867806164819083,41.29484179779505,0 2.086796636283785,41.29483166247562,0 2.0868126560807276,41.294821527153964,0 2.0868286758727352,41.294811391830066,0 2.0868446956598086,41.29480125650394,0 2.0868607154419476,41.29479112117557,0 2.0868767352191524,41.294780985844994,0 2.0868927549914233,41.294770850512165,0 2.0869087747587596,41.294760715177105,0 2.086924794521161,41.294750579839814,0 2.086940814278629,41.294740444500306,0 2.086956834031162,41.29473030915855,0 2.086972853778761,41.29472017381457,0 2.0869888735214253,41.294710038468345,0 2.0870048932591554,41.29469990311989,0 2.0870209129919517,41.294689767769206,0 2.0870369327198133,41.29467963241629,0 2.0870529524427406,41.29466949706115,0 2.087068972160733,41.294659361703765,0 2.087084991873792,41.29464922634416,0 2.0871010115819164,41.2946390909823,0 2.0871170312851066,41.294628955618236,0 2.0871330509833617,41.29461882025193,0 2.0871490706766833,41.294608684883386,0 2.0871650903650703,41.29459854951261,0 2.0871811100485234,41.294588414139604,0 2.0871971297270417,41.29457827876436,0 2.087213149400626,41.2945681433869,0 2.0872291690692757,41.29455800800718,0 2.0872451887329913,41.29454787262525,0 2.0872612083917725,41.294537737241086,0 2.0872772280456195,41.29452760185469,0 2.0872932476945323,41.294517466466054,0 2.0873092673385103,41.29450733107518,0 2.0873252869775545,41.29449719568209,0 2.087341306611665,41.29448706028676,0 2.08735732624084,41.29447692488919,0 2.0873733458650814,41.2944667894894,0 2.0873893654843885,41.29445665408738,0 2.087405385098761,41.29444651868312,0 2.0874214047081994,41.29443638327662,0 2.0874374243127036,41.2944262478679,0 2.0874534439122736,41.294416112456936,0 2.087469463506909,41.29440597704375,0 2.0874854830966103,41.29439584162833,0 2.087501502681377,41.29438570621066,0 2.08751752226121,41.294375570790784,0 2.0875335418361085,41.294365435368675,0 2.0875495614060724,41.29435529994433,0 2.0875655809711025,41.294345164517736,0 2.0875816005311982,41.29433502908892,0 2.0875976200863597,41.29432489365787,0 2.087613639636587,41.29431475822458,0 2.08762965918188,41.29430462278908,0 2.087645678722238,41.29429448735133,0 2.087661698257662,41.29428435191135,0 2.0876777177881527,41.29427421646914,0 2.0876937373137086,41.2942640810247,0 2.08770975683433,41.29425394557803,0 2.0877257763500174,41.29424381012913,0 2.0877417958607705,41.294233674678,0 2.087757815366589,41.29422353922461,0 2.087773834867474,41.294213403769014,0 2.0877898543634243,41.294203268311186,0 2.0878058738544403,41.294193132851106,0 2.0878218933405224,41.29418299738881,0 2.08783791282167,41.29417286192426,0 2.0878539322978833,41.29416272645752,0 2.0878699517691626,41.29415259098851,0 2.087885971235507,41.29414245551728,0 2.0879019906969183,41.29413232004382,0 2.0879180101533947,41.294122184568124,0 2.087934029604937,41.29411204909021,0 2.087950049051545,41.29410191361005,0 2.087966068493219,41.29409177812765,0 2.087982087929958,41.29408164264303,0 2.0879981073617633,41.294071507156175,0 2.088014126788635,41.29406137166707,0 2.0880301462105715,41.29405123617576,0 2.088046165627574,41.29404110068222,0 2.088062185039643,41.29403096518643,0 2.0880782044467767,41.29402082968841,0 2.088094223848977,41.294010694188174,0 2.0881102432462426,41.29400055868568,0 2.0881262626385744,41.29399042318097,0 2.088142282025972,41.29398028767402,0 2.088158301408435,41.293970152164846,0 2.088174320785964,41.293960016653436,0 2.0881903401585586,41.29394988113978,0 2.0882063595262195,41.29393974562392,0 2.0882223788889456,41.2939296101058,0 2.0882383982467383,41.29391947458548,0 2.088254417599596,41.29390933906289,0 2.0882704369475196,41.293899203538096,0 2.088286456290509,41.29388906801104,0 2.0883024756285646,41.29387893248178,0 2.088318494961686,41.293868796950285,0 2.0883345142898726,41.29385866141654,0 2.0883505336131254,41.29384852588059,0 2.0883665529314444,41.29383839034239,0 2.0883825722448286,41.29382825480196,0 2.0883985915532794,41.2938181192593,0 2.088414610856795,41.293807983714395,0 2.088430630155377,41.293797848167266,0 2.088446649449025,41.29378771261791,0 2.0884626687377383,41.29377757706633,0 2.0884786880215174,41.2937674415125,0 2.088494707300363,41.293757305956454,0 2.088510726574274,41.29374717039816,0 2.0885267458432506,41.29373703483764,0 2.0885427651072934,41.2937268992749,0 2.088558784366402,41.29371676370991,0 2.0885748036205762,41.29370662814268,0 2.0885908228698167,41.29369649257323,0 2.0886068421141224,41.293686357001555,0 2.0886228613534947,41.293676221427646,0 2.088638880587932,41.2936660858515,0 2.0886548998174357,41.29365595027313,0 2.088670919042005,41.29364581469252,0 2.0886869382616404,41.29363567910967,0 2.088702957476342,41.29362554352459,0 2.0887189766861085,41.29361540793728,0 2.0887349958909414,41.293605272347754,0 2.08875101509084,41.293595136755975,0 2.0887670342858042,41.29358500116198,0 2.0887830534758347,41.29357486556575,0 2.088799072660931,41.29356472996727,0 2.088815091841093,41.29355459436658,0 2.088831111016321,41.293544458763634,0 2.0888471301866143,41.29353432315849,0 2.0888631493519743,41.29352418755107,0 2.0888791685124,41.29351405194144,0 2.0888951876678914,41.2935039163296,0 2.088911206818448,41.2934937807155,0 2.0889272259640714,41.29348364509918,0 2.0889432451047605,41.29347350948061,0 2.0889592642405153,41.29346337385984,0 2.088975283371336,41.2934532382368,0 2.088991302497223,41.293443102611555,0 2.0890073216181753,41.29343296698407,0 2.0890233407341934,41.293422831354334,0 2.089039359845278,41.2934126957224,0 2.089055378951428,41.29340256008821,0 2.0890713980526443,41.2933924244518,0 2.0890874171489258,41.29338228881316,0 2.089103436240274,41.29337215317228,0 2.0891194553266876,41.29336201752918,0 2.089135474408167,41.29335188188383,0 2.0891514934847124,41.29334174623625,0 2.089167512556324,41.29333161058645,0 2.089183531623001,41.293321474934395,0 2.089199550684744,41.29331133928014,0 2.089215569741553,41.29330120362363,0 2.0892315887934285,41.293291067964894,0 2.089247607840369,41.29328093230394,0 2.0892636268823757,41.293270796640726,0 2.089279645919448,41.293260660975285,0 2.089295664951587,41.29325052530763,0 2.0893116839787913,41.29324038963773,0 2.0893277030010617,41.293230253965596,0 2.089343722018398,41.29322011829125,0 2.0893597410308007,41.29320998261465,0 2.0893757600382683,41.29319984693582,0 2.0893917790408025,41.29318971125476,0 2.0894077980384025,41.29317957557148,0 2.0894238170310686,41.29316943988596,0 2.0894398360188,41.293159304198205,0 2.089455855001598,41.29314916850823,0 2.0894718739794618,41.293139032816,0 2.0894878929523912,41.29312889712154,0 2.0895039119203864,41.293118761424864,0 2.0895199308834482,41.29310862572596,0 2.0895359498415753,41.2930984900248,0 2.0895519687947686,41.293088354321426,0 2.089567987743028,41.29307821861582,0 2.089584006686353,41.29306808290797,0 2.089600025624744,41.2930579471979,0 2.089616044558201,41.2930478114856,0 2.0896320634867243,41.293037675771046,0 2.089648082410313,41.293027540054275,0 2.089664101328968,41.29301740433529,0 2.0896801202426887,41.29300726861404,0 2.0896961391514752,41.29299713289058,0 2.0897121580553284,41.292986997164874,0 2.089728176954247,41.29297686143695,0 2.089744195848231,41.29296672570678,0 2.089760214737282,41.29295658997439,0 2.0897762336213983,41.29294645423976,0 2.089792252500581,41.292936318502896,0 2.0898082713748294,41.29292618276381,0 2.0898242902441435,41.29291604702248,0 2.089840309108524,41.29290591127892,0 2.0898563279679707,41.29289577553314,0 2.089872346822483,41.29288563978511,0 2.089888365672061,41.29287550403487,0 2.089904384516705,41.29286536828238,0 2.0899204033564156,41.29285523252767,0 2.089936422191191,41.29284509677071,0 2.0899524410210333,41.29283496101154,0 2.0899684598459416,41.29282482525013,0 2.089984478665915,41.29281468948648,0 2.0900004974809554,41.2928045537206,0 2.0900165162910613,41.29279441795249,0 2.0900325350962334,41.292784282182154,0 2.0900485538964717,41.29277414640958,0 2.0900645726917753,41.29276401063477,0 2.0900805914821454,41.292753874857745,0 2.0900966102675813,41.29274373907847,0 2.0901126290480834,41.29273360329697,0 2.090128647823651,41.29272346751323,0 2.090144666594285,41.29271333172726,0 2.090160685359985,41.292703195939076,0 2.0901767041207506,41.29269306014865,0 2.0901927228765826,41.29268292435599,0 2.090208741627481,41.29267278856109,0 2.0902247603734443,41.292662652763966,0 2.0902407791144744,41.29265251696461,0 2.09025679785057,41.29264238116302,0 2.090272816581732,41.29263224535921,0 2.0902888353079603,41.29262210955315,0 2.090304854029254,41.29261197374486,0 2.090320872745614,41.292601837934335,0 2.09033689145704,41.29259170212159,0 2.090352910163532,41.29258156630661,0 2.09036892886509,41.292571430489396,0 2.0903849475617133,41.29256129466996,0 2.0904009662534038,41.292551158848276,0 2.0904169849401595,41.29254102302437,0 2.090433003621982,41.292530887198225,0 2.09044902229887,41.29252075136986,0 2.090465040970824,41.29251061553924,0 2.090481059637844,41.2925004797064,0 2.09049707829993,41.292490343871336,0 2.0905130969570824,41.29248020803403,0 2.0905291156093004,41.29247007219451,0 2.0905451342565846,41.292459936352735,0 2.090561152898935,41.29244980050874,0 2.0905771715363515,41.29243966466251,0 2.0905931901688333,41.292429528814054,0 2.0906092087963817,41.29241939296336,0 2.0906252274189963,41.292409257110435,0 2.090641246036677,41.29239912125528,0 2.090657264649423,41.292388985397885,0 2.0906732832572357,41.29237884953827,0 2.090689301860114,41.2923687136764,0 2.0907053204580586,41.29235857781233,0 2.0907213390510697,41.29234844194601,0 2.0907373576391466,41.29233830607747,0 2.090753376222289,41.292328170206694,0 2.090769394800498,41.29231803433367,0 2.090785413373773,41.292307898458425,0 2.0908014319421135,41.29229776258096,0 2.0908174505055204,41.29228762670124,0 2.090833469063994,41.292277490819295,0 2.090849487617533,41.29226735493511,0 2.0908655061661383,41.292257219048714,0 2.0908815247098094,41.29224708316008,0 2.0908975432485466,41.29223694726921,0 2.09091356178235,41.29222681137611,0 2.090929580311219,41.29221667548077,0 2.090945598835155,41.292206539583226,0 2.0909616173541563,41.292196403683405,0 2.090977635868224,41.292186267781396,0 2.0909936543773577,41.292176131877135,0 2.091009672881558,41.292165995970635,0 2.091025691380824,41.292155860061904,0 2.0910417098751557,41.29214572415095,0 2.0910577283645537,41.29213558823776,0 2.091073746849018,41.292125452322345,0 2.0910897653285483,41.29211531640469,0 2.0911057838031444,41.29210518048481,0 2.0911218022728066,41.29209504456269,0 2.091137820737535,41.29208490863835,0 2.09115383919733,41.29207477271177,0 2.091169857652191,41.29206463678295,0 2.0911858761021174,41.29205450085192,0 2.0912018945471105,41.29204436491864,0 2.0912179129871693,41.29203422898313,0 2.0912339314222943,41.292024093045384,0 2.0912499498524855,41.292013957105425,0 2.091265968277743,41.29200382116322,0 2.0912819866980663,41.29199368521879,0 2.091298005113456,41.29198354927211,0 2.0913140235239114,41.29197341332321,0 2.091330041929433,41.29196327737208,0 2.091346060330021,41.29195314141873,0 2.091362078725675,41.29194300546313,0 2.091378097116395,41.29193286950532,0 2.0913941155021814,41.291922733545235,0 2.0914101338830338,41.29191259758296,0 2.091426152258952,41.29190246161843,0 2.0914421706299366,41.29189232565169,0 2.091458188995987,41.29188218968269,0 2.0914742073571038,41.29187205371147,0 2.091490225713287,41.291861917738025,0 2.091506244064536,41.29185178176235,0 2.091522262410851,41.29184164578443,0 2.0915382807522325,41.29183150980429,0 2.0915542990886795,41.291821373821904,0 2.0915703174201936,41.29181123783731,0 2.091586335746773,41.29180110185046,0 2.0916023540684185,41.291790965861395,0 2.091618372385131,41.29178082987007,0 2.091634390696909,41.29177069387654,0 2.091650409003753,41.29176055788077,0 2.0916664273056638,41.291750421882774,0 2.09168244560264,41.29174028588253,0 2.0916984638946827,41.291730149880074,0 2.091714482181792,41.29172001387538,0 2.091730500463967,41.29170987786846,0 2.091746518741208,41.2916997418593,0 2.0917625370135156,41.29168960584789,0 2.091778555280889,41.29167946983427,0 2.091794573543328,41.291669333818426,0 2.0918105918008343,41.29165919780032,0 2.091826610053406,41.29164906178003,0 2.0918426283010443,41.29163892575746,0 2.091858646543748,41.291628789732684,0 2.091874664781519,41.29161865370567,0 2.0918906830143555,41.29160851767642,0 2.0919067012422583,41.291598381644945,0 2.0919227194652272,41.291588245611244,0 2.0919387376832623,41.2915781095753,0 2.0919547558963636,41.29156797353712,0 2.091970774104531,41.29155783749671,0 2.0919867923077646,41.29154770145409,0 2.0920028105060644,41.29153756540922,0 2.0920188286994303,41.29152742936212,0 2.0920348468878625,41.291517293312765,0 2.092050865071361,41.291507157261215,0 2.0920668832499256,41.29149702120741,0 2.0920829014235562,41.291486885151386,0 2.0920989195922535,41.29147674909314,0 2.0921149377560164,41.29146661303264,0 2.0921309559148455,41.29145647696993,0 2.092146974068741,41.29144634090496,0 2.0921629922177027,41.29143620483778,0 2.0921790103617304,41.29142606876835,0 2.0921950285008246,41.29141593269671,0 2.092211046634985,41.29140579662282,0 2.0922270647642116,41.291395660546705,0 2.0922430828885044,41.29138552446836,0 2.092259101007863,41.291375388387785,0 2.092275119122288,41.291365252304956,0 2.092291137231779,41.29135511621994,0 2.0923071553363366,41.29134498013266,0 2.09232317343596,41.29133484404316,0 2.0923391915306504,41.29132470795142,0 2.0923552096204063,41.29131457185744,0 2.0923712277052284,41.29130443576125,0 2.092387245785117,41.291294299662816,0 2.092403263860072,41.29128416356216,0 2.092419281930093,41.29127402745926,0 2.0924352999951803,41.29126389135414,0 2.0924513180553337,41.291253755246764,0 2.0924673361105532,41.29124361913718,0 2.0924833541608394,41.29123348302535,0 2.0924993722061913,41.2912233469113,0 2.09251539024661,41.29121321079503,0 2.092531408282094,41.291203074676496,0 2.0925474263126453,41.291192938555746,0 2.092563444338262,41.29118280243277,0 2.092579462358945,41.291172666307546,0 2.092595480374695,41.29116253018011,0 2.0926114983855104,41.291152394050435,0 2.0926275163913926,41.29114225791853,0 2.092643534392341,41.29113212178438,0 2.0926595523883553,41.291121985648005,0 2.092675570379436,41.291111849509406,0 2.0926915883655828,41.29110171336857,0 2.092707606346796,41.29109157722551,0 2.092723624323076,41.2910814410802,0 2.092739642294421,41.29107130493267,0 2.0927556602608335,41.29106116878291,0 2.0927716782223116,41.29105103263091,0 2.092787696178856,41.291040896476694,0 2.0928037141304667,41.291030760320226,0 2.092819732077144,41.29102062416155,0 2.092835750018887,41.291010488000616,0 2.0928517679556964,41.29100035183747,0 2.092867785887572,41.29099021567208,0 2.092883803814514,41.290980079504465,0 2.0928998217365224,41.29096994333463,0 2.0929158396535974,41.290959807162544,0 2.092931857565738,41.29094967098823,0 2.092947875472945,41.290939534811685,0 2.0929638933752184,41.2909293986329,0 2.0929799112725584,41.2909192624519,0 2.0929959291649642,41.29090912626866,0 2.093011947052436,41.29089899008319,0 2.093027964934975,41.29088885389549,0 2.0930439828125795,41.29087871770555,0 2.0930600006852504,41.2908685815134,0 2.093076018552988,41.290858445318996,0 2.0930920364157917,41.290848309122374,0 2.0931080542736615,41.29083817292351,0 2.093124072126598,41.29082803672242,0 2.0931400899746,41.290817900519095,0 2.093156107817669,41.29080776431354,0 2.093172125655804,41.29079762810576,0 2.0931881434890056,41.290787491895735,0 2.0932041613172734,41.29077735568349,0 2.0932201791406073,41.290767219469,0 2.093236196959008,41.290757083252274,0 2.0932522147724746,41.290746947033334,0 2.0932682325810075,41.290736810812156,0 2.0932842503846065,41.29072667458874,0 2.0933002681832718,41.29071653836311,0 2.093316285977004,41.290706402135235,0 2.0933323037658016,41.29069626590513,0 2.093348321549666,41.290686129672785,0 2.093364339328597,41.29067599343824,0 2.0933803571025944,41.290665857201425,0 2.0933963748716575,41.29065572096239,0 2.0934123926357877,41.29064558472115,0 2.0934284103949836,41.29063544847766,0 2.0934444281492457,41.290625312231924,0 2.0934604458985744,41.29061517598396,0 2.0934764636429692,41.290605039733784,0 2.0934924813824307,41.29059490348136,0 2.093508499116959,41.2905847672267,0 2.0935245168465526,41.29057463096981,0 2.0935405345712126,41.2905644947107,0 2.0935565522909396,41.29055435844935,0 2.0935725700057324,41.29054422218577,0 2.0935885877155918,41.29053408591997,0 2.0936046054205177,41.29052394965193,0 2.0936206231205094,41.29051381338164,0 2.0936366408155678,41.29050367710914,0 2.0936526585056923,41.290493540834404,0 2.093668676190884,41.290483404557435,0 2.0936846938711406,41.29047326827825,0 2.0937007115464645,41.29046313199681,0 2.0937167292168546,41.290452995713146,0 2.0937327468823113,41.29044285942725,0 2.0937487645428337,41.290432723139126,0 2.093764782198423,41.29042258684876,0 2.0937807998490787,41.290412450556175,0 2.0937968174948005,41.29040231426134,0 2.0938128351355885,41.2903921779643,0 2.093828852771443,41.29038204166501,0 2.0938448704023642,41.29037190536349,0 2.0938608880283516,41.29036176905974,0 2.093876905649405,41.29035163275377,0 2.0938929232655252,41.29034149644556,0 2.093908940876712,41.29033136013511,0 2.093924958482964,41.29032122382245,0 2.0939409760842835,41.29031108750753,0 2.0939569936806692,41.29030095119039,0 2.0939730112721207,41.29029081487103,0 2.093989028858639,41.29028067854943,0 2.094005046440224,41.29027054222559,0 2.094021064016875,41.29026040589953,0 2.094037081588592,41.290250269571246,0 2.094053099155376,41.290240133240715,0 2.0940691167172263,41.29022999690795,0 2.094085134274143,41.29021986057296,0 2.0941011518261257,41.29020972423573,0 2.094117169373175,41.290199587896296,0 2.094133186915291,41.290189451554596,0 2.0941492044524725,41.29017931521067,0 2.0941652219847215,41.29016917886454,0 2.0941812395120363,41.290159042516144,0 2.0941972570344176,41.29014890616555,0 2.0942132745518656,41.29013876981269,0 2.0942292920643792,41.29012863345762,0 2.09424530957196,41.290118497100316,0 2.0942613270746064,41.290108360740774,0 2.09427734457232,41.29009822437901,0 2.0942933620650996,41.29008808801501,0 2.094309379552946,41.29007795164878,0 2.0943253970358584,41.290067815280324,0 2.0943414145138375,41.290057678909626,0 2.0943574319868827,41.29004754253669,0 2.0943734494549946,41.290037406161545,0 2.0943894669181726,41.29002726978414,0 2.0944054843764177,41.290017133404525,0 2.0944215018297285,41.29000699702267,0 2.094437519278106,41.289996860638574,0 2.0944535367215495,41.28998672425226,0 2.09446955416006,41.28997658786372,0 2.0944855715936366,41.289966451472935,0 2.09450158902228,41.289956315079934,0 2.0945176064459896,41.28994617868469,0 2.094533623864766,41.289936042287216,0 2.094549641278608,41.28992590588751,0 2.0945656586875168,41.28991576948557,0 2.0945816760914924,41.2899056330814,0 2.094597693490534,41.289895496675,0 2.0946137108846425,41.289885360266375,0 2.094629728273817,41.28987522385551,0 2.0946457456580583,41.28986508744242,0 2.0946617630373656,41.28985495102709,0 2.0946777804117396,41.28984481460952,0 2.0946937977811797,41.28983467818975,0 2.094709815145687,41.289824541767715,0 2.0947258325052602,41.28981440534347,0 2.0947418498598998,41.28980426891698,0 2.0947578672096063,41.28979413248827,0 2.0947738845543786,41.28978399605732,0 2.094789901894218,41.28977385962414,0 2.0948059192291235,41.289763723188734,0 2.0948219365590957,41.28975358675108,0 2.0948379538841344,41.289743450311214,0 2.0948539712042393,41.28973331386911,0 2.094869988519411,41.28972317742478,0 2.0948860058296486,41.28971304097821,0 2.094902023134953,41.289702904529406,0 2.094918040435324,41.28969276807838,0 2.0949340577307614,41.28968263162512,0 2.0949500750212646,41.28967249516962,0 2.094966092306835,41.2896623587119,0 2.094982109587472,41.28965222225195,0 2.094998126863175,41.289642085789765,0 2.0950141441339447,41.28963194932535,0 2.095030161399781,41.28962181285869,0 2.0950461786606835,41.28961167638981,0 2.0950621959166527,41.2896015399187,0 2.0950782131676884,41.28959140344535,0 2.0950942304137907,41.289581266969776,0 2.0951102476549592,41.28957113049196,0 2.0951262648911944,41.289560994011914,0 2.0951422821224956,41.28955085752966,0 2.095158299348864,41.28954072104515,0 2.0951743165702985,41.28953058455841,0 2.0951903337867996,41.28952044806945,0 2.0952063509983674,41.289510311578255,0 2.0952223682050013,41.28950017508483,0 2.0952383854067023,41.289490038589165,0 2.095254402603469,41.289479902091266,0 2.0952704197953027,41.28946976559115,0 2.0952864369822026,41.289459629088796,0 2.095302454164169,41.28944949258421,0 2.0953184713412023,41.289439356077395,0 2.095334488513302,41.28942921956835,0 2.0953505056804684,41.28941908305708,0 2.095366522842701,41.28940894654355,0 2.09538254,41.28939881,0 2.0947011803612368,41.289168196080475,0 2.0940198254816194,41.28893757809797,0 2.0933384753611928,41.288706956080404,0 2.09265713,41.28847633,0 2.091919793703208,41.288213779619284,0 2.091182463270912,41.287951224483045,0 2.0904451387031604,41.287688664619196,0 2.08970782,41.2874261,0 2.08887533944173,41.287146924061986,0 2.0880428659222514,41.28686774207327,0 2.0872103994416475,41.28658855406184,0 2.08637794,41.28630936,0 2.085479224609647,41.2859936955612,0 2.0845805178128027,41.28567802407223,0 2.0836818196095575,41.28536234556104,0 2.08278313,41.28504666,0 2.081836835923633,41.28471926170402,0 2.080890551231437,41.28439185559597,0 2.0799442759235225,41.284064441703826,0 2.07899801,41.28373702,0 2.0780175703191537,41.28340741505817,0 2.077037140425449,41.28307780173481,0 2.0760567203190194,41.282748180057965,0 2.07507631,41.28241855,0 2.0740869840054157,41.28206276279449,0 2.073097668673815,41.28170696704988,0 2.072108364005307,41.281351162794266,0 2.07111907,41.28099535,0 2.0701571363371585,41.28062566460582,0 2.069195213449498,41.280255971131645,0 2.068233301337089,41.279886269605576,0 2.0672714,41.27951656,0 2.0663794875175827,41.279085612945075,0 2.0654875866901476,41.27865465891733,0 2.064595697517639,41.278223697944846,0 2.06370382,41.27779273,0 2.0629062242032488,41.2772200934415,0 2.0621086422712,41.276647451245864,0 2.0613110742035516,41.276074803441226,0 2.06051352,41.27550215,0 2.0598281722874394,41.27485489881775,0 2.059142838050196,41.274207643414236,0 2.0584575172878545,41.273560383817525,0 2.05777221,41.27291312,0 2.057311921468121,41.27215002053008,0 2.056851643624468,41.27138691903069,0 2.0563913764685804,41.27062381552987,0 2.05593112,41.26986071,0 2.0555340292861435,41.26913185980197,0 2.0551369473817687,41.26840300805995,0 2.05473987428651,41.26767415480186,0 2.05434281,41.2669453,0 2.054079672632851,41.2661259962021,0 2.0538165418440144,41.26530669159342,0 2.0535534176331707,41.264487386201985,0 2.0532903,41.26366808,0 2.0532031039479968,41.262789172928386,0 2.0531159102640792,41.2619102655618,0 2.0530287189481222,41.261031357928275,0 2.05294153,41.26015245,0 2.052903713454723,41.259290260332556,0 2.052865897939667,41.25842807043405,0 2.0528280834547767,41.25756588033243,0 2.05279027,41.25670369,0 2.0528070456261425,41.255794487844206,0 2.0528238208348406,41.25488528544958,0 2.052840595626119,41.2539760828441,0 2.05285737,41.25306688,0 2.052886596165501,41.25213711286416,0 2.0529158215539716,41.25120734547615,0 2.0529450461654566,41.25027757786403,0 2.05297427,41.24934781,0 2.0530027386756386,41.24838088788947,0 2.0530312065674874,41.2474139655099,0 2.053059673675592,41.24644704288935,0 2.05308814,41.24548012,0 2.05313529200451,41.244509687907815,0 2.053182442672627,41.24353925553435,0 2.0532295920044303,41.24256882290767,0 2.05327674,41.24159839,0 2.0533269047184666,41.24058965043885,0 2.053377067957895,41.23958091057571,0 2.0534272297183755,41.238572170438665,0 2.05347739,41.23756343,0 2.0535198644237176,41.23652153045478,0 2.053562337564902,41.23547963059695,0 2.0536048094236357,41.2344377304546,0 2.05364728,41.23339583,0 2.0537162380991,41.23238076796891,0 2.053785194132048,41.2313657056158,0 2.0538541480989725,41.23035064296875,0 2.0539231,41.22933558,0 2.053980760123769,41.22830147546495,0 2.054038418498285,41.22726737061053,0 2.0540960751236588,41.226233265464785,0 2.05415373,41.22519916,0 2.0542046698114405,41.2241631529566,0 2.054255608081856,41.223127145599385,0 2.054306544811343,41.22209113795643,0 2.05435748,41.22105513,0 2.0544176552719953,41.2200090879757,0 2.054477828695915,41.21896304562482,0 2.054538000271877,41.217917002975526,0 2.05459817,41.21687096,0 2.054646857234026,41.215820592962906,0 2.0546955429786378,41.21477022560776,0 2.0547442272339307,41.21371985796273,0 2.05479291,41.21266949,0 2.054858968008301,41.21163855797112,0 2.0549250240109838,41.21060762561874,0 2.0549910780081744,41.20957669297096,0 2.05505713,41.20854576,0 2.0551012070799937,41.20745887298435,0 2.0551452827732626,41.206371985636345,0 2.0551893570799007,41.20528509798416,0 2.05523343,41.20419821,0 2.0552916526823193,41.20315031047009,0 2.0553498735763496,41.20210241061736,0 2.0554080926822054,41.201054510469916,0 2.05546631,41.20000661,0 2.0555236351660184,41.19894768547624,0 2.0555809585546148,41.19788876062554,0 2.055638280165904,41.19682983547605,0 2.0556956,41.19577091,0 2.0557625031177444,41.19471508298724,0 2.055829404156903,41.1936592556402,0 2.0558963031176103,41.19260342798706,0 2.0559632,41.1915476,0 2.0560360758969547,41.1904939929947,0 2.056108949529176,41.18944038565015,0 2.0561818208968092,41.18838677799452,0 2.05625469,41.18733317,0 2.0564918631719626,41.185949060958244,0 2.0567290265050224,41.18456495095809,0 2.05696618,41.18318084,0 2.057527909893133,41.182104176982,0 2.0580896215234246,41.18102751096641,0 2.0586513148920034,41.17995084198161,0 2.05921299,41.17887417,0 2.0597782125773354,41.17789489196412,0 2.060343418435828,41.17691561094257,0 2.0609086075764065,41.17593632696375,0 2.06147378,41.17495704,0 2.0621498101299975,41.17397381873824,0 2.0628258201726046,41.17299059330804,0 2.0635018101289093,41.172007363737805,0 2.06417778,41.17102413,0 2.0649399358141927,41.170060190322644,0 2.065702069418162,41.169096245420526,0 2.0664641808130497,41.16813229532216,0 2.06722627,41.16716834,0 2.067948325448394,41.16616159708078,0 2.0686703589303863,41.16515484943137,0 2.0693923704471855,41.16414809708027,0 2.07011436,41.16314134,0 2.0708523932492984,41.162147399872076,0 2.0715904043316016,41.16115345481977,0 2.072328393248104,41.16015950487158,0 2.07306636,41.15916555,0 2.073786874931729,41.15817228454076,0 2.0745073682415254,41.15717901437804,0 2.075227839930559,41.1561857395403,0 2.07594829,41.15519246,0 2.0766799305948296,41.154194219751005,0 2.0774115491256415,41.15319597465833,0 2.078143145593632,41.1521977247505,0 2.07887472,41.15119947,0 2.0796584109280474,41.150258448232236,0 2.0804420795699947,41.14931742096664,0 2.0812257259269447,41.14837638823174,0 2.08200935,41.14743535,0 2.082960826285428,41.14659474443637,0 2.0839122783799495,41.145754130905445,0 2.084863706284496,41.14491350943581,0 2.08581511,41.14407288,0 2.0869097562823153,41.14329238069384,0 2.0880043767092435,41.14251187091531,0 2.0890989712815493,41.14173135069316,0 2.09019354,41.14095082,0 2.091316301427883,41.14018706149165,0 2.0924390369033716,41.139423291979064,0 2.093561746427175,41.13865951149097,0 2.09468443,41.13789572,0 2.0958078054904434,41.13715076650058,0 2.096931155653492,41.136405801990975,0 2.098054480489794,41.1356608264999,0 2.09917778,41.13491584,0 2.100320576064192,41.13417247956801,0 2.1014633464184964,41.133429107747546,0 2.102606091063553,41.132685724567324,0 2.10374881,41.13194233,0 2.1048684219821547,41.131165298902445,0 2.105988007642373,41.1303882568601,0 2.1071075669814046,41.12961120390173,0 2.1082271,41.12883414,0
                </coordinates>
            </LineString>
        </Placemark>
        

        <Placemark>
            <name>Route VLG94PH</name>
            <Style>
                <LineStyle>
                    <color>ff00a5ff</color> <!-- naranja -->
                    <width>2</width>
                </LineStyle>
            </Style>
            <LineString>
                <tessellate>1</tessellate>
                <coordinates>
                    2.09614608,41.28978915,0 2.095453955048633,41.28955219377398,0 2.0947618350648143,41.28931523335594,0 2.0940697200485885,41.28907826877388,0 2.09337761,41.2888413,0 2.0926267310349598,41.288578537380864,0 2.091875858046577,41.28831576983183,0 2.0911249910349063,41.28805299738079,0 2.09037413,41.28779022,0 2.0895284561115703,41.287493844354614,0 2.088682789815377,41.28719746246344,0 2.0878371311114954,41.28690107435446,0 2.08699148,41.28660468,0 2.086054785651046,41.286267576473165,0 2.0851181008679998,41.28593046528817,0 2.0841814256509537,41.285593346472986,0 2.08324476,41.28525622,0 2.082346663523279,41.28491381805582,0 2.0814485763643313,41.28457140906503,0 2.0805504985232184,41.28422899305564,0 2.07965243,41.28388657,0 2.078677724850656,41.2836007448981,0 2.077703028134089,41.28331491152138,0 2.076728339850478,41.2830290698979,0 2.07575366,41.28274322,0 2.074832868333079,41.28240466108961,0 2.0739120861107185,41.28206609477675,0 2.072991313332999,41.28172752108942,0 2.07207055,41.28138894,0 2.071482985091939,41.280778202661295,0 2.070895431089836,41.28016746219283,0 2.070307887993359,41.27955671862261,0 2.069720355802176,41.278945971950776,0 2.069132834515954,41.27833522217756,0 2.0685453241343614,41.2777244693031,0 2.0679578246570665,41.27711371332756,0 2.0673703360837368,41.276502954251136,0 2.0667828584140406,41.27589219207396,0 2.066195391647645,41.27528142679625,0 2.0656079357842185,41.27467065841814,0 2.065020490823429,41.27405988693981,0 2.0644330567649445,41.27344911236146,0 2.063845633608433,41.272838334683236,0 2.063258221353562,41.27222755390531,0 2.06267082,41.27161677,0 2.062425718831398,41.27084426605336,0 2.0621806234420412,41.270071761395144,0 2.061935533831663,41.26929925605327,0 2.06169045,41.26852675,0 2.061489885299699,41.26774367329892,0 2.0612893253997484,41.266960596055874,0 2.0610887702999237,41.266177518298825,0 2.06088822,41.26539444,0 2.0607627726877027,41.26456187050661,0 2.0606373285837107,41.263729300666114,0 2.0605118876878636,41.26289673050651,0 2.06038645,41.26206416,0 2.0603221599618373,41.26121738536,0 2.06025787161584,41.260370610470645,0 2.0601935849619233,41.259523835359886,0 2.0601293,41.25867706,0 2.0600701075348633,41.25778673787986,0 2.06001091671321,41.25689641549713,0 2.0599517275349513,41.256006092879765,0 2.05989254,41.25511577,0 2.0598704115399222,41.25422812783522,0 2.059848283719919,41.25334048543757,0 2.0598261565399563,41.25245284283509,0 2.05980403,41.2515652,0 2.059773511143427,41.2506401178668,0 2.059742993191269,41.2497150354797,0 2.059712476143477,41.2487899528667,0 2.05968196,41.24786487,0 2.0596691643828997,41.24693073036096,0 2.059656369177215,41.24599659047189,0 2.059643574382923,41.24506245036084,0 2.05963078,41.24412831,0 2.0596193394247364,41.243170875376315,0 2.059607899232996,41.242213440492336,0 2.0595964594247578,41.24125600537618,0 2.05958502,41.24029857,0 2.0595707967852044,41.239318415393264,0 2.0595565740469572,41.23833826051496,0 2.0595423517852316,41.237358105393135,0 2.05952813,41.23637795,0 2.0595250072760063,41.235384117899,0 2.0595218847013474,41.234390285522586,0 2.0595187622760145,41.233396452898845,0 2.05951564,41.23240262,0 2.0595146023616784,41.231369160427825,0 2.0595135648155742,41.23033570056102,0 2.059512527361683,41.229302240427664,0 2.05951149,41.22826878,0 2.0595091447980707,41.227227615432994,0 2.0595067997307663,41.2261864505679,0 2.0595044547980783,41.22514528543284,0 2.05950211,41.22410412,0 2.0594909143765774,41.223059335437235,0 2.0594797191687864,41.22201455057353,0 2.059468524376603,41.22096976543705,0 2.05945733,41.21992498,0 2.0594262184231935,41.21887557045269,0 2.059395107897636,41.217826160594164,0 2.0593639984232595,41.21677675045253,0 2.05933289,41.21572734,0 2.0592669016979195,41.214658545514354,0 2.0592009155973203,41.21358975067636,0 2.0591349316980607,41.21252095551416,0 2.05906895,41.21145216,0 2.058996728922518,41.21039115801885,0 2.0589245102301255,41.20933015568236,0 2.05885229392267,41.20826915301867,0 2.05878008,41.20720815,0 2.0587143542979,41.20616665549026,0 2.0586486307306227,41.20512516064424,0 2.0585829092980337,41.2040836654901,0 2.05851719,41.20304217,0 2.0584467390376093,41.20198970550657,0 2.0583762903835767,41.20093724066595,0 2.0583058440377555,41.19988477550637,0 2.0582354,41.19883231,0 2.058169296747291,41.19778026049703,0 2.0581031956631466,41.196728210653255,0 2.058037096747428,41.19567616049685,0 2.057971,41.19462411,0 2.057896666370822,41.19357671300816,0 2.0578223351611977,41.192529315668104,0 2.057748006370974,41.19148191800798,0 2.05767368,41.19043452,0 2.057610139332477,41.1893700255,0 2.0575466007767265,41.18830553065721,0 2.0574830643326125,41.18724103549982,0 2.05741953,41.18617654,0 2.0573671324149796,41.18512897046795,0 2.0573147365533786,41.1840814006145,0 2.0572623424150875,41.183033830467785,0 2.05720995,41.18198626,0 2.057156564874442,41.18094104796657,0 2.0571031814993286,41.17989583561262,0 2.057049799874551,41.178850622966365,0 2.05699642,41.17780541,0 2.056947767601735,41.17676116295804,0 2.0568991168023802,41.175716915601264,0 2.0568504676018353,41.174672667957864,0 2.05680182,41.17362842,0 2.056763370552978,41.17256704545754,0 2.0567249224040256,41.17150567060058,0 2.05668647555306,41.17044429545736,0 2.05664803,41.16938292,0 2.0566620405628777,41.16836215790417,0 2.0566760507504873,41.167341395529455,0 2.0566900605628535,41.16632063290401,0 2.05670407,41.16529987,0 2.0568437116206804,41.16424117566909,0 2.056983348827386,41.16318248088264,0 2.057122981620398,41.16212378566887,0 2.05726261,41.16106509,0 2.0578046205282474,41.16002462917082,0 2.0583466140369846,41.158984165551516,0 2.05888859052723,41.15794369917047,0 2.05943055,41.15690323,0 2.0598842887964754,41.1559878054569,0 2.0603380150615256,41.155072378933035,0 2.060791728795813,41.15415695045667,0 2.06124543,41.15324152,0 2.0620346569085446,41.152349848319965,0 2.0628238625440742,41.151458171083625,0 2.063613046907567,41.1505664883195,0 2.06440221,41.1496748,0
                </coordinates>
            </LineString>
        </Placemark>
        

        <Placemark>
            <name>Route VLG44WK</name>
            <Style>
                <LineStyle>
                    <color>ff00a5ff</color> <!-- naranja -->
                    <width>2</width>
                </LineStyle>
            </Style>
            <LineString>
                <tessellate>1</tessellate>
                <coordinates>
                    2.09652783,41.28995631,0 2.095907171383592,41.289739427551666,0 2.09528651684477,41.28952254172626,0 2.0946658663835622,41.289305652551604,0 2.09404522,41.28908876,0 2.0933120744582623,41.28884729953362,0 2.0925789342776433,41.288605834368845,0 2.091845799458203,41.28836436453355,0 2.09111267,41.28812289,0 2.090298151360416,41.28782196368489,0 2.089483640147186,41.2875210315705,0 2.088669136360363,41.28722009368479,0 2.08785464,41.28691915,0 2.0869809981591194,41.286620832479024,0 2.086107364212099,41.28632250829599,0 2.085233738159029,41.28602417747887,0 2.08436012,41.28572584,0 2.0834045532678376,41.285398021933126,0 2.0824489960237056,41.285070195901405,0 2.0814934482677208,41.28474236193291,0 2.08053791,41.28441452,0 2.0796295443292965,41.28409541328829,0 2.0787211874389997,41.283776299375006,0 2.0778128393292037,41.28345717828813,0 2.0769045,41.28313805,0 2.0759838666993655,41.28282006607882,0 2.075063242265753,41.28250207476236,0 2.0741426266992637,41.282184076078636,0 2.07322202,41.28186607,0 2.0723242542198,41.281540543041594,0 2.0714264972930145,41.28121500904605,0 2.0705287492197217,41.280889468041416,0 2.06963101,41.28056392,0 2.0688174377669624,41.28016579869762,0 2.0680038753559815,41.27976767158742,0 2.0671903227670105,41.27936953869745,0 2.06637678,41.2789714,0 2.065752097296215,41.278349587771075,0 2.065127426395193,41.27772777201868,0 2.064502767296574,41.277105952770874,0 2.06387812,41.27648413,0 2.0633048702366694,41.27591901944018,0 2.0627316303157395,41.27535390591087,0 2.0621584002369397,41.27478878944003,0 2.06158518,41.27422367,0 2.061243973623698,41.27349398176483,0 2.0609027748318107,41.27276429234376,0 2.060561583624019,41.27203460176472,0 2.0602204,41.27130491,0 2.059963333891445,41.270572998607555,0 2.0597062735220923,41.269841086467416,0 2.0594492188916935,41.26910917360749,0 2.05919217,41.26837726,0 2.05898445765507,41.26760562583012,0 2.05877675020691,41.26683399109747,0 2.058569047655295,41.26606235583004,0 2.05836135,41.26529072,0 2.0581673678355576,41.26448536077813,0 2.0579733904475637,41.26368000102814,0 2.0577794178357878,41.26287464077803,0 2.05758545,41.26206928,0 2.0574032831791333,41.261253233225915,0 2.0572211209056595,41.260437185958516,0 2.0570389631793558,41.2596211382258,0 2.05685681,41.25880509,0 2.056670780335821,41.257965733259205,0 2.0564847554479213,41.2571263760029,0 2.0562987353360604,41.256287018259094,0 2.05611272,41.25544766,0 2.055932215454861,41.25459721323926,0 2.0557517156066414,41.25374676597631,0 2.055571220455101,41.25289631823916,0 2.05539073,41.25204587,0 2.05517590365579,41.25114783594975,0 2.054961083207931,41.25024980125696,0 2.0547462686561064,41.24935176594961,0 2.05453146,41.24845373,0 2.0543373621671757,41.24757393582488,0 2.054143269556417,41.246694141090465,0 2.0539491821674507,41.245814345824776,0 2.0537551,41.24493455,0 2.0535339580229355,41.2439996185109,0 2.0533128223641492,41.24306468633846,0 2.0530916930232883,41.242129753510724,0 2.05287057,41.24119482,0 2.0526293319571276,41.240240793646294,0 2.0523881009431033,41.23928676651897,0 2.0521468769575275,41.23833273864612,0 2.05190566,41.23737871,0 2.051656046482199,41.23641488120678,0 2.05140644030988,41.23545105159962,0 2.051156841482621,41.234487221206614,0 2.05090725,41.23352339,0 2.050645460632821,41.2325332788076,0 2.050383679177407,41.23154316673402,0 2.0501219056332887,41.23055305380739,0 2.04986014,41.22956294,0 2.049592615013209,41.228543398869355,0 2.0493250983512823,41.22752385681636,0 2.0490575900137147,41.226504313869135,0 2.04879009,41.22548477,0 2.04851151668624,41.22444056896716,0 2.0482329522486884,41.22339636694675,0 2.047954396686793,41.22235216396693,0 2.04767585,41.22130796,0 2.0473710151288462,41.22024146418529,0 2.0470661901722145,41.219174967237564,0 2.046761375129475,41.21810846918503,0 2.04645657,41.21704197,0 2.046163950690352,41.21597306909026,0 2.045871340920874,41.21490416711089,0 2.0455787406909596,41.21383526409002,0 2.04528615,41.21276636,0 2.044993195517511,41.2116857166013,0 2.044700250690429,41.21060507212561,0 2.0444073155181326,41.20952442660107,0 2.04411439,41.20844378,0 2.043802013930862,41.207318961791586,0 2.0434896485749614,41.206194142379275,0 2.043177293931579,41.20506932179129,0 2.04286495,41.2039445,0 2.0425297904308075,41.20283018697481,0 2.042194642241579,41.201715872623545,0 2.0418595054315607,41.200601556974505,0 2.04152438,41.19948724,0 2.041055048885839,41.19838420587658,0 2.040585733515128,41.197281169492555,0 2.0401164338868525,41.19617813087624,0 2.03964715,41.19507509,0 2.038906338505806,41.19406694008149,0 2.038165549675234,41.19305878509899,0 2.0374247835070447,41.19205062508095,0 2.03668404,41.19104246,0 2.035837898240086,41.19008736721456,0 2.0349917809875837,41.18913226794305,0 2.034145688241289,41.18817716221399,0 2.03329962,41.18722205,0 2.0322719617825165,41.186350244075115,0 2.0312443307107224,41.18547842875701,0 2.0302167267835673,41.184606604074425,0 2.02918915,41.18373477,0 2.0280548091588053,41.18294209951654,0 2.0269204955456033,41.1821494176789,0 2.0257862091595995,41.1813567245158,0 2.02465195,41.18056402,0 2.0234676012161805,41.17979638850532,0 2.022283279955372,41.17902874466391,0 2.021098986216877,41.17826108850456,0 2.01991472,41.17749342,0 2.0186762510115157,41.17675548768834,0 2.017437809682401,41.17601754190793,0 2.0161993960120856,41.17527958268756,0 2.01496101,41.17454161,0 2.013723746461454,41.173810905143775,0 2.0124865102823035,41.17308018684851,0 2.011249301462001,41.172349455143,0 2.01001212,41.17161871,0 2.0087787494043754,41.17089355501416,0 2.0075454058728543,41.1701683866757,0 2.006312089404906,41.169443205013394,0 2.0050788,41.16871801,0 2.0038326786088323,41.1679861604278,0 2.0025865848121387,41.16725429722719,0 2.0013405186093762,41.166522420427015,0 2.00009448,41.16579053,0 1.9988512513874952,41.16506186533107,0 1.9976080501836841,41.16433318709821,0 1.9963648763880306,41.16360449533027,0 1.99512173,41.16287579,0 1.9938500694303862,41.16212945876964,0 1.9925784375742328,41.161383113349636,0 1.9913068344309628,41.16063675376883,0 1.99003526,41.15989038,0 1.9887968495596984,41.15917073266779,0 1.9875584660799372,41.15845107188052,0 1.9863201095602079,41.157731397667014,0 1.98508178,41.15701171,0 1.9838271151614342,41.15626802820774,0 1.9825724785489647,41.155524332600436,0 1.9813178701620129,41.15478062320692,0 1.98006329,41.1540369,0 1.9787884840836123,41.15328627387252,0 1.9775137071118762,41.15253563348678,0 1.9762389590842018,41.151784978871675,0 1.97496424,41.15103431,0
                </coordinates>
            </LineString>
        </Placemark>
        

        <Placemark>
            <name>Route VLG2GP</name>
            <Style>
                <LineStyle>
                    <color>ff00a5ff</color> <!-- naranja -->
                    <width>2</width>
                </LineStyle>
            </Style>
            <LineString>
                <tessellate>1</tessellate>
                <coordinates>
                    2.09536338,41.28954813,0 2.0946683123914513,41.289307211327895,0 2.0939732498552392,41.28906628842789,0 2.0932781923914074,41.28882536132784,0 2.09258314,41.28858443,0 2.0918147158172284,41.288321407726805,0 2.0910462977562636,41.28805838029305,0 2.090277885817167,41.28779534772671,0 2.08950948,41.28753231,0 2.0886394275583386,41.28721763490322,0 2.0877693834110698,41.28690295319492,0 2.0868993475582664,41.28658826490305,0 2.08602932,41.28627357,0 2.085103076730418,41.28595823871293,0 2.0841768423071514,41.28564289994118,0 2.0832506167303086,41.28532755371275,0 2.0823244,41.2850122,0 2.0813719572952327,41.28471847684416,0 2.08041952306021,41.284424745782836,0 2.0794670972950815,41.28413100684399,0 2.07851468,41.28383726,0 2.0776562697574414,41.283510654645404,0 2.0767978680098858,41.283184042851154,0 2.075939474757388,41.282857424645236,0 2.07508109,41.2825308,0 2.0741680258047595,41.282188715906905,0 2.0732549710729664,41.281846624533145,0 2.0723419258046896,41.28150452590671,0 2.07142889,41.28116242,0 2.0705884416896203,41.280814061756416,0 2.069748002252814,41.280465697332495,0 2.0689075716896004,41.280117326756255,0 2.06806715,41.27976895,0 2.06725215340866,41.27932154374756,0 2.066437167878287,41.278874131653986,0 2.06562219340877,41.27842671374735,0 2.06480723,41.27797929,0 2.0641572046658294,41.27737717818045,0 2.0635071912213307,41.276775062564525,0 2.062857189666167,41.276172943180256,0 2.0622072,41.27557082,0 2.0615350979821243,41.27501492853603,0 2.0608630073096825,41.274459033038646,0 2.0601909279823993,41.27390313353587,0 2.05951886,41.27334723,0 2.05904946692177,41.27261994811856,0 2.058580084229307,41.27189266414867,0 2.0581107119221906,41.27116537811838,0 2.05764135,41.27043809,0 2.057343917213345,41.26968170391485,0 2.0570464912846633,41.26892531687707,0 2.05674907221365,41.26816892891472,0 2.05645166,41.26741254,0 2.0562666103393563,41.26656940075826,0 2.0560815654526357,41.26572626100165,0 2.0558965253395973,41.26488312075815,0 2.05571149,41.26403998,0 2.0556106185231773,41.26318697794557,0 2.0555097496976606,41.26233397558474,0 2.0554088835233135,41.26148097294547,0 2.05530802,41.26062797,0 2.055237724584035,41.259737142900086,0 2.0551674311121158,41.25884631552408,0 2.055097139584139,41.25795548789996,0 2.05502685,41.25706466,0 2.05498832834839,41.256161177860626,0 2.054949807797893,41.25525769547148,0 2.0549112883484493,41.254354212860534,0 2.05487277,41.25345073,0 2.0548337457530526,41.252508437887805,0 2.054794722670781,41.25156614550769,0 2.0547557007531183,41.25062385288767,0 2.05471668,41.24968156,0 2.054698726626974,41.24870879539172,0 2.0546807738359876,41.247736030512904,0 2.0546628216270073,41.24676326539158,0 2.05464487,41.2457905,0 2.054631249287516,41.24477778541869,0 2.0546176290500404,41.243765070548854,0 2.054604009287544,41.242752355418524,0 2.05459039,41.24173964,0 2.0546053931205233,41.24069942293671,0 2.054620395827347,41.23965920557287,0 2.0546353981204963,41.23861898793654,0 2.0546504,41.23757877,0 2.0546907818381506,41.23652850795926,0 2.054731162450815,41.23547824560294,0 2.054771541838072,41.23442798295909,0 2.05481192,41.23337772,0 2.0548601072153674,41.23232520546816,0 2.0549082929537597,41.23127269061478,0 2.054956477215272,41.230220175467984,0 2.05500466,41.22916766,0 2.055048034518246,41.2280964604766,0 2.0550914076909357,41.227025260626036,0 2.055134779518158,41.22595406047641,0 2.05517815,41.22488286,0 2.0552192893894845,41.22382323046411,0 2.055260427519258,41.22276360060939,0 2.0553015643894024,41.22170397046394,0 2.0553427,41.22064434,0 2.0553756590224492,41.21956397547242,0 2.0554086170298875,41.218483610620446,0 2.0554415740223817,41.21740324547222,0 2.05547453,41.21632288,0 2.0555146043628545,41.21524794297295,0 2.0555546774837508,41.214173005621156,0 2.0555947493627724,41.213098067972766,0 2.05563482,41.21202313,0 2.0556697191183213,41.210942055472174,0 2.0557046171577142,41.20986098062013,0 2.0557395141182497,41.208779905471985,0 2.05577441,41.20769883,0 2.0558157093938663,41.20664057045878,0 2.0558570075251,41.20558231060227,0 2.055898304393784,41.2045240504586,0 2.0559396,41.20346579,0 2.055976716681333,41.202414860448215,0 2.05601383224173,41.201363930588194,0 2.0560509466812613,41.20031300044806,0 2.05608806,41.19926207,0 2.056115478746374,41.198184510460734,0 2.0561428966617945,41.19710695060484,0 2.0561703137463185,41.19602939046053,0 2.05619773,41.19495183,0 2.0562248737113844,41.19389448794367,0 2.0562520166151446,41.192837145582125,0 2.056279158711332,41.19177980294349,0 2.0563063,41.19072246,0 2.0563186005140057,41.18962322546937,0 2.056330900685325,41.188523990616375,0 2.056343200513982,41.18742475546919,0 2.0563555,41.18632552,0 2.0563797660631633,41.18527860043189,0 2.0564040314175207,41.18423168056642,0 2.0564282960631175,41.18318476043172,0 2.05645256,41.18213784,0 2.056390679321594,41.18104253801928,0 2.0563288007622185,41.179947235682896,0 2.0562669243217337,41.178851933019075,0 2.05620505,41.17775663,0 2.055997597536621,41.17670872350383,0 2.055790151715773,41.175660816328964,0 2.055582712537038,41.17461290850362,0 2.05537528,41.173565,0 2.0547800753996697,41.172564937538155,0 2.0541848888669056,41.17156487170793,0 2.053589720400688,41.17056480253775,0 2.05299457,41.16956473,0 2.0524996965531628,41.16852486114061,0 2.0520048387381764,41.16748498984459,0 2.0515099965541017,41.16644511614029,0 2.05101517,41.16540524,0 2.050341821841647,41.16440451132886,0 2.049668494122949,41.163403778428865,0 2.048995186842776,41.162403041328425,0 2.0483219,41.1614023,0 2.047626901871819,41.16035456175119,0 2.0469319258299463,41.159306818991915,0 2.0462369718730997,41.15825907175069,0 2.04554204,41.15721132,0 2.044845005541396,41.156203266755064,0 2.0441479923893136,41.1551952089971,0 2.043451000542575,41.15418714675459,0 2.04275403,41.15317908,0
                </coordinates>
            </LineString>
        </Placemark>
        

        <Placemark>
            <name>Route VLG73LA</name>
            <Style>
                <LineStyle>
                    <color>ff00a5ff</color> <!-- naranja -->
                    <width>2</width>
                </LineStyle>
            </Style>
            <LineString>
                <tessellate>1</tessellate>
                <coordinates>
                    2.09751099,41.29010603,0 2.096870654374842,41.28991257786838,0 2.0962303224997574,41.289719122148526,0 2.095589994374794,41.28952566286832,0 2.09494967,41.2893322,0 2.094213431479748,41.2890774970962,0 2.0934771986396288,41.288822789452276,0 2.0927409714796954,41.28856807709614,0 2.09200475,41.28831336,0 2.0911671793848123,41.288034379172345,0 2.0903296158463593,41.287755392220404,0 2.0894920593847264,41.28747639917219,0 2.08865451,41.2871974,0 2.0878058734113303,41.28689687692095,0 2.0869572445483917,41.2865963475519,0 2.0861086234112567,41.28629581192081,0 2.08526001,41.28599527,0 2.0843879430413415,41.28569345494433,0 2.0835158840550645,41.28539163324971,0 2.082643833041255,41.28508980494416,0 2.08177179,41.28478797,0 2.0809023654166383,41.28448209738573,0 2.0800329488887965,41.284176218171574,0 2.0791635404165576,41.28387033238557,0 2.07829414,41.28356444,0 2.077472660146598,41.28323363884173,0 2.0766511885287784,41.28290283177959,0 2.075829725146569,41.28257201884158,0 2.07500827,41.2822412,0 2.074291714936056,41.28177941429627,0 2.073575169914842,41.281317624052285,0 2.0728586349362077,41.2808558292961,0 2.07214211,41.28039403,0 2.0715530173026617,41.27982797468106,0 2.070963934737066,41.27926191623204,0 2.070374862302937,41.278695854680905,0 2.0697858,41.27812979,0 2.0693224939337407,41.27748798799707,0 2.0688591969118657,41.276846183986706,0 2.0683959089340576,41.27620437799695,0 2.06793263,41.27556257,0 2.067686549344685,41.27483853103144,0 2.067440474126402,41.274114491365914,0 2.0671944043449177,41.273390451031354,0 2.06694834,41.27266641,0 2.0667284447778083,41.27189993589626,0 2.0665085547039013,41.27113346118566,0 2.0662886697780434,41.27036698589616,0 2.06606879,41.26960051,0 2.065917279497255,41.268810360576055,0 2.0657657726631227,41.26802021075872,0 2.065614269497429,41.26723006057598,0 2.06546277,41.26643991,0 2.065315706851468,41.26560494558652,0 2.0651686474687505,41.26476998077266,0 2.0650215918516572,41.26393501558642,0 2.06487454,41.26310005,0 2.064771418591597,41.26227954793069,0 2.0646682997888814,41.261459045564905,0 2.0645651835917254,41.260638542930614,0 2.06446207,41.25981804,0 2.0643542506044352,41.25893575298409,0 2.0642464341393505,41.25805346563607,0 2.0641386206045906,41.25717117798397,0 2.06403081,41.25628889,0 2.0639438113921282,41.25539476543718,0 2.063856815189591,41.25450064057354,0 2.0637698213922575,41.25360651543707,0 2.06368283,41.25271239,0 2.063615654649208,41.251802755405905,0 2.063548481199014,41.250893120531835,0 2.0634813096493123,41.24998348540578,0 2.06341414,41.24907385,0 2.0633331313615257,41.248108167973164,0 2.0632521251487947,41.24714248562149,0 2.0631711213616666,41.246176802973004,0 2.06309012,41.24521112,0 2.0630276521345996,41.24423151044641,0 2.0629651861795413,41.24325190058584,0 2.0629027221347123,41.242272290446294,0 2.06284026,41.24129268,0 2.062770229165721,41.24027366548919,0 2.0627002005543846,41.23925465064283,0 2.062630174165857,41.238235635489005,0 2.06256015,41.23721662,0 2.062494766854897,41.23618913798616,0 2.062429385806616,41.235161655638805,0 2.062364006855027,41.234134172986,0 2.06229863,41.23310669,0 2.0622167609921327,41.23205541053697,0 2.0621348946562894,41.23100413070652,0 2.0620530309923017,41.22995285053677,0 2.06197117,41.22890157,0 2.0618784227847247,41.22780757809619,0 2.061785678713104,41.22671358578548,0 2.0616929377849313,41.225619593095985,0 2.0616002,41.2245256,0 2.0615162957328965,41.22343353057224,0 2.0614323943106534,41.22234146075354,0 2.0613484957330837,41.22124939057203,0 2.0612646,41.22015732,0 2.061160089515474,41.219025783156496,0 2.0610555826874637,41.21789424586588,0 2.060951079515722,41.216762708156274,0 2.06084658,41.21563117,0 2.0607395718269923,41.21448761567253,0 2.0606325674361625,41.21334406088726,0 2.0605255668272515,41.21220050567232,0 2.06041857,41.21105695,0 2.060301946070655,41.20986658324097,0 2.060185326427745,41.20867621597846,0 2.0600687110709623,41.20748584824069,0 2.0599521,41.20629548,0 2.0598451715240405,41.20509088072289,0 2.0597382470322465,41.20388628095435,0 2.059631326524329,41.20268168072262,0 2.05952441,41.20147708,0 2.059404533159606,41.20024478078593,0 2.0592846608796997,41.199012481038366,0 2.0591647931599435,41.197780180785614,0 2.05904493,41.19654788,0 2.0589199227152615,41.195288728325856,0 2.0587949202872604,41.19402957609164,0 2.0586699227156293,41.19277042332557,0 2.05854493,41.19151127,0 2.0584152675863265,41.190274453319375,0 2.058285610115347,41.18903763608295,0 2.0581559575866937,41.187800818319054,0 2.05802631,41.186564,0 2.0578239306908364,41.185294023670025,0 2.057621559254849,41.18402404655049,0 2.0574191956914367,41.182754068669695,0 2.05721684,41.18148409,0 2.0567351680524104,41.18025770863716,0 2.056253514070742,41.17903132483989,0 2.0557718780537018,41.17780493863669,0 2.05529026,41.17657855,0 2.0547195340900513,41.1753900623255,0 2.0541488287876786,41.17420157142433,0 2.0535781440914667,41.173013077324995,0 2.05300748,41.17182458,0 2.0523714255027667,41.17063371085525,0 2.051735394004732,41.16944283779727,0 2.0510993855043314,41.16825196085466,0 2.0504634,41.16706108,0 2.049687944104346,41.165902015890765,0 2.048912515473625,41.16474294617788,0 2.0481371141060913,41.16358387089008,0 2.04736174,41.16242479,0 2.0465861173242175,41.16128615337394,0 2.0458105214334097,41.16014751115545,0 2.045034952325897,41.159008863373266,0 2.04425941,41.15787021,0 2.043478835158706,41.15674799345808,0 2.042698286879364,41.15562577126765,0 2.04191776516034,41.15450354345742,0 2.04113727,41.15338131,0 2.040342465249986,41.15221248128973,0 2.0395476886678567,41.15104364670982,0 2.038752940251799,41.14987480628901,0 2.03795822,41.14870596,0 2.037172108802529,41.147553478593984,0 2.0363860250712005,41.14640099144883,0 2.0355999688042714,41.14524849859328,0 2.03481394,41.144096,0 2.0340302333379787,41.1429268535577,0 2.0332465544518343,41.141757701400444,0 2.0324629033397716,41.140588543557016,0 2.03167928,41.13941938,0
                </coordinates>
            </LineString>
        </Placemark>
        

        <Placemark>
            <name>Route EJU86XG</name>
            <Style>
                <LineStyle>
                    <color>ff00a5ff</color> <!-- naranja -->
                    <width>2</width>
                </LineStyle>
            </Style>
            <LineString>
                <tessellate>1</tessellate>
                <coordinates>
                    2.09453454,41.28926783,0 2.093864542692947,41.28902783088357,0 2.0931945502572393,41.28878782783545,0 2.0925245626929123,41.28854782088349,0 2.09185458,41.28830781,0 2.0910652898265325,41.288024168154536,0 2.0902760064353405,41.287740520863366,0 2.0894867298264774,41.28745686815442,0 2.08869746,41.28717321,0 2.0878594890966102,41.2868868191831,0 2.087021525462094,41.28660042223478,0 2.0861835690965305,41.286314019182974,0 2.08534562,41.28602761,0 2.084471850447841,41.28572403248345,0 2.083598088930397,41.2854204483019,0 2.082724335447755,41.2851168574833,0 2.08185059,41.28481326,0 2.0809527448099603,41.28450218053913,0 2.0800549080798842,41.28419109404279,0 2.079157079809866,41.28388000053898,0 2.07825926,41.2835689,0 2.077412532945717,41.28325563938245,0 2.0765658139275827,41.28294237250055,0 2.0757191029456576,41.2826290993823,0 2.0748724,41.28231582,0 2.074007190231568,41.28200377229245,0 2.073141988642043,41.281691718047206,0 2.072276795231496,41.2813796572923,0 2.07141161,41.28106759,0 2.0705571033678023,41.280703839571196,0 2.0697026061570627,41.2803400827522,0 2.0688481183677916,41.27997631957101,0 2.06799364,41.27961255,0 2.067377968026234,41.279007642616904,0 2.066762307368533,41.278402731813124,0 2.0661466580265664,41.27779781761672,0 2.06553102,41.2771929,0 2.064825057334441,41.27672101660397,0 2.064119104779365,41.276249128795904,0 2.0634131623346064,41.2757772366038,0 2.06270723,41.27530534,0 2.0621644629146414,41.274715834009655,0 2.0616217055530495,41.27412632533683,0 2.0610789579149325,41.27353681400951,0 2.06053622,41.2729473,0 2.0601896386237923,41.27222880680633,0 2.0598430648319335,41.27151031239908,0 2.0594964986241076,41.270791816806216,0 2.05914994,41.27007332,0 2.058909886608027,41.26930971601546,0 2.058669838810872,41.26854611134459,0 2.058429796608281,41.26778250601536,0 2.05818976,41.2670189,0 2.058077863440407,41.266232037935254,0 2.057965969587295,41.265445175570996,0 2.0578540784405357,41.264658312935175,0 2.05774219,41.26387145,0 2.0576534241256335,41.2630502203943,0 2.057564660500919,41.26222899051639,0 2.0574758991257447,41.26140776039422,0 2.05738714,41.26058653,0 2.0573473334392895,41.25975682031377,0 2.0573075279190878,41.258927110409005,0 2.0572677234393417,41.25809740031368,0 2.05722792,41.25726769,0 2.057168632565185,41.25638916037177,0 2.0571093467536374,41.255510630486334,0 2.0570500625652706,41.25463210037167,0 2.05699078,41.25375357,0 2.056953140945959,41.252883147836755,0 2.0569155029279815,41.25201272543961,0 2.056877865946013,41.25114230283663,0 2.05684023,41.25027188,0 2.0568033233990968,41.249359857863546,0 2.0567664178655005,41.24844783547537,0 2.0567295133991546,41.247535812863426,0 2.05669261,41.24662379,0 2.056669806450365,41.245683132870816,0 2.056647003600513,41.24474247548503,0 2.0566242014504046,41.243801817870676,0 2.0566014,41.24286116,0 2.0565827341012923,41.24189444538623,0 2.0565640688017464,41.24092773050559,0 2.0565454041013265,41.2399610153861,0 2.05652674,41.2389943,0 2.0565240373011187,41.23801950538543,0 2.0565213347348292,41.23704471050449,0 2.0565186323011253,41.236069915385265,0 2.05651593,41.23509512,0 2.0565219876926415,41.23409286540446,0 2.0565280452568495,41.23309061052989,0 2.0565341026926327,41.23208835540432,0 2.05654016,41.2310861,0 2.056526829283491,41.23005124543211,0 2.0565134990446743,41.22901639056672,0 2.0565001692835203,41.22798153543194,0 2.05648684,41.22694668,0 2.056486682404538,41.225917385423216,0 2.0564865248727195,41.22488809055487,0 2.0564863674045415,41.22385879542305,0 2.05648621,41.2228295,0 2.056493217741309,41.221790790429374,0 2.0565002253217384,41.22075208056307,0 2.056507232741298,41.2197133704292,0 2.05651424,41.21867466,0 2.0565153049596385,41.21762826543424,0 2.056516369946185,41.21658187056959,0 2.0565174349596393,41.21553547543409,0 2.0565185,41.21448908,0 2.056513919687698,41.213433867940914,0 2.0565093395836054,41.212378655578426,0 2.05650475968771,41.21132344294071,0 2.05650018,41.21026823,0 2.056484496633939,41.20918920546264,0 2.0564688138452762,41.20811018060742,0 2.056453131633975,41.20703115546247,0 2.05643745,41.20595213,0 2.0564381349420446,41.204908965428636,0 2.0564388199227275,41.203865800562085,0 2.0564395049420465,41.20282263542846,0 2.05644019,41.20177947,0 2.0564336545947515,41.20072575543698,0 2.0564271194596793,41.19967204057321,0 2.0564205845947674,41.1986183254368,0 2.05641405,41.19756461,0 2.056407722099607,41.196499835444456,0 2.0564013944661537,41.195435060583165,0 2.056395067099623,41.19437028544427,0 2.05638874,41.19330551,0 2.056392240075465,41.192259575427485,0 2.0563957401006174,41.191213640560534,0 2.056399240075461,41.1901677054273,0 2.05640274,41.18912177,0 2.0564017273615867,41.18807852292468,0 2.056400714815452,41.1870352755568,0 2.0563997023615914,41.1859920279245,0 2.05639869,41.18494878,0 2.056389844473464,41.183876270447925,0 2.0563809992979665,41.18280376058779,0 2.056372154473486,41.181731250447754,0 2.05636331,41.18065874,0 2.0563655900157323,41.179588742942784,0 2.0563678700209747,41.17851874558093,0 2.05637015001573,41.177448747942606,0 2.05637243,41.17637875,0 2.0563796852552687,41.17532346043049,0 2.0563869403403507,41.17426817056453,0 2.056394195255257,41.173212880430334,0 2.05640145,41.17215759,0 2.0564054901012363,41.17108843543989,0 2.0564095301349776,41.17001928057705,0 2.0564135701012307,41.1689501254397,0 2.05641761,41.16788097,0 2.0564234926937845,41.16677590296686,0 2.056429375258373,41.16567083561301,0 2.0564352576937748,41.16456576796665,0 2.05644114,41.1634607,0 2.056438144749512,41.162359445463224,0 2.056435149666023,41.16125819060813,0 2.0564321547495226,41.16015693546303,0 2.05642916,41.15905568,0
                </coordinates>
            </LineString>
        </Placemark>
        

        <Placemark>
            <name>Route BAW47C</name>
            <Style>
                <LineStyle>
                    <color>ff00a5ff</color> <!-- naranja -->
                    <width>2</width>
                </LineStyle>
            </Style>
            <LineString>
                <tessellate>1</tessellate>
                <coordinates>
                    2.09468026,41.28906934,0 2.093987415708672,41.288853511281616,0 2.093294575944858,41.28863767836615,0 2.092601740708615,41.28842184128153,0 2.09190891,41.288206,0 2.09113189037472,41.28793337790189,0 2.090354877166255,41.2876607505265,0 2.089577870374662,41.28738811790177,0 2.08880087,41.28711548,0 2.0879604115403407,41.28682846173749,0 2.087119960387067,41.286541437307285,0 2.08627951654026,41.28625440673736,0 2.08543908,41.28596737,0 2.0845616254294552,41.28566459756695,0 2.083684178905881,41.285361818413215,0 2.0828067404293664,41.2850590325668,0 2.08192931,41.28475624,0 2.0810041677813507,41.28446544117822,0 2.0800790337083788,41.28417463489491,0 2.079153907781217,41.28388382117806,0 2.07822879,41.283593,0 2.0773741871558413,41.28326234206214,0 2.076519592874424,41.28293167774012,0 2.0756650071557945,41.28260100706198,0 2.07481043,41.28227033,0 2.073975828130618,41.28195740411761,0 2.073141234174122,41.28164447214743,0 2.072306648130565,41.28133153411746,0 2.07147207,41.28101859,0 2.070613139396997,41.28068296965963,0 2.0697542175292996,41.28034734287012,0 2.0688953043969525,41.28001170965947,0 2.0680364,41.27967607,0 2.067275737029515,41.279229177635614,0 2.066515084372771,41.27878228017142,0 2.06575444202964,41.27833537763545,0 2.06499381,41.27788847,0 2.0644090677133633,41.277333552108466,0 2.0638243352846586,41.276778631135244,0 2.0632396127136245,41.27622370710831,0 2.0626549,41.27566878,0 2.062282596302397,41.27501006201437,0 2.0619103000700494,41.27435134267649,0 2.0615380113026767,41.27369262201427,0 2.06116573,41.2730339,0 2.060925097794659,41.27237933095776,0 2.0606844703930025,41.27172476126766,0 2.0604438477948444,41.27107019095767,0 2.06020323,41.27041562,0 2.060015919201229,41.26973998066953,0 2.059828612268409,41.26906434088338,0 2.0596413092013846,41.268388700669476,0 2.05945401,41.26771306,0 2.0592572364025448,41.26703651071743,0 2.059060466870169,41.26635996094726,0 2.0588637014027085,41.265683410717386,0 2.05866694,41.26500686,0 2.0585073101109623,41.2643390580386,0 2.0583476834813696,41.26367125570879,0 2.058188060111092,41.26300345303855,0 2.05802844,41.26233565,0 2.057878475449794,41.26167430049556,0 2.0577285139331387,41.261012950651384,0 2.0575785554499144,41.260351600495476,0 2.0574286,41.25969025,0 2.0573014462158477,41.25904235040504,0 2.057174294954529,41.25839445053073,0 2.057047146215946,41.257746550404995,0 2.05692,41.25709865,0 2.056764507622928,41.256414868029026,0 2.0566090184973262,41.25573108569604,0 2.0564535326230615,41.25504730302899,0 2.05629805,41.25436352,0 2.0561375173999217,41.25367075805454,0 2.05597698819999,41.25297799573004,0 2.0558164624000628,41.25228523305447,0 2.05565594,41.25159247,0 2.0554948274232316,41.25090523555368,0 2.0553337182310685,41.250218000728914,0 2.0551726124233705,41.24953076555363,0 2.05501151,41.24884353,0 2.0548427371272195,41.248148983090566,0 2.054673967836392,41.247454435778074,0 2.0545052021273684,41.246759888090494,0 2.05433644,41.24606534,0 2.054152031579528,41.245364413166314,0 2.053967627106147,41.24466348587908,0 2.053783226579693,41.24396255816625,0 2.05359883,41.24326163,0 2.05341236139714,41.242547073183545,0 2.0532258968629695,41.24183251590204,0 2.0530394363973135,41.24111795818349,0 2.05285298,41.2404034,0 2.0526805070048155,41.239707983106705,0 2.0525080376731886,41.23901256579957,0 2.052335572004967,41.23831714810663,0 2.05216311,41.23762173,0 2.051982054138852,41.23691493315243,0 2.0518010021852464,41.23620813586054,0 2.051619954139017,41.23550133815236,0 2.05143891,41.23479454,0 2.0512441035927447,41.234076075726435,0 2.0510493014571147,41.233357610959224,0 2.050854503592928,41.23263914572636,0 2.05065971,41.23192068,0 2.0504779066539967,41.231218433152854,0 2.0502961072054373,41.23051618586112,0 2.0501143116541596,41.22981393815278,0 2.04993252,41.22911169,0 2.04973385838187,41.22838382325092,0 2.049535201175954,41.22765595599186,0 2.0493365483820614,41.22692808825083,0 2.0491379,41.22620022,0 2.04896077934727,41.225503210627245,0 2.0487836624631313,41.22480620082697,0 2.048606549347427,41.22410919062717,0 2.04842944,41.22341218,0 2.048230350893279,41.222686975750904,0 2.048031266191165,41.221961770991854,0 2.047832185893469,41.221236565750836,0 2.04763311,41.22051136,0 2.0474389137197053,41.21980455321516,0 2.0472447216263916,41.21909774594419,0 2.047050533719881,41.21839093821509,0 2.04685635,41.21768413,0 2.046651075555019,41.21694458329109,0 2.0464458057401615,41.21620503604541,0 2.046240540555223,41.215465488291,0 2.04603528,41.21472594,0 2.045832720483605,41.213968893286186,0 2.045630165644947,41.213211846038874,0 2.0454276154838156,41.21245479828611,0 2.04522507,41.21169775,0 2.0450259531066806,41.21094114076737,0 2.0448268408090455,41.21018453101376,0 2.044627733106888,41.20942792076727,0 2.04442863,41.20867131,0 2.0442014665078188,41.20785391096041,0 2.0439743086772757,41.20703651127117,0 2.0437471565080942,41.206219110960305,0 2.04352001,41.20540171,0 2.043310817304518,41.20459764584868,0 2.043101629739521,41.20379358112219,0 2.042892447304764,41.20298951584859,0 2.04268327,41.20218545,0 2.0424548863112255,41.2013535009758,0 2.042226508415159,41.200521551291665,0 2.0419981363115127,41.19968960097568,0 2.04176977,41.19885765,0 2.041521057953249,41.19801777110753,0 2.0412723522712097,41.197177891467305,0 2.041023652953566,41.1963380111074,0 2.04077496,41.19549813,0 2.0404191685573307,41.194639054466755,0 2.0400633864100852,41.193779977612905,0 2.0397076135577974,41.19292089946659,0 2.03935185,41.19206182,0 2.038790811377426,41.19123482940011,0 2.038229786836996,41.190407835857314,0 2.037668776378068,41.18958083939985,0 2.03710778,41.18875384,0 2.036339531667547,41.188014260429696,0 2.035571300557137,41.18727467556338,0 2.0348030866681586,41.18653508542935,0 2.03403489,41.18579549,0 2.032969167674046,41.18517907244902,0 2.0319034652322734,41.18456264492238,0 2.030837782674364,41.18394620744856,0 2.02977212,41.18332976,0 2.028791937255916,41.18276247764951,0 2.027811771341387,41.18219518685644,0 2.026831622256164,41.181627887649135,0 2.02585149,41.18106058,0 2.0246071990409957,41.180688812691336,0 2.0233629220544223,41.18031703191221,0 2.0221186590406375,41.17994523769096,0 2.02087441,41.17957343,0 2.0195395781095344,41.179293745689215,0 2.0182047574789532,41.17901404590942,0 2.0168699481088948,41.178734330688904,0 2.01553515,41.1784546,0 2.0141158754021733,41.17838200615538,0 2.0126966038689087,41.17830939486444,0 2.0112773354011897,41.17823676615527,0 2.00985807,41.17816412,0 2.008402819568026,41.178231932479484,0 2.006947566089994,41.17829972663005,0 2.005492309566965,41.178367502479595,0 2.00403705,41.17843526,0 2.002583659425683,41.17857677740656,0 2.0011302625668996,41.178718276532884,0 1.9996768594246668,41.17885975740676,0 1.99822345,41.17900122,0 1.996800876650745,41.179180321258215,0 1.995378295533714,41.17935940500177,0 1.9939557066498261,41.17953847125844,0 1.99253311,41.17971752,0 1.9911020540483637,41.17989398907215,0 1.9896709903971923,41.180070440420366,0 1.988239919047425,41.18024687407239,0 1.98680884,41.18042329,0 1.9853635004461863,41.18058121960468,0 1.9839181539275916,41.180739131130416,0 1.982472800445201,41.180897024604924,0 1.98102744,41.1810549,0
                </coordinates>
            </LineString>
        </Placemark>
        

        <Placemark>
            <name>Route VLG5RP</name>
            <Style>
                <LineStyle>
                    <color>ff00a5ff</color> <!-- naranja -->
                    <width>2</width>
                </LineStyle>
            </Style>
            <LineString>
                <tessellate>1</tessellate>
                <coordinates>
                    2.09540026,41.28953558,0 2.094692719893942,41.28929895155381,0 2.093985184858555,41.28906231872907,0 2.0932776548938903,41.288825681553725,0 2.09257013,41.28858904,0 2.0918169382271903,41.288318119928306,0 2.0910637526362215,41.28804719489507,0 2.0903105732271423,41.2877762649282,0 2.0895574,41.28750533,0 2.08868408756151,41.28719189997657,0 2.0878107834152964,41.286878463292695,0 2.0869374875614346,41.28656501997639,0 2.0860642,41.28625157,0 2.0851817978738003,41.28594910017984,0 2.0842994038316722,41.28564662356376,0 2.083417017873708,41.28534414017971,0 2.08253464,41.28504165,0 2.0815645690567943,41.28473652728761,0 2.080594507075623,41.28443139637408,0 2.07962445405664,41.28412625728744,0 2.07865441,41.28382111,0 2.077809975414535,41.28350619683273,0 2.0769655488860095,41.28319127743425,0 2.076121130414479,41.28287635183258,0 2.07527672,41.28256142,0 2.0743946070794723,41.28223910017913,0 2.0735125027725814,41.281916773562784,0 2.0726304070794006,41.281594440178964,0 2.07174832,41.2812721,0 2.070924658675099,41.280902996401316,0 2.0701010065668055,41.28053388685902,0 2.069277363675109,41.28016477140115,0 2.06845373,41.27979565,0 2.0677501448178432,41.2792438840977,0 2.0670465714239725,41.27869211378751,0 2.066343009818115,41.27814033909748,0 2.06563946,41.27758856,0 2.0651241905340734,41.27697289864487,0 2.0646089307123057,41.27635723485046,0 2.064093680534385,41.27574156864474,0 2.06357844,41.2751259,0 2.063126382850481,41.27441583290062,0 2.0626743354675665,41.273705763858125,0 2.062222297850868,41.27299569290047,0 2.06177027,41.27228562,0 2.0614786046745457,41.27151161138169,0 2.0611869462329366,41.270737601832884,0 2.060895294674859,41.26996359138157,0 2.06060365,41.26918958,0 2.060265372795023,41.26840016427487,0 2.059927103726948,41.26761074735713,0 2.0595888427953986,41.26682132927475,0 2.05925059,41.26603191,0 2.0589353507898602,41.26521946659232,0 2.0586201193867284,41.26440702211371,0 2.058304895790233,41.263594576592176,0 2.05798968,41.26278213,0 2.057689226077551,41.26195087648498,0 2.0573887797703163,41.26111962197059,0 2.0570883410779244,41.26028836648486,0 2.05678791,41.25945711,0 2.056496253446353,41.25859119893954,0 2.0562046045954,41.25772528690999,0 2.0559129634467475,41.25685937393937,0 2.05562133,41.25599346,0 2.0553473086487495,41.255088448835465,0 2.0550732948652706,41.2541834367712,0 2.054799288649156,41.2532784238353,0 2.05452529,41.25237341,0 2.054263703737721,41.251433221272805,0 2.0540021249839087,41.25049303168768,0 2.0537405537381415,41.249552841272646,0 2.05347899,41.24861265,0 2.053226883775346,41.247640728731746,0 2.052974785034084,41.24666880663292,0 2.0527226937757796,41.245696883731576,0 2.05247061,41.24472496,0 2.052244127171294,41.24373030608695,0 2.052017651228665,41.24273565143984,0 2.051791182171704,41.241740996086754,0 2.05156472,41.24074634,0 2.051332143904968,41.239705908658856,0 2.0510995752069308,41.238665476535694,0 2.050867013905428,41.23762504365865,0 2.05063446,41.23658461,0 2.0504037836719355,41.23551377117095,0 2.050173114896237,41.234442931551776,0 2.04994245367242,41.233372091170686,0 2.0497118,41.23230125,0 2.0494947165281228,41.23119985861496,0 2.049277640371153,41.230098466477166,0 2.0490605715286065,41.228997073614735,0 2.04884351,41.22789568,0 2.048603512488575,41.22675880628222,0 2.0483635233184785,41.22562193170015,0 2.048123542489143,41.224485056281964,0 2.04788357,41.22334818,0 2.0476094155344366,41.222196224025254,0 2.0473352707130243,41.221044267024176,0 2.0470611355351003,41.21989230902497,0 2.04678701,41.21874035,0 2.046514998454669,41.21761277648718,0 2.046242996273312,41.21648520197341,0 2.0459710034552994,41.21535762648693,0 2.04569902,41.21423005,0 2.04530104805776,41.21269736201359,0 2.0449030947249938,41.211164672013346,0 2.04450516,41.20963198,0 2.0442119373651244,41.208503906642434,0 2.0439187248206183,41.2073758321804,0 2.043625522365803,41.20624775664214,0 2.04333233,41.20511968,0 2.0430134484668585,41.203985786852265,0 2.0426945779563073,41.20285189246019,0 2.042375718467602,41.201717996852,0 2.04205687,41.2005841,0 2.041508887286644,41.19947471942752,0 2.0409609230496457,41.19836533589376,0 2.040412977287825,41.19725594942712,0 2.03986505,41.19614656,0 2.039204726368785,41.19511127863441,0 2.0385444234925116,41.194075993169555,0 2.037884141369983,41.19304070363392,0 2.03722388,41.19200541,0 2.0364677230054617,41.191003012875,0 2.0357115890081103,41.19000061049033,0 2.034955478006703,41.18899820287449,0 2.03419939,41.18799579,0 2.0332394326597623,41.18708289485588,0 2.0322795018804536,41.18616999146471,0 2.0313195976609184,41.1852570798552,0 2.03035972,41.18434416,0 2.0292515011882903,41.1835235887746,0 2.0281433099183137,41.18270300668965,0 2.0270351461891805,41.18188241377387,0 2.02592701,41.18106181,0 2.024746094707036,41.18031039838956,0 2.0235652062764773,41.17955897450957,0 2.022384344707681,41.1788075383888,0 2.02120351,41.17805609,0 2.019961473338531,41.177317215304214,0 2.018719464451755,41.176578327062415,0 2.017477483339102,41.17583942530341,0 2.01623553,41.17510051,0 2.0149938587943743,41.17436943778623,0 2.013752215059529,41.17363835203845,0 2.0125105987949197,41.17290725278544,0 2.01126901,41.17217614,0 2.0100324928139495,41.17146899760428,0 2.0087960020855786,41.170761841795866,0 2.0075595378144198,41.17005467260351,0 2.0063231,41.16934749,0 2.0050625708876395,41.16862011839438,0 2.003802069517199,41.16789273284931,0 2.0025415958881596,41.167165333393584,0 2.00128115,41.16643792,0 2.0000299252686435,41.16569424309982,0 1.9987787286919119,41.16495055245655,0 1.9975275602692244,41.164206848099,0 1.99627642,41.16346313,0 1.995026143110327,41.162724850564366,0 1.9937758941474784,41.1619865574093,0 1.9925256731108907,41.161248250563574,0 1.99127548,41.16050993,0 1.9900348970734374,41.159791790237094,0 1.9887943410982514,41.15907363697294,0 1.9875538120739402,41.15835547023633,0 1.98631331,41.15763729,0 1.9850434938802752,41.15688026621326,0 1.9837737068407775,41.15612322827443,0 1.9825039488808907,41.15536617621242,0 1.98123422,41.15460911,0
                </coordinates>
            </LineString>
        </Placemark>
        

        <Placemark>
            <name>Route VLG6LC</name>
            <Style>
                <LineStyle>
                    <color>ff00a5ff</color> <!-- naranja -->
                    <width>2</width>
                </LineStyle>
            </Style>
            <LineString>
                <tessellate>1</tessellate>
                <coordinates>
                    2.09573922,41.28963661,0 2.095048540249788,41.2894055462465,0 2.0943578653330186,41.289174478319346,0 2.09366719524974,41.28894340624644,0 2.09297653,41.28871233,0 2.0922261387143104,41.288454637369945,0 2.0914757532857093,41.28819693981724,0 2.090725373714254,41.28793923736984,0 2.089975,41.28768153,0 2.089130998764905,41.28738855431682,0 2.088287005019822,41.28709557241306,0 2.0874430187648274,41.2868025843167,0 2.08659904,41.28650959,0 2.085686996378685,41.28618093337884,0 2.08477496183819,41.28585226949573,0 2.0838629363786003,41.28552359837867,0 2.08295092,41.28519492,0 2.0820134392895024,41.284884718982774,0 2.0810759673859214,41.28457451030095,0 2.08013850428938,41.2842642939826,0 2.07920105,41.28395407,0 2.078278626346218,41.283628306124434,0 2.077356211794894,41.28330253482318,0 2.076433806346123,41.282976756124256,0 2.07551141,41.28265097,0 2.074597911731172,41.28233128340951,0 2.073684422308166,41.28201158953662,0 2.0727709417310765,41.28169188840934,0 2.07185747,41.28137218,0 2.0709827238327287,41.2810284450183,0 2.0701079867769416,41.28068470334832,0 2.069233258832684,41.2803409550181,0 2.06835854,41.2799972,0 2.067566194531525,41.27949900329721,0 2.0667738610421575,41.27900080105353,0 2.065981539531712,41.27850259329699,0 2.06518923,41.27800438,0 2.0645500936744137,41.27744372547687,0 2.0639109682327366,41.27688306729309,0 2.0632718536746912,41.27632240547669,0 2.06263275,41.27576174,0 2.062133041465969,41.27505841598756,0 2.061633343621566,41.27435508964071,0 2.0611336564663802,41.2736517609874,0 2.06063398,41.27294843,0 2.0603657553833314,41.2721649687158,0 2.0600975371779735,41.271381506611704,0 2.0598293253836286,41.27059804371567,0 2.05956112,41.26981458,0 2.0593447100328772,41.26906133336764,0 2.059128305043985,41.268308086147506,0 2.0589119050330997,41.26755483836756,0 2.05869551,41.26680159,0 2.05860087382915,41.265963120420274,0 2.058506240105616,41.265124650550995,0 2.0584116088292737,41.26428618042017,0 2.05831698,41.26344771,0 2.058235224222728,41.26258379540597,0 2.0581534706303795,41.26171988053194,0 2.0580717192228417,41.26085596540586,0 2.05798997,41.25999205,0 2.0579328202171943,41.25913786285263,0 2.057875671956311,41.25828367546083,0 2.0578185252172725,41.25742948785254,0 2.05776138,41.2565753,0 2.057710735319997,41.255659830383934,0 2.0576600920933825,41.254744360502556,0 2.0576094503200766,41.25382889038383,0 2.05755881,41.25291342,0 2.0575278836250295,41.251987290368156,0 2.0574969581667397,41.251061160481505,0 2.0574660336250803,41.25013503036804,0 2.05743511,41.2492089,0 2.0574314822712365,41.2482691853624,0 2.0574278546949873,41.24732947047384,0 2.0574242272712446,41.246389755362294,0 2.0574206,41.24545004,0 2.057401339146985,41.24415064045744,0 2.0573820791470068,41.24285124045733,0 2.05736282,41.24155184,0 2.0573503693520734,41.240554402905616,0 2.0573379191361156,41.23955696553141,0 2.0573254693520995,41.23855952790547,0 2.05731302,41.23756209,0 2.0572862836540695,41.23652863544087,0 2.0572595482054625,41.235495180578404,0 2.057232813654124,41.2344617254407,0 2.05720608,41.23342827,0 2.057192499262845,41.23238245044135,0 2.0571789190171472,41.23133663057904,0 2.057165339262876,41.230290810441176,0 2.05715176,41.22924499,0 2.0571458596182968,41.22817678795528,0 2.0571399594910726,41.2271085855976,0 2.0571340596183125,41.22604038295509,0 2.05712816,41.22497218,0 2.0571062763178642,41.223883492978025,0 2.057084393423853,41.22279480562795,0 2.0570625113179153,41.22170611797784,0 2.05704063,41.22061743,0 2.0570131685331274,41.21952260548599,0 2.0569857080442127,41.21842778063855,0 2.0569582485331916,41.21733295548579,0 2.05693079,41.21623813,0 2.0569075012268105,41.21513187049095,0 2.0568842133024514,41.21402561064516,0 2.0568609262268662,41.21291935049076,0 2.05683764,41.21181309,0 2.0568262318389308,41.210727490466375,0 2.056814824118593,41.20964189061242,0 2.056803416838959,41.20855629046619,0 2.05679201,41.20747069,0 2.056777874195509,41.206374282975105,0 2.0567637389273687,41.20527787562403,0 2.0567496041955433,41.20418146797492,0 2.05673547,41.20308506,0 2.0567963629258257,41.20199206550885,0 2.0568572539010144,41.200899070668996,0 2.0569181429256957,41.199806075508626,0 2.05697903,41.19871308,0 2.0573298278028194,41.197590157047976,0 2.0576806137365637,41.196467232721105,0 2.058031387802026,41.195344307047684,0 2.05838215,41.19422138,0 2.0587956722250635,41.19316715260941,0 2.059209181299541,41.192112923469686,0 2.059622677224248,41.19105869260912,0 2.06003616,41.19000446,0 2.0606898977774626,41.188982873384774,0 2.0613436153691813,41.18796128283676,0 2.06199731277631,41.186939688384356,0 2.06265099,41.18591809,0 2.063447207148948,41.18495893600749,0 2.0642434011978192,41.18399977633366,0 2.065039572147781,41.18304061100698,0 2.06583572,41.18208144,0 2.066778086005358,41.181239989220735,0 2.0677204280065222,41.180398530617914,0 2.068662746004425,41.179557064220155,0 2.06960504,41.17871559,0 2.0707435351494703,41.1779879419427,0 2.071882005198898,41.17726028258049,0 2.073020450148877,41.17653261194204,0 2.07415887,41.17580493,0 2.075374543758841,41.175148944264606,0 2.0765901933448974,41.17449294567634,0 2.077805818758505,41.173836934263925,0 2.07902142,41.17318091,0 2.080311131785849,41.172682034118914,0 2.0816008240479027,41.172183143815516,0 2.082890496786005,41.17168423911836,0 2.08418015,41.17118532,0 2.0855368629285116,41.17073331640425,0 2.0868935572382554,41.170281296862626,0 2.088250232928871,41.169829261403706,0 2.08960689,41.16937721,0 2.0909553832651993,41.16895779611002,0 2.092303859353877,41.168538366470344,0 2.093652318265616,41.16811892110952,0 2.09500076,41.16769946,0 2.096363556182893,41.16727772911191,0 2.097726334910814,41.166855982139516,0 2.0990890961833277,41.166434219111395,0 2.10045184,41.16601244,0 2.1018091026298444,41.16560608141402,0 2.103166348506765,41.1651997068757,0 2.104523577630302,41.16479331641353,0 2.10588079,41.16438691,0 2.1072504204759657,41.163978684350404,0 2.10862003396827,41.16357044245753,0 2.109989630476439,41.1631621843499,0 2.11135921,41.16275391,0 2.1127388159355585,41.16234131970551,0 2.1141184045810655,41.161928712930994,0 2.11549797593604,41.16151608970499,0 2.11687753,41.16110345,0
                </coordinates>
            </LineString>
        </Placemark>
        

        <Placemark>
            <name>Route VLG91MM</name>
            <Style>
                <LineStyle>
                    <color>ff00a5ff</color> <!-- naranja -->
                    <width>2</width>
                </LineStyle>
            </Style>
            <LineString>
                <tessellate>1</tessellate>
                <coordinates>
                    2.09473176,41.28926627,0 2.094156809308093,41.28907411977348,0 2.093581861962112,41.288881966646265,0 2.093006917962084,41.28868981064621,0 2.0924319773080375,41.28849765177339,0 2.09185704,41.28830549,0 2.0910501867157842,41.28801138102152,0 2.090243340621009,41.287717266352665,0 2.089436501715729,41.28742314602139,0 2.08862967,41.28712902,0 2.087764573614808,41.28683932728352,0 2.086899484819682,41.286549628035345,0 2.086034403614715,41.2862599222834,0 2.08516933,41.28597021,0 2.0842342086603,41.28564448143086,0 2.0832990965469973,41.28531874523174,0 2.0823639936601963,41.284993001430664,0 2.0814289,41.28466725,0 2.0804915136417867,41.284341866485526,0 2.079554136522312,41.28401647530463,0 2.0786167686416808,41.283691076485326,0 2.07767941,41.28336567,0 2.0767494656908116,41.28302706630957,0 2.075819530921025,41.282688455070016,0 2.074889605690726,41.28234983630938,0 2.07395969,41.28201121,0 2.07305074577395,41.28166684081025,0 2.07214181103189,41.281322464404255,0 2.071232885773885,41.28097808081006,0 2.07032397,41.28063369,0 2.069454403166481,41.28020809993215,0 2.0685848475553468,41.279782503233434,0 2.0677153031665396,41.279356899931926,0 2.06684577,41.27893129,0 2.0661091842563692,41.27838740471123,0 2.0653726106753325,41.277843514605536,0 2.06463604925663,41.27729961971101,0 2.0638995,41.27675572,0 2.0632488806086,41.276185850673805,0 2.0625982724783283,41.275615977555674,0 2.0619476756088924,41.275046100673634,0 2.06129709,41.27447622,0 2.0607427478090266,41.273796139223656,0 2.0601884170789773,41.27311605562213,0 2.059634097809439,41.27243596922347,0 2.05907979,41.27175588,0 2.0586594730139955,41.27100100256594,0 2.0582391656856043,41.27024612341186,0 2.0578188680144103,41.269491242565785,0 2.05739858,41.26873636,0 2.0570441596603595,41.26794352942291,0 2.0566897478807427,41.26715069755449,0 2.0563353446607544,41.266357864422766,0 2.05598095,41.26556503,0 2.0556482397583893,41.26472730175679,0 2.0553155380114645,41.26388957233301,0 2.054982844758807,41.263051841756656,0 2.05465016,41.26221411,0 2.0543667716714946,41.261378868856866,0 2.0540833905622313,41.26054362679977,0 2.0538000166718517,41.25970838385674,0 2.05351665,41.25887314,0 2.0532163652253246,41.25797957902539,0 2.052916088634055,41.25708601702446,0 2.0526158202257574,41.256192454025225,0 2.05231556,41.25529889,0 2.051963477084317,41.2540969081576,0 2.051611407084625,41.252894924824155,0 2.05125935,41.25169294,0 2.0509915433598214,41.25074361632249,0 2.050723744480054,41.24979429175389,0 2.05045595336026,41.2488449663223,0 2.05018817,41.24789564,0 2.049935421075317,41.24690892374695,0 2.0496826797673884,41.245922206653184,0 2.0494299460757657,41.24493548874676,0 2.04917722,41.24394877,0 2.04895286215308,41.24294300108259,0 2.048728511204383,41.24193723143401,0 2.048504167153495,41.2409314610824,0 2.04827983,41.23992569,0 2.04806839244726,41.238889463531414,0 2.0478569615966236,41.23785323636577,0 2.047645537447676,41.236817008531204,0 2.04743412,41.23578078,0 2.0472325228227835,41.23473498098439,0 2.0470309320973143,41.23368918130307,0 2.0468293478231883,41.2326433809842,0 2.04662777,41.23159758,0 2.046436343370795,41.23055890092485,0 2.0462449228279795,41.2295202212237,0 2.046053508371174,41.22848154092463,0 2.0458621,41.22744286,0 2.045653419834176,41.226381088533444,0 2.0454447464458556,41.22531931636849,0 2.0452360798346074,41.22425754353324,0 2.04502742,41.22319577,0 2.044828395334347,41.22213756097749,0 2.0446293771127353,41.22107935129386,0 2.044430365334756,41.22002114097728,0 2.04423136,41.21896293,0 2.0440557541061373,41.21792240084633,0 2.043880153808417,41.216881871119014,0 2.0437045591064873,41.215841340846154,0 2.04352897,41.21480081,0 2.0433266974842113,41.21372163600948,0 2.043124431645903,41.2126424613365,0 2.0429221724846434,41.21156328600925,0 2.04271992,41.21048411,0 2.042525477892143,41.209407445965205,0 2.0423310421897996,41.208330781277496,0 2.0421366128925564,41.20725411596499,0 2.04194219,41.20617745,0 2.0417536233465112,41.20511974091909,0 2.041565062795607,41.20406203121598,0 2.041376508346899,41.20300432091887,0 2.04118796,41.20194661,0 2.040989617963545,41.200898225960536,0 2.0407912822849927,41.199849841271266,0 2.0405929529639444,41.19880145596035,0 2.04039463,41.19775307,0 2.040089667681975,41.19669003917696,0 2.0397847152430497,41.19562700722643,0 2.0394797726825993,41.1945639741767,0 2.03917484,41.19350094,0 2.0385960939438657,41.192512517278686,0 2.0380173652591345,41.191524091362,0 2.037438653944836,41.19053566227832,0 2.03685996,41.18954723,0 2.036172373214988,41.188611371533895,0 2.035484805953977,41.187675508702256,0 2.034797258215978,41.186739641533485,0 2.03410973,41.18580377,0 2.033276304006359,41.18491999188237,0 2.032442900342472,41.18403620750015,0 2.031609519007349,41.18315241688186,0 2.03077616,41.18226862,0 2.029708993005621,41.18155688254325,0 2.0286418490078715,41.18084513504793,0 2.0275747280061855,41.18013337754266,0 2.02650763,41.17942161,0 2.025273560855761,41.178811867472504,0 2.0240395144744694,41.17820211162025,0 2.0228054908559434,41.17759234247186,0 2.02157149,41.17698256,0 2.0202552948184045,41.1765603701005,0 2.018939116424294,41.17613816512436,0 2.017622954818037,41.17571594510004,0 2.01630681,41.17529371,0 2.0148903314748012,41.17500458860668,0 2.0134738652992175,41.174715449799315,0 2.012057411474025,41.174426293606295,0 2.01064097,41.17413712,0 2.009166830254465,41.1739902807292,0 2.0076926970052478,41.17384342262946,0 2.006218570253406,41.173696545729015,0 2.00474445,41.17354965,0
                </coordinates>
            </LineString>
        </Placemark>
        

        <Placemark>
            <name>Route DLH98Y</name>
            <Style>
                <LineStyle>
                    <color>ff00a5ff</color> <!-- naranja -->
                    <width>2</width>
                </LineStyle>
            </Style>
            <LineString>
                <tessellate>1</tessellate>
                <coordinates>
                    2.0965398,41.28974347,0 2.09587556139166,41.289540968274906,0 2.095211326855512,41.289338462690566,0 2.0945470963916075,41.289135953274865,0 2.09388287,41.28893344,0 2.093165889398659,41.28868475673141,0 2.09244891419818,41.28843606896588,0 2.091731944398611,41.28818737673131,0 2.09101498,41.28793868,0 2.0901875189232646,41.28764408895868,0 2.089360065230975,41.28734949193552,0 2.0885326189231983,41.28705488895854,0 2.08770518,41.28676028,0 2.0870043759020196,41.28652241056502,0 2.0863035768529823,41.28628453683353,0 2.085602782852934,41.28604665883345,0 2.084901993901924,41.28580877656487,0 2.08420121,41.28557089,0 2.083241793324317,41.28524566702786,0 2.0822823860990076,41.284920436027726,0 2.081322988324194,41.284595197027684,0 2.0803636,41.28426995,0 2.0794311412620323,41.28394568636553,0 2.0784986916826407,41.28362141514464,0 2.0775662512619286,41.28329713636534,0 2.07663382,41.28297285,0 2.0757059168154575,41.28266008125143,0 2.074778022420535,41.28234730499251,0 2.0738501368153446,41.28203452125125,0 2.07292226,41.28172173,0 2.071996238794992,41.281396003710285,0 2.0710702267265915,41.28107026993764,0 2.0701442237948946,41.280744528710095,0 2.06921823,41.28041878,0 2.068363097514602,41.28003341959293,0 2.0675079750194785,41.27964805278118,0 2.066652862514616,41.27926267959275,0 2.06579776,41.2788773,0 2.065069236604856,41.27832287456281,0 2.0643407254733255,41.27776844440767,0 2.0636122266051324,41.27721400956262,0 2.06288374,41.27665957,0 2.0623406065828465,41.2760168565429,0 2.0617974837773665,41.27537414038114,0 2.0612543715832032,41.27473142154273,0 2.06071127,41.2740887,0 2.060367166024729,41.27335882679082,0 2.060023069699854,41.2726289523784,0 2.059678981025052,41.271899076790696,0 2.0593349,41.2711692,0 2.0591316129906834,41.27041683079498,0 2.0589283306543837,41.26966446105061,0 2.058725052990893,41.26891209079487,0 2.05852178,41.26815972,0 2.0584034593653175,41.26707301045819,0 2.058285142698738,41.265986300458145,0 2.05816683,41.26489959,0 2.0581626472804806,41.264057767799066,0 2.0581584647073123,41.263215945389405,0 2.0581542822804875,41.26237412279898,0 2.0581501,41.2615323,0 2.05817190828241,41.26068351030684,0 2.058193716043195,41.25983472039977,0 2.058215523282383,41.25898593030674,0 2.05823733,41.25813714,0 2.0582376849454946,41.257227202842735,0 2.058238039927327,41.25631726544761,0 2.058238394945496,41.255407327842626,0 2.05823875,41.25449739,0 2.0582645584900408,41.25359681034207,0 2.05829036632003,41.252696230446716,0 2.0583161734900037,41.25179565034195,0 2.05834198,41.25089507,0 2.0583736537565103,41.24997417035922,0 2.0584053266753153,41.24905327046958,0 2.058436998756463,41.2481323703591,0 2.05846867,41.24721147,0 2.058488508285987,41.2462562478759,0 2.058508346047962,41.24530102549179,0 2.0585281832859557,41.24434580287575,0 2.05854802,41.24339058,0 2.0585562227871326,41.24240239789602,0 2.058564425382835,41.24141421551864,0 2.05857262778712,41.24042603289588,0 2.05858083,41.23943785,0 2.058583445034854,41.23842816791103,0 2.0585860600464705,41.23741848553863,0 2.058588675034852,41.23640880291088,0 2.05859129,41.23539912,0 2.0585884697791816,41.234369267926056,0 2.058585649705581,41.23333941555865,0 2.0585828297791897,41.2323095629259,0 2.05858001,41.23127971,0 2.058564914173416,41.230214127957154,0 2.058549818897911,41.229148545600104,0 2.058534724173451,41.228082962956975,0 2.05851963,41.22701738,0 2.0585163922562604,41.22597684043235,0 2.0585131546750195,41.224936300567045,0 2.0585099172562695,41.22389576043219,0 2.05850668,41.22285522,0 2.058474825841748,41.221777440476636,0 2.0584429727890448,41.22069966062606,0 2.058411120841819,41.21962188047643,0 2.05837927,41.2185441,0 2.058346488310969,41.21747498046944,0 2.058313707748006,41.216405860616476,0 2.058280928311041,41.21533674046925,0 2.05824815,41.21426762,0 2.0581998900453704,41.2131927979907,0 2.058151631727231,41.21211797564483,0 2.058103375045476,41.211043152990506,0 2.05805512,41.20996833,0 2.05799539690867,41.20886692802827,0 2.0579356758783174,41.207765525694924,0 2.057875956908806,41.20666412302809,0 2.05781624,41.20556272,0 2.0577593846104927,41.20448223800554,0 2.0577025311474064,41.203401755664586,0 2.0576456796106175,41.20232127300534,0 2.05758883,41.20124079,0 2.0575260893423453,41.20016705550873,0 2.0574633507898845,41.19909332066883,0 2.0574006143424812,41.19801958550851,0 2.05733788,41.19694585,0 2.0572769644355904,41.19587340300344,0 2.0572160509142083,41.1948009556618,0 2.057155139435722,41.19372850800326,0 2.05709423,41.19265606,0 2.057029849225547,41.19157021551894,0 2.056965470634158,41.19048437068245,0 2.05690109422569,41.18939852551873,0 2.05683672,41.18831268,0 2.0567801521137765,41.187227710504004,0 2.0567235861517856,41.186142740662554,0 2.0566670221139014,41.18505777050382,0 2.05661046,41.1839728,0 2.0565679428087544,41.18288883798255,0 2.0565254270784026,41.18180487563394,0 2.056482912808849,41.18072091298235,0 2.0564404,41.17963695,0 2.056411393496569,41.17856792045577,0 2.0563823879954675,41.17749889059826,0 2.0563533834966323,41.17642986045559,0 2.05632438,41.17536083,0 2.0563064190346587,41.17429343044555,0 2.056288458712905,41.173226030584615,0 2.056270499034699,41.17215863044538,0 2.05625254,41.17109123,0 2.0562320288729485,41.169989447972895,0 2.0562115184972978,41.168887665621064,0 2.056191008872998,41.16778588297269,0 2.0561705,41.1666841,0 2.056163037032737,41.16559548545521,0 2.0561555743769957,41.164506870597485,0 2.0561481120327567,41.163418255455014,0 2.05614065,41.16232964,0 2.0561258066420147,41.161210695480946,0 2.0561109638560446,41.16009175063178,0 2.056096121642052,41.15897280548074,0 2.05608128,41.15785386,0 2.0560402277272507,41.15669419803472,0 2.055999176969738,41.15553453570345,0 2.055958127727356,41.15437487303447,0 2.05591708,41.15321521,0 2.0558803905178893,41.15208826300167,0 2.055843702357245,41.150961315659394,0 2.0558070155179786,41.14983436800145,0 2.05577033,41.14870742,0 2.05571243431031,41.14753673556455,0 2.05565454074718,41.146366050743225,0 2.0555966493104596,41.14519536556431,0 2.05553876,41.14402468,0 2.0554867321657113,41.142870928040075,0 2.0554347062210354,41.14171717571056,0 2.055382682165842,41.14056342303981,0 2.05533066,41.13940967,0 2.055279969704566,41.13824325554711,0 2.0552292812728417,41.13707684071998,0 2.0551785947046963,41.13591042554687,0 2.05512791,41.13474401,0 2.0550662915850677,41.13356367807436,0 2.055004675446864,41.13238334575631,0 2.0549430615852287,41.131203013074135,0 2.05488145,41.13002268,0
                </coordinates>
            </LineString>
        </Placemark>
        

        <Placemark>
            <name>Route DLH97F</name>
            <Style>
                <LineStyle>
                    <color>ff00a5ff</color> <!-- naranja -->
                    <width>2</width>
                </LineStyle>
            </Style>
            <LineString>
                <tessellate>1</tessellate>
                <coordinates>
                    2.09517164,41.28939926,0 2.094461274383232,41.28914780410966,0 2.093750914177614,41.28889634380355,0 2.0930405593831893,41.288644879109576,0 2.09233021,41.28839341,0 2.0915170590212186,41.28809631615486,0 2.090703915361587,41.287799216530445,0 2.089890779021162,41.28750211115474,0 2.08907765,41.287205,0 2.0881875878455283,41.28690441785558,0 2.0872975337939716,41.28660382879804,0 2.0864074878454293,41.2863032328554,0 2.08551745,41.28600263,0 2.084609914973763,41.28569880576394,0 2.083702388298279,41.285394974342545,0 2.082794869973655,41.285091135763786,0 2.08188736,41.28478729,0 2.0809393762889172,41.284468919242386,0 2.079991401718475,41.28415054064712,0 2.0790434362887953,41.2838321542422,0 2.07809548,41.28351376,0 2.0771989095471035,41.283195810511515,0 2.0763023477294142,41.28287785400596,0 2.075405794547018,41.282559890511344,0 2.07450925,41.28224192,0 2.0736048255803845,41.281891150706215,0 2.0727004107738094,41.28154037426555,0 2.07179600558033,41.281189590706035,0 2.07089161,41.2808388,0 2.0701125620042413,41.28033139053036,0 2.0693335260057903,41.27982397569771,0 2.0685545020044445,41.27931655553014,0 2.06777549,41.27880913,0 2.0671383606402203,41.27822838295391,0 2.0665012425204967,41.277647632262486,0 2.0658641356405245,41.27706687795374,0 2.06522704,41.27648612,0 2.064755960186823,41.275796973117565,0 2.064284890249347,41.27510782414737,0 2.063813830187198,41.274418673117424,0 2.06334278,41.27372952,0 2.063042234790181,41.27298656393182,0 2.0627416963871053,41.27224360689973,0 2.062441164790477,41.27150064893172,0 2.06214064,41.27075769,0 2.0619088442645066,41.26998192597204,0 2.0616770540195106,41.269206161286704,0 2.0614452692647594,41.26843039597194,0 2.06121349,41.26765463,0 2.0610810926363823,41.26685650800882,0 2.06094869851528,41.26605838566909,0 2.0608163076365376,41.265260263008734,0 2.06068392,41.26446214,0 2.060585213760006,41.26364229291849,0 2.060486510013423,41.26282244554865,0 2.0603878087601286,41.26200259791841,0 2.06028911,41.26118275,0 2.0602105719636237,41.260349645378525,0 2.060132035951566,41.25951654049537,0 2.060053501963725,41.258683435378444,0 2.05997497,41.25785033,0 2.059900464463598,41.25697387789816,0 2.0598259609515357,41.256097425521496,0 2.059751459463705,41.25522097289802,0 2.05967696,41.25434452,0 2.0596507989121644,41.25348311282044,0 2.0596246385495776,41.25262170541792,0 2.0595984789122017,41.25176029782039,0 2.05957232,41.25089889,0 2.0595376934798035,41.249979135366786,0 2.0595030679731092,41.24905938047967,0 2.05946844347986,41.24813962536666,0 2.05943382,41.24721987,0 2.0594306472973245,41.2463035728455,0 2.05942747472977,41.24538727545129,0 2.059424302297331,41.24447097784539,0 2.05942113,41.24355468,0 2.059409279407744,41.24259841287549,0 2.0593974292103403,41.24164214549126,0 2.059385579407766,41.24068587787536,0 2.05937373,41.23972961,0 2.0593856379323583,41.23879693785581,0 2.059397545576466,41.23786426546503,0 2.059409452932341,41.236931592855676,0 2.05942136,41.23599892,0 2.0594131845504355,41.2350103428962,0 2.0594050094005922,41.23402176551889,0 2.059396834550453,41.233033187896076,0 2.05938866,41.23204461,0 2.0593834271798728,41.23104879539992,0 2.059378194573172,41.23005298052382,0 2.0593729621798853,41.22905716539977,0 2.05936773,41.22806135,0 2.059361429627632,41.22705689040572,0 2.059355129503519,41.22605243053156,0 2.059348829627646,41.225047970405576,0 2.05934253,41.22404351,0 2.059332364445594,41.223030295412585,0 2.059322199260807,41.22201708054071,0 2.059312034445616,41.22100386541245,0 2.05930187,41.21999065,0 2.059270668415994,41.218939395454235,0 2.0592394678880357,41.21788814059621,0 2.05920826841606,41.21683688545406,0 2.05917707,41.21578563,0 2.0591448009037863,41.21475790543597,0 2.0591125328717585,41.21373018057187,0 2.0590802659038516,41.21270245543581,0 2.059048,41.21167473,0 2.059000272621556,41.210621297972395,0 2.0589525468288086,41.209567865620414,0 2.058904822621656,41.2085144329722,0 2.0588571,41.207461,0 2.058801187247038,41.20641386047823,0 2.058745276329461,41.20536672062821,0 2.0586893672471533,41.204319580478064,0 2.05863346,41.20327244,0 2.0585675667422967,41.202215795501345,0 2.0585016756564873,41.20115915065903,0 2.058435786742435,41.20010250550117,0 2.0583699,41.19904586,0 2.058295506346578,41.19799259051395,0 2.0582211151288736,41.19693932067581,0 2.058146726346732,41.19588605051376,0 2.05807234,41.19483278,0 2.057994118619411,41.193767595530154,0 2.0579158998259923,41.192702410697414,0 2.057837683619577,41.191637225529966,0 2.05775947,41.19057204,0 2.0576636602198697,41.18949605557904,0 2.05756785362663,41.18842007076259,0 2.057472050220076,41.18734408557884,0 2.05737625,41.1862681,0 2.0572938509389207,41.185208178032944,0 2.0572114545853424,41.18414825570113,0 2.057129060939093,41.183088333032764,0 2.05704667,41.18202841,0 2.056973728894198,41.180968328011986,0 2.0569007901923664,41.179908245673175,0 2.056827853894351,41.17884816301179,0 2.05675492,41.17778808,0 2.056692111824899,41.17670899050685,0 2.0566293057666236,41.175629900666344,0 2.0565665018250363,41.174550810506666,0 2.0565037,41.17347172,0 2.056444134482385,41.17239199800073,0 2.0563845709766007,41.171312275658174,0 2.056325009482516,41.17023255300054,0 2.05626545,41.16915283,0 2.0562001315444403,41.1680234805492,0 2.056134815392691,41.16689413072277,0 2.0560695015445964,41.16576478054895,0 2.05600419,41.16463543,0 2.055951617248558,41.163525565511264,0 2.055899046331492,41.162415700672234,0 2.05584647724868,41.16130583551108,0 2.05579391,41.16019597,0 2.0557310140393708,41.15902388307771,0 2.0556681203859357,41.157851795760756,0 2.0556052290395326,41.15667970807747,0 2.05554234,41.15550762,0 2.055494282406243,41.15436796302638,0 2.055446226541736,41.15322830569234,0 2.0553981724063606,41.152088648026144,0 2.05535012,41.15094899,0 2.0553051950704817,41.14981016302023,0 2.0552602717607162,41.148671335684135,0 2.0552153500705925,41.14753250801999,0 2.05517043,41.14639368,0 2.0551335354263864,41.14522298303568,0 2.0550966422352457,41.14405228570471,0 2.0550597504264827,41.14288158803542,0 2.05502286,41.14171089,0
                </coordinates>
            </LineString>
        </Placemark>
        

        <Placemark>
            <name>Route THY1852</name>
            <Style>
                <LineStyle>
                    <color>ff00a5ff</color> <!-- naranja -->
                    <width>2</width>
                </LineStyle>
            </Style>
            <LineString>
                <tessellate>1</tessellate>
                <coordinates>
                    2.09626637,41.28968373,0 2.0956161590132756,41.28948099803574,0 2.094965952017669,41.28927826237166,0 2.0943157490132283,41.28907552303567,0 2.09366555,41.28887278,0 2.0929236033232907,41.28860062471052,0 2.09218166276436,41.28832846460469,0 2.0914397283232486,41.28805629971043,0 2.0906978,41.28778413,0 2.0898625990974335,41.28749681912337,0 2.0890274054631934,41.287209502155136,0 2.088192219097356,41.28692217912325,0 2.08735704,41.28663485,0 2.0864511544031585,41.28631666823004,0 2.0855452775374834,41.28599847929732,0 2.0846394094030667,41.28568028322985,0 2.08373355,41.28536208,0 2.0827568102245166,41.285029114965724,0 2.081780080299271,41.284696141611555,0 2.08080336022439,41.28436315996551,0 2.07982665,41.28403017,0 2.0788495290403617,41.28367075998475,0 2.077872418720419,41.28331134163691,0 2.0768953190402666,41.28295191498453,0 2.07591823,41.28259248,0 2.0749665377414668,41.282251201841405,0 2.07401485532189,41.281909915779124,0 2.073063182741368,41.28156862184121,0 2.07211152,41.28122732,0 2.071142581465468,41.280863192279305,0 2.070173653620569,41.28049905636297,0 2.069204736465385,41.280134912279074,0 2.06823583,41.27977076,0 2.0672744340356077,41.279405389590515,0 2.066313048714094,41.27904001111128,0 2.065351674035533,41.2786746245903,0 2.06439031,41.27830923,0 2.063483598184968,41.277840963306495,0 2.062576899246694,41.27737268939921,0 2.0616702131850726,41.27690440830625,0 2.06076354,41.27643612,0 2.0599970356717163,41.27581089783729,0 2.0592305458958835,41.275185670440244,0 2.0584640706721093,41.27456043783702,0 2.05769761,41.2739352,0 2.0571189542745474,41.273244412087976,0 2.05654031069969,41.272553621107896,0 2.0559616792749873,41.27186282708778,0 2.05538306,41.27117203,0 2.0550482954295957,41.27038315924353,0 2.054713538906375,41.26959428731534,0 2.0543787904299666,41.26880541424342,0 2.05404405,41.26801654,0 2.053897834644584,41.267219763058776,0 2.0537516228595596,41.26642298573568,0 2.053605414644755,41.26562620805869,0 2.05345921,41.26482943,0 2.053501431517263,41.26401135530332,0 2.053543652022984,41.263193280395065,0 2.0535858715172126,41.26237520530323,0 2.05362809,41.26155713,0 2.0537481418901584,41.260743900457534,0 2.053868190853448,41.25993067060068,0 2.0539882368900138,41.25911744045744,0 2.05410828,41.25830421,0 2.054230942155771,41.25745987298426,0 2.054353601207589,41.256615535636335,0 2.0544762571556126,41.25577119798418,0 2.05459891,41.25492686,0 2.0547004938397273,41.25408371792337,0 2.054802075119549,41.25324057555516,0 2.054903653839596,41.25239743292328,0 2.05500523,41.25155429,0 2.0550740401287078,41.25069537786313,0 2.0551428485048824,41.24983646547481,0 2.055211655128616,41.24897755286303,0 2.05528046,41.24811864,0 2.0553553052503215,41.24729464035134,0 2.0554301486670346,41.2464706404591,0 2.05550499025023,41.24564664035125,0 2.05557983,41.24482264,0 2.055610451117646,41.24397801530673,0 2.055641071490169,41.243133390399635,0 2.055671691117608,41.24228876530665,0 2.05570231,41.24144414,0 2.055725975834837,41.24061593779153,0 2.0557496411130973,41.23978773537938,0 2.055773305834809,41.23895953279145,0 2.05579697,41.23813133,0 2.0557931572889254,41.23726967780735,0 2.0557893447185718,41.236408025400436,0 2.0557855322889322,41.23554637280727,0 2.05578172,41.23468472,0 2.0557987605819155,41.23386145778447,0 2.055815800775874,41.23303819536994,0 2.0558328405818953,41.232214932784416,0 2.05584988,41.23139167,0 2.0558464398034495,41.23052969030637,0 2.0558429997379366,41.22966771039912,0 2.055839559803456,41.22880573030627,0 2.05583612,41.22794375,0 2.0558300497030157,41.22708811530223,0 2.0558239796040283,41.22623248039361,0 2.055817909703026,41.22537684530215,0 2.05581184,41.22452121,0 2.0558120274444476,41.22365005531067,0 2.055812214925931,41.222778900404855,0 2.055812402444449,41.22190774531059,0 2.05581259,41.22103659,0 2.0558110723698055,41.22013260783192,0 2.05580955482641,41.21922862543318,0 2.0558080373698098,41.2183246428318,0 2.05580652,41.21742066,0 2.0558062074117145,41.21647125036232,0 2.0558058948822877,41.2155218404737,0 2.055805582411717,41.21457243036218,0 2.05580527,41.21362302,0 2.0558136177886874,41.21265933537174,0 2.055821965384909,41.211695650486256,0 2.0558303127886757,41.2107319653716,0 2.05583866,41.20976828,0 2.05584528771967,41.20875823290448,0 2.055851915292887,41.2077481855299,0 2.05585854271966,41.206738137904345,0 2.05586517,41.20572809,0 2.0558663249653124,41.20469191042321,0 2.05586747995375,41.20365573055483,0 2.055868634965313,41.20261955042302,0 2.05586979,41.20158337,0 2.0558763977238645,41.20053334293278,0 2.0558830052984796,41.199483315567626,0 2.055889612723854,41.198433287932616,0 2.05589622,41.19738326,0 2.0559112006290365,41.19632203544189,0 2.055926180838697,41.19526081057973,0 2.0559411606290086,41.194199585441694,0 2.05595614,41.19313836,0 2.0559693655496103,41.19206463795005,0 2.0559825907327975,41.190990915590625,0 2.055995815549586,41.18991719294986,0 2.05600904,41.18884347,0 2.0560200154421135,41.18776239295421,0 2.0560309905894703,41.18668131559617,0 2.056041965442093,41.18560023795401,0 2.05605294,41.18451916,0 2.0560585976806505,41.183440970450185,0 2.0560642552408614,41.182362780590786,0 2.056069912680642,41.18128459044998,0 2.05607557,41.1802064,0 2.056095218352283,41.179147177937566,0 2.0561148661363524,41.17808795557396,0 2.0561345133522457,41.1770287329374,0 2.05615416,41.17596951,0 2.0561604877127597,41.17489709794349,0 2.0561668152836727,41.17382468558185,0 2.0561731427127494,41.172752272943285,0 2.05617947,41.17167986,0 2.0561595889465814,41.17061697294225,0 2.056139708595471,41.16955408558023,0 2.0561198289466254,41.168491197942075,0 2.05609995,41.16742831,0 2.056058425337248,41.166333990485064,0 2.0560169021163928,41.16523967063727,0 2.0559753803373417,41.16414535048487,0 2.05593386,41.16305103,0 2.0558905277922443,41.161977445469866,0 2.0558471970563894,41.160903860617005,0 2.0558038677923394,41.15983027546966,0 2.05576054,41.15875669,0 2.055715065183732,41.1576811554729,0 2.055669591911709,41.15660562062108,0 2.0556241201838312,41.15553008547272,0 2.05557865,41.15445455,0 2.055529749936165,41.15334542050261,0 2.055480851581629,41.15223629066067,0 2.0554319549362785,41.15112716050242,0 2.05538306,41.15001803,0
                </coordinates>
            </LineString>
        </Placemark>
        

        <Placemark>
            <name>Route VLG700D</name>
            <Style>
                <LineStyle>
                    <color>ff00a5ff</color> <!-- naranja -->
                    <width>2</width>
                </LineStyle>
            </Style>
            <LineString>
                <tessellate>1</tessellate>
                <coordinates>
                    2.09622298,41.28969676,0 2.095556073538479,41.28948345082348,0 2.0948891713846067,41.2892701377553,0 2.094222273538431,41.28905682082341,0 2.09355538,41.2888435,0 2.09278221605406,41.28858879281932,0 2.092009058072034,41.288334080416426,0 2.0912359060539907,41.288079362819225,0 2.09046276,41.28782464,0 2.0896084786550015,41.28753234204317,0 2.0887542048732795,41.28724003771487,0 2.0878999386549175,41.28694772704304,0 2.08704568,41.28665541,0 2.0861264413294918,41.28632813354937,0 2.0852072117725946,41.286000849723074,0 2.0842879913294006,41.28567355854918,0 2.08336878,41.28534626,0 2.082455063826744,41.28501695091848,0 2.0815413567689354,41.28468763454856,0 2.080627658826659,41.2843583109183,0 2.07971397,41.28402898,0 2.0788065620230087,41.28371421826423,0 2.077899162697281,41.2833994493429,0 2.0769917720229123,41.28308467326404,0 2.07608439,41.28276989,0 2.0751877763917626,41.282435928017826,0 2.0742911718556374,41.282101959014376,0 2.073394576391694,41.281767983017644,0 2.07249799,41.281434,0 2.0716811984553853,41.280988838785035,0 2.0708644179405846,41.28054367170396,0 2.0700476484554917,41.28009849878483,0 2.06923089,41.27965332,0 2.0685884282310383,41.279080473038796,0 2.067945977641581,41.27850762237567,0 2.067303538231333,41.27793476803863,0 2.06666111,41.27736191,0 2.0661325619683435,41.27671753634075,0 2.0656040242913596,41.2760731601116,0 2.0650754969686957,41.27542878134058,0 2.06454698,41.2747844,0 2.064205203105734,41.27402293428943,0 2.0638634341412128,41.27326146737655,0 2.0635216731060857,41.27249999928931,0 2.06317992,41.27173853,0 2.0629531819119094,41.27095982094358,0 2.0627264492160453,41.270181111248775,0 2.0624997219121584,41.2694024009435,0 2.062273,41.26862369,0 2.06208968549753,41.26779147824306,0 2.061906375663529,41.266959265981406,0 2.0617230704977634,41.266127053242975,0 2.06153977,41.26529484,0 2.0614161152814368,41.26446676049778,0 2.0612924637086865,41.26363868065435,0 2.0611688152815932,41.26281060049769,0 2.06104517,41.26198252,0 2.0609456534449295,41.2611016779604,0 2.060846139593335,41.26022083560449,0 2.0607466284450733,41.25933999296029,0 2.06064712,41.25845915,0 2.0605922977282973,41.2575750453688,0 2.0605374769711164,41.256690940482365,0 2.0604826577283775,41.25580683536868,0 2.06042784,41.25492273,0 2.060412026760747,41.253995882858575,0 2.0603962140143475,41.25306903546874,0 2.060380401760774,41.25214218785847,0 2.06036459,41.25121534,0 2.0603399338197086,41.25023533790176,0 2.0603152784263083,41.2492553355263,0 2.0602906238197543,41.248275332901635,0 2.06026597,41.24729533,0 2.0602662424272795,41.2462883904109,0 2.060266514903041,41.245281450538464,0 2.0602667874272815,41.244274510410754,0 2.06026706,41.24326757,0 2.060260697106495,41.242224237939276,0 2.060254334475337,41.24118090557627,0 2.0602479721065103,41.2401375729391,0 2.06024161,41.23909424,0 2.0602539829978967,41.238045552942026,0 2.0602663556638476,41.236996865579954,0 2.0602787279978747,41.23594817794184,0 2.0602911,41.23489949,0 2.0602852071182443,41.23383229545595,0 2.0602793144910025,41.23276510059849,0 2.0602734221182595,41.23169790545576,0 2.06026753,41.23063071,0 2.060259904532687,41.2295606579576,0 2.060252279376929,41.2284906056007,0 2.060244654532706,41.227420552957405,0 2.06023703,41.2263505,0 2.06022673441056,41.225292432947846,0 2.0602164392140963,41.22423436558772,0 2.060206144410584,41.22317629794768,0 2.06019585,41.22211823,0 2.060175596404765,41.22103584547113,0 2.0601553435397184,41.21995346061872,0 2.060135091404812,41.21887107547092,0 2.06011484,41.21778869,0 2.060098626623168,41.21672750045074,0 2.0600824138309153,41.21566631059157,0 2.0600662016232048,41.21460512045057,0 2.06004999,41.21354393,0 2.060014635629648,41.21244348049592,0 2.059979282506252,41.21134303065178,0 2.05994393062973,41.210242580495716,0 2.05990858,41.20914213,0 2.059875348276433,41.20806552047338,0 2.05984211770196,41.20698891062174,0 2.059808888276507,41.2059123004732,0 2.05977566,41.20483569,0 2.0597456284621734,41.20377781795453,0 2.0597155979496073,41.20271994559659,0 2.0596855684622377,41.20166207295433,0 2.05965554,41.2006042,0 2.0596113177580055,41.19953620547647,0 2.0595670970107376,41.19846821062585,0 2.0595228777581007,41.19740021547629,0 2.05947866,41.19633222,0 2.0594202894927105,41.195236348017836,0 2.0593619209903684,41.19414047568101,0 2.059303554492842,41.19304460301763,0 2.05924519,41.19194873,0 2.0591881946156754,41.19087238049884,0 2.0591312011543166,41.18979603065568,0 2.0590742096157992,41.188719680498664,0 2.05901722,41.18764333,0 2.058946381442472,41.18656795052132,0 2.0588755452567318,41.18549257068562,0 2.058804711442625,41.18441719052112,0 2.05873388,41.18334181,0 2.058659628717525,41.18224991054005,0 2.0585853799568095,41.18115801071061,0 2.0585111337176896,41.18006611053985,0 2.05843689,41.17897421,0 2.058367246442187,41.17788101553083,0 2.0582976052563535,41.176787820698294,0 2.058227966442343,41.17569462553063,0 2.05815833,41.17460143,0 2.058083461185233,41.173508788039534,0 2.058008594913755,41.17241614570989,0 2.0579337311853996,41.17132350303931,0 2.05785887,41.17023086,0 2.0577846286616697,41.16912269054945,0 2.0577103898823395,41.16801452072312,0 2.0576361536618397,41.16690635054923,0 2.05756192,41.16579818,0
                </coordinates>
            </LineString>
        </Placemark>
        

        <Placemark>
            <name>Route VLG6ZP</name>
            <Style>
                <LineStyle>
                    <color>ff00a5ff</color> <!-- naranja -->
                    <width>2</width>
                </LineStyle>
            </Style>
            <LineString>
                <tessellate>1</tessellate>
                <coordinates>
                    2.09670446,41.28990555,0 2.0960261358159316,41.28968860852361,0 2.095347816087875,41.289471663022184,0 2.094669500815881,41.28925471352356,0 2.09399119,41.28903776,0 2.093256503822457,41.288777829567984,0 2.09252182342991,41.288517894414646,0 2.091787148822409,41.28825795456789,0 2.09105248,41.28799801,0 2.0901840318497413,41.28772798235306,0 2.0893155907995795,41.287457948128036,0 2.0884471568496283,41.287187907352916,0 2.08757873,41.28691786,0 2.086668656080801,41.28658132333508,0 2.0857585914410186,41.286244779437375,0 2.084848536080727,41.28590822833488,0 2.08393849,41.28557167,0 2.0830487902315484,41.28526815534785,0 2.0821590986420007,41.284964633787766,0 2.0812694152314526,41.2846611053477,0 2.08037974,41.28435757,0 2.0795303837274726,41.28406545443372,0 2.0786810349699087,41.28377333256892,0 2.077831693727391,41.28348120443359,0 2.07698236,41.28318907,0 2.076078098936792,41.28285900569528,0 2.0751738469156704,41.28252893425096,0 2.0742696039367137,41.2821988556951,0 2.07336537,41.28186877,0 2.0725610368609053,41.28150954598943,0 2.0717567124812133,41.281150316309855,0 2.070952396860914,41.28079108098927,0 2.07014809,41.28043184,0 2.0694816647296195,41.27992871841327,0 2.0688152496396306,41.279425592874965,0 2.068148844729826,41.27892246341311,0 2.06748245,41.27841933,0 2.0669532343734516,41.27777186385178,0 2.06642402916484,41.27712439512633,0 2.065894834373808,41.27647692385162,0 2.06536565,41.27582945,0 2.065003034175,41.275175701919004,0 2.064640425566846,41.274521952549335,0 2.0642778241752686,41.27386820191893,0 2.06391523,41.27321445,0 2.0636351106707944,41.27248625626789,0 2.0633549975612366,41.27175806168117,0 2.0630748906710608,41.2710298662678,0 2.06279479,41.27030167,0 2.062534605810341,41.26952990115264,0 2.0622744277473077,41.26875813152749,0 2.0620142558106207,41.26798636115254,0 2.06175409,41.26721459,0 2.0614860328178053,41.26642523121761,0 2.0612179820906085,41.26563587161412,0 2.0609499378181066,41.26484651121752,0 2.0606819,41.26405715,0 2.060426700581137,41.263250831139715,0 2.0601715074417166,41.262444511510246,0 2.0599163205814373,41.26163819113958,0 2.05966114,41.26083187,0 2.059412467927674,41.25999117861843,0 2.0591638022371117,41.25915048648187,0 2.0589151429279933,41.25830979361832,0 2.05866649,41.2574691,0 2.0584373059936016,41.25661135600699,0 2.0582081279916733,41.25575361133328,0 2.057978955993909,41.25489586600688,0 2.05774979,41.25403812,0 2.0575299987024276,41.25316474846155,0 2.0573102132701075,41.25229137627269,0 2.057090433702734,41.25141800346142,0 2.05687066,41.25054463,0 2.0566289671941282,41.249613916134145,0 2.056387281259092,41.24868320150281,0 2.0561456021945093,41.24775248613401,0 2.05590393,41.24682177,0 2.055648178853585,41.24587013874063,0 2.055392435138394,41.24491850664475,0 2.0551366988540063,41.243966873740455,0 2.05488097,41.24301524,0 2.0546039199026436,41.242022043920294,0 2.054326878203856,41.241028846884305,0 2.0540498449031404,41.2400356489201,0 2.05377282,41.23904245,0 2.0535035803223525,41.23805453135926,0 2.0532343487634557,41.23706661180292,0 2.0529651253228307,41.23607869135907,0 2.05269591,41.23509077,0 2.0524125543559246,41.23407727148061,0 2.0521292074749184,41.23306377196471,0 2.0518458693564536,41.23205027148041,0 2.05156254,41.23103677,0 2.0512657683769455,41.22999674410283,0 2.050969006169649,41.228956717127645,0 2.0506722533775275,41.22791668910261,0 2.05037551,41.22687666,0 2.050050371470625,41.225798716864226,0 2.049725243627957,41.22472077247616,0 2.0494001264713098,41.22364282686398,0 2.04907502,41.22256488,0 2.048754579258766,41.22149072932008,0 2.048434149012134,41.22041657741729,0 2.0481137292594354,41.21934242431982,0 2.04779332,41.21826827,0 2.047472861835514,41.21719924431479,0 2.0471524141144606,41.21613021741022,0 2.046831976836177,41.21506118931452,0 2.04651155,41.21399216,0 2.0461600693874287,41.21286474463614,0 2.0458086008504432,41.21173732783868,0 2.045457144388236,41.21060990963585,0 2.0451057,41.20948249,0 2.0447855691689054,41.20840078681999,0 2.0444654488923257,41.20731908241717,0 2.0441453391695834,41.206237376819736,0 2.04382524,41.20515567,0 2.0434777524392453,41.204049699578505,0 2.0431302765861727,41.20294372776182,0 2.0427828124400134,41.20183775457821,0 2.04243536,41.20073178,0 2.042014756121674,41.199618172819015,0 2.041594166496188,41.19850456374916,0 2.0411735911226074,41.1973909528187,0 2.04075303,41.19627734,0 2.0400034682233774,41.195272670249,0 2.0392539292986633,41.19426799532232,0 2.0385044132246177,41.193263315248466,0 2.03775492,41.19225863,0 2.037005195188356,41.19123842776333,0 2.0362554935853305,41.19021822034142,0 2.03550581518964,41.18919800776279,0 2.03475616,41.18817779,0 2.0338105113948,41.18727981199027,0 2.0328648885271345,41.186381825977286,0 2.0319192913959014,41.18548383198964,0 2.03097372,41.18458583,0 2.0298825015954045,41.18376073579192,0 2.0287913104611435,41.18293563104607,0 2.02770014659631,41.182110515791194,0 2.02660901,41.18128539,0 2.0254224197005954,41.18053743856205,0 2.0242358562678815,41.17978947473956,0 2.0230493197012267,41.17904149856131,0 2.02186281,41.17829351,0 2.020633549710681,41.177571524883554,0 2.019404316281257,41.17684952650155,0 2.018175109711204,41.17612751488279,0 2.01694593,41.17540549,0 2.0157040524236858,41.174694527780524,0 2.014462201565234,41.173983552030855,0 2.013220377424165,41.17327256277976,0 2.01197858,41.17256156,0 2.0107456968973993,41.17183600999926,0 2.0095128408635543,41.17111044665582,0 2.008280011897932,41.170384869998486,0 2.00704721,41.16965928,0
                </coordinates>
            </LineString>
        </Placemark>
        

        <Placemark>
            <name>Route VLG8VX</name>
            <Style>
                <LineStyle>
                    <color>ff00a5ff</color> <!-- naranja -->
                    <width>2</width>
                </LineStyle>
            </Style>
            <LineString>
                <tessellate>1</tessellate>
                <coordinates>
                    2.0951702,41.28939976,0 2.094474728054048,41.28917986632993,0 2.093779260738694,41.288959968430575,0 2.0930837980539923,41.28874006632986,0 2.09238834,41.28852016,0 2.0916164327197877,41.28824134780097,0 2.090844531959683,41.287962530391944,0 2.090072637719737,41.28768370780085,0 2.08930075,41.28740488,0 2.0884232451861684,41.28709605007027,0 2.087545748581502,41.28678721341765,0 2.0866682601860855,41.28647837007012,0 2.08579078,41.28616952,0 2.084879249067955,41.28584523086514,0 2.0839677270905477,41.285520934477454,0 2.083056214067866,41.28519663086495,0 2.08214471,41.28487232,0 2.0811597647966815,41.28453258267687,0 2.0801748297288243,41.28419283689309,0 2.0791899047965554,41.28385308267667,0 2.07820499,41.28351332,0 2.077279484016001,41.28319265369654,0 2.0763539870212653,41.282871979919314,0 2.075428499015898,41.28255129869635,0 2.07450302,41.28223061,0 2.073580800994874,41.28189641612213,0 2.072658591326442,41.28156221482012,0 2.071736390994789,41.281228006121964,0 2.0708142,41.28089379,0 2.069895192750322,41.28054066855188,0 2.0689761953337222,41.280187539726406,0 2.0680572077502606,41.27983440355169,0 2.06713823,41.27948126,0 2.0663681828312437,41.278991462840764,0 2.0655981471084446,41.278501660444924,0 2.0648281228314227,41.27801185284056,0 2.06405811,41.27752204,0 2.0634988764508435,41.27689257426687,0 2.062939653601356,41.276263105679746,0 2.06238044145119,41.2756336342667,0 2.06182124,41.27500416,0 2.061309327518621,41.2743624236134,0 2.060797425025055,41.27372068480848,0 2.060285532518962,41.27307894361324,0 2.05977365,41.2724372,0 2.0594813044516687,41.27164837639607,0 2.059188965935776,41.27085955185207,0 2.0588966344519957,41.27007072639596,0 2.05860431,41.2692819,0 2.058419028587259,41.268527160704146,0 2.0582337514498072,41.26777242092952,0 2.058048478587452,41.26701768070407,0 2.05786321,41.26626294,0 2.057744230474746,41.26543786048082,0 2.0576252539664277,41.26461278063175,0 2.0575062804748954,41.26378770048074,0 2.05738731,41.26296262,0 2.0573392455949655,41.26211900033312,0 2.0572911824599966,41.26127538043482,0 2.0572431205950297,41.26043176033305,0 2.05719506,41.25958814,0 2.05716554376424,41.25871553533147,0 2.0571360283523488,41.25784293043259,0 2.057106513764283,41.25697032533136,0 2.057077,41.25609772,0 2.057091450510776,41.255224517819016,0 2.057105900681022,41.254351315415995,0 2.0571203505107576,41.253478112818904,0 2.0571348,41.25260491,0 2.057140975188767,41.25167903285274,0 2.057147150251684,41.25075315546094,0 2.0571533251887595,41.24982727785263,0 2.0571595,41.2489014,0 2.0572053118587603,41.247975540375236,0 2.0572511224783,41.24704968049094,0 2.05729693185869,41.24612382037513,0 2.05734274,41.24519796,0 2.057369023584314,41.244225357891345,0 2.057395306445723,41.243252755512394,0 2.0574215885842704,41.24228015289119,0 2.05744787,41.24130755,0 2.057474533622732,41.240314230405986,0 2.057501196496945,41.239320910531916,0 2.057527858622686,41.23832759040585,0 2.05755452,41.23733427,0 2.057591969117455,41.236336092916645,0 2.0576294171565626,41.23533791554613,0 2.057666864117389,41.2343397379165,0 2.05770431,41.23334156,0 2.0577264159504116,41.23230769543242,0 2.057748521267188,41.23127383056715,0 2.057770625950371,41.23023996543226,0 2.05779273,41.2292061,0 2.0578017853367676,41.228171570427946,0 2.0578108404490134,41.22713704056118,0 2.0578198953367526,41.226102510427786,0 2.05782895,41.22506798,0 2.057831935051591,41.224046335416716,0 2.0578349200687858,41.223024690546225,0 2.057837905051588,41.222003045416564,0 2.05784089,41.2209814,0 2.0578389231519254,41.219633633811604,0 2.0578369564852634,41.21828586714479,0 2.05783499,41.2169381,0 2.0578236668878915,41.21591783541669,0 2.0578123441838714,41.214897570546164,0 2.0578010218879155,41.21387730541654,0 2.0577897,41.21285704,0 2.0577796744505523,41.211840620412346,0 2.0577696492674176,41.21082420054036,0 2.057759624450574,41.209807780412184,0 2.0577496,41.20879136,0 2.0577373793544145,41.20778214540682,0 2.0577251591392365,41.206772930533006,0 2.0577129393544404,41.20576371540666,0 2.05770072,41.2047545,0 2.0577625052499933,41.20374508044646,0 2.0578242886665823,41.20273566058587,0 2.0578860702498805,41.201726240446305,0 2.05794785,41.20071682,0 2.058224160005171,41.19971463135996,0 2.0585004616732285,41.198712441803835,0 2.0587767550046716,41.19771025135977,0 2.05905304,41.19670806,0 2.059632598526247,41.19571736718667,0 2.060212139701013,41.1947266712393,0 2.060791663525273,41.19373597218629,0 2.06137117,41.19274527,0 2.0620381813346738,41.191874998516354,0 2.0627051751123497,41.19100472301225,0 2.063372151333851,41.190134443516,0 2.06403911,41.18926416,0 2.064857195144554,41.18845255638,0 2.0656752601922066,41.18764094683037,0 2.066493305143756,41.186829331379556,0 2.06731133,41.18601771,0 2.0682469064323414,41.18527813900691,0 2.069182461909353,41.1845385603329,0 2.070117996431688,41.183798974006436,0 2.07105351,41.18305938,0 2.0720485612816475,41.18236755547027,0 2.073043591708509,41.181675722284034,0 2.074038601281116,41.18098388046979,0 2.07503359,41.18029203,0 2.0760356329268776,41.17962384314072,0 2.0770376555688563,41.178955647511316,0 2.078039657926406,41.17828744314025,0 2.07904164,41.17761923,0 2.0800490578066753,41.17695722077727,0 2.0810564554085973,41.17629520269335,0 2.08206383280622,41.175633175776774,0 2.08307119,41.17497114,0 2.0840627485047003,41.17428289287663,0 2.0850542863392514,41.1735946371592,0 2.0860458035041773,41.17290637287615,0 2.0870373,41.1722181,0 2.088044140008298,41.17156216575841,0 2.08905096001077,41.17090622266823,0 2.0900577600078574,41.17025027075793,0 2.09106454,41.16959431,0 2.092073122417828,41.16894145580191,0 2.093081684890149,41.168288592726235,0 2.0940902274173956,41.167635720801435,0 2.09509875,41.16698284,0 2.0961596366625317,41.1663260297024,0 2.0972205022164254,41.165669209593524,0 2.0982813466621066,41.165012379701885,0 2.09934217,41.16435554,0 2.1004793880164065,41.16371677936552,0 2.1016165840216487,41.16307800747765,0 2.1027537580160662,41.16243922436497,0 2.10389091,41.16180043,0 2.105101203789894,41.161186354076094,0 2.1063114750530443,41.160572265425046,0 2.107521723789673,41.15995816407548,0 2.10873195,41.15934405,0 2.110019967208898,41.15870867659424,0 2.111307959611723,41.1580732887825,0 2.1125959272086865,41.15743788659351,0 2.11388387,41.15680247,0 2.1152077440481607,41.156195415296644,0 2.1165315937308216,41.15558834538571,0 2.1178554190480714,41.154981260295926,0 2.11917922,41.15437416,0 2.120535521314562,41.15374482142677,0 2.1218917967526703,41.1531154668925,0 2.123248046314443,41.152486096425996,0 2.12460427,41.15185671,0 2.1259912010879645,41.151205165019604,0 2.1273781047838503,41.15055360334955,0 2.128764981087811,41.14990202501875,0 2.13015183,41.14925043,0 2.1315613825605353,41.148625483329276,0 2.1329709084140225,41.14800051942913,0 2.1343804075604984,41.147375538328426,0 2.13578988,41.14675054,0 2.137233292973557,41.14605754959857,0 2.1386766756312583,41.14536454112143,0 2.1401200279733303,41.144671514597576,0 2.14156335,41.14397847,0
                </coordinates>
            </LineString>
        </Placemark>
        

        <Placemark>
            <name>Route IBE04GZ</name>
            <Style>
                <LineStyle>
                    <color>ff00a5ff</color> <!-- naranja -->
                    <width>2</width>
                </LineStyle>
            </Style>
            <LineString>
                <tessellate>1</tessellate>
                <coordinates>
                    2.09633295,41.2898741,0 2.095725608960708,41.289655282339915,0 2.0951182719475936,41.28943646144391,0 2.094510938960683,41.289217637339874,0 2.09390361,41.28899881,0 2.0931582020785626,41.28876482726694,0 2.0924127994380366,41.288530839679915,0 2.0916674020784924,41.28829684726686,0 2.09092201,41.28806285,0 2.0900921482877832,41.287752319015375,0 2.0892622943836754,41.287441782011136,0 2.08843244828773,41.28713123901523,0 2.08760261,41.28682069,0 2.086746983841982,41.28653363707123,0 2.085891365122582,41.28624657775226,0 2.085035753841892,41.285959512071095,0 2.08418015,41.28567244,0 2.083228228258418,41.2853431593434,0 2.082276316011149,41.28501387078179,0 2.0813244132583053,41.284684574343196,0 2.08037252,41.28435527,0 2.0794151971869024,41.28400328948509,0 2.078457884582477,41.28365130097068,0 2.077500582186813,41.28329930448486,0 2.07654329,41.2829473,0 2.0756742276730087,41.282635149879276,0 2.074805173563962,41.282322993162985,0 2.0739361276729342,41.28201082987912,0 2.07306709,41.28169866,0 2.0721853612804946,41.28135633017705,0 2.071303641707292,41.281013993559995,0 2.0704219312804444,41.28067165017686,0 2.06954023,41.2803293,0 2.068704185558053,41.27994944417188,0 2.067868150744082,41.27956958221978,0 2.06703212555807,41.2791897141717,0 2.06619611,41.27880984,0 2.065494212339192,41.27825740656693,0 2.064792326452438,41.27770496874649,0 2.064090452339465,41.27715252656673,0 2.06338859,41.27660008,0 2.0628592723576302,41.27597269634181,0 2.0623299648103943,41.275345310113046,0 2.061800667357961,41.2747179213417,0 2.06127138,41.27409053,0 2.060814411285185,41.273432690428834,0 2.060357451713801,41.27277484889573,0 2.059900501285516,41.2721170054287,0 2.05944356,41.27145916,0 2.059150373002486,41.27075054385411,0 2.058857192336823,41.27004192679612,0 2.0585640180027487,41.269333308854,0 2.05827085,41.26862469,0 2.0580531997753266,41.26784997838749,0 2.0578355547005938,41.26707526617398,0 2.057617914775564,41.26630055338741,0 2.05740028,41.26552584,0 2.0572771381038506,41.26475046296314,0 2.057153999138558,41.26397508560816,0 2.057030863103987,41.263199707963054,0 2.05690773,41.26242433,0 2.056846552669894,41.26160750533552,0 2.056785376893243,41.26079068043803,0 2.0567242026699706,41.25997385533544,0 2.05666303,41.25915703,0 2.056562613437295,41.25828199295825,0 2.0564621995831547,41.25740695560164,0 2.056361788437438,41.25653191795815,0 2.05626138,41.25565688,0 2.0561841218115156,41.254768655411326,0 2.056106865748763,41.25388043053907,0 2.056029611811629,41.252992205411225,0 2.05595236,41.25210398,0 2.0559091831490273,41.25119671036766,0 2.0558660075320807,41.250289440480834,0 2.055822833149094,41.24938217036753,0 2.05577966,41.2484749,0 2.0557331703800634,41.24750931791262,0 2.0556866821734725,41.24654373554078,0 2.0556401953801453,41.245578152912486,0 2.05559371,41.24461257,0 2.0555816343794984,41.243629215395636,0 2.0555695591726804,41.24264586051811,0 2.055557484379522,41.24166250539549,0 2.05554541,41.24067915,0 2.055546644971944,41.239667440412916,0 2.055547879962592,41.23865573054116,0 2.055549114971944,41.23764402041277,0 2.05555035,41.23663231,0 2.0557106902109874,41.235194554086014,0 2.0558710235441207,41.23375679741919,0 2.05603135,41.23231904,0 2.0559867202245083,41.23124521798989,0 2.055942091966076,41.230171395643744,0 2.0558974652246063,41.229097572989694,0 2.05585284,41.22802375,0 2.0559043100385668,41.226894083033145,0 2.0559557783846776,41.225764415701406,0 2.0560072450384497,41.22463474803291,0 2.05605871,41.22350508,0 2.056121753203274,41.22234908306999,0 2.0561847942709317,41.22119308575052,0 2.0562478332031238,41.220037088069745,0 2.05631087,41.21888109,0 2.056369002995322,41.21770442307918,0 2.0564271339936666,41.21652775576276,0 2.056485262995179,41.21535108807893,0 2.05654339,41.21417442,0 2.0565965253197844,41.21295611810772,0 2.0566496587596195,41.21173781580079,0 2.0567027903196444,41.21051951310744,0 2.05675592,41.20930121,0 2.0568102854376247,41.20806078812757,0 2.0568646489167337,41.206820365827234,0 2.056919010437476,41.20557994312727,0 2.05697337,41.20433952,0 2.0570210375686835,41.20309442062199,0 2.0570687034248243,41.2018493208198,0 2.057116367568553,41.2006042206217,0 2.05716403,41.19935912,0 2.057202834553841,41.198122305603825,0 2.0572416377383846,41.19688549079559,0 2.0572804395537365,41.195648675603536,0 2.05731924,41.19441186,0 2.057332758148718,41.19313457562502,0 2.0573462758649343,41.19185729082382,0 2.057359793148683,41.19058000562472,0 2.05737331,41.18930272,0 2.057385133042879,41.188047983102,0 2.057396955723819,41.186793245793154,0 2.0574087780428494,41.18553850810171,0 2.0574206,41.18428377,0 2.0573135060701264,41.18299065329714,0 2.057206416427057,41.1816975360533,0 2.0570993310704595,41.180404418296796,0 2.05699225,41.1791113,0 2.0565104001530994,41.177867213655205,0 2.0560285685383533,41.17662312486397,0 2.0555467551544306,41.17537903365475,0 2.05506496,41.17413494,0 2.0546396113030534,41.172914205460394,0 2.05421427840483,41.17169346893757,0 2.0537889613041913,41.17047273045998,0 2.05336366,41.16925199,0 2.0526675831098844,41.16808776187362,0 2.051971530814254,41.166923529155085,0 2.051275503111496,41.16575929187301,0 2.0505795,41.16459505,0 2.049749140980728,41.163495621986264,0 2.0489188096420623,41.16239618763856,0 2.048088505982366,41.16129674698556,0 2.04725823,41.1601973,0 2.046129523173903,41.15918644451695,0 2.0450008508996085,41.15817557767927,0 2.04387221317551,41.15716469951596,0 2.04274361,41.15615381,0 2.0416506972468538,41.15519174594155,0 2.0405578163300677,41.15422967124546,0 2.039464967248248,41.153267585940675,0 2.03837215,41.15230549,0 2.037219289479715,41.15143566512112,0 2.036066459306993,41.15056582848493,0 2.0349136594807744,41.149695980120285,0 2.03376089,41.14882612,0 2.0322967430720444,41.148081605618934,0 2.0308326290963166,41.147337072481825,0 2.0293685480724304,41.146592520617844,0 2.0279045,41.14584795,0 2.0263676506674826,41.145247170863726,0 2.02483082922314,41.14464637114164,0 2.0232940356672278,41.14404555086275,0 2.02175727,41.14344471,0 2.020166886857019,41.1429842829646,0 2.0185765258088324,41.142523833942946,0 2.0169861868562298,41.14206336296384,0 2.01539587,41.14160287,0 2.013737467777929,41.141206613303645,0 2.0120790853698276,41.14081033272835,0 2.0104207227768125,41.140414028302914,0 2.00876238,41.1400177,0 2.0070821741080396,41.13957846176591,0 2.0054019904766767,41.13913919901133,0 2.0037218291069756,41.138699911765116,0 2.00204169,41.1382606,0 2.0003934107156174,41.137834400380044,0 1.9987451526201454,41.137408177163536,0 1.997096915714601,41.13698193037929,0 1.9954487,41.13655566,0 1.9937782572750617,41.13612268383658,0 1.992107836366045,41.1356896834389,0 1.9904374372740061,41.135256658835786,0 1.98876706,41.13482361,0
                </coordinates>
            </LineString>
        </Placemark>
        

        <Placemark>
            <name>Route NSZ5528</name>
            <Style>
                <LineStyle>
                    <color>ff00a5ff</color> <!-- naranja -->
                    <width>2</width>
                </LineStyle>
            </Style>
            <LineString>
                <tessellate>1</tessellate>
                <coordinates>
                    2.09614733,41.28964946,0 2.0954924735385463,41.289432260617744,0 2.0948376213847006,41.28921505748099,0 2.0941827735385043,41.28899785061768,0 2.09352793,41.28878064,0 2.0929480626918515,41.28857263187621,0 2.092368199037755,41.28836462080035,0 2.0917883390377328,41.288156606800314,0 2.0912084826918065,41.287948589876116,0 2.09062863,41.28774057,0 2.089814299694392,41.287462023673996,0 2.088999976259141,41.287183471555984,0 2.0881856596943194,41.28690491367389,0 2.08737135,41.28662635,0 2.0864889874695494,41.286313822682324,0 2.085606633292678,41.286001288567036,0 2.084724287469468,41.28568874768215,0 2.08384195,41.2853762,0 2.0829083514154414,41.285055933891954,0 2.081974761887183,41.28473566017989,0 2.081041181415333,41.28441537889179,0 2.08010761,41.28409509,0 2.079104212002091,41.2837551131529,0 2.078100824336027,41.28341512752775,0 2.0770974470019503,41.283075133152664,0 2.07609408,41.28273513,0 2.075128770486481,41.282404197176454,0 2.0741634706485605,41.28207325622586,0 2.0731981804863597,41.281742307176245,0 2.0722329,41.28141135,0 2.0712395583084433,41.281041602902825,0 2.070246227744528,41.28067184719432,0 2.0692529083083495,41.28030208290258,0 2.0682596,41.27993231,0 2.0673384009074636,41.27947667114511,0 2.0664172145433364,41.279021024850685,0 2.0654960409075414,41.27856537114484,0 2.06457488,41.27810971,0 2.063827903142143,41.27746739746327,0 2.0630809408564716,41.27682507994156,0 2.062333993142564,41.276182757463005,0 2.06158706,41.27554043,0 2.0608072817270044,41.274955415582454,0 2.060027517302889,41.274370395767136,0 2.059247766727329,41.27378537058218,0 2.05846803,41.27320034,0 2.057817033349782,41.27255479821948,0 2.0571660494666437,41.27190925261653,0 2.0565150783501838,41.27126370321925,0 2.05586412,41.27061815,0 2.0554268860766567,41.26979553029844,0 2.054989663102553,41.26897290872183,0 2.0545524510771727,41.268150285298255,0 2.05411525,41.26732766,0 2.0537077404230644,41.26654425994455,0 2.0533002405643765,41.26576085825001,0 2.0528927504235006,41.264977454944415,0 2.05248527,41.26419405,0 2.0522250072746795,41.26333584120771,0 2.051964751366471,41.262477631600895,0 2.051704502275027,41.26161942120756,0 2.05144426,41.26076121,0 2.051231858606987,41.25984823844811,0 2.051019463142865,41.25893526625477,0 2.050807073607311,41.258022293447965,0 2.05059469,41.25710932,0 2.050389996194894,41.25617171592286,0 2.0501853082600787,41.25523411122108,0 2.0499806261952243,41.254296505922696,0 2.04977595,41.2533589,0 2.0495867717511893,41.25240914585044,0 2.0493975990017947,41.25145939112452,0 2.0492084317515027,41.25050963585028,0 2.04901927,41.24955988,0 2.0487570358774523,41.248215714432796,0 2.048494812544409,41.246871547765984,0 2.0482326,41.24552738,0 2.048050153933434,41.24450546837064,0 2.047867713578145,41.243483556151425,0 2.047685278933784,41.24246164337045,0 2.04750285,41.24143973,0 2.047311653212712,41.24038228094126,0 2.0471204626172117,41.23932483124556,0 2.0469292782131054,41.23826738094106,0 2.0467381,41.23720993,0 2.046563469065453,41.236159253354536,0 2.046388843754174,41.23510857612994,0 2.046214224065808,41.23405789835434,0 2.04603961,41.23300722,0 2.0458381049851386,41.231924678513096,0 2.04563660664714,41.230842136341344,0 2.045435114985572,41.22975959351288,0 2.04523363,41.22867705,0 2.0450367126008437,41.227582308497894,0 2.044839801801414,41.226487566321055,0 2.0446428976012774,41.22539282349763,0 2.044446,41.22429808,0 2.044269166130505,41.223206850894414,0 2.044092338174264,41.222115621183114,0 2.043915516130892,41.22102439089422,0 2.0437387,41.21993316,0 2.0435518655815925,41.21883569844654,0 2.0433650374423995,41.21773823625258,0 2.0431782155820066,41.21664077344631,0 2.0429914,41.21554331,0 2.042815171136468,41.214448855891845,0 2.042638948182216,41.213354401179664,0 2.0424627311368564,41.21225994589162,0 2.04228652,41.21116549,0 2.0421102586880524,41.21007739088555,0 2.0419340032509927,41.20898929117127,0 2.041757753688436,41.207901190885345,0 2.04158151,41.20681309,0 2.04138127979911,41.205702888522,0 2.0411810563991155,41.20459268635317,0 2.0409808397995635,41.203482483521746,0 2.04078063,41.20237228,0 2.040560406409648,41.20127362862208,0 2.0403401902131884,41.200174976486636,0 2.0401199814101343,41.19907632362186,0 2.03989978,41.19797767,0 2.039477894512605,41.19691336029093,0 2.039056022684042,41.19584904871169,0 2.0386341645134576,41.19478473529061,0 2.03821232,41.19372042,0 2.0376035487685242,41.19268424778138,0 2.0369947966921127,41.19164807203224,0 2.0363860637696445,41.190611892780964,0 2.03577735,41.18957571,0 2.0350782042050315,41.188607911766624,0 2.0343790789407628,41.18764010901253,0 2.033679974206113,41.18667230176617,0 2.03298089,41.18570449,0 2.0320420629602767,41.18483654930065,0 2.0311032606143726,41.183968600724484,0 2.0301644829612826,41.18310064430006,0 2.02922573,41.18223268,0 2.028129569040873,41.18146023089636,0 2.0270334337216553,41.18068777118537,0 2.02593732404161,41.1799153008957,0 2.02484124,41.17914282,0 2.0236550090037424,41.17842800102959,0 2.022468803672007,41.177713169696304,0 2.021282624004268,41.17699832602888,0 2.02009647,41.17628347,0 2.0189044644514187,41.175580303699746,0 2.0177124842688827,41.1748771249232,0 2.0165205294519053,41.17417393369905,0 2.0153286,41.17347073,0 2.014121861195793,41.17276230166097,0 2.0129151482613867,41.17205386053812,0 2.011708461196287,41.17134540666025,0 2.0105018,41.17063694,0 2.009281620428923,41.16992241958729,0 2.0080614672389,41.16920788610655,0 2.0068413404294274,41.16849333958652,0 2.00562124,41.16777878,0 2.0044164779911697,41.16710186407805,0 2.0032117406551584,41.166424935427614,0 2.0020070279915676,41.16574799407738,0 2.00080234,41.16507104,0 1.9995659720974306,41.16439541507835,0 1.9983296294634885,41.163719776761326,0 1.9970933120978025,41.16304412507765,0 1.99585702,41.16236846,0 1.9946158588663805,41.16168244273758,0 1.993374723488774,41.160996411973606,0 1.9921336138667807,41.16031036773684,0 1.99089253,41.15962431,0
                </coordinates>
            </LineString>
        </Placemark>
        

        <Placemark>
            <name>Route VLG5WG</name>
            <Style>
                <LineStyle>
                    <color>ff00a5ff</color> <!-- naranja -->
                    <width>2</width>
                </LineStyle>
            </Style>
            <LineString>
                <tessellate>1</tessellate>
                <coordinates>
                    2.09673608,41.28996619,0 2.096125818763696,41.28974133488749,0 2.0955155616849126,41.28951647650733,0 2.094905308763673,41.28929161488743,0 2.09429506,41.28906675,0 2.093562272425276,41.28883914452328,0 2.0928294899003226,41.288611534355034,0 2.092096712425208,41.28838391952319,0 2.09136394,41.2881563,0 2.0905691143340603,41.287861035771876,0 2.089774295778715,41.2875657660198,0 2.088979484334012,41.28727049077176,0 2.08818468,41.28697521,0 2.087324011188556,41.28668591718426,0 2.086463349918014,41.28639661790298,0 2.0856026961884653,41.28610731218412,0 2.08474205,41.285818,0 2.0838596207691844,41.28552536267727,0 2.082977199358845,41.285232718560295,0 2.082094785769083,41.284940067677105,0 2.08121238,41.28464741,0 2.080346978846977,41.28436369728813,0 2.079481585129236,41.284079978041476,0 2.078616198846878,41.28379625228799,0 2.07775082,41.28351252,0 2.076933029466859,41.28322903624811,0 2.076115245955765,41.282945546654794,0 2.0752974694667885,41.282662051248,0 2.0744797,41.28237855,0 2.0736617570262563,41.28202969877241,0 2.0728438227016692,41.281680841687155,0 2.0720258970262475,41.281331978772236,0 2.07120798,41.28098311,0 2.0705221054859058,41.28051833123825,0 2.06983624064798,41.28005354830829,0 2.0691503854860644,41.279588761238095,0 2.06846454,41.27912397,0 2.067934768582359,41.27854772132237,0 2.0674050064433263,41.27797147008711,0 2.0668752535826305,41.277395216322226,0 2.06634551,41.27681896,0 2.065929517850801,41.27617902495364,0 2.0655135338012607,41.275539088262185,0 2.06509755785109,41.274899149953534,0 2.06468159,41.27425921,0 2.064413983953395,41.27356094866118,0 2.064146383604682,41.272862686538886,0 2.0638787889536285,41.27216442366109,0 2.0636112,41.27146616,0 2.0633700195208813,41.270743330998776,0 2.0631288443613265,41.270020501322364,0 2.0628876745211087,41.269297670998704,0 2.06264651,41.26857484,0 2.0623741878640054,41.26780142873808,0 2.0621018721522026,41.26702801664142,0 2.061829562864299,41.26625460373797,0 2.06155726,41.26548119,0 2.0613034610648713,41.26471190860742,0 2.061049668086676,41.2639426264672,0 2.0607958810651428,41.26317334360732,0 2.0605421,41.26240406,0 2.0602869331599427,41.26160431113505,0 2.0600317725467874,41.260804561504045,0 2.0597766181602384,41.260004811134955,0 2.05952147,41.25920506,0 2.0592894965014636,41.25840501848656,0 2.0590575286687978,41.257604976306055,0 2.058825566501733,41.25680493348647,0 2.05859361,41.25600489,0 2.0583354423606455,41.255146936192325,0 2.058077281481091,41.25428898158036,0 2.0578191273609905,41.25343102619218,0 2.05756098,41.25257307,0 2.0573114325261312,41.25170016614442,0 2.0570618917017387,41.25082726151651,0 2.0568123575264767,41.24995435614429,0 2.05656283,41.24908145,0 2.056290721163275,41.24817117132434,0 2.056018619884639,41.24726089175638,0 2.055746526163684,41.24635061132419,0 2.05547444,41.24544033,0 2.055210356285051,41.244512656279646,0 2.0549462800470097,41.24358498169676,0 2.054682211285464,41.24265730627947,0 2.05441815,41.24172963,0 2.05414723564537,41.24077368634757,0 2.053876329194126,41.239817741787334,0 2.0536054306458196,41.23886179634737,0 2.05333454,41.23790585,0 2.0530518048307815,41.23692669645006,0 2.0527690781080374,41.23594754192401,0 2.052486359831274,41.2349683864499,0 2.05220365,41.23398923,0 2.051909759010927,41.23298607155205,0 2.0516158770149273,41.231982912059955,0 2.051322004011464,41.23097975155184,0 2.05102814,41.22997659,0 2.0507433671850728,41.22899300896678,0 2.0504586029137633,41.22800942694626,0 2.050173847185573,41.22702584396658,0 2.0498891,41.22604226,0 2.0495873310633197,41.22503250161678,0 2.0492855714181313,41.22402274214626,0 2.0489838210638767,41.22301298161657,0 2.04868208,41.22200322,0 2.04837865102067,41.22099574162718,0 2.048075231361265,41.21998826216011,0 2.0477718210212275,41.21898078162697,0 2.04746842,41.2179733,0 2.0471605781787834,41.21695582416934,0 2.0468527459054293,41.21593834721633,0 2.0465449231793604,41.21492086916911,0 2.04623711,41.21390339,0 2.045907076738551,41.21285848437562,0 2.0455770539851694,41.21181357749137,0 2.0452470417392026,41.21076866937538,0 2.04491704,41.20972376,0 2.0445993800607214,41.20869479425677,0 2.044281730081367,41.20766582733291,0 2.0439640900613294,41.20663685925655,0 2.04364646,41.20560789,0 2.043317924398237,41.204568591856,0 2.0429893991980763,41.203529292465184,0 2.0426608843988774,41.20248999185576,0 2.04233238,41.20145069,0 2.041987416209938,41.20041677199561,0 2.04164246328036,41.19938285265131,0 2.041297521210602,41.198348931995355,0 2.04095259,41.19731501,0 2.0403715733843013,41.196309462327434,0 2.0397905745130744,41.19530391142702,0 2.0392095933853107,41.19429835732708,0 2.03862863,41.1932928,0 2.037923947681347,41.19236301434027,0 2.037219285242459,41.19143322411075,0 2.0365146426823415,41.190503429339856,0 2.03581002,41.18957363,0 2.035062764582943,41.18867887261844,0 2.0343155294445583,41.187784110148314,0 2.033568314583894,41.18688934261802,0 2.03282112,41.18599457,0 2.0318168891484447,41.18520885839652,0 2.0308126821984476,41.1844231378523,0 2.029808499149226,41.183637408395946,0 2.02880434,41.18285167,0 2.0277037161121707,41.18212368349529,0 2.0266031164832956,41.18139568631729,0 2.0255025411127723,41.180667678494636,0 2.02440199,41.17993966,0 2.0232688353900206,41.17926689190504,0 2.022135703853647,41.17859411253031,0 2.0210025953904505,41.17792132190442,0 2.01986951,41.17724852,0 2.0187063369983327,41.17657614279927,0 2.0175431876647187,41.17590375372261,0 2.0163800619987455,41.175231352798654,0 2.01521696,41.17455894,0
                </coordinates>
            </LineString>
        </Placemark>
        

        <Placemark>
            <name>Route VLG45PN</name>
            <Style>
                <LineStyle>
                    <color>ff00a5ff</color> <!-- naranja -->
                    <width>2</width>
                </LineStyle>
            </Style>
            <LineString>
                <tessellate>1</tessellate>
                <coordinates>
                    2.0966938,41.28997817,0 2.0960554732898533,41.28974685284379,0 2.0954171510531188,41.289515532115715,0 2.0947788332898245,41.28928420784371,0 2.09414052,41.28905288,0 2.0934411879604875,41.288831256400165,0 2.0927418606139456,41.28860962852423,0 2.092042537960431,41.288387996400104,0 2.09134322,41.28816636,0 2.0905488725907992,41.28789180325574,0 2.089754531787689,41.287617240998316,0 2.0889601975907337,41.28734267325563,0 2.08816587,41.2870681,0 2.087261619202964,41.286744495693526,0 2.086357377270562,41.28642088424863,0 2.0854531442028788,41.286097265693336,0 2.08454892,41.28577364,0 2.083611548885914,41.285453963983386,0 2.082674186847811,41.28513428030179,0 2.081736833885802,41.28481458898321,0 2.08079949,41.28449489,0 2.079854735367226,41.284154049170866,0 2.0789099904895716,41.28381320055177,0 2.077965255367132,41.28347234417069,0 2.07702053,41.28313148,0 2.076086063364872,41.282798586416945,0 2.075151606153099,41.28246568521316,0 2.0742171583647764,41.282132776416724,0 2.07328272,41.28179986,0 2.0723465903178195,41.281454736461356,0 2.0714104704237046,41.28110960527239,0 2.070474360317737,41.28076446646115,0 2.06953826,41.28041932,0 2.0686515817156965,41.28008964528604,0 2.0677649122875508,41.27975996370531,0 2.0668782517156297,41.279430275285854,0 2.0659916,41.27910058,0 2.06515985617648,41.278669181598744,0 2.0643281232353616,41.27823777712225,0 2.063496401176563,41.277806366598554,0 2.06266469,41.27737495,0 2.061955805612805,41.27685180918053,0 2.0612469324838942,41.27632866389796,0 2.060538070613037,41.27580551418034,0 2.05982922,41.27528236,0 2.059196527078161,41.27466076790107,0 2.0585638461044553,41.274039172192,0 2.0579311770785216,41.27341757290086,0 2.05729852,41.27279597,0 2.056810829002604,41.2720769983415,0 2.056323148670421,41.271358024445945,0 2.055835479003028,41.27063904834133,0 2.05534782,41.26992007,0 2.0550695628538698,41.26916214127116,0 2.054791312138684,41.26840421168552,0 2.0545130678541565,41.26764628127104,0 2.05423483,41.26688835,0 2.0541003949055985,41.2660649855317,0 2.0539659632075766,41.26524162069956,0 2.0538315349057665,41.264418255531595,0 2.05369711,41.26359489,0 2.0536041887456453,41.262722092938056,0 2.053511269994281,41.26184929557471,0 2.0534183537457764,41.26097649793795,0 2.05332544,41.2601037,0 2.0532671226399573,41.25923784786215,0 2.0532088068533314,41.258371995473524,0 2.0531504926400395,41.25750614286206,0 2.05309218,41.25664029,0 2.0530430554029087,41.25573265537637,0 2.0529939322039295,41.25482502049243,0 2.0529448104029853,41.25391738537624,0 2.05289569,41.25300975,0 2.0528524705570947,41.25205968789814,0 2.0528092524095087,41.25110962552147,0 2.0527660355571684,41.250159562898,0 2.05272282,41.2492095,0 2.0527357554795285,41.248271935361416,0 2.052748690639359,41.24733437047251,0 2.05276162547951,41.246396805361286,0 2.05277456,41.24545924,0 2.0527883405341245,41.24448203788946,0 2.052802120712151,41.2435048355099,0 2.0528159005341027,41.24252763288933,0 2.05282968,41.24155043,0 2.0528639014823287,41.24054491792049,0 2.0528981219763978,41.239539405551234,0 2.052932341482268,41.23853389292032,0 2.05296656,41.23752838,0 2.0530205824941716,41.23647644297594,0 2.053074603325491,41.23542450562517,0 2.0531286224940652,41.23437256797577,0 2.05318264,41.23332063,0 2.0532746268688213,41.23225418055436,0 2.0533666108249693,41.231187730729694,0 2.0534585918686328,41.23012128055415,0 2.05355057,41.22905483,0 2.0536408194955413,41.227934460592856,0 2.0537310659939187,41.22681409078103,0 2.0538213094953366,41.22569372059266,0 2.05391155,41.22457335,0 2.054018555290978,41.22346532562253,0 2.0541255570544794,41.2223573008206,0 2.054232555290741,41.22124927562232,0 2.05433955,41.22014125,0 2.0544472979312576,41.21901125314129,0 2.0545550422415118,41.217881255845604,0 2.0546627829310093,41.21675125814108,0 2.05477052,41.21562126,0 2.0548665974060087,41.2144732706254,0 2.054962671541192,41.21332528082438,0 2.05505874240578,41.212177290625135,0 2.05515481,41.2110293,0 2.0552444345199494,41.209893808098734,0 2.0553340560264606,41.20875831578884,0 2.055423674519741,41.207622823098504,0 2.05551329,41.20648733,0 2.0555876313542685,41.205312970599316,0 2.0556619701389023,41.20413861078959,0 2.0557363063540848,41.202964250599045,0 2.05581064,41.20178989,0 2.055883773763313,41.20062381808857,0 2.055956905017632,41.1994577457753,0 2.056030033763135,41.198291673088335,0 2.05610316,41.1971256,0 2.05616820330951,41.19596839306606,0 2.056233244412576,41.19481118574526,0 2.0562982833093546,41.19365397806581,0 2.05636332,41.19249677,0 2.0564156801942657,41.19131567056699,0 2.056468038592268,41.1901345707465,0 2.0565203951941355,41.188953470566744,0 2.05657275,41.18777237,0 2.0566180323330854,41.186581028066115,0 2.056663313110705,41.18538968574532,0 2.056708592332972,41.18419834306585,0 2.05675387,41.183007,0 2.0567995623145876,41.1818371255467,0 2.056845253086043,41.180667250719445,0 2.056890942314477,41.17949737554647,0 2.05693663,41.1783275,0 2.056958498553487,41.177151038032605,0 2.0569803664046145,41.17597457570063,0 2.057002233553435,41.17479811303236,0 2.0570241,41.17362165,0 2.0569963284176915,41.17245662803079,0 2.0569685578903045,41.17129160569821,0 2.056940788417765,41.17012658303056,0 2.05691302,41.16896156,0 2.0568254126050354,41.16776118315582,0 2.056737808473537,41.166560805864904,0 2.05665020760527,41.16536042815554,0 2.05656261,41.16416005,0 2.0564787704430936,41.162992653117165,0 2.056394933924267,41.16182525581338,0 2.0563111004433066,41.160657858116934,0 2.05622727,41.15949046,0 2.056133842374828,41.15830935315046,0 2.0560404181665994,41.15712824585774,0 2.0559469973750706,41.155947138150204,0 2.05585358,41.15476603,0 2.0557727205453924,41.15358391062001,0 2.055691864060664,41.15240179081713,0 2.055611010545603,41.15121967061973,0 2.05553016,41.15003755,0 2.055446532971101,41.14887386560917,0 2.0553629089616083,41.147710180802704,0 2.0552792879713118,41.14654649560892,0 2.05519567,41.14538281,0 2.055112115406319,41.14420175312211,0 2.055028563875237,41.14302069581994,0 2.0549450154065365,41.14183963812182,0 2.05486147,41.14065858,0 2.0547929387070543,41.139476018090534,0 2.054724409942859,41.13829345577788,0 2.054655883707234,41.137110893090295,0 2.05458736,41.13592833,0 2.054507870566572,41.1347317981231,0 2.054428384088904,41.133535265821266,0 2.054348900566784,41.13233873312283,0 2.05426942,41.1311422,0
                </coordinates>
            </LineString>
        </Placemark>
        

        <Placemark>
            <name>Route VLG65MT</name>
            <Style>
                <LineStyle>
                    <color>ff00a5ff</color> <!-- naranja -->
                    <width>2</width>
                </LineStyle>
            </Style>
            <LineString>
                <tessellate>1</tessellate>
                <coordinates>
                    2.0970151,41.29009728,0 2.09640708465026,41.28990356484497,0 2.095799072866989,41.28970984645064,0 2.0951910646502228,41.28951612484492,0 2.09458306,41.2893224,0 2.093895027155696,41.28907152620425,0 2.093206999540905,41.28882064826301,0 2.0925189771556614,41.288569766204176,0 2.09183096,41.28831888,0 2.091041129850581,41.28803609816537,0 2.0902513064674038,41.28775331087779,0 2.0894614898505246,41.28747051816525,0 2.08867168,41.28718772,0 2.087807401104617,41.286897497265365,0 2.0869431298060945,41.28660726801112,0 2.086078866104524,41.28631703226522,0 2.08521461,41.28602679,0 2.084275962768397,41.28568144402354,0 2.0833373253578062,41.2853360903553,0 2.0823986977683124,41.28499072902334,0 2.08146008,41.28464536,0 2.080513393766817,41.284326044210786,0 2.07956671668901,41.284006720605,0 2.0786200487666977,41.28368738921062,0 2.07767339,41.28336805,0 2.0767404332220734,41.283031266381755,0 2.075807485962705,41.28269447516625,0 2.0748745482219833,41.28235767638156,0 2.07394162,41.28202087,0 2.0730363016740454,41.28169693071781,0 2.0721309922320037,41.281372984281006,0 2.07122569167396,41.28104903071763,0 2.0703204,41.28072507,0 2.069414539911098,41.280358648245354,0 2.0685086898814395,41.27999221931771,0 2.0676028499110615,41.27962578324514,0 2.06669702,41.27925934,0 2.0658867933119818,41.27880669614898,0 2.0650765777493882,41.278354046522566,0 2.064266373312101,41.27790139114878,0 2.06345618,41.27744873,0 2.062757464807822,41.276892791510406,0 2.062058761410615,41.27633684867113,0 2.0613600698081,41.275780901510224,0 2.06066139,41.27522495,0 2.0600407372461955,41.27459729270815,0 2.0594200963285045,41.27396963193478,0 2.0587994672465615,41.27334196770796,0 2.05817885,41.2727143,0 2.0577631991958185,41.272013074982986,0 2.057347557261326,41.27131184830129,0 2.0569319241961703,41.27061061998286,0 2.0565163,41.26990939,0 2.0561951612892093,41.269145631610925,0 2.055874030052501,41.268381872138534,0 2.055552906289543,41.26761811161082,0 2.05523179,41.26685435,0 2.0550328277833714,41.26606315329504,0 2.0548338703779803,41.26527195605071,0 2.054634917783599,41.26448075829495,0 2.05443597,41.26368956,0 2.0542205068329458,41.26286244090731,0 2.0540050491107733,41.2620353212004,0 2.0537895968332145,41.26120820090721,0 2.05357415,41.26038108,0 2.053362824433118,41.25954818588733,0 2.0531515042443353,41.25871529117375,0 2.0529401894333854,41.257882395887215,0 2.05272888,41.2570495,0 2.0525006584229226,41.256181376007866,0 2.052272442897439,41.25531325133444,0 2.0520442334232363,41.25444512600773,0 2.05181603,41.253577,0 2.0515961236212243,41.25269597096709,0 2.0513762231618404,41.251814941280074,0 2.0511563286215364,41.25093391096697,0 2.05093644,41.25005288,0 2.050721471002382,41.24913985846057,0 2.050506508003394,41.248226836271364,0 2.050291551002709,41.247313813460416,0 2.0500766,41.24640079,0 2.0498639683303703,41.24546028346646,0 2.049651342774056,41.24451977627921,0 2.0494387233307143,41.24357926846632,0 2.04922611,41.24263876,0 2.0490285963310337,41.24168217089579,0 2.0488310884415992,41.24072558118497,0 2.0486335863313654,41.239768990895634,0 2.04843609,41.2388124,0 2.048225967879107,41.237814185994054,0 2.0480158521723983,41.236815971315984,0 2.0478057428794902,41.235817755993864,0 2.04759564,41.23481954,0 2.0473983608219815,41.23380587093604,0 2.04720108776289,41.232792201238624,0 2.0470038208223533,41.23177853093584,0 2.04680656,41.23076486,0 2.0466053678764635,41.22972260597812,0 2.0464041821688856,41.22868035129473,0 2.0462030028768647,41.22763809597794,0 2.04600183,41.22659584,0 2.045795074856285,41.225526653528725,0 2.045588326475336,41.224457466362175,0 2.045381584856719,41.223388278528496,0 2.04517485,41.22231909,0 2.0449462457115373,41.22119463869923,0 2.0447176492824024,41.220070186589496,0 2.044489060712067,41.21894573369899,0 2.04426048,41.21782128,0 2.0440519292656347,41.21669968857977,0 2.0438433856878335,41.21557809643022,0 2.043634849266116,41.214456503579534,0 2.04342632,41.21333491,0 2.0432222920278535,41.21221651605109,0 2.04301827103745,41.21109812139198,0 2.0428142570283216,41.209979726050854,0 2.04261025,41.20886133,0 2.042394583686549,41.20771776863576,0 2.0421789249157434,41.206574206504854,0 2.0419632736870663,41.205430643635495,0 2.04174763,41.20428708,0 2.041525683448452,41.20315195616339,0 2.0413037445982853,41.2020168315417,0 2.0410818134489763,41.200881706163145,0 2.04085989,41.19974658,0 2.040551153666407,41.19858975428683,0 2.0402424282223763,41.197432927372915,0 2.0399337136671574,41.19627609928652,0 2.03962501,41.19511927,0 2.038954980457293,41.194069081314666,0 2.0382849722772245,41.19301888840992,0 2.0376149854585437,41.19196869131418,0 2.03694502,41.19091849,0 2.0362599734837064,41.18990787654631,0 2.0355749479790557,41.18889725871877,0 2.034889943484877,41.18788663654584,0 2.03420496,41.18687601,0 2.033247548386985,41.18597733978166,0 2.0322901628500536,41.18507866136578,0 2.0313328033880946,41.18417997478101,0 2.03037547,41.18328128,0 2.029279739663731,41.182470928409785,0 2.0281840362188794,41.181660566203256,0 2.0270883596645883,41.18085019340909,0 2.02599271,41.18003981,0 2.0247496947231434,41.179326020321135,0 2.0235067062978493,41.17861221708499,0 2.0222637447236305,41.177898400320345,0 2.02102081,41.17718457,0 2.0197205023206357,41.17650367969238,0 2.018420221427737,41.175822774579984,0 2.01711996732097,41.17514185469161,0 2.01581974,41.17446092,0 2.0145200277345374,41.17378668216717,0 2.0132203419795927,41.17311242954634,0 2.011920682734851,41.17243816216637,0 2.01062105,41.17176388,0 2.009352491073671,41.17108767112808,0 2.0080839580984597,41.17041144816093,0 2.006815451074019,41.16973521112732,0 2.00554697,41.16905896,0 2.0042553781116252,41.16834429691598,0 2.0029638141491355,41.167629619211425,0 2.0016722781120784,41.16691492691517,0 2.00038077,41.16620022,0 1.9991127211975825,41.16548246613398,0 1.9978446999304316,41.16476469816875,0 1.996576706198065,41.16404691613316,0 1.99530874,41.16332912,0 1.994004708537484,41.16267049479963,0 1.9927007030501518,41.162011854722984,0 1.9913967235377437,41.16135319979886,0 1.99009277,41.16069453,0 1.988672877572951,41.16015188883406,0 1.9872530084304445,41.15960923010226,0 1.9858331625727155,41.15906655383333,0 1.98441334,41.15852386,0 1.9826775831144192,41.15824480665903,0 1.9809418408181731,41.157965727202324,0 1.979206113112841,41.15768662165849,0 1.9774704,41.15740749,0 1.9759492594486352,41.15718114757512,0 1.9744281292641226,41.15695478509059,0 1.9729070094475492,41.156728402574785,0 1.9713859,41.156502,0 1.9696116292949464,41.15655394584314,0 1.9678373557253028,41.15660586444827,0 1.9660630792930087,41.156657755843256,0 1.9642888,41.15670962,0 1.9625916642204484,41.156957829869555,0 1.9608945156262578,41.15720601481704,0 1.9591973542189383,41.157454174870026,0 1.95750018,41.15770231,0 1.955848010738015,41.15811098543788,0 1.9541958209833106,41.158519637241646,0 1.9525436107369514,41.158928265438625,0 1.95089138,41.15933687,0 1.9492472800556742,41.15980545010652,0 1.9476031567403091,41.16027400679987,0 1.9459590100547894,41.16074254010733,0 1.94431484,41.16121105,0
                </coordinates>
            </LineString>
        </Placemark>
        

        <Placemark>
            <name>Route IBE2601</name>
            <Style>
                <LineStyle>
                    <color>ff00a5ff</color> <!-- naranja -->
                    <width>2</width>
                </LineStyle>
            </Style>
            <LineString>
                <tessellate>1</tessellate>
                <coordinates>
                    2.09421915,41.28887681,0 2.093481227409734,41.28865031212098,0 2.0927433098795976,41.288423809485316,0 2.092005397409663,41.28819730212091,0 2.09126749,41.28797079,0 2.0905129411504095,41.2877126474512,0 2.089758398200507,41.2874544999256,0 2.089003861150351,41.28719634745111,0 2.08824933,41.28693819,0 2.087391131111692,41.28664610713005,0 2.0865329398155317,41.286354017830675,0 2.0856747561116054,41.28606192212989,0 2.08481658,41.28576982,0 2.0838693804545665,41.28543187673013,0 2.082922190606023,41.28509392563076,0 2.081975010454468,41.28475596672993,0 2.08102784,41.284418,0 2.0800835162398377,41.28409726415328,0 2.0791392016530392,41.28377652052831,0 2.078194896239721,41.2834557691531,0 2.0772506,41.28313501,0 2.0762769918906154,41.282782197393196,0 2.0753033941874204,41.282429376514834,0 2.074329806890515,41.282076547392975,0 2.07335623,41.28172371,0 2.0723912622625167,41.28137620717363,0 2.071426304683288,41.28102869622207,0 2.070461357262416,41.280681177173406,0 2.06949642,41.28033365,0 2.0685665429339903,41.27998895630954,0 2.0676366755786018,41.279644255069975,0 2.0667068179339116,41.279299546309346,0 2.06577697,41.27895483,0 2.0649569298851103,41.27848280136508,0 2.0641369015135758,41.27801076681065,0 2.063316884885253,41.27753872636485,0 2.06249688,41.27706668,0 2.0618495320943198,41.276459658137604,0 2.0612021961259885,41.27585263250737,0 2.0605548720946634,41.2752456031374,0 2.05990756,41.27463857,0 2.0594537611017385,41.27396734039855,0 2.0589999714692135,41.27329610885536,0 2.058546191102082,41.272624875398435,0 2.05809242,41.27195364,0 2.057771547289447,41.271257206569324,0 2.0574506813861126,41.27056077208308,0 2.057129822289722,41.26986433656922,0 2.05680897,41.2691679,0 2.056598053058619,41.268449308316406,0 2.0563871407449565,41.26773071607923,0 2.0561762330588165,41.267012123316334,0 2.05596533,41.26629353,0 2.055840178235841,41.265552980449215,0 2.0557150293145394,41.26481243058962,0 2.055589883235968,41.264071880449144,0 2.05546474,41.26333133,0 2.055448906915193,41.26258418024521,0 2.0554330742202684,41.26183703031763,0 2.05541724191521,41.261089880245166,0 2.05540141,41.26034273,0 2.0553953297436913,41.25958754024601,0 2.0553892496582606,41.258832350318684,0 2.0553831697436995,41.258077160245946,0 2.05537709,41.25732197,0 2.0553751423847726,41.25656217024756,0 2.0553731948463656,41.25580237032075,0 2.055371247384776,41.255042570247504,0 2.0553693,41.25428277,0 2.0553777902377495,41.25355329023019,0 2.0553862803169944,41.2528238102976,0 2.055394770237742,41.252094330230136,0 2.05540326,41.25136485,0 2.0553800466496766,41.250605195255154,0 2.0553568338662527,41.24984554033086,0 2.0553336216497025,41.249085885255084,0 2.05531041,41.24832623,0 2.055290144243099,41.24755843275758,0 2.055269878990814,41.24679063533411,0 2.055249614243122,41.24602283775751,0 2.05522935,41.24525504,0 2.055209679273602,41.244496687751365,0 2.055190009031484,41.243738335325816,0 2.055170339273624,41.24297998275131,0 2.05515067,41.24222163,0 2.055113691105551,41.24142409028803,0 2.055076713140764,41.24062655037467,0 2.055039736105595,41.239829010287934,0 2.05500276,41.23903147,0 2.0549796791394814,41.23825899526085,0 2.05495659885266,41.23748652033845,0 2.0549335191395084,41.2367140452608,0 2.05491044,41.23594157,0 2.0548683809254262,41.235145942791554,0 2.054826322900602,41.23435031537938,0 2.0547842659254765,41.233554687791454,0 2.05474221,41.23275906,0 2.054704478594611,41.23197016278224,0 2.054666748126178,41.23118126536698,0 2.0546290185946554,41.23039236778217,0 2.05459129,41.22960347,0 2.0545719242530303,41.22881393526723,0 2.054552559004056,41.22802440034695,0 2.054533194253054,41.22723486526715,0 2.05451383,41.22644533,0 2.0545056196636597,41.22567573275036,0 2.054497409551553,41.22490613532446,0 2.0544891996636703,41.22413653775029,0 2.05448099,41.22336694,0 2.0544755122468294,41.222564387768564,0 2.0544700346624447,41.221761835348744,0 2.054464557246838,41.2209592827685,0 2.05445908,41.22015673,0 2.0544704278541475,41.21937167775782,0 2.0544817754721882,41.218586625334396,0 2.054493122854135,41.21780157275776,0 2.05450447,41.21701652,0 2.0545130527585216,41.21621946776389,0 2.0545216353446896,41.21542241534249,0 2.054530217758513,41.2146253627638,0 2.0545388,41.21382831,0 2.054573996228176,41.21302770027861,0 2.0546091916375415,41.21222709036211,0 2.054644386228136,41.21142648027855,0 2.05467958,41.21062587,0 2.054707150962529,41.20981452027888,0 2.0547347212833507,41.20900317036248,0 2.054762290962497,41.2081918202788,0 2.05478986,41.20738047,0 2.054820181081347,41.206555055288696,0 2.0548505014417717,41.205729640375544,0 2.0548808210813103,41.20490422528861,0 2.05491114,41.20407881,0 2.0549683220118404,41.20328474029806,0 2.0550255026824105,41.20249067038803,0 2.0550826820117756,41.20169660029798,0 2.05513986,41.20090253,0 2.055180821469791,41.20008321529304,0 2.0552217819596885,41.199263900381325,0 2.055262741469742,41.19844458529296,0 2.0553037,41.19762527,0 2.0553369711996656,41.196794035292896,0 2.0553702415995274,41.19596280038114,0 2.055403511199625,41.1951315652928,0 2.05543678,41.19430033,0 2.0555040548527375,41.19351404280773,0 2.055571328136933,41.192727755400924,0 2.0556385998526623,41.19194146780764,0 2.05570587,41.19115518,0 2.055759591929851,41.19034219280248,0 2.055813312573092,41.189529205393924,0 2.055867031929787,41.18871621780242,0 2.05592075,41.18790323,0 2.0559753744600475,41.18709150030247,0 2.056029997613354,41.18627977039391,0 2.0560846194599827,41.185468040302396,0 2.05613924,41.18465631,0 2.0561759638177217,41.18383278528913,0 2.056212686756933,41.18300926037609,0 2.0562494088176777,41.18218573528901,0 2.05628613,41.18136221,0 2.056280122202597,41.18049912279911,0 2.0562741146034695,41.17963603538943,0 2.056268107202607,41.17877294779901,0 2.0562621,41.17790986,0 2.0559864171566984,41.1770880587792,0 2.0557107412091544,41.17626625669619,0 2.0554350721570334,41.175444453779086,0 2.05515941,41.17462265,0 2.0548295255670856,41.1738293566909,0 2.054499649089693,41.17303606224511,0 2.0541697805674546,41.172242766690765,0 2.05383992,41.17144947,0 2.053400835558022,41.17036751200549,0 2.0529617655583268,41.1692855520054,0 2.05252271,41.16820359,0 2.052005918995242,41.16741672875155,0 2.051489140327348,41.166629864992586,0 2.05097237399578,41.16584299875134,0 2.05045562,41.16505613,0 2.0499257702974703,41.16423894394806,0 2.0493959337303576,41.16342175525459,0 2.048866110298066,41.16260456394782,0 2.0483363,41.16178737,0 2.0477877172288492,41.160975121707615,0 2.047239147972203,41.16016287060066,0 2.0466905922294547,41.15935061670739,0 2.04614205,41.15853836,0 2.045575520815909,41.15769694698652,0 2.0450090060883257,41.1568555309725,0 2.04444250581658,41.156014111986245,0 2.04387602,41.15517269,0 2.0433291769013517,41.15434459419146,0 2.0427823475355558,41.153516495579105,0 2.0422355319019814,41.15268839419122,0 2.04168873,41.15186029,0 2.041104059371237,41.15099049977598,0 2.040519404162143,41.150120706358436,0 2.039934764371977,41.14925090977569,0 2.03935014,41.14838111,0 2.0387472467654124,41.147533512542466,0 2.0381443690210275,41.146685911713746,0 2.0375415067661287,41.14583830754218,0 2.03693866,41.1449907,0 2.0363274130727187,41.144111745194714,0 2.035716182430815,41.14323278691674,0 2.0351049680735036,41.14235382519441,0 2.03449377,41.14147486,0 2.033866247102217,41.14058455796431,0 2.0332387411368384,41.139694252276165,0 2.032611252103041,41.138803942963975,0 2.03198378,41.13791363,0 2.031338956021854,41.13701023075921,0 2.0306941496963846,41.13610682766939,0 2.0300493610227233,41.13520342075888,0 2.02940459,41.13430001,0 2.0287318520961573,41.13338728624392,0 2.0280591327954887,41.1324745583156,0 2.0273864320970763,41.13156182624352,0 2.02671375,41.13064909,0 2.02603178774514,41.1296889864396,0 2.025349845327546,41.128728878576496,0 2.024667922746179,41.127768766439175,0 2.02398602,41.12680865,0 2.0233118810796777,41.125864526288645,0 2.0226377614402318,41.124920398375224,0 2.0219636610806697,41.12397626628823,0 2.02128958,41.12303213,0 2.0206074917206664,41.12203903146395,0 2.0199254239616353,41.12104592860897,0 2.019243376721786,41.120052821463524,0 2.01856135,41.11905971,0 2.0178629180960326,41.11805426176604,0 2.017164507462158,41.1170488090117,0 2.0164661180972043,41.11604335176556,0 2.01576775,41.11503789,0 2.015090056391773,41.114027506396596,0 2.0144123835231347,41.11301711851913,0 2.0137347313929292,41.112006726396146,0 2.0130571,41.11099633,0 2.012331582964889,41.10994835479869,0 2.0116060889540672,41.10890037472188,0 2.0108806179662118,41.10785238979817,0 2.01015517,41.1068044,0 2.009425319713569,41.10573988239245,0 2.008695492952343,41.104675359846865,0 2.0079656897149447,41.103610832391894,0 2.00723591,41.1025463,0 2.0064835207678255,41.10147116533462,0 2.0057311560247273,41.10039602543641,0 2.004978815769266,41.09932088033404,0 2.0042265,41.09824573,0 2.0034706600595227,41.097154760413574,0 2.002714845080359,41.09606378554167,0 2.001959055061015,41.09497280541299,0 2.00120329,41.09388182,0 2.0003974043858643,41.09277157894578,0 1.9995915458489073,41.09166133191786,0 1.998785714387496,41.090551078945076,0 1.99797991,41.08944082,0 1.9971032673585178,41.088368770463255,0 1.9962266531457598,41.08729671394116,0 1.9953500673601219,41.08622465046256,0 1.99447351,41.08515258,0 1.993182421446933,41.084237127027876,0 1.991891368596725,41.08332165936039,0 1.9906003514481543,41.08240617702677,0 1.98930937,41.08149068,0 1.9879734965436793,41.08064852600401,0 1.9866376570588355,41.079806356328604,0 1.985301851544574,41.07896417100294,0 1.98396608,41.07812197,0 1.9827108947253609,41.077369450728426,0 1.9814557379675515,41.076616917627966,0 1.980200609725966,41.0758643707276,0 1.97894551,41.07511181,0 1.9773080505686274,41.07461289495496,0 1.9756706157576436,41.074113956596655,0 1.974033205567838,41.0736149949541,0 1.97239582,41.07311601,0 1.9707319261492615,41.072732098538964,0 1.9690680515315755,41.072348163042086,0 1.9674041961481012,41.071964203538265,0 1.96574036,41.07158022,0 1.9640503893695576,41.071276882145206,0 1.962360434158477,41.07097351951718,0 1.9606704943681579,41.070670132144635,0 1.95898057,41.07036672,0 1.9572931178934867,41.07004365454052,0 1.955605682190413,41.069720564377576,0 1.9539182628921326,41.069397449539935,0 1.95223086,41.06907431,0 1.9505368427154264,41.06871762483936,0 1.9488428436197,41.06836091477598,0 1.9471488627141236,41.0680041798387,0 1.9454549,41.06764742,0 1.9437720173381012,41.06728346185302,0 1.9420891531166309,41.066919479127534,0 1.9404063073368452,41.066555471852354,0 1.93872348,41.06619144,0 1.9370930727682927,41.06582168459745,0 1.93546268369032,41.06545190612012,0 1.9338323127671873,41.06508210459682,0 1.93220196,41.06471228,0 1.930509441137737,41.064269574802985,0 1.9288169448495915,41.06382684472736,0 1.9271244711366504,41.063384089802156,0 1.92543202,41.06294131,0 1.92378414699906,41.062531695353336,0 1.9221362943313756,41.062122057127894,0 1.9204884619980036,41.06171239535259,0 1.91884065,41.06130271,0
                </coordinates>
            </LineString>
        </Placemark>
        

        <Placemark>
            <name>Route VLG93DX</name>
            <Style>
                <LineStyle>
                    <color>ff00a5ff</color> <!-- naranja -->
                    <width>2</width>
                </LineStyle>
            </Style>
            <LineString>
                <tessellate>1</tessellate>
                <coordinates>
                    2.0965667,41.28987519,0 2.095931718860061,41.289662347784095,0 2.09529674181339,41.28944950203613,0 2.0946617688600244,41.28923665278403,0 2.0940268,41.2890238,0 2.0933107193491614,41.288773291715145,0 2.092594644132185,41.2885227789442,0 2.0918785743491157,41.288272261715065,0 2.09116251,41.28802174,0 2.0903484145353164,41.28773883117037,0 2.0895343260470423,41.28745591655114,0 2.088720244535247,41.28717299617025,0 2.08790617,41.28689007,0 2.0870105350184014,41.28658333548664,0 2.086114908357804,41.286276593972794,0 2.0852192900183044,41.28596984548647,0 2.08432368,41.28566309,0 2.083370818200422,41.285332796866996,0 2.082417965933822,41.285002495813245,0 2.0814651232003105,41.284672186866786,0 2.08051229,41.28434187,0 2.0795938219611347,41.28402939352553,0 2.078675362614775,41.28371690969132,0 2.0777569119610284,41.283404418525365,0 2.07683847,41.28309192,0 2.0759096318505983,41.28278029377357,0 2.0749808024673877,41.28246866002203,0 2.074051981850483,41.2821570187734,0 2.07312317,41.28184537,0 2.072172015813388,41.281517084323355,0 2.0712208710844418,41.281188790755046,0 2.070269735813275,41.280860489323146,0 2.06931861,41.28053218,0 2.068433460284049,41.28022840774232,0 2.067548318712004,41.27992462864703,0 2.0666631852839563,41.279620842742155,0 2.06577806,41.27931705,0 2.0649624960142905,41.27887278875803,0 2.0641469430191237,41.278428521667955,0 2.0633314010143957,41.27798424875781,0 2.06251587,41.27753997,0 2.0618559311588003,41.276996365819585,0 2.061196003211906,41.27645275775006,0 2.060536086159058,41.27590914581941,0 2.05987618,41.27536553,0 2.059329079512967,41.274744614087105,0 2.058781989350843,41.27412369544009,0 2.0582349095132972,41.27350277408694,0 2.05768784,41.27288185,0 2.0574156131240073,41.27212896872514,0 2.057143392498862,41.271376086624166,0 2.0568711781242857,41.27062320372504,0 2.05659897,41.26987032,0 2.0564027730907055,41.269102133267005,0 2.056206580787748,41.268333946013314,0 2.056010393090917,41.26756575826689,0 2.05581421,41.26679757,0 2.0558032970427575,41.26598703028143,0 2.055792384390353,41.26517649036589,0 2.055781472042772,41.26436595028135,0 2.05577056,41.26355541,0 2.0557750801122587,41.26274452777871,0 2.0557796001496755,41.26193364536227,0 2.0557841201122544,41.26112276277862,0 2.05578864,41.26031188,0 2.0558121858582368,41.25945413531333,0 2.0558357311442954,41.25859639040841,0 2.0558592758582064,41.25773864531322,0 2.05588282,41.2568809,0 2.055945744937657,41.25600770786374,0 2.0560086682501515,41.25513451547564,0 2.0560715899375706,41.25426132286366,0 2.05613451,41.25338813,0 2.0562096029230363,41.25251432038431,0 2.0562846938973127,41.251640510503044,0 2.0563597829229323,41.250766700384204,0 2.05643487,41.24989289,0 2.056488014694567,41.248955260392435,0 2.0565411579260338,41.24801763051386,0 2.0565942996944835,41.247080000392316,0 2.05664744,41.24614237,0 2.0566872791769657,41.245174287898614,0 2.05672711723591,41.244206205522104,0 2.0567669541768994,41.243238122898475,0 2.05680679,41.24227004,0 2.0568627899098484,41.24129306292284,0 2.0569187882130673,41.240316085554404,0 2.0569747849097526,41.23933910792272,0 2.05703078,41.23836213,0 2.0570786571203055,41.237349467938316,0 2.057126532827015,41.23633680557501,0 2.057174407120218,41.235324142938154,0 2.05722228,41.23431148,0 2.0572448609786256,41.23327090543808,0 2.057267441304806,41.2322303305747,0 2.0572900209785834,41.231189755437896,0 2.0573126,41.23014918,0 2.0573174376401577,41.22907584295835,0 2.057322275186872,41.22800250560172,0 2.0573271126401504,41.22692916795817,0 2.05733195,41.22585583,0 2.0573353333673965,41.224443603856706,0 2.057338716700728,41.223031377189905,0 2.0573421,41.22161915,0 2.0573370196598617,41.22055514544974,0 2.0573319395464913,41.21949114059024,0 2.057326859659875,41.21842713544958,0 2.05732178,41.21736313,0 2.0573198948158544,41.21630438794392,0 2.0573180097544768,41.21524564558244,0 2.0573161248158613,41.214186902943744,0 2.05731424,41.21312816,0 2.057310657230137,41.21205758795244,0 2.05730707464019,41.2109870155938,0 2.0573034922301474,41.209916442952235,0 2.05729991,41.20884587,0 2.05730513015826,41.20778045044653,0 2.057310350211009,41.206715030585954,0 2.0573155701582526,41.20564961044635,0 2.05732079,41.20458419,0 2.057315932165836,41.20350784795501,0 2.0573110745544567,41.20243150559725,0 2.0573062171658494,41.20135516295484,0 2.05730136,41.20027882,0 2.0572999973339936,41.19919070046261,0 2.0572986347786624,41.19810258060735,0 2.057297272334,41.19701446046239,0 2.05729591,41.19592634,0 2.0572944348295197,41.19484254795798,0 2.0572929597726968,41.1937587556012,0 2.0572914848295256,41.192674962957796,0 2.05729001,41.19159117,0 2.057285014658743,41.190513660452545,0 2.057280019545,41.189436150593934,0 2.0572750246587566,41.18835864045234,0 2.05727003,41.18728113,0 2.057256256731944,41.18620718545164,0 2.057242483975947,41.18513324059273,0 2.0572287117319763,41.184059295451455,0 2.05721494,41.18298535,0 2.057097971553216,41.18188503065704,0 2.0569810070711294,41.180784710866575,0 2.0568640465534784,41.17968439065683,0 2.05674709,41.17858407,0 2.056256249636093,41.17756195357719,0 2.055765424515391,41.176539834760035,0 2.0552746146369927,41.175517713576866,0 2.05478382,41.17449559,0 2.0543778032711386,41.17345725009425,0 2.0539717993620386,41.172418908449494,0 2.053565808271919,41.17138056509398,0 2.05315983,41.17034222,0 2.0525238457886443,41.16933307069904,0 2.0518878810522576,41.168323917589085,0 2.051251935789742,41.1673147606986,0 2.05061601,41.1663056,0 2.0499539853210353,41.16532029611992,0 2.0492919804287646,41.16433498815029,0 2.0486299953221114,41.163349676119516,0 2.04796803,41.16236436,0 2.047271314877712,41.16133511926752,0 2.0465746215044387,41.1603058740137,0 2.045877949878946,41.15927662426705,0 2.0451813,41.15824737,0 2.044473877058618,41.15722360195776,0 2.0437664760789804,41.15619982926733,0 2.0430590970598526,41.15517605195726,0 2.04235174,41.15415227,0 2.041643639632539,41.1531316419664,0 2.040935561177536,41.152111009278855,0 2.0402275046337657,41.15109037196591,0 2.03951947,41.15006973,0 2.038792540256586,41.1490186773415,0 2.0380656336763385,41.14796761977897,0 2.0373387502579225,41.14691655734096,0 2.03661189,41.14586549,0 2.035891798183627,41.14481739220869,0 2.0351717292457145,41.14376928960189,0 2.034451683184945,41.142721182208156,0 2.03373166,41.14167307,0
                </coordinates>
            </LineString>
        </Placemark>
        

        <Placemark>
            <name>Route SWT7TN</name>
            <Style>
                <LineStyle>
                    <color>ff00a5ff</color> <!-- naranja -->
                    <width>2</width>
                </LineStyle>
            </Style>
            <LineString>
                <tessellate>1</tessellate>
                <coordinates>
                    2.09624114,41.28976145,0 2.095602500991563,41.28953716784724,0 2.0949638663220624,41.289312882120335,0 2.0943252359915308,41.289088592847165,0 2.09368661,41.2888643,0 2.092969374485603,41.28861836173539,0 2.092252144314104,41.28837241897119,0 2.0915349194855537,41.2881264717353,0 2.0908177,41.28788052,0 2.09007319123789,41.28762149975613,0 2.089328688317151,41.28736247466549,0 2.0885841912378367,41.28710344475603,0 2.0878397,41.28684441,0 2.0871234086249637,41.28657180672493,0 2.086407123166598,41.286299198957224,0 2.085690843624933,41.286026586724844,0 2.08497457,41.28575397,0 2.084267853345104,41.28546901655154,0 2.0835611427934597,41.28518405872603,0 2.0828544383450853,41.28489909655144,0 2.08214774,41.28461413,0 2.0814323998084023,41.28430081671916,0 2.0807170664112036,41.28398749894953,0 2.080001739808403,41.28367417671906,0 2.07928642,41.28336085,0 2.0786038229723514,41.283053918622905,0 2.077921232296473,41.28274698315452,0 2.0772386479723584,41.28244004362279,0 2.07655607,41.2821331,0 2.075923088704447,41.28174107030374,0 2.0752901149393224,41.28134903706228,0 2.0746571487045364,41.28095700030362,0 2.07402419,41.28056496,0 2.0734520428868732,41.28010019937932,0 2.0728799038492722,41.27963543582974,0 2.0723077728870347,41.279170669379226,0 2.07173565,41.2787059,0 2.071264093851593,41.278187343036954,0 2.0707925451355877,41.27766878403991,0 2.070321003851789,41.27715022303686,0 2.06984947,41.27663166,0 2.069575341997952,41.27599315617561,0 2.069301219330735,41.27535465155813,0 2.069027101998151,41.27471614617553,0 2.06875299,41.27407764,0 2.068559291659097,41.273419423192905,0 2.068365597212231,41.27276120591456,0 2.068171906659249,41.272102988192856,0 2.06797822,41.27144477,0 2.0678687663822664,41.27072758038798,0 2.0677593151764238,41.27001039050797,0 2.06764986638237,41.269293200387914,0 2.06754042,41.26857601,0 2.0674490668326735,41.267825970358,0 2.0673577157769616,41.267075930467996,0 2.067266366832769,41.266325890357926,0 2.06717502,41.26557585,0 2.067135766130446,41.26483567026,0 2.067096513173955,41.26409549033732,0 2.0670572611304867,41.263355310259925,0 2.06701801,41.26261513,0 2.0669642155037846,41.261821877809524,0 2.066910422338422,41.26102862540335,0 2.0668566305038483,41.260235372809426,0 2.06680284,41.25944212,0 2.066777281526133,41.25865099277656,0 2.0667517237015316,41.257859865359386,0 2.066726166526164,41.257068737776486,0 2.06670061,41.25627761,0 2.066664486113491,41.25546832529646,0 2.0666283631513513,41.25465904038593,0 2.0665922411135362,41.25384975529637,0 2.06655612,41.25304047,0 2.0665055583055616,41.251977800338906,0 2.0664549983055975,41.250915130338846,0 2.06640444,41.24985246,0 2.066357720741902,41.249051260302764,0 2.0663110026559077,41.24825006039434,0 2.066264285741959,41.2474488603027,0 2.06621757,41.24664766,0 2.0661537175463778,41.24582308034268,0 2.066089866728558,41.24499850044753,0 2.0660260175464593,41.244173920342575,0 2.06596217,41.24334934,0 2.065915018257128,41.24256157279425,0 2.0658678676762072,41.24177380538299,0 2.065820718257183,41.24098603779419,0 2.06577357,41.24019827,0 2.0656977795934877,41.239372130365204,0 2.0656219911247145,41.238545990477576,0 2.0655462045935837,41.23771985036512,0 2.06547042,41.23689371,0 2.065406157634567,41.23610273032128,0 2.0653418968461397,41.23531175041901,0 2.0652776376346416,41.2345207703212,0 2.06521338,41.23372979,0 2.0651067533501943,41.23288655545042,0 2.0650001294670193,41.2320433205912,0 2.064893508350335,41.231200085450325,0 2.06478689,41.23035685,0 2.0646901363102694,41.22953146791174,0 2.0645933850804408,41.22870608553961,0 2.0644966363103916,41.22788070291164,0 2.06439989,41.22705532,0 2.06429347846932,41.22623418043478,0 2.064187069625848,41.22541304057036,0 2.064080663469453,41.22459190043472,0 2.06397426,41.22377076,0 2.0638678159867445,41.2229532829321,0 2.06376137464908,41.22213580556676,0 2.0636549359868757,41.22131832793201,0 2.0635485,41.22050085,0 2.0634137422780663,41.21965833803811,0 2.0632789880375393,41.218815825708106,0 2.0631442372782427,41.21797331303803,0 2.06300949,41.2171308,0 2.0628760474524674,41.21630818302035,0 2.0627426082700673,41.21548556568442,0 2.0626091724526336,41.21466294802027,0 2.06247574,41.21384033,0 2.0623507028553267,41.2130328454817,0 2.0622256688072027,41.212225360632885,0 2.0621006378554774,41.21141787548161,0 2.06197561,41.21061039,0 2.0618465501103787,41.20978662050477,0 2.061717493480612,41.20896285066363,0 2.0615884401105404,41.20813908050467,0 2.06145939,41.20731531,0 2.061311234327169,41.20648151808063,0 2.061163082436351,41.20564772576481,0 2.061014934327358,41.204813933080544,0 2.06086679,41.20398014,0 2.0607150990763117,41.20312964810472,0 2.060563412101884,41.2022791557969,0 2.0604117290765136,41.20142866310462,0 2.06026005,41.20057817,0 2.0601208096553436,41.199742723046676,0 2.0599815728739106,41.19890727571951,0 2.059842339655522,41.19807182804658,0 2.05970311,41.19723638,0 2.059566709665091,41.19638538304556,0 2.0594303128869087,41.19553438571802,0 2.0592939196652726,41.19468338804545,0 2.05915753,41.19383239,0 2.059012156837943,41.192984233076665,0 2.058866787450719,41.1921360757595,0 2.0587214218381353,41.191287918076576,0 2.05857606,41.19043976,0 2.0584362071495335,41.18960674554576,0 2.0582963578661637,41.188773730718275,0 2.058156512149712,41.187940715545665,0 2.05801667,41.1871077,0 2.057871571743645,41.18624379808451,0 2.0577264773249926,41.18537989576995,0 2.057581386743844,41.1845159930844,0 2.0574363,41.18365209,0 2.0572880767471413,41.18280644058447,0 2.057139857329652,41.18196079076989,0 2.0569916417473357,41.18111514058438,0 2.05684343,41.18026949,0 2.056662298177144,41.17944691571274,0 2.056481170903008,41.17862434094091,0 2.056300048177368,41.17780176571262,0 2.05611893,41.17697919,0 2.055826286167404,41.17613081392213,0 2.0555336498901244,41.17528243688675,0 2.0552410211677823,41.174434058921996,0 2.0549484,41.17358568,0 2.0545960143248068,41.17276557690798,0 2.054243637433355,41.17194547253452,0 2.0538912693252267,41.171125366907816,0 2.05353891,41.17030526,0 2.0532127999873633,41.16946397918755,0 2.052886698316758,41.168622697240615,0 2.0525606049877747,41.1677814141874,0 2.05223452,41.16694013,0 2.0520817992096023,41.16611312308805,0 2.0519290822795977,41.16528611577467,0 2.051776369209794,41.16445910808795,0 2.05162366,41.1636321,0 2.051840998509714,41.16276375089318,0 2.052058331346089,41.16189540118149,0 2.052275658509419,41.16102705089307,0 2.05249298,41.1601587,0 2.052566302619053,41.15935614782268,0 2.0526396234920132,41.158553595420855,0 2.052712942618968,41.15775104282261,0 2.05278626,41.15694849,0 2.053136015454922,41.156129496826765,0 2.0534857622729534,41.15531050242624,0 2.053835500454508,41.15449150682663,0 2.05418523,41.15367251,0 2.0546309832697505,41.152891152789124,0 2.055076726026023,41.15210979370936,0 2.0555224582692837,41.15132843278893,0 2.05596818,41.15054707,0 2.056463749666043,41.14978231588457,0 2.0569593078877326,41.149017559503285,0 2.0574548546655556,41.148252800884386,0 2.05795039,41.14748804,0 2.0584771535860282,41.146709103802316,0 2.0590039047810156,41.14593016506027,0 2.0595306435854948,41.14515122380212,0 2.06005737,41.14437228,0 2.060613581207468,41.143629954195305,0 2.061169779942957,41.142887625584244,0 2.0617259662069674,41.142145294195096,0 2.06228214,41.14140296,0 2.0628440041778355,41.140649549281555,0 2.0634058555701,41.13989613569923,0 2.0639676941773137,41.13914271928134,0 2.06452952,41.1383893,0 2.065109436725758,41.137657602036796,0 2.06568934063401,41.13692590103957,0 2.066269231725258,41.136194197036566,0 2.06684911,41.13546249,0 2.0674310974403163,41.13470615957878,0 2.068013071586728,41.13394982609553,0 2.0685950324397764,41.13319348957855,0 2.06917698,41.13243715,0 2.069756384658405,41.13168813703604,0 2.0703357762108556,41.130939121038544,0 2.0709151546578783,41.13019010203583,0 2.07149452,41.12944108,0 2.072066748833719,41.12871447191853,0 2.0726389651113,41.12798786088185,0 2.073211168833232,41.127261246918316,0 2.07378336,41.12653463,0 2.0743256363046187,41.12576872900563,0 2.0748679000724746,41.12500282533135,0 2.075410151304093,41.12423691900543,0 2.07595239,41.12347101,0 2.0764855612657556,41.1226934813844,0 2.07701872002065,41.1219159501697,0 2.0775518662652197,41.12113841638419,0 2.078085,41.12036088,0 2.0785832694958613,41.11960719090815,0 2.0790815276608323,41.1188534995347,0 2.0795797744953872,41.11809980590795,0 2.08007801,41.11734611,0 2.080529079064515,41.11653405535919,0 2.080980137085679,41.11572199880276,0 2.0814311840640034,41.114909940359,0 2.08188222,41.11409788,0 2.08232326078709,41.113306275232915,0 2.0827642910491364,41.112514668634404,0 2.0832053107866155,41.11172306023273,0 2.08364632,41.11093145,0 2.0840649305147285,41.11011142999871,0 2.0844835306859797,41.10929140832215,0 2.084902120514241,41.10847138499856,0 2.0853207,41.10765136,0 2.085716102638857,41.106803804769804,0 2.0861114951848116,41.1059562480169,0 2.086506877638361,41.10510868976961,0 2.08690225,41.10426113,0 2.0872828742602048,41.10343161961195,0 2.0876634890133006,41.10260210780646,0 2.0880440942597462,41.101772594611795,0 2.08842469,41.10094308,0 2.088808006519456,41.10013334462742,0 2.0891913136923153,41.09932360782708,0 2.089574611519017,41.09851386962726,0 2.0899579,41.09770413,0 2.090333651775551,41.09686267956974,0 2.090709394033758,41.09602122775018,0 2.091085126775085,41.09517977456957,0 2.09146085,41.09433832,0 2.091831141237084,41.09351662450624,0 2.09220142331582,41.09269492766553,0 2.092571696236646,41.09187322950609,0 2.09294196,41.09105153,0 2.0933170769600964,41.090197517069136,0 2.0936921842798086,41.08934350274935,0 2.094067281959617,41.088489487068976,0 2.09444237,41.08763547,0
                </coordinates>
            </LineString>
        </Placemark>
        

        <Placemark>
            <name>Route EJU37TW</name>
            <Style>
                <LineStyle>
                    <color>ff00a5ff</color> <!-- naranja -->
                    <width>2</width>
                </LineStyle>
            </Style>
            <LineString>
                <tessellate>1</tessellate>
                <coordinates>
                    2.09389035,41.28893049,0 2.0931695825514662,41.28870295929655,0 2.09244882006858,41.288475424052756,0 2.0917280625514034,41.28824788429648,0 2.09100731,41.28802034,0 2.0903854061424147,41.28781175475029,0 2.0897635062135875,41.287603166111474,0 2.0891416102135527,41.287394574111424,0 2.088519718142346,41.287185978750195,0 2.08789783,41.28697738,0 2.0870181523653124,41.28666131012215,0 2.0861384831536984,41.286345233486784,0 2.0852588223652355,41.286029150121955,0 2.08437917,41.28571306,0 2.083472526861916,41.28539414324789,0 2.0825658924824935,41.285075219321136,0 2.081659266861825,41.28475628824773,0 2.08075265,41.28443735,0 2.079851206569327,41.28410948812873,0 2.078949772092384,41.28378161916224,0 2.0780483465692487,41.28345374312855,0 2.07714693,41.28312586,0 2.0762329388677156,41.2827976259242,0 2.0753189568235633,41.28246938455621,0 2.0744049838676295,41.28214113592403,0 2.07349102,41.28181288,0 2.072574573338913,41.28147286348639,0 2.0716581361185007,41.28113283963913,0 2.070741708338838,41.28079280848621,0 2.06982529,41.28045277,0 2.0689387040373557,41.28011865028546,0 2.068052127049766,41.27978452370453,0 2.0671655590372935,41.279450390285255,0 2.066279,41.27911625,0 2.065446318581774,41.278682841619855,0 2.064613648109089,41.27824942715039,0 2.0637809885818594,41.277816006619666,0 2.06294834,41.27738258,0 2.06221800749419,41.27685616708319,0 2.0614876866590772,41.27632974943482,0 2.0607573774944252,41.27580332708298,0 2.06002708,41.2752769,0 2.0594100229002197,41.27466879763979,0 2.058792977200518,41.27406069184364,0 2.0581759429005575,41.273452582639614,0 2.05755892,41.27284447,0 2.05708133278142,41.272168888189306,0 2.056603755375469,41.271493304243016,0 2.0561261877817834,41.27081771818916,0 2.05564863,41.27014213,0 2.0553230585746953,41.26937432165087,0 2.054997494766488,41.2686065121918,0 2.0546719385750367,41.26783870165075,0 2.05434639,41.26707089,0 2.0540783927915123,41.26627914121826,0 2.053810402055552,41.26548739161498,0 2.0535424177918156,41.26469564121816,0 2.05327444,41.26390389,0 2.0530333410065844,41.26308921105289,0 2.052792248008973,41.26227453139448,0 2.0525511610068747,41.26145985105278,0 2.05231008,41.26064517,0 2.0520026960359976,41.25951270785819,0 2.0516953227029036,41.25838024452476,0 2.05138796,41.25724778,0 2.0511743365357527,41.25638332092056,0 2.050960718714532,41.255518861218036,0 2.0507471065360443,41.254654400920444,0 2.0505335,41.25378994,0 2.0503018254390364,41.25288919355062,0 2.0500701572522773,41.251988446391465,0 2.049838495439379,41.2510876985505,0 2.04960684,41.25018695,0 2.0493900033806174,41.24926949347428,0 2.0491731728410456,41.248352036289646,0 2.048956348380951,41.247434578474135,0 2.04873953,41.24651712,0 2.0485221156013407,41.245574155995264,0 2.0483047074686893,41.24463119131763,0 2.0480873056016935,41.243688225995115,0 2.04786991,41.24274526,0 2.0476612408703248,41.241791193453565,0 2.0474525778273316,41.240837126262015,0 2.047243920870672,41.23988305845341,0 2.04703527,41.23892899,0 2.0468277581583845,41.23794749596687,0 2.0466202525447565,41.23696600127975,0 2.0464127531587506,41.235984505966705,0 2.04620526,41.23500301,0 2.045989405039123,41.23399665853153,0 2.045773556719098,41.23299030636595,0 2.0455577150395237,41.23198395353135,0 2.04534188,41.2309776,0 2.0451436057080756,41.22995636594612,0 2.0449453376110207,41.228935131252065,0 2.044747075708455,41.227913895945946,0 2.04454882,41.22689266,0 2.044346940458416,41.225862498471145,0 2.04414506727815,41.22483233628544,0 2.0439432004588087,41.22380217347097,0 2.04374134,41.22277201,0 2.0435429656615627,41.221745965948394,0 2.0433445975490057,41.22071992125507,0 2.0431462356619456,41.2196938759482,0 2.04294788,41.21866783,0 2.0427503156021825,41.217631038451565,0 2.042552757469836,41.2165942462593,0 2.042355205602572,41.21555745345137,0 2.04215766,41.21452066,0 2.0419567553409097,41.213472570977004,0 2.0417558571214824,41.212424481293205,0 2.0415549653413145,41.21137639097679,0 2.04135408,41.2103283,0 2.0411509803105226,41.20928797098149,0 2.040947887080965,41.20824764129921,0 2.0407448003109256,41.207207310981296,0 2.04054172,41.20616698,0 2.0402858801469432,41.20511207381073,0 2.040030048529604,41.204057166738195,0 2.0397742251474624,41.20300225881054,0 2.03951841,41.20194735,0 2.0389887431492664,41.200938649086694,0 2.03845909253298,41.199929945439386,0 2.0379294581502037,41.19892123908636,0 2.03739984,41.19791253,0 2.036724786224075,41.196976123813336,0 2.036049751632752,41.196039713408204,0 2.0353747362250534,41.19510329881294,0 2.03469974,41.19416688,0 2.0338838234394863,41.19331638398433,0 2.033067927919909,41.19246588196946,0 2.0322520534403776,41.19161537398387,0 2.0314362,41.19076486,0 2.0304045674272535,41.19001658159736,0 2.0293729582367876,41.189268293786746,0 2.028341372427928,41.18851999659679,0 2.02730981,41.18777169,0 2.0261259595905954,41.18715927339712,0 2.024942131120949,41.186546844519754,0 2.023758324590828,41.18593440339653,0 2.02257454,41.18532195,0 2.0212754467505776,41.184842407044606,0 2.019976372333957,41.18436284938312,0 2.0186773167503578,41.18388327704406,0 2.01737828,41.18340369,0 2.0159922328603854,41.1830509800215,0 2.0146062004801037,41.18269825335236,0 2.0132201828597704,41.182345510021044,0 2.01183418,41.18199275,0 2.010413828248782,41.18169323125135,0 2.008993489331197,41.18139369499222,0 2.007573163248014,41.18109414125096,0 2.00615285,41.18079457,0 2.0047617164667884,41.18053971767117,0 2.0033705936218684,41.180284848552034,0 2.001979481466014,41.180029962670865,0 2.00058838,41.17977506,0
                </coordinates>
            </LineString>
        </Placemark>
        

        <Placemark>
            <name>Route VLG92CD</name>
            <Style>
                <LineStyle>
                    <color>ff00a5ff</color> <!-- naranja -->
                    <width>2</width>
                </LineStyle>
            </Style>
            <LineString>
                <tessellate>1</tessellate>
                <coordinates>
                    2.09518056,41.28946789,0 2.0944968374385815,41.28922451612557,0 2.0938131199180834,41.28898113815811,0 2.093129407438543,41.288737756125514,0 2.0924457,41.28849437,0 2.091674213375983,41.28823405278724,0 2.090902732834601,41.287973730373636,0 2.090131258375918,41.287713402787126,0 2.08935979,41.28745307,0 2.0885013458069785,41.287153289638006,0 2.0876429094092512,41.286853502841296,0 2.0867844808068985,41.286553709637865,0 2.08592606,41.28625391,0 2.0850018317416743,41.285938163664696,0 2.0840776123221607,41.28562240987686,0 2.0831534017415674,41.28530664866452,0 2.0822292,41.28499088,0 2.0812591466324486,41.28468746228658,0 2.080289102176495,41.284384036372714,0 2.0793190666322934,41.284080602286394,0 2.07834904,41.28377716,0 2.077476718032056,41.283412364971355,0 2.076604405709395,41.28304756328575,0 2.0757321030320366,41.28268275497118,0 2.07485981,41.28231794,0 2.073928005032279,41.281964508859645,0 2.0729962100429926,41.28161107013677,0 2.0720644250322096,41.28125762385944,0 2.07113265,41.28090417,0 2.070215445075545,41.280546181010706,0 2.06929825010069,41.28018818467153,0 2.0683810650754904,41.27983018101052,0 2.06746389,41.27947217,0 2.066639658443612,41.27903067394157,0 2.0658154379248814,41.278589171912664,0 2.0649912284437106,41.27814766394136,0 2.06416703,41.27770615,0 2.0634863439094815,41.27710668370946,0 2.0628056702128683,41.27650721326985,0 2.0621250089098204,41.275907738709265,0 2.06144436,41.27530826,0 2.0608788376217624,41.27463431688319,0 2.0603133268292897,41.273960370834835,0 2.059747827622172,41.273286421883,0 2.05918234,41.27261247,0 2.0588169001819314,41.27187453949303,0 2.0584514685761417,41.271136607648,0 2.058086045182281,41.27039867449289,0 2.05772063,41.26966074,0 2.0574152139274178,41.26886791150034,0 2.057109805236787,41.26807508199108,0 2.056804403927762,41.267282251500205,0 2.05649901,41.26648942,0 2.0562654439239325,41.26568766849824,0 2.0560318835654248,41.26488591632162,0 2.055798328924205,41.26408416349812,0 2.05556478,41.26328241,0 2.0553336384971272,41.262432238514506,0 2.0551025029963723,41.261582066343315,0 2.0548713734974315,41.2607318935144,0 2.05464025,41.25988172,0 2.05445583019582,41.25901873826715,0 2.054271415261261,41.2581557560135,0 2.0540870051960716,41.25729277326703,0 2.0539026,41.25642979,0 2.053709967030697,41.255528273333844,0 2.053517339374454,41.25462675610241,0 2.0533247170309843,41.25372523833371,0 2.0531321,41.25282372,0 2.0529610502860125,41.251905730741235,0 2.0527900053815262,41.250987740978935,0 2.0526189652862774,41.25006975074112,0 2.05244793,41.24915176,0 2.0522785927988094,41.24822619573823,0 2.05210926039859,41.24730063097491,0 2.051939932799076,41.246375065738114,0 2.05177061,41.2454495,0 2.0515892969700955,41.24448522082121,0 2.051407989293667,41.243520941085535,0 2.051226686970405,41.24255666082106,0 2.05104539,41.24159238,0 2.0508493611197265,41.24060541091074,0 2.0506533381598686,41.23961844120487,0 2.0504573211200765,41.23863147091056,0 2.05026131,41.2376445,0 2.0500528251618793,41.2366160835084,0 2.049844346882775,41.2355876663351,0 2.049635875162284,41.2345592485082,0 2.04942741,41.23353083,0 2.049194031116362,41.23246692618088,0 2.0489606598221384,41.23140302156507,0 2.0487272961168457,41.230339116180666,0 2.04849394,41.22927521,0 2.048223328690522,41.2281611139687,0 2.047952726587771,41.22704701694879,0 2.0476821336911346,41.22593291896843,0 2.04741155,41.22481882,0 2.0471431789032812,41.2237125939448,0 2.0468748168714406,41.222606366916914,0 2.04660646390388,41.22150013894455,0 2.04633812,41.22039391,0 2.046057690723811,41.21928187903544,0 2.0457772709655018,41.21816984703774,0 2.045496860724442,41.217057814035165,0 2.04521646,41.21594578,0 2.044915609360846,41.2148097242107,0 2.044614769148265,41.21367366727144,0 2.044313939361552,41.21253760921041,0 2.04401312,41.21140155,0 2.043721947629316,41.21028537661696,0 2.0434307851728613,41.20916920214646,0 2.043139632629976,41.2080530266167,0 2.04284849,41.20693685,0 2.0425488495438873,41.20580922419113,0 2.0422492193923114,41.20468159724532,0 2.0419495995445796,41.20355396919084,0 2.04164999,41.20242634,0 2.0413048525116673,41.201317379558745,0 2.0409597266827344,41.200208417735475,0 2.0406146125124343,41.199099454558436,0 2.04026951,41.19799049,0 2.0396437301016395,41.19694161306684,0 2.0390179701363045,41.19589273241284,0 2.0383922301028172,41.19484384806639,0 2.03776651,41.19379496,0 2.0370088022774206,41.1927736004213,0 2.0362511180374256,41.191752235552066,0 2.035493457278718,41.19073086542076,0 2.03473582,41.18970949,0 2.033895510901198,41.18875196958783,0 2.0330552262024004,41.18779444277405,0 2.032214965902403,41.186836909587264,0 2.03137473,41.18587937,0 2.0303510053049387,41.185026121456325,0 2.0293273070739115,41.184172863598654,0 2.028303635305928,41.183319596455654,0 2.02727999,41.18246632,0 2.026098984450176,41.18171021339571,0 2.024918005934008,41.18095409451778,0 2.023737054450836,41.180197963394974,0 2.02255613,41.17944182,0 2.0212382325810734,41.17885774273568,0 2.019920358441446,41.17827365030443,0 2.0186025075810954,41.17768954273499,0 2.01728468,41.17710542,0 2.015873183249992,41.17660921100686,0 2.014461707666425,41.17611298466605,0 2.013050253249645,41.17561674100619,0 2.01163882,41.17512048,0 2.0101171366673714,41.17478166013386,0 2.008595468889221,41.174442820168814,0 2.00707381666646,41.17410396013335,0 2.00555218,41.17376508,0 2.0040081412623296,41.17349661849835,0 2.002464115015719,41.17322813632152,0 2.0009201012612485,41.17295963349793,0 1.9993761,41.17269111,0 1.9978100347958798,41.17247605937066,0 1.9962439797270344,41.172260987484655,0 1.9946779347946717,41.1720458943703,0 1.9931119,41.17183078,0 1.9915402143219998,41.171644884591274,0 1.989968537428496,41.17145896777883,0 1.9883968693207443,41.171273029590985,0 1.98682521,41.17108707,0 1.985251727068748,41.17090485966332,0 1.9836782527574885,41.170722627874895,0 1.9821047870674842,41.17054037466304,0 1.98053133,41.1703581,0 1.9789420964720896,41.17016943031069,0 1.977352871961921,41.16998073873804,0 1.9757636564707926,41.169792025310386,0 1.97417445,41.16960329,0 1.9725902029418205,41.16943448010027,0 1.9710059639215576,41.1692656484575,0 1.9694217329405157,41.16909679509998,0 1.96783751,41.16892792,0 1.9662590653203507,41.16875682986244,0 1.9646806287596092,41.1685857181404,0 1.9631022003190635,41.16841458486218,0 1.96152378,41.16824343,0 1.9599229604013415,41.16804145829223,0 1.9583221505342467,41.16783946438008,0 1.9567213504000291,41.1676374482919,0 1.95512056,41.16743541,0 1.9535427576330224,41.16726168733609,0 1.951964963509841,41.16708794310525,0 1.9503871776317394,41.16691417733579,0 1.9488094,41.16674039,0
                </coordinates>
            </LineString>
        </Placemark>
        

        <Placemark>
            <name>Route VLG2974</name>
            <Style>
                <LineStyle>
                    <color>ff00a5ff</color> <!-- naranja -->
                    <width>2</width>
                </LineStyle>
            </Style>
            <LineString>
                <tessellate>1</tessellate>
                <coordinates>
                    2.0965667,41.28987519,0 2.09590092087381,41.289656100805345,0 2.0952351461650505,41.28943700773116,0 2.0945693758737653,41.2892179108053,0 2.09390361,41.28899881,0 2.0931815419425943,41.28875319932559,0 2.0924594792567572,41.28850758409144,0 2.0917374219425424,41.288261964325486,0 2.09101537,41.28801634,0 2.0901865039800334,41.28772374648822,0 2.089357645306665,41.287431146974924,0 2.088528793979964,41.28713854148808,0 2.08769995,41.28684593,0 2.086829238128586,41.28654584741323,0 2.0859585341713904,41.28624575820828,0 2.085087838128499,41.2859456624131,0 2.08421715,41.28564556,0 2.0833316625677796,41.28533655775264,0 2.082446183423648,41.2850275486608,0 2.0815607125676916,41.284718532752485,0 2.08067525,41.28440951,0 2.0798221912152006,41.284118337015215,0 2.078969139953545,41.28382715767759,0 2.0781160962151164,41.28353597201509,0 2.07726306,41.28324478,0 2.076396332568298,41.28292914732786,0 2.0755296134243513,41.28261350809443,0 2.0746629025682286,41.282297862327695,0 2.0737962,41.28198221,0 2.07300314663533,41.281611675759606,0 2.0722101021804575,41.28124113600346,0 2.0714170666353557,41.28087059075947,0 2.07062404,41.28050004,0 2.0699256939797364,41.27999627397968,0 2.0692273586397865,41.27949250363017,0 2.0685290339799427,41.278988728979506,0 2.06783072,41.27848495,0 2.067322806299581,41.277893396034756,0 2.066814901732963,41.27730183970364,0 2.0663070062998625,41.27671028103463,0 2.06579912,41.27611872,0 2.065352984045115,41.275457792803564,0 2.0649068570603717,41.274796863728724,0 2.064460739045443,41.27413593280344,0 2.06401463,41.273475,0 2.063727915791413,41.272772548801974,0 2.0634412077220525,41.272070096726615,0 2.0631545057916654,41.27136764380188,0 2.06286781,41.27066519,0 2.0625525815708268,41.26990676655897,0 2.0622373604279844,41.26914834206928,0 2.06192214657115,41.26838991655885,0 2.06160694,41.26763149,0 2.061345273467225,41.26687700865183,0 2.06108361295648,41.26612252652642,0 2.060821958467494,41.26536804365175,0 2.06056031,41.26461356,0 2.0602801973099907,41.26381832380745,0 2.0600000914135337,41.26302308673391,0 2.0597199923103098,41.262227848807335,0 2.0594399,41.26143261,0 2.0592197969537156,41.260634605915136,0 2.0589996992717907,41.25983660121081,0 2.0587796069539706,41.25903859591502,0 2.05855952,41.25824059,0 2.0583279060817694,41.25739998851037,0 2.0580962981092243,41.25655938633778,0 2.0578646960820675,41.25571878351024,0 2.0576331,41.25487818,0 2.0573885075914218,41.25399367362066,0 2.057143921788795,41.25310916648485,0 2.0568993425917705,41.252224658620555,0 2.05665477,41.25134015,0 2.0564361636261816,41.25045448346265,0 2.056217563168451,41.249568816274156,0 2.0559989686264943,41.24868314846252,0 2.05578038,41.24779748,0 2.0555488178367876,41.246886686056264,0 2.0553172621159503,41.24597589139895,0 2.0550857128371383,41.245065096056116,0 2.05485417,41.2441543,0 2.0546152272561296,41.24321846611915,0 2.05437629134176,41.24228263148281,0 2.054137362256511,41.24134679611901,0 2.05389844,41.24041096,0 2.053648703978742,41.23944740620812,0 2.053398975305271,41.23848385160141,0 2.0531492539791647,41.237520296207954,0 2.05289954,41.23655674,0 2.0526283900321105,41.23555238638492,0 2.052357248376479,41.23454803183712,0 2.0520861150326084,41.23354367638473,0 2.05181499,41.23253932,0 2.051531126630938,41.23151032649599,0 2.051247272174948,41.2304813319852,0 2.050963426631484,41.22945233649578,0 2.05067959,41.22842334,0 2.050381835895366,41.2273879616061,0 2.0500840911942078,41.226352582131994,0 2.0497863558959453,41.225317201605876,0 2.04948863,41.22428182,0 2.049190453183562,41.22323233411966,0 2.0488922859118137,41.22218284715005,0 2.048594128184158,41.22113335911941,0 2.04829598,41.22008387,0 2.047974969262482,41.21901177432247,0 2.0476539690170874,41.217939677420475,0 2.04733297926315,41.21686757932222,0 2.047012,41.21579548,0 2.0466853740934305,41.21473020436336,0 2.046358758791688,41.21366492747498,0 2.0460321540941013,41.21259964936308,0 2.04570556,41.21153437,0 2.04536615077815,41.21045636198424,0 2.045026752704675,41.20937835263615,0 2.0446873657788625,41.208300341983964,0 2.04434799,41.20722233,0 2.044000345197865,41.206133107066464,0 2.0436527119309824,41.20504388274577,0 2.0433050901986096,41.20395465706617,0 2.04295748,41.20286543,0 2.042584996340959,41.20176858730588,0 2.042212525121816,41.200671743065,0 2.0418400663417655,41.19957489730559,0 2.04146762,41.19847805,0 2.0409672235248384,41.19742714372644,0 2.040466843033766,41.19637623495904,0 2.03996647852581,41.19532532372611,0 2.03946613,41.19427441,0 2.038766071785854,41.19331052678171,0 2.03806603404852,41.19234663903266,0 2.037366016786927,41.19138274678125,0 2.03666602,41.19041885,0 2.035755512196978,41.18950578115373,0 2.034845029596722,41.18859270486192,0 2.033934572198105,41.18767962115314,0 2.03302414,41.18676653,0 2.0320172499490523,41.18594584848963,0 2.0310103849326593,41.185125157976444,0 2.030003544949937,41.18430445848902,0 2.02899673,41.18348375,0 2.027883109912754,41.1827405713788,0 2.026769514884101,41.181997381828644,0 2.0256559449133973,41.181254181378144,0 2.0245424,41.18051097,0 2.023346843196624,41.179786891323864,0 2.022151312595865,41.179062800088666,0 2.0209558081971735,41.17833869632315,0 2.01976033,41.17761458,0 2.0185534434898376,41.17690255666884,0 2.0173465829867867,41.17619052054863,0 2.0161397484903425,41.1754784716681,0 2.01493294,41.17476641,0 2.0137431675732618,41.17407339612341,0 2.0125534200979867,41.17338036982142,0 2.0113636975737186,41.17268733112273,0 2.010174,41.17199428,0 2.0089797043857645,41.17129118376849,0 2.007785434181342,41.17058807501483,0 2.006591189386249,41.16988495376776,0 2.00539697,41.16918182,0
                </coordinates>
            </LineString>
        </Placemark>
        

        <Placemark>
            <name>Route TVF32PR</name>
            <Style>
                <LineStyle>
                    <color>ff00a5ff</color> <!-- naranja -->
                    <width>2</width>
                </LineStyle>
            </Style>
            <LineString>
                <tessellate>1</tessellate>
                <coordinates>
                    2.09516914,41.28947187,0 2.0944847799493527,41.289229066136734,0 2.0938004249324447,41.288986258173004,0 2.093116074949314,41.288743446136664,0 2.09243173,41.28850063,0 2.091813294234403,41.28829333067554,0 2.0911948623515713,41.28808602799934,0 2.090576434351537,41.28787872199929,0 2.0899580102343354,41.287671412675444,0 2.08933959,41.2874641,0 2.088482065814273,41.287164187117554,0 2.087624549418978,41.28686426781405,0 2.086767040814194,41.286564342117416,0 2.08590954,41.28626441,0 2.084974658477879,41.28593432142661,0 2.0840397863037725,41.28560422522606,0 2.08310492347778,41.285274121426426,0 2.08217007,41.28494401,0 2.0811948081842426,41.284620879924724,0 2.080219555912232,41.28429774155689,0 2.079244313184105,41.28397459492453,0 2.07826908,41.28365144,0 2.077365990088277,41.28328821567974,0 2.0764629101176766,41.28292498423024,0 2.075559840088238,41.282561745679544,0 2.07465678,41.2821985,0 2.0737504781069083,41.28184909324986,0 2.072844185809172,41.28149967932373,0 2.0719379031068503,41.28115025824966,0 2.07103163,41.28080083,0 2.070092509496665,41.280437621540564,0 2.069153399328846,41.280074405377995,0 2.068214299496603,41.27971118154036,0 2.06727521,41.27934795,0 2.0663664725851696,41.278986873310906,0 2.065457745113529,41.278625789405126,0 2.0645490275851244,41.27826469831071,0 2.06364032,41.2779036,0 2.062779037597258,41.27739582478169,0 2.0619177684631342,41.276888043032805,0 2.061056512597443,41.27638025478144,0 2.06019527,41.27587246,0 2.059533248961281,41.27525786839115,0 2.058871240281947,41.274643272845424,0 2.0582092439616395,41.27402867339093,0 2.05754726,41.27341407,0 2.0571124438538027,41.27272637018774,0 2.0566776368053032,41.27203866857426,0 2.056242838854152,41.27135096518761,0 2.05580805,41.27066326,0 2.0555362330674263,41.2699046687253,0 2.055264422423422,41.26914607662438,0 2.0549926180677076,41.268387483725206,0 2.05472082,41.26762889,0 2.0546092485483376,41.26686043542315,0 2.0544976797311985,41.266091980554855,0 2.0543861135484596,41.26532352542307,0 2.05427455,41.26455507,0 2.054258276863678,41.263765650270436,0 2.054242004151584,41.262976230351256,0 2.0542257318636983,41.26218681027038,0 2.05420946,41.26139739,0 2.054158661541379,41.260279563704486,0 2.0541078648747524,41.25916173703776,0 2.05405707,41.25804391,0 2.054038701751611,41.2572164077941,0 2.0540203340021645,41.25638890538278,0 2.054001966751636,41.25556140279401,0 2.0539836,41.2547339,0 2.053881175730607,41.25383230798103,0 2.053778754307578,41.252930715632004,0 2.053676335730761,41.252029122980936,0 2.05357392,41.25112753,0 2.0534619453542455,41.25022878300574,0 2.0533499738057723,41.24933003566494,0 2.053238005354413,41.248431288005634,0 2.05312604,41.24753254,0 2.0529761835062494,41.24659078566731,0 2.052826331341829,41.24564903088036,0 2.0526764835064943,41.24470727566716,0 2.05252664,41.24376552,0 2.0523234058309843,41.24278232344634,0 2.052120177774886,41.241799126252374,0 2.051916955831344,41.24081592844617,0 2.05171374,41.23983273,0 2.051498480275926,41.23884767601319,0 2.0512832270348236,41.23786262134149,0 2.0510679802763088,41.236877566013014,0 2.05085274,41.23589251,0 2.0506258545183385,41.23488474859741,0 2.050398976024732,41.23387698645377,0 2.0501721045187598,41.23286922359721,0 2.04994524,41.23186146,0 2.049685955154273,41.230821843828785,0 2.049426678539372,41.22978222676227,0 2.0491674101547845,41.228742608828576,0 2.04890815,41.22770299,0 2.048643195010442,41.226673406358785,0 2.048378248347597,41.22564382180227,0 2.048113310010953,41.224614236358576,0 2.04784838,41.22358465,0 2.047552433041028,41.222516854116854,0 2.047256495721779,41.22144905714634,0 2.0469605680416407,41.22038125911663,0 2.04666465,41.21931346,0 2.046387904401862,41.21827916394429,0 2.046111167536175,41.21724486691625,0 2.0458344394024004,41.216210568944064,0 2.04555772,41.21517627,0 2.045268453464774,41.21411567655736,0 2.0449791962867594,41.213055082066994,0 2.0446899484653653,41.21199448655712,0 2.04440071,41.21093389,0 2.0441274644600873,41.20989088892374,0 2.04385422761381,41.20884788688884,0 2.043580999460628,41.20780488392352,0 2.04330778,41.20676188,0 2.0430112507375933,41.2057100216039,0 2.0427147309838545,41.20465816212906,0 2.0424182207381882,41.20360630160367,0 2.04212172,41.20255444,0 2.041798331860452,41.20149614682632,0 2.041474954147706,41.20043785242562,0 2.041151586861107,41.199379556826095,0 2.04082823,41.19832126,0 2.0403006338016887,41.19733558153961,0 2.0397730534028455,41.19634990037661,0 2.039245488802579,41.19536421653929,0 2.03871794,41.19437853,0 2.038065358887539,41.19341548594432,0 2.0374127968507274,41.19245243791619,0 2.036760253888552,41.19148938594393,0 2.03610773,41.19052633,0 2.035408900455476,41.18959732173184,0 2.0347100906079594,41.18866830896617,0 2.034011300456463,41.18773929173142,0 2.03331253,41.18681027,0 2.0323951427115423,41.18597602125968,0 2.03147777861599,41.18514176500322,0 2.030560437712442,41.184307501259156,0 2.02964312,41.18347323,0 2.0284735398996574,41.18276518801697,0 2.0273039848665517,41.18205713401283,0 2.0261344549001707,41.18134906801629,0 2.02496495,41.18064099,0 2.023848714203814,41.179934741430706,0 2.0227325022721065,41.17922848189787,0 2.021616314204347,41.17852221143009,0 2.02050015,41.17781593,0 2.0191001894372356,41.177334305579535,0 2.017700249249404,41.17685266409629,0 2.0163003294368704,41.1763710055789,0 2.01490043,41.17588933,0 2.013388659149217,41.17554803724497,0 2.011876903865033,41.17520672465031,0 2.010365164148333,41.17486539224447,0 2.00885344,41.17452404,0 2.0072499396904666,41.17438109339166,0 2.0056464462530363,41.17423812451271,0 2.004042959689088,41.17409513339142,0 2.00243948,41.17395212,0
                </coordinates>
            </LineString>
        </Placemark>
        

        <Placemark>
            <name>Route VLG21PG</name>
            <Style>
                <LineStyle>
                    <color>ff00a5ff</color> <!-- naranja -->
                    <width>2</width>
                </LineStyle>
            </Style>
            <LineString>
                <tessellate>1</tessellate>
                <coordinates>
                    2.09664549,41.28992228,0 2.0960077738321203,41.28970938282928,0 2.0953700617761353,41.28949648209639,0 2.0947323538320823,41.28928357782922,0 2.09409465,41.28907067,0 2.093353148804774,41.288812587198,0 2.09261165340633,41.288554499588,0 2.0918701638047215,41.28829640719793,0 2.09112868,41.28803831,0 2.090314269567683,41.287756381176735,0 2.0894998660901973,41.28747444655963,0 2.088685469567613,41.2871925061766,0 2.08787108,41.28691056,0 2.0869818299643477,41.28660030783992,0 2.0860925882857377,41.286290048777175,0 2.085203354964259,41.28597978283975,0 2.08431413,41.28566951,0 2.0834049428775288,41.28537597079951,0 2.0824957638366253,41.285082424389955,0 2.0815865928774095,41.284788870799346,0 2.08067743,41.28449531,0 2.0797875499834997,41.2841857428538,0 2.078897678311273,41.28387616879571,0 2.0780078149834096,41.28356658785365,0 2.07711796,41.283257,0 2.076229225528795,41.28296048782296,0 2.075340499038325,41.28266396875457,0 2.0744517805286926,41.282367442822796,0 2.07356307,41.28207091,0 2.0726776224388,41.281758692752135,0 2.0717921832516772,41.28144646866014,0 2.0709067524387152,41.281134237751985,0 2.07002133,41.280822,0 2.069246357141539,41.28038649041644,0 2.068471394522124,41.27995097554586,0 2.067696442141646,41.27951545541627,0 2.0669215,41.27907993,0 2.0662987312749683,41.27850817521407,0 2.0656759733668175,41.27793641694268,0 2.065053226275258,41.27736465521389,0 2.06443049,41.27679289,0 2.0639097398790014,41.27615615122985,0 2.0633889998388946,41.275519409963735,0 2.0628682698793406,41.27488266622968,0 2.06234755,41.27424592,0 2.0620966938765566,41.27349488607803,0 2.0618458435022458,41.27274385142803,0 2.061594998876812,41.27199281607795,0 2.06134416,41.27124178,0 2.0611186370459564,41.27047178843088,0 2.0608931193947706,41.26970179623182,0 2.060667607046199,41.26893180343079,0 2.0604421,41.26816181,0 2.060373254978766,41.26737399783198,0 2.060304411638408,41.266586185433276,0 2.060235569978846,41.2657983728319,0 2.06016673,41.26501056,0 2.0600911770365484,41.26416628538015,0 2.060015626048798,41.26332201049753,0 2.0599400770366487,41.262477735380095,0 2.05986453,41.26163346,0 2.0598357913317384,41.26078642781436,0 2.0598070534423445,41.2599393954098,0 2.059778316331778,41.25909236281428,0 2.05974958,41.25824533,0 2.059716116058024,41.25734339785467,0 2.0596826530773997,41.256441465463524,0 2.059649191058076,41.255539532854556,0 2.05961573,41.2546376,0 2.0595966616432437,41.25372997034688,0 2.059577593857679,41.25282234045314,0 2.0595585266432748,41.25191471034679,0 2.05953946,41.25100708,0 2.0595262693690706,41.25007688035896,0 2.0595130791587763,41.24914668046923,0 2.059499889369094,41.24821648035883,0 2.0594867,41.24728628,0 2.059462756369938,41.246320767889685,0 2.0594388134932795,41.24535525551021,0 2.0594148713699814,41.244389742889574,0 2.05939093,41.24342423,0 2.059351743129433,41.24242223292995,0 2.0593125575059608,41.24142023556386,0 2.0592733731295083,41.24041823792979,0 2.05923419,41.23941624,0 2.0592074536871388,41.238407002922685,0 2.059180718249553,41.23739776555417,0 2.0591539836871915,41.23638852792253,0 2.05912725,41.23537929,0 2.059081865257085,41.234336892966624,0 2.0590364820095086,41.23329449561274,0 2.0589911002571784,41.232252097966445,0 2.05894572,41.2312097,0 2.058908313148851,41.230174380450705,0 2.0588709075318525,41.229139060591514,0 2.0588335031489273,41.22810374045053,0 2.0587961,41.22706842,0 2.0587586156311057,41.2260254754557,0 2.0587211325081936,41.22498253059819,0 2.0586836506311834,41.22393958545554,0 2.05864617,41.22289664,0 2.058601367763093,41.22184410797071,0 2.05855656701752,41.220791575618186,0 2.058511767763187,41.219739042970524,0 2.05846697,41.21868651,0 2.0584047368582445,41.217610363014366,0 2.058342505811082,41.21653421567639,0 2.058280276858379,41.215458068014186,0 2.05821805,41.21438192,0 2.058174340265453,41.21330606048567,0 2.0581306320206676,41.2122302006381,0 2.058086925265549,41.21115434048547,0 2.05804322,41.21007848,0 2.057980011674412,41.208957535550354,0 2.057916805565982,41.20783659072434,0 2.0578536016745606,41.20671564555015,0 2.0577904,41.2055947,0 2.057739459799139,41.20447346552985,0 2.0576885213989327,41.203352230697,0 2.0576375847992603,41.202230995529625,0 2.05758665,41.20110976,0 2.0575486954302185,41.199972345525666,0 2.057510742240354,41.19883493069143,0 2.057472790430312,41.19769751552544,0 2.05743484,41.1965601,0 2.057379594377819,41.195363890597584,0 2.0573243508371917,41.19416768078729,0 2.0572691093779683,41.19297147059733,0 2.05721387,41.19177526,0 2.0571642171842033,41.19057985808708,0 2.0571145662456938,41.18938445577327,0 2.0570649171843374,41.18818905308683,0 2.05701527,41.18699365,0 2.056914776675546,41.185746173237014,0 2.0568142872342556,41.184498695973154,0 2.056713801675837,41.18325121823673,0 2.05661332,41.18200374,0 2.0563756115648473,41.180770976339524,0 2.0561379120869043,41.17953821177647,0 2.0559002215655093,41.178305446339195,0 2.05566254,41.17707268,0 2.055170207861153,41.17586396375497,0 2.054677893815724,41.17465524499697,0 2.054185597862433,41.173446523754514,0 2.05369332,41.1722378,0 2.0530316916774383,41.171048808786885,0 2.0523700872376605,41.16985981337276,0 2.051708506679052,41.1686708137863,0 2.05104695,41.16748181,0 2.0502855789868257,41.16637001056694,0 2.049524233650148,41.165258205746184,0 2.0487629139883965,41.16414639556632,0 2.04800162,41.16303458,0 2.047191317548632,41.16188284160268,0 2.0463810433993643,41.1607310971271,0 2.0455707975504147,41.15957934660197,0 2.04476058,41.15842759,0 2.0439581435905123,41.15729293642023,0 2.043155734788491,41.15615827688382,0 2.042353353592224,41.15502361141952,0 2.041551,41.15388894,0 2.0407562109197066,41.15273857627309,0 2.0399614495607756,41.15158820668762,0 2.0391667159214566,41.150437831272384,0 2.03837201,41.14928745,0 2.0375781984580486,41.14813658375135,0 2.036784414611898,41.146985711658644,0 2.035990658459799,41.14583483375064,0 2.03519693,41.14468395,0 2.034404855461684,41.143516681228114,0 2.0336128089501133,41.142349406627645,0 2.032820790463486,41.1411821262274,0 2.0320288,41.14001484,0 2.0312331434750557,41.13886678628318,0 2.03043751463457,41.13771872670108,0 2.029641913476799,41.13657066128248,0 2.02884634,41.13542259,0
                </coordinates>
            </LineString>
        </Placemark>
        

        <Placemark>
            <name>Route AEA38LZ</name>
            <Style>
                <LineStyle>
                    <color>ff00a5ff</color> <!-- naranja -->
                    <width>2</width>
                </LineStyle>
            </Style>
            <LineString>
                <tessellate>1</tessellate>
                <coordinates>
                    2.09465396,41.28922357,0 2.093960412693971,41.28899168879819,0 2.0932668702585957,41.28875980338828,0 2.092573332693923,41.28852791379813,0 2.0918798,41.28829602,0 2.0911082478979885,41.28802214279241,0 2.090336702197282,41.28774826038051,0 2.0895651628979337,41.28747437279229,0 2.08879363,41.28720048,0 2.0879624414844224,41.286908811537856,0 2.087131260312516,41.28661713704111,0 2.0863000864843513,41.286325456537725,0 2.08546892,41.28603377,0 2.0845929779368775,41.285730665032645,0 2.083717043915778,41.28542755336746,0 2.08284111793679,41.285124435032486,0 2.0819652,41.28482131,0 2.0810085573848527,41.284530919447114,0 2.080051923179698,41.28424052092008,0 2.0790952973846943,41.28395011444694,0 2.07813868,41.2836597,0 2.0772943010025484,41.28329512684867,0 2.0764499313367284,41.28293054745549,0 2.0756055710025443,41.28256596184851,0 2.07476122,41.28220137,0 2.073855340490056,41.28184897324102,0 2.072949470653372,41.28149656931193,0 2.0720436104900024,41.28114415824081,0 2.07113776,41.28079174,0 2.070224534883017,41.28042757841845,0 2.0693113198439934,41.28006340954851,0 2.068398114882973,41.27969923341824,0 2.06748492,41.27933505,0 2.066604440398326,41.27897026015613,0 2.0657239705310855,41.2786054635321,0 2.064843510398302,41.278240660155944,0 2.06396306,41.27787585,0 2.063175071960521,41.277372915709485,0 2.0623870959474915,41.27686997593654,0 2.0615991319607163,41.27636703070925,0 2.06081118,41.27586408,0 2.060173469648004,41.275249757980184,0 2.059535771197573,41.27463543229751,0 2.058898084648355,41.274021102979994,0 2.05826041,41.27340677,0 2.0578282589009187,41.27271724265872,0 2.057396116868125,41.272027713535586,0 2.056963983901269,41.271338182658596,0 2.05653186,41.27064865,0 2.056295947264349,41.26993219846179,0 2.0560600396859448,41.269215746273034,0 2.055824137264568,41.268499293461694,0 2.05558824,41.26778284,0 2.05542050407615,41.26701337313115,0 2.0552527721016545,41.26624390583219,0 2.055085044076332,41.26547443813108,0 2.05491732,41.26470497,0 2.0549348330609667,41.263940672753655,0 2.0549523457479437,41.263176375328875,0 2.0549698580609483,41.262412077753574,0 2.05498737,41.26164778,0 2.0550444969422146,41.26088228278939,0 2.0551016225895795,41.260116785376525,0 2.055158746942154,41.25935128778931,0 2.05521587,41.25858579,0 2.0552765596183495,41.25780048530573,0 2.0553372478244207,41.257015180398305,0 2.055397934618282,41.25622987530567,0 2.05545862,41.25544457,0 2.055506079169146,41.25464746279477,0 2.0555535372254923,41.25385035538368,0 2.055600994169092,41.253053247794696,0 2.05564845,41.25225614,0 2.055702471964379,41.25143437781744,0 2.055756492619128,41.25061261541391,0 2.0558105119643133,41.24979085281737,0 2.05586453,41.24896909,0 2.0559345675837895,41.24814056534561,0 2.0560046034449955,41.247312040451455,0 2.056074637583703,41.24648351534552,0 2.05614467,41.24565499,0 2.056183901496453,41.244781172832795,0 2.0562231319952353,41.24390735543435,0 2.0562623614963997,41.24303353783269,0 2.05630159,41.24215972,0 2.056350566900239,41.24127799284771,0 2.056399542533607,41.24039626545425,0 2.0564485169001707,41.239514537847604,0 2.05649749,41.23863281,0 2.056535781501982,41.23773187534871,0 2.0565740720026056,41.23683094045557,0 2.056612361501927,41.23593000534859,0 2.05665065,41.23502907,0 2.0566800036821933,41.23408862536813,0 2.056709356576227,41.23314818048142,0 2.0567387086821474,41.23220773536798,0 2.05676806,41.23126729,0 2.0567974411899197,41.23032117287135,0 2.0568268215865286,41.22937505548574,0 2.0568562011898734,41.22842893787122,0 2.05688558,41.22748282,0 2.056894610319325,41.22651577537717,0 2.0569036404257584,41.22554873049352,0 2.056912670319312,41.224581685377046,0 2.0569217,41.22361464,0 2.0569169821981603,41.22260400290896,0 2.0569122645975546,41.22159336553587,0 2.056907547198172,41.22058272790882,0 2.05690283,41.21957209,0 2.056899204745875,41.21855389041351,0 2.056895579661173,41.2175356905419,0 2.0568919547458844,41.216517490413324,0 2.05688833,41.21549929,0 2.0568866773300747,41.21445217293431,0 2.0568850247734374,41.213405055569666,0 2.0568833723300806,41.21235793793414,0 2.05688172,41.21131082,0 2.0568883827292956,41.21023704045385,0 2.0568950453057204,41.20916326059569,0 2.056901707729285,41.20808948045366,0 2.05690837,41.2070157,0 2.0569238556481477,41.20596423543691,0 2.0569393408641776,41.20491277057313,0 2.0569548256481194,41.20386130543676,0 2.05697031,41.20280984,0 2.0569702724014105,41.201731630455235,0 2.0569702348685497,41.20065342059754,0 2.0569701974014136,41.199575210455045,0 2.05697016,41.198497,0 2.0569524165270745,41.19741192296544,0 2.0569346737027936,41.19632684561113,0 2.056916931527116,41.195241767965236,0 2.05689919,41.19415669,0 2.0568856917387706,41.19307446545984,0 2.0568721939850487,41.19199224060366,0 2.0568586967388023,41.19091001545966,0 2.0568452,41.18982779,0 2.0568412322018057,41.188729865468034,0 2.0568372646024153,41.187631940614565,0 2.0568332972018175,41.18653401546783,0 2.05682933,41.18543609,0 2.0568273748080044,41.18435959794953,0 2.056825419744011,41.183283105589915,0 2.056823464808012,41.18220661294934,0 2.05682151,41.18113012,0 2.0567816979447815,41.18004753547754,0 2.056741887259767,41.178964950627254,0 2.0567020779448697,41.177882365477345,0 2.05666227,41.17679978,0 2.056616637663067,41.17571905548195,0 2.0565710068841567,41.174638330633144,0 2.056525377663168,41.17355760548176,0 2.05647975,41.17247688,0 2.0565503533293517,41.17140909799657,0 2.056620954439039,41.17034131565264,0 2.0566915533292076,41.169273532996385,0 2.05676215,41.16820575,0 2.0572172445243595,41.16713590057853,0 2.0576723243651998,41.16606604909514,0 2.0581273895234404,41.16499619557822,0 2.05858244,41.16392634,0 2.0589770522085686,41.16296200234418,0 2.059371652944326,41.16199766311606,0 2.0597662422079197,41.161033322343926,0 2.06016082,41.16006898,0 2.0609267749655364,41.15913411787885,0 2.0616927082866687,41.15819925049547,0 2.062458619964467,41.15726437787838,0 2.06322451,41.1563295,0 2.0641106488370253,41.15542547042371,0 2.0649967634486446,41.154521433888576,0 2.0658828538359413,41.153617390423165,0 2.06676892,41.15271334,0 2.067759027254298,41.151828407932356,0 2.068749108005009,41.15094346723335,0 2.069739162253216,41.15005851793169,0 2.07072919,41.14917356,0 2.0717848050891665,41.14833676963862,0 2.0728403934515915,41.14749996950835,0 2.073895955088221,41.14666315963793,0 2.07495149,41.14582634,0 2.076052798432072,41.14495732092741,0 2.0771540779087228,41.14408829122669,0 2.0782553284310126,41.14321925092665,0 2.07935655,41.1423502,0 2.0804637416768976,41.14147087859918,0 2.081570903901799,41.14059154645568,0 2.0826780366758006,41.13971220359838,0 2.08378514,41.13883285,0 2.084909842057522,41.1379597415998,0 2.0860345144093118,41.137086622123185,0 2.0871591570564463,41.136213491599,0 2.08828377,41.13534035,0 2.0894119362760017,41.13443618171501,0 2.0905400717005427,41.13353200227675,0 2.091668176274812,41.132627811714165,0 2.09279625,41.13172361,0 2.0939245059961578,41.13082491421327,0 2.0950527313274305,41.129926207274416,0 2.096180925994988,41.129027489212405,0 2.09730909,41.12812876,0 2.098440551895454,41.127214964313104,0 2.099571982526455,41.12630115740753,0 2.100703381894228,41.125387339312226,0 2.10183475,41.12447351,0
                </coordinates>
            </LineString>
        </Placemark>
        

        <Placemark>
            <name>Route RYR2889</name>
            <Style>
                <LineStyle>
                    <color>ff00a5ff</color> <!-- naranja -->
                    <width>2</width>
                </LineStyle>
            </Style>
            <LineString>
                <tessellate>1</tessellate>
                <coordinates>
                    2.09615728,41.2897167,0 2.0955407895370146,41.289521597479904,0 2.0949243027159934,41.28932649163056,0 2.0943078195369758,41.28913138247985,0 2.09369134,41.28893627,0 2.0929852369610784,41.288685724031026,0 2.09227913928141,41.288435173698694,0 2.0915730469610367,41.28818461903093,0 2.09086696,41.28793406,0 2.090085420862331,41.287676680488886,0 2.0893038878163934,41.28741929564251,0 2.088522360862259,41.287161905488794,0 2.08774084,41.28690451,0 2.086891843732815,41.286612414426166,0 2.0860428549770327,41.28632031255884,0 2.085193873732734,41.286028204426025,0 2.0843449,41.28573609,0 2.0834156563103248,41.28541185628809,0 2.0824864217470322,41.285087615041405,0 2.081557196310223,41.28476336628792,0 2.08062798,41.28443911,0 2.0797138343364945,41.28412217842427,0 2.0787996974485936,41.28380523955628,0 2.077885569336396,41.28348829342407,0 2.07697145,41.28317134,0 2.076038788298365,41.282836243873945,0 2.075106136064426,41.28250114015586,0 2.0741734932982734,41.282166028873746,0 2.07324086,41.28183091,0 2.072352333826638,41.281492320331886,0 2.071463816768811,41.281153723766465,0 2.070575308826579,41.28081512033171,0 2.06968681,41.28047651,0 2.0688787905970156,41.28001681860592,0 2.0680707824627738,41.27955712146514,0 2.067262785597145,41.27909741860573,0 2.0664548,41.27863771,0 2.0656872942682085,41.27811595030475,0 2.0649198006910954,41.27759418539689,0 2.0641523192684343,41.2770724153045,0 2.06338485,41.27655064,0 2.0627767280545886,41.27593923249953,0 2.062168617406344,41.27532782165664,0 2.061560518054928,41.27471640749936,0 2.06095243,41.27410499,0 2.0604945207323278,41.273422117953984,0 2.0600366209766765,41.27273924392927,0 2.0595787307326874,41.27205636795386,0 2.05912085,41.27137349,0 2.0587863964145776,41.27064807920226,0 2.0584519502196446,41.26992266726032,0 2.058117511414889,41.269197254202155,0 2.05778308,41.26847184,0 2.0575150303675103,41.26768647121501,0 2.0572469871568795,41.26690110161064,0 2.056978950367809,41.266115731214896,0 2.05671092,41.26533036,0 2.0566021034327124,41.264520225440364,0 2.0564932895770385,41.263710090577824,0 2.0563844784328453,41.26289995544028,0 2.05627567,41.26208982,0 2.0562386634637284,41.26121552284008,0 2.056201657951673,41.260341225444094,0 2.0561646534637816,41.259466927839995,0 2.05612765,41.25859263,0 2.0561294500071385,41.25770334532861,0 2.056131250009518,41.25681406042878,0 2.056133050007138,41.255924775328495,0 2.05613485,41.25503549,0 2.05612537203379,41.25411715034999,0 2.056115894378398,41.2531988104573,0 2.0561064170338073,41.252280470349895,0 2.05609694,41.25136213,0 2.056093344772792,41.25042212286304,0 2.056089749697061,41.2494821154747,0 2.0560861547728,41.24854210786293,0 2.05608256,41.2476021,0 2.0560991231412564,41.246651707871294,0 2.0561156858549916,41.245701315485654,0 2.056132248141231,41.24475092287115,0 2.05614881,41.24380053,0 2.056154940193917,41.24281727289229,0 2.056161070258551,41.241834015513646,0 2.056167200193909,41.24085075789213,0 2.05617333,41.2398675,0 2.056188713119812,41.2388617729099,0 2.056204095826399,41.23785604553712,0 2.0562194781197864,41.23685031790975,0 2.05623486,41.23584459,0 2.056250940663535,41.234817725425266,0 2.0562670208846945,41.233790860557605,0 2.0562831006635065,41.23276399542512,0 2.05629918,41.23173713,0 2.0563089103623415,41.230726732910234,0 2.0563186404831115,41.22971633553755,0 2.056328370362326,41.22870593791007,0 2.0563381,41.22769554,0 2.0563414025664626,41.22666213042635,0 2.056344705088614,41.22562872055905,0 2.056348007566459,41.2245953104262,0 2.05635131,41.2235619,0 2.0563693332436888,41.22255090041099,0 2.0563873559915637,41.221539900538545,0 2.0564053782436575,41.22052890041083,0 2.0564234,41.2195179,0 2.056429515196792,41.218501150411775,0 2.056435630262383,41.21748440053961,0 2.056441745196783,41.216467650411616,0 2.05644786,41.2154509,0 2.0564523801234365,41.21442260291949,0 2.0564569001645774,41.2133943055499,0 2.0564614201234304,41.21236600791932,0 2.05646594,41.21133771,0 2.0564738077786346,41.21031622291357,0 2.0564816753715047,41.209294735541974,0 2.0564895427786225,41.208273247913404,0 2.05649741,41.20725176,0 2.0564989824852833,41.20622016792005,0 2.0565005549803774,41.20518857555065,0 2.056502127485283,41.20415698291989,0 2.0565037,41.20312539,0 2.0564974046029643,41.20206463294274,0 2.0564911094706297,41.20100387558088,0 2.056484814602981,41.19994311794257,0 2.05647852,41.19888236,0 2.056486495287566,41.1978396979266,0 2.0564944703834125,41.19679703555936,0 2.0565024452875527,41.195754372926444,0 2.05651042,41.19471171,0 2.056515985174313,41.19365654543497,0 2.0565215502324117,41.19260138057051,0 2.0565271151743048,41.19154621543479,0 2.05653268,41.19049105,0 2.056526647104956,41.18940648795807,0 2.0565206144732855,41.1883219256013,0 2.056514582104972,41.187237362957866,0 2.05650855,41.1861528,0 2.0564666153528828,41.18507629047656,0 2.056424682137238,41.183999780625946,0 2.056382750352975,41.182923270476365,0 2.05634082,41.18184676,0 2.0561711210371025,41.180698105898344,0 2.0560014280497447,41.17954945118829,0 2.0558317410375144,41.1784007958981,0 2.05566206,41.17725214,0 2.055167895324662,41.176156711179054,0 2.0546737471002468,41.17506127989583,0 2.054179615325708,41.17396584617869,0 2.0536855,41.17287041,0 2.053290994895316,41.171753625037,0 2.0528965031943436,41.17063683837309,0 2.052502024896199,41.169520050036674,0 2.05210756,41.16840326,0 2.0514132696209653,41.16728367180119,0 2.0507190028289393,41.16616407905856,0 2.0500247596224437,41.16504448180065,0 2.04933054,41.16392488,0 2.0485490464950717,41.16284165094579,0 2.0477675786611047,41.16175841625131,0 2.0469861364965847,41.16067517594518,0 2.04620472,41.15959193,0 2.0453887708751846,41.1584702066944,0 2.044572849501373,41.15734847724941,0 2.043756955876875,41.156226741693715,0 2.04294109,41.155105,0 2.042133143891815,41.15398610652076,0 2.041325225190199,41.152867207017884,0 2.040517333893483,41.15174830152008,0 2.03970947,41.15062939,0 2.038916039566356,41.14950864621766,0 2.038122636089575,41.14838789661376,0 2.037329259568006,41.14726714121699,0 2.03653591,41.14614638,0 2.0357483067489897,41.14500841361078,0 2.034960730666451,41.143870441471236,0 2.034173181750686,41.14273246361011,0 2.03338566,41.14159448,0 2.0325912009340463,41.140443628761545,0 2.0317967695798957,41.13929277167225,0 2.031002365935797,41.13814190876086,0 2.03020799,41.13699104,0 2.0294039756235773,41.13584516145426,0 2.028599989165936,41.1346992769292,0 2.027796030625327,41.133553386453556,0 2.0269921,41.13240749,0 2.0262171374179214,41.13126954834769,0 2.0254422015583446,41.13013160112046,0 2.024667292419595,41.128993648347034,0 2.02389241,41.12785569,0 2.0231093290455964,41.126704886021805,0 2.0223262753952813,41.12555407635259,0 2.0215432490473253,41.124403261021115,0 2.02076025,41.12325244,0 2.0199691331132588,41.122087243697315,0 2.019178044152206,41.120922041586574,0 2.0183869831150503,41.1197568336966,0 2.01759595,41.11859162,0 2.0167987653844235,41.117428783818816,0 2.0160016088470942,41.11626594174859,0 2.0152044803862177,41.1151030938181,0 2.01440738,41.11394024,0
                </coordinates>
            </LineString>
        </Placemark>
        

        <Placemark>
            <name>Route VLG200Z</name>
            <Style>
                <LineStyle>
                    <color>ff00a5ff</color> <!-- naranja -->
                    <width>2</width>
                </LineStyle>
            </Style>
            <LineString>
                <tessellate>1</tessellate>
                <coordinates>
                    2.09699068,41.29017319,0 2.096355228698248,41.28995492279312,0 2.095719781597641,41.28973665204819,0 2.095084338698214,41.289518377793065,0 2.0944489,41.2893001,0 2.0937644372121644,41.2890497361405,0 2.093079979616197,41.28879936817801,0 2.0923955272121306,41.28854899614043,0 2.09171108,41.28829862,0 2.09091806993522,41.28801930322963,0 2.090125066580253,41.28773998096348,0 2.089332069935159,41.287460653229516,0 2.08853908,41.28718132,0 2.0876514472411576,41.286864995304704,0 2.0867638229881553,41.28654866373021,0 2.0858762072410757,41.28623232530453,0 2.0849886,41.28591598,0 2.08403677052491,41.285581289343064,0 2.083084950699809,41.28524659078135,0 2.0821331405248036,41.28491188434287,0 2.08118134,41.28457717,0 2.0802585418744224,41.28426408862921,0 2.079335752499158,41.28395099982957,0 2.078412971874314,41.28363790362904,0 2.0774902,41.2833248,0 2.0765449110547394,41.28300009417807,0 2.075599631406244,41.28267538056137,0 2.0746543610546264,41.282350659177894,0 2.0737091,41.28202593,0 2.0728150375722145,41.281719970449025,0 2.0719209834295556,41.281414003922656,0 2.0710269375721184,41.28110803044887,0 2.0701329,41.28080205,0 2.0692075305012705,41.2804572862011,0 2.068282170668311,41.28011251492538,0 2.067356820501195,41.2797677362009,0 2.06643148,41.27942295,0 2.0655687682206474,41.27899536727846,0 2.064706067627573,41.2785677780285,0 2.0638433782207124,41.27814018227822,0 2.0629807,41.27771258,0 2.062336456884058,41.27718045304807,0 2.0616922241789055,41.27664832238804,0 2.0610480018843,41.27611618804791,0 2.06040379,41.27558405,0 2.059751937124793,41.27498219821068,0 2.059100096166616,41.27438034260483,0 2.0584482671251303,41.27377848321049,0 2.05779645,41.27317662,0 2.0573707714295866,41.2724781475914,0 2.0569451019063525,41.27177967344585,0 2.056519441429942,41.27108119759128,0 2.05609379,41.27038272,0 2.0558785967804165,41.26954945591093,0 2.055663409040737,41.2687161912052,0 2.055448226780689,41.26788292591082,0 2.05523305,41.26704966,0 2.055046151186689,41.26631278320118,0 2.054859256582375,41.26557590592556,0 2.0546723661868738,41.264839028201095,0 2.05448548,41.26410215,0 2.054411419614156,41.26326336287335,0 2.0543373611522724,41.262424575488446,0 2.054263304614253,41.26158578787325,0 2.05418925,41.260747,0 2.0541426105852585,41.259874657849764,0 2.0540959724470556,41.259002315456996,0 2.0540493355853253,41.25812997284967,0 2.0540027,41.25725763,0 2.0539895344033536,41.25637043533043,0 2.0539763692044857,41.255483240431204,0 2.0539632044033747,41.25459604533033,0 2.05395004,41.25370885,0 2.0539504174470977,41.25279784034265,0 2.053950794929465,41.25188683044748,0 2.0539511724470993,41.25097582034253,0 2.05395155,41.25006481,0 2.053960030292568,41.24911263037117,0 2.0539685103900833,41.24816045048552,0 2.0539769902925564,41.24720827037107,0 2.05398547,41.24625609,0 2.054034554551836,41.24530391039704,0 2.0540836377357286,41.24435173052001,0 2.054132719551756,41.243399550396894,0 2.0541818,41.24244737,0 2.054201465822605,41.241432960418614,0 2.0542211310967837,41.24041855054875,0 2.0542407958225706,41.239404140418465,0 2.05426046,41.23838973,0 2.0542927889395344,41.23735023294426,0 2.054325116919338,41.23631073558294,0 2.054357443939473,41.23527123794412,0 2.05438977,41.23423174,0 2.0544414448669097,41.23318639296696,0 2.0544931181558126,41.23214104561319,0 2.054544789866809,41.23109569796678,0 2.05459646,41.23005035,0 2.054642694675553,41.22896990548726,0 2.054688927900673,41.22788946064025,0 2.054735159675457,41.22680901548708,0 2.05478139,41.22572857,0 2.0548299897635363,41.22466187547786,0 2.0548785880179823,41.22359518062769,0 2.0549271847634376,41.222528485477646,0 2.05497578,41.22146179,0 2.0550218696495017,41.22039091047719,0 2.055067957865939,41.21932003062683,0 2.0551140446494074,41.21824915047702,0 2.05516013,41.21717827,0 2.0552045145469724,41.21611782546605,0 2.0552488977292374,41.21505738061197,0 2.0552932795468837,41.21399693546587,0 2.05533766,41.21293649,0 2.0553835396064013,41.21188252796154,0 2.0554294178084747,41.210828565605944,0 2.0554752946063104,41.209774602961346,0 2.05552117,41.20872064,0 2.0555652795763555,41.207636562982174,0 2.0556093877684125,41.20655248563345,0 2.0556534945762635,41.20546840798199,0 2.0556976,41.20438433,0 2.055740127015974,41.20329004548753,0 2.0557826526879057,41.20219576064058,0 2.055825177015884,41.20110147548732,0 2.0558677,41.20000719,0 2.055910094564078,41.198881358011725,0 2.0559524877520405,41.19775552567285,0 2.0559948795639826,41.196629693011516,0 2.05603727,41.19550386,0 2.0561287039763094,41.19402473729187,0 2.05622013397619,41.19254561395837,0 2.05631156,41.19106649,0 2.0563584999096807,41.189882083063,0 2.05640543821283,41.18869767574118,0 2.0564523749095645,41.18751326806276,0 2.05649931,41.18632886,0 2.0565225986425726,41.185137510548614,0 2.0565458865233928,41.18394616072196,0 2.0565691736425165,41.18275481054833,0 2.05659246,41.18156346,0 2.0565018998093,41.180332193194594,0 2.0564113430792372,41.17910092591657,0 2.056320789809556,41.177869658194304,0 2.05623024,41.17663839,0 2.055863704549836,41.17541705735132,0 2.055497182733773,41.17419572312549,0 2.055130674550824,41.172974387350926,0 2.05476418,41.17175305,0 2.0541139951486227,41.17057596358017,0 2.0534638335325344,41.169398873097194,0 2.0528136951501788,41.16822177857962,0 2.05216358,41.16704468,0 2.0514078229358312,41.165894207990206,0 2.050652092248896,41.16474373064384,0 2.049896387937513,41.16359324798957,0 2.04914071,41.16244276,0 2.048352429675655,41.16131817111994,0 2.0475641762353103,41.16019357648345,0 2.0467759496773104,41.15906897611926,0 2.04598775,41.15794437,0 2.045181765923445,41.15681012899437,0 2.044375809565737,41.1556758819827,0 2.043569880925161,41.15454162899368,0 2.04276398,41.15340737,0 2.041961153631002,41.15227421392533,0 2.0411583548424734,41.151141051890626,0 2.0403555836327083,41.150007883924644,0 2.03955284,41.14887471,0 2.0387448759201074,41.147742844030155,0 2.037936939561284,41.146610972030395,0 2.037129030921818,41.145479094029454,0 2.03632115,41.14434721,0 2.035507502026338,41.143185489174755,0 2.0346938827029977,41.142023762223154,0 2.0338802920281593,41.140862029173995,0 2.03306673,41.13970029,0 2.032250756921548,41.138538886721804,0 2.0314348125632806,41.13737747728589,0 2.0306188969233725,41.13621606172106,0 2.02980301,41.13505464,0 2.0289866994587213,41.133894556725785,0 2.028170417612842,41.13273446729121,0 2.0273541644605406,41.13157437172505,0 2.02653794,41.13041427,0
                </coordinates>
            </LineString>
        </Placemark>
        

        <Placemark>
            <name>Route VLG57RJ</name>
            <Style>
                <LineStyle>
                    <color>ff00a5ff</color> <!-- naranja -->
                    <width>2</width>
                </LineStyle>
            </Style>
            <LineString>
                <tessellate>1</tessellate>
                <coordinates>
                    2.09669653,41.28997739,0 2.0960839637917905,41.28975437992361,0 2.0954714017223712,41.28953136655551,0 2.0948588437917666,41.28930834992358,0 2.09424629,41.28908533,0 2.0935044168689507,41.28884404720064,0 2.0927625491585586,41.288602759591505,0 2.0920206868688873,41.288361467200545,0 2.09127883,41.28812017,0 2.090467724494772,41.287835131108,0 2.089656625992986,41.287550086467945,0 2.088845534494707,41.28726503610787,0 2.08803445,41.28697998,0 2.0871549956659914,41.286683790110544,0 2.086275549221258,41.28638759347135,0 2.085396110665895,41.28609139011039,0 2.08451668,41.28579518,0 2.0835689430979323,41.285460744242066,0 2.0826212157971735,41.285126300646674,0 2.0816734980978286,41.28479184924187,0 2.08072579,41.28445739,0 2.0798350723928665,41.284145880373785,0 2.07894436319043,41.28383436382232,0 2.078053662392778,41.28352284037362,0 2.07716297,41.28321131,0 2.0762373281576734,41.28287035870675,0 2.0753116958768443,41.28252939993294,0 2.074386073157594,41.28218843370656,0 2.07346046,41.28184746,0 2.072580472214127,41.28152772012954,0 2.07170049295212,41.28120797349668,0 2.0708205222140537,41.280888220129384,0 2.06994056,41.28056846,0 2.069086109938024,41.280180829578725,0 2.068231669917377,41.279793192762234,0 2.0673772399380415,41.27940554957855,0 2.06652282,41.2790179,0 2.065857910515484,41.27845717841399,0 2.0651930123541664,41.27789645287591,0 2.0645281255157655,41.277335723413806,0 2.06386325,41.27677499,0 2.063274521937271,41.276194944681535,0 2.06268580424989,41.27561489623265,0 2.062097096937564,41.27503484468137,0 2.0615084,41.27445479,0 2.0610667158507865,41.27375287527479,0 2.0606250411346285,41.27305095869034,0 2.0601833758511567,41.27234904027464,0 2.05974172,41.27164712,0 2.0594967688337134,41.27087432105247,0 2.059251823445128,41.27010152139392,0 2.059006883833978,41.269328721052375,0 2.05876195,41.26855592,0 2.058624674912286,41.267750410530944,0 2.058487403216491,41.26694490069857,0 2.0583501349124504,41.266139390530846,0 2.05821287,41.26533388,0 2.058120736360126,41.26448047792354,0 2.0580286051469177,41.26362707555538,0 2.05793647636025,41.262773672923444,0 2.05784435,41.26192027,0 2.057784067555585,41.26105232286709,0 2.057723786740837,41.2601843754801,0 2.0576635075556706,41.25931642786699,0 2.05760323,41.25844848,0 2.0575845691830317,41.25756353033184,0 2.057565908910728,41.256678580433096,0 2.0575472491830604,41.255793630331745,0 2.05752859,41.25490868,0 2.057522524679765,41.25399877034313,0 2.057516459573027,41.25308886044815,0 2.0575103946797757,41.25217895034304,0 2.05750433,41.25126904,0 2.057522325682996,41.25034880285122,0 2.057540320910645,41.24942856545892,0 2.0575583156829707,41.2485083278511,0 2.05757631,41.24758809,0 2.057601906025375,41.246643880370954,0 2.05762750136714,41.24569967048524,0 2.057653096025335,41.24475546037083,0 2.05767869,41.24381125,0 2.0576982632940624,41.242829275394534,0 2.0577178360587283,41.24184730051667,0 2.05773740829403,41.24086532539439,0 2.05775698,41.23988335,0 2.057783108611265,41.238877480414736,0 2.0578092364816567,41.23787161054359,0 2.0578353636112197,41.2368657404146,0 2.05786149,41.23585987,0 2.0578918138287596,41.23483278043261,0 2.0579221367716416,41.23380569056741,0 2.0579524588287033,41.23277860043246,0 2.05798278,41.23175151,0 2.058010606233556,41.23070459794531,0 2.058038431644706,41.22965768558431,0 2.058066256233503,41.22861077294513,0 2.05809408,41.22756386,0 2.058123243783169,41.22652902043577,0 2.0581524067108554,41.225494180571594,0 2.058181568783114,41.2244593404356,0 2.05821073,41.2234245,0 2.0582245338112437,41.22202000051787,0 2.058238337144563,41.220615500517724,0 2.05825214,41.219211,0 2.05825211740484,41.21814981544605,0 2.0582520948731218,41.217088630585316,0 2.058252072404843,41.21602744544588,0 2.05825205,41.21496626,0 2.0582519849040297,41.2139119429396,0 2.0582519198720415,41.21285762557669,0 2.0582518549040327,41.21180330793941,0 2.05825179,41.21074899,0 2.0582353241114664,41.2096876379492,0 2.058218858815313,41.2086262855895,0 2.058202394111503,41.20756493294904,0 2.05818593,41.20650358,0 2.058173499310294,41.20544769044195,0 2.0581610690804113,41.204391800579806,0 2.0581486393103225,41.20333591044175,0 2.05813621,41.20228002,0 2.0581123887493145,41.20121266295631,0 2.058088568332455,41.20014530559898,0 2.0580647487493677,41.19907794795615,0 2.05804093,41.19801059,0 2.05801192597767,41.19692959547005,0 2.05798292297027,41.19584860061728,0 2.0579539209777353,41.19476760546985,0 2.05792492,41.19368661,0 2.0578916857800458,41.19261150796808,0 2.0578584527067765,41.19153640561464,0 2.0578252207801193,41.190461302967876,0 2.05779199,41.1893862,0 2.057755465597921,41.188299335479556,0 2.0577189424639486,41.18721247062994,0 2.057682420598003,41.186125605479354,0 2.0576459,41.18503874,0 2.057605292903824,41.18395544548005,0 2.057564687205159,41.18287215063061,0 2.0575240829039148,41.18178885547986,0 2.05748348,41.18070556,0 2.057443440436523,41.179624517976464,0 2.0574034022487564,41.17854347562583,0 2.0573633654366117,41.17746243297626,0 2.05732333,41.17638139,0 2.0572895957478816,41.17530123546794,0 2.0572558626638924,41.174221080614466,0 2.057222130747957,41.17314092546777,0 2.0571884,41.17206077,0 2.0571588384520703,41.170980145463325,0 2.0571292779361383,41.1698995206083,0 2.057099718452137,41.16881889546313,0 2.05707016,41.16773827,0 2.057103666564879,41.16664438546922,0 2.0571371720864584,41.16555050061615,0 2.057170676564809,41.16445661546901,0 2.05720418,41.16336273,0 2.0573963818969814,41.16227486341132,0 2.057588577529035,41.1611869962056,0 2.0577807668965704,41.1600991284111,0 2.05797295,41.15901126,0 2.058376719778285,41.157927395020046,0 2.058780476370485,41.1568435283505,0 2.059184219777442,41.15575966001972,0 2.05958795,41.15467579,0 2.060187071146965,41.153619682519114,0 2.0607861731951895,41.15256357168254,0 2.061385256145819,41.15150745751871,0 2.06198432,41.15045134,0 2.0626822103849625,41.14941108665801,0 2.0633800788457743,41.148370828867655,0 2.0640779253836996,41.1473305666575,0 2.06477575,41.1462903,0 2.0655162195864434,41.14525925494031,0 2.0662566661143926,41.1442282049107,0 2.0669970895851453,41.14319714993979,0 2.06773749,41.14216609,0 2.0684876182496468,41.141113937638565,0 2.0692377226652816,41.14006178017504,0 2.0699878032482757,41.13900961763802,0 2.07073786,41.13795745,0 2.071487002774198,41.13691783760969,0 2.072236122031375,41.135878220136526,0 2.0729852177728643,41.13483859760914,0 2.07373429,41.13379897,0
                </coordinates>
            </LineString>
        </Placemark>
        

        <Placemark>
            <name>Route RYR63PB</name>
            <Style>
                <LineStyle>
                    <color>ff00a5ff</color> <!-- naranja -->
                    <width>2</width>
                </LineStyle>
            </Style>
            <LineString>
                <tessellate>1</tessellate>
                <coordinates>
                    2.09539339,41.2894665,0 2.0947402839311726,41.289261903085084,0 2.0940871819081988,41.289057302437456,0 2.0934340839311254,41.28885269808503,0 2.09278099,41.28864809,0 2.0920232756593706,41.28837681251707,0 2.091265567545794,41.288105530013446,0 2.0905078656593203,41.28783424251699,0 2.08975017,41.28756295,0 2.0889053313228945,41.28727176683462,0 2.0880605000971406,41.28698057743679,0 2.0872156763228156,41.28668938183447,0 2.08637086,41.28639818,0 2.0854367242751106,41.28608654140223,0 2.084502597366735,41.28577489519358,0 2.083568479274992,41.285463241402056,0 2.08263437,41.28515158,0 2.0816789562093843,41.28483384192573,0 2.0807235516124267,41.284516095891554,0 2.079768156209256,41.28419834192553,0 2.07881277,41.28388058,0 2.077883674409794,41.283511443800336,0 2.0769545892130266,41.2831423000577,0 2.076025514409746,41.28277314880013,0 2.07509645,41.28240399,0 2.074139495517927,41.28207090946875,0 2.073182550690494,41.28173782094892,0 2.0722256155178145,41.281404724468544,0 2.07126869,41.28107162,0 2.0703130187746157,41.28069809445143,0 2.0693573583661142,41.280324560925806,0 2.068401708774555,41.27995101945119,0 2.06744607,41.27957747,0 2.0665857805709544,41.27914487722644,0 2.0657255024279877,41.27871227795916,0 2.0648652355710273,41.27827967222621,0 2.06400498,41.27784706,0 2.063209010225351,41.27730138589419,0 2.062413053633974,41.27675570618282,0 2.0616171102256096,41.27621002089395,0 2.06082118,41.27566433,0 2.0601263364393403,41.27507791895534,0 2.059431505252668,41.27449150359771,0 2.058736686439662,41.273905083955135,0 2.05804188,41.27331866,0 2.0574562337559668,41.27261669470048,0 2.056870600008262,41.2719147262579,0 2.056284978756427,41.27121275470028,0 2.05569937,41.27051078,0 2.055244162312156,41.26977965044928,0 2.054788964749817,41.26904851892299,0 2.0543337773125705,41.26831738544914,0 2.0538786,41.26758625,0 2.053625288399654,41.26680129361377,0 2.053371982866394,41.26601633647565,0 2.0531186833999366,41.26523137861365,0 2.05286539,41.26444642,0 2.0527198193317457,41.263599823087674,0 2.0525742524424553,41.2627532257742,0 2.0524286893319377,41.261906628087566,0 2.05228313,41.26106003,0 2.052243845919282,41.26020928282677,0 2.052204562892412,41.259358535426344,0 2.052165280919336,41.25850778782669,0 2.052126,41.25765704,0 2.052156841182414,41.25676851033783,0 2.0521876815765236,41.25587998044106,0 2.052218521182371,41.2549914503377,0 2.05224936,41.25410292,0 2.0523204278564853,41.25319905289727,0 2.0523914938085777,41.25229518552033,0 2.052462557856381,41.25139131789717,0 2.05253362,41.25048745,0 2.0526526575394755,41.249543730538136,0 2.0527716917191725,41.24860001070811,0 2.052890722539283,41.247656290537996,0 2.05300975,41.24671257,0 2.0531570562824775,41.24576436813557,0 2.0533043583764767,41.24481616583801,0 2.0534516562822374,41.24386796313542,0 2.05359895,41.24291976,0 2.0537763603633343,41.2415956007255,0 2.0539537636964793,41.24027144072537,0 2.05413116,41.23894728,0 2.054241172506761,41.23792990556324,0 2.0543511816755444,41.23691253074157,0 2.054461187506555,41.235895155563064,0 2.05457119,41.23487778,0 2.0546733372019403,41.23384703055154,0 2.054775481269123,41.23281628072595,0 2.054877622201744,41.23178553055137,0 2.05497976,41.23075478,0 2.055067769083978,41.22971213302618,0 2.0551557754451895,41.228669485692144,0 2.055243779083806,41.227626838026,0 2.05533178,41.22658419,0 2.055394025396844,41.22552828298779,0 2.055456268862376,41.224472375640964,0 2.0555185103967193,41.22341646798762,0 2.05558075,41.22236056,0 2.0556250995381924,41.221304057964254,0 2.0556694477175315,41.22024755560956,0 2.0557137945381045,41.21919105296406,0 2.05575814,41.21813455,0 2.0557902539538397,41.21707514795453,0 2.055822366938411,41.216015745596614,0 2.0558544789537767,41.21495634295435,0 2.05588659,41.21389694,0 2.0559073534116714,41.21283136045166,0 2.055928116215535,41.21176578059278,0 2.0559488784116313,41.21070020045147,0 2.05596964,41.20963462,0 2.0559911859580575,41.208558307959365,0 2.056012731277382,41.20748199560303,0 2.0560342759580155,41.20640568295916,0 2.05605582,41.20532937,0 2.0560783385004924,41.20425899045399,0 2.0561008563339604,41.20318861059589,0 2.056123373500448,41.20211823045382,0 2.05614589,41.20104785,0 2.0561633932638514,41.199965337960336,0 2.0561808960184456,41.19888282560435,0 2.056198398263817,41.197800312960176,0 2.0562159,41.1967178,0 2.056220482629137,41.195594982989334,0 2.056225065172178,41.19447216564298,0 2.0562296476291295,41.19334934798911,0 2.05623423,41.19222653,0 2.0562605511885,41.191152767955224,0 2.0562868715846316,41.19007900559751,0 2.056313191188448,41.18900524295504,0 2.05633951,41.18793148,0 2.0563308294698364,41.186838687964666,0 2.05632214929313,41.1857458956101,0 2.056313469469859,41.184653102964475,0 2.05630479,41.18356031,0 2.056213462870288,41.18246818057867,0 2.056122138827185,41.18137605076208,0 2.05603081787049,41.180283920578475,0 2.0559395,41.17919179,0 2.055565196559462,41.1781124798044,0 2.055190905413138,41.177033168063,0 2.0548166265602448,41.1759538548041,0 2.05444236,41.17487454,0 2.0540586220044963,41.173846634855856,0 2.053674896006479,41.172818728131645,0 2.0532911820052218,41.171790819855595,0 2.05290748,41.17076291,0 2.0523754400030376,41.16973142413267,0 2.051843416671374,41.16869993550068,0 2.0513114100040237,41.16766844413232,0 2.05077942,41.16663695,0 2.050242851365455,41.16556760922506,0 2.0497063001546545,41.16449826562384,0 2.0491697663665267,41.163428919224685,0 2.04863325,41.16235957,0 2.047914721949423,41.161348317155664,0 2.0471962159333748,41.16033705953122,0 2.0464777319506395,41.15932579715517,0 2.04575927,41.15831453,0 2.045003591276074,41.15726051290236,0 2.0442479367023565,41.156206490526785,0 2.0434923062774604,41.155152462901796,0 2.0427367,41.15409843,0 2.0419813858747493,41.15303213040378,0 2.0412260961672803,41.15196582552863,0 2.0404708308761714,41.150899515403204,0 2.03971559,41.1498332,0 2.038942535851662,41.14871952829543,0 2.038169507803279,41.147605851050805,0 2.0373965058532564,41.146492168294806,0 2.03662353,41.14537848,0 2.035850554012642,41.144283303276374,0 2.0350776036845466,41.143188121025396,0 2.034304679014178,41.14209293327575,0 2.03353178,41.14099774,0 2.032722305164345,41.13984723657498,0 2.0319128585536443,41.13869672709013,0 2.0311034401661208,41.13754621157424,0 2.03029405,41.13639569,0 2.0294848777858383,41.13524789906423,0 2.0286757337156276,41.134100102075806,0 2.0278666177876037,41.132952299063525,0 2.02705753,41.13180449,0 2.0262369467040857,41.13064349181624,0 2.025416392273334,41.129482487411785,0 2.024595866705916,41.12832147681549,0 2.02377537,41.12716046,0 2.0229587601221586,41.1260183592129,0 2.0221421784973836,41.12487625227402,0 2.0213256251239162,41.123734139212175,0 2.0205091,41.12259202,0
                </coordinates>
            </LineString>
        </Placemark>
        

        <Placemark>
            <name>Route EWG81R</name>
            <Style>
                <LineStyle>
                    <color>ff00a5ff</color> <!-- naranja -->
                    <width>2</width>
                </LineStyle>
            </Style>
            <LineString>
                <tessellate>1</tessellate>
                <coordinates>
                    2.09544914,41.28944779,0 2.0947449173168042,41.289207653993934,0 2.0940406997557073,41.28896751364925,0 2.0933364873167566,41.28872736899386,0 2.09263228,41.28848722,0 2.092023248054504,41.288271888478285,0 2.0914142200817283,41.28805655370346,0 2.0908051960817007,41.287841215703416,0 2.0901961760544494,41.28762587447819,0 2.08958716,41.28741053,0 2.088720200746551,41.28711214232821,0 2.0878532493286768,41.2868137480949,0 2.0869863057464646,41.28651534732806,0 2.08611937,41.28621694,0 2.0852163797268166,41.28590560315972,0 2.0843133979690243,41.28559425920355,0 2.0834104247267193,41.28528290815954,0 2.08250746,41.28497155,0 2.0815527747377223,41.284677189399886,0 2.080598097983528,41.28438282085711,0 2.07964342973757,41.2840884443997,0 2.07868877,41.28379406,0 2.077805349194976,41.28346267521237,0 2.0769219372599266,41.2831312836071,0 2.0760385341949132,41.2827998852122,0 2.07515514,41.28246848,0 2.0742638148192505,41.282155365388036,0 2.0733724980922754,41.28184224384133,0 2.072481189819163,41.28152911538787,0 2.07158989,41.28121598,0 2.07076357140169,41.280854066455596,0 2.0699372618689202,41.28049214693141,0 2.069110961401691,41.28013022145543,0 2.06828467,41.27976829,0 2.067587910673033,41.279238021463044,0 2.0668911625642052,41.27870774860797,0 2.0661944256732743,41.278177471462854,0 2.0654977,41.27764719,0 2.06501863898101,41.27702849567779,0 2.064539586974879,41.27640979922768,0 2.064060543981309,41.27579110067765,0 2.06358151,41.2751724,0 2.0631723470189574,41.274477444910275,0 2.06276319269217,41.27378248820432,0 2.0623540470192974,41.27308752991013,0 2.06194491,41.27239257,0 2.0617261801265556,41.2716565758711,0 2.0615074551688846,41.270920581152126,0 2.061288735126771,41.27018458587102,0 2.06107002,41.26944859,0 2.060902234027005,41.26867314813541,0 2.0607344520361304,41.26789770583788,0 2.0605666740271906,41.26712226313534,0 2.0603989,41.26634682,0 2.0603086666425923,41.26554265538749,0 2.0602184355235287,41.26473849050732,0 2.0601282066427005,41.263934325387424,0 2.06003798,41.26313016,0 2.059924516147786,41.2620309504543,0 2.05981105614787,41.26093174045424,0 2.0596976,41.25983253,0 2.0596352775014215,41.25897350786425,0 2.0595729566686196,41.25811448547632,0 2.0595106375015075,41.25725546286416,0 2.05944832,41.25639644,0 2.0594154586279427,41.255521910335176,0 2.0593825981706226,41.25464738043755,0 2.0593497386279904,41.253772850335075,0 2.05931688,41.25289832,0 2.059290896344318,41.251980660358136,0 2.059264913459119,41.25106300046816,0 2.0592389313443604,41.25014534035803,0 2.05921295,41.24922768,0 2.0592079072145535,41.248298807855,0 2.0592028646194116,41.24736993546397,0 2.0591978222145637,41.246441062854885,0 2.05919278,41.24551219,0 2.0591944474945905,41.244540210384294,0 2.059196114992787,41.243568230503,0 2.05919778249459,41.24259625038416,0 2.05919945,41.24162427,0 2.0591879794019627,41.24063531039889,0 2.059176509202632,41.239646350522456,0 2.0591650394019854,41.238657390398735,0 2.05915357,41.23766843,0 2.0591636903720487,41.23668399539225,0 2.0591738104960546,41.235699560513616,0 2.059183930372033,41.23471512539213,0 2.05919405,41.23373069,0 2.059147497617018,41.23265135049725,0 2.0591009468227592,41.23157201065356,0 2.0590543976171207,41.23049267049706,0 2.05900785,41.22941333,0 2.058992279170448,41.228370497938954,0 2.058976708893954,41.22732766557586,0 2.0589611391704827,41.22628483293879,0 2.05894557,41.225242,0 2.0589117232445244,41.22416459797887,0 2.0588778776594157,41.223087195629056,0 2.0588440332445996,41.222009792978675,0 2.05881019,41.22093239,0 2.0587707554918557,41.21986555297516,0 2.058731322322531,41.218798715624104,0 2.058691890491941,41.21773187797496,0 2.05865246,41.21666504,0 2.0586056251157494,41.21559065048909,0 2.058558791821068,41.214516260642675,0 2.058511960115852,41.2134418704889,0 2.05846513,41.21236748,0 2.058411429795973,41.21129889549298,0 2.058357731394707,41.21023031064788,0 2.058304034796088,41.209161725492805,0 2.05825034,41.20809314,0 2.0582056102369517,41.20702679047776,0 2.058160881982667,41.20596044062755,0 2.058116155237048,41.20489409047755,0 2.05807143,41.20382774,0 2.0580151271441602,41.20274962300229,0 2.0579588261922956,41.20167150566027,0 2.0579025271442832,41.200593388002105,0 2.05784623,41.19951527,0 2.0577954799260216,41.19844095548986,0 2.057744731568103,41.19736664064369,0 2.057693984926132,41.19629232548967,0 2.05764324,41.19521801,0 2.057587277132984,41.19412940550784,0 2.057531316177395,41.19304080066766,0 2.057475357133109,41.191952195507646,0 2.0574194,41.19086359,0 2.0573733601718094,41.189795977975905,0 2.057327321895812,41.188728365625096,0 2.057281285171909,41.187660752975724,0 2.05723525,41.18659314,0 2.0571895351515717,41.18550943798703,0 2.0571438218688294,41.18442573563992,0 2.0570981101516725,41.18334203298684,0 2.0570524,41.18225833,0 2.056990576825612,41.18116347301887,0 2.0569287557675757,41.18006861568236,0 2.0568669368257515,41.178973758018664,0 2.05680512,41.1778789,0 2.05676511797396,41.17681553546191,0 2.0567251172986714,41.175752170606415,0 2.0566851179740464,41.174688805461734,0 2.05664512,41.17362544,0 2.056591132262312,41.17254818299006,0 2.056537146349828,41.17147092564392,0 2.0564831622624298,41.17039366798983,0 2.05642918,41.16931641,0 2.0564169518020337,41.16823454545234,0 2.056404724069399,41.16715268059367,0 2.0563924968020633,41.16607081545217,0 2.05638027,41.16498895,0 2.0566876926418716,41.16389745164902,0 2.0569951051887236,41.16280595218917,0 2.057302507641214,41.16171445164874,0 2.0576099,41.16062295,0 2.057818614543214,41.159607008442,0 2.0580273227240258,41.15859106624653,0 2.058236024542825,41.157575123441816,0 2.05844472,41.15655918,0 2.05906940519295,41.15558051287126,0 2.05969407192326,41.15460184215208,0 2.060318720191941,41.15362316787087,0 2.06094335,41.15264449,0 2.0617234326252487,41.15172195815224,0 2.062503493499632,41.15079942085998,0 2.0632835326241987,41.14987687815176,0 2.06406355,41.14895433,0 2.065053565740597,41.14810303291273,0 2.0660435559868113,41.1472517272072,0 2.06703352073962,41.146400412912094,0 2.06802346,41.14554909,0
                </coordinates>
            </LineString>
        </Placemark>
        

        <Placemark>
            <name>Route RYR4WX</name>
            <Style>
                <LineStyle>
                    <color>ff00a5ff</color> <!-- naranja -->
                    <width>2</width>
                </LineStyle>
            </Style>
            <LineString>
                <tessellate>1</tessellate>
                <coordinates>
                    2.09562116,41.28953316,0 2.0949951892782805,41.289331925134036,0 2.094369222371014,41.289130686836074,0 2.093743259278241,41.288929445133995,0 2.0931173,41.2887282,0 2.092415794663795,41.2884823589458,0 2.091714294551698,41.288236513585055,0 2.091012799663752,41.28799066394571,0 2.09031131,41.28774481,0 2.0895159096967046,41.28745975078056,0 2.088720516262234,41.28717468603138,0 2.087925129696647,41.28688961578044,0 2.08712975,41.28660454,0 2.0862825188407217,41.28631463188661,0 2.085435295120907,41.286024717506116,0 2.0845880788406395,41.28573479688648,0 2.08374087,41.28544487,0 2.0828251046477457,41.28513594846024,0 2.0819093478635886,41.28482701960425,0 2.080993599647637,41.28451808346007,0 2.08007786,41.28420914,0 2.079184787488811,41.283900800427226,0 2.0782917233183524,41.28359245389358,0 2.0773986674887173,41.28328410042706,0 2.07650562,41.28297574,0 2.075604507213152,41.28266342061549,0 2.0747034029508065,41.2823510941446,0 2.0738023072130574,41.282038760615336,0 2.07290122,41.28172642,0 2.07199638167883,41.281402425706474,0 2.0710915522383835,41.28107842426589,0 2.070186731678745,41.280754415706284,0 2.06928192,41.2804304,0 2.0683820343708375,41.28010931058929,0 2.067482157494393,41.27978821410966,0 2.0665822893707526,41.27946711058913,0 2.06568243,41.279146,0 2.064755798080898,41.27880358123029,0 2.063829175774478,41.278461154964305,0 2.0629025630808195,41.27811872123009,0 2.06197596,41.27777628,0 2.0611264604758706,41.27733575948973,0 2.0602769723012195,41.27689523264357,0 2.059427495475959,41.276454699489534,0 2.05857803,41.27601416,0 2.0578685438667867,41.27551471918029,0 2.0571590684891827,41.27501527389765,0 2.0564496038669873,41.2745158241801,0 2.05574015,41.27401637,0 2.0551965768240117,41.27338381654278,0 2.054653014098912,41.272751260380986,0 2.054109461824356,41.27211870154262,0 2.05356592,41.27148614,0 2.0531996656061478,41.27077503948444,0 2.052833419141746,41.270063937636586,0 2.052467180606471,41.269352834484344,0 2.05210095,41.26864173,0 2.051926276420101,41.267882978155995,0 2.0517516068935913,41.267124225865324,0 2.051576941420285,41.26636547315592,0 2.05140228,41.26560672,0 2.0513727762728613,41.264739030329174,0 2.0513432733638437,41.26387134042954,0 2.0513137712729037,41.263003650329054,0 2.05128427,41.26213596,0 2.0512922602566097,41.26125579032338,0 2.05130025034214,41.260375620421826,0 2.0513082402566,41.25949545032329,0 2.05131623,41.25861528,0 2.051325075287658,41.25774736031476,0 2.051333920383537,41.256879440410316,0 2.0513427652876475,41.25601152031465,0 2.05135161,41.2551436,0 2.0512857521700805,41.25422258541177,0 2.0512198962268435,41.25330157053965,0 2.051154042170185,41.252380555411634,0 2.05108819,41.25145954,0 2.0510102416158045,41.25052557044381,0 2.0509322954878235,41.24959160058238,0 2.0508543516159308,41.2486576304437,0 2.05077641,41.24772366,0 2.050670262794877,41.24676498553073,0 2.050564118726623,41.24580631069823,0 2.050457977795058,41.244847635530576,0 2.05035184,41.24388896,0 2.050233679675986,41.24291301557868,0 2.0501155229014545,41.24193707076218,0 2.049997369676195,41.24096112557853,0 2.04987922,41.23998518,0 2.0497435738028456,41.23899381814853,0 2.0496079317372913,41.23800245585529,0 2.0494722938030914,41.23701109314836,0 2.04933666,41.23601973,0 2.049186868025397,41.235008235716656,0 2.049037080700718,41.233996740946125,0 2.0488872980256803,41.23298524571649,0 2.04873752,41.23197375,0 2.0485787350754276,41.2309572182564,0 2.048419955100772,41.22994068599911,0 2.04826118007573,41.22892415325624,0 2.04810241,41.22790762,0 2.0479109159388753,41.22687691341808,0 2.0477194279187496,41.22584620621466,0 2.047527945939249,41.22481549841789,0 2.04733647,41.22378479,0 2.0471070217089995,41.22275853862423,0 2.046877580612294,41.221732286489534,0 2.0466481467094413,41.220706033624026,0 2.04641872,41.21967978,0 2.0461732483821313,41.21864639122896,0 2.0459277845098267,41.217613001629175,0 2.0456823283826093,41.216579611228774,0 2.04543688,41.21554622,0 2.045179545428203,41.21452140379962,0 2.0449222189045995,41.21349658672337,0 2.0446649004286956,41.212471768799396,0 2.04440759,41.21144695,0 2.0441560382146355,41.210423483758845,0 2.043904494286501,41.20940001666901,0 2.043652958215116,41.208376548758636,0 2.04340143,41.20735308,0 2.0431434229795427,41.20633496379691,0 2.042885423973048,41.20531684671977,0 2.0426274329800296,41.2042987287967,0 2.04236945,41.20328061,0 2.042094492059139,41.20225160142306,0 2.041819542745871,41.201222591887934,0 2.041544602059668,41.200193581422845,0 2.04126967,41.19916457,0 2.040935594381495,41.19814101938998,0 2.040601529175747,41.1971174675105,0 2.0402674743821256,41.19609391438975,0 2.03993343,41.19507036,0 2.039320285514855,41.194103902796755,0 2.0387071590204537,41.193137442052766,0 2.0380940505158254,41.19217097779639,0 2.03748096,41.19120451,0 2.036750617941286,41.190314952289924,0 2.036020295588997,41.18942538971028,0 2.0352899929422095,41.18853582228951,0 2.03455971,41.18764625,0 2.033756309051365,41.18679913621752,0 2.032952928735737,41.18595201661373,0 2.0321495690522404,41.18510489121708,0 2.03134623,41.18425776,0 2.03034668220856,41.18353557073379,0 2.0293471562784835,41.18281337263537,0 2.0283476522091655,41.182091165733276,0 2.02734817,41.18136895,0 2.0262173090851174,41.18071806432557,0 2.025086470447071,41.18006716742437,0 2.023955654085489,41.179416259324995,0 2.02282486,41.17876534,0 2.0216345943833494,41.178198413570186,0 2.0204443491778723,41.17763147475054,0 2.0192541243834596,41.17706452356964,0 2.01806392,41.17649756,0 2.0167444791118525,41.17606463021557,0 2.015425055482236,41.175631685277764,0 2.0141056491115017,41.17519872521507,0 2.01278626,41.17476575,0 2.011369816743715,41.17451964359177,0 2.0099533839910633,41.17427351977948,0 2.00853696174288,41.17402737859145,0 2.00712055,41.17378122,0 2.0055858073940347,41.17374248807351,0 2.004051066524542,41.173703735755296,0 2.002516327392778,41.17366496307344,0 2.00098159,41.17362617,0 1.9995078167188074,41.173762633180864,0 1.9980340372910337,41.17389907756527,0 1.996560251717743,41.17403550318107,0 1.99508646,41.17417191,0 1.993592269961121,41.17439113396768,0 1.992098069947475,41.174610338614436,0 1.9906038599600915,41.17482952396799,0 1.98910964,41.17504869,0 1.9875997295653096,41.175332787084535,0 1.9860898060864298,41.175616864436996,0 1.984579869564335,41.17590092208496,0 1.98306992,41.17618496,0 1.9815180775998846,41.17646891374877,0 1.9799662217991314,41.176752846655994,0 1.978414352598813,41.17703675874922,0 1.97686247,41.17732065,0 1.9753089676865254,41.17760554381619,0 1.9737554519146512,41.177890416745896,0 1.9722019226854517,41.178175268816645,0 1.97064838,41.1784601,0 1.9690584690201407,41.17872227279793,0 1.9674685453593883,41.17898442372154,0 1.965878609018942,41.17924655279837,0 1.96428866,41.17950866,0 1.962665829990251,41.1797447241673,0 1.961042988319453,41.17998076554735,0 1.9594201349889284,41.18021678416773,0 1.95779727,41.18045278,0 1.9561524567455641,41.18067571009807,0 1.9545076323264858,41.18089861678834,0 1.952862796744164,41.181121500098456,0 1.95121795,41.18134436,0 1.9495424440830775,41.18156105141904,0 1.9478669271097737,41.18177771854968,0 1.9461913990815836,41.18199436141947,0 1.94451586,41.18221098,0 1.942845204812983,41.18243795370971,0 1.941174538083,41.18266490327057,0 1.9395038598115164,41.18289182871011,0 1.93783317,41.18311873,0 1.9361404313586186,41.183330324672035,0 1.9344476818104581,41.183541894553656,0 1.932754921357068,41.18375343967243,0 1.93106215,41.18396496,0 1.9293302054507495,41.18412842141125,0 1.9275982522665156,41.18429185687257,0 1.9258662904490242,41.18445526641158,0 1.92413432,41.18461865,0 1.9224288433406362,41.18482201773368,0 1.9207233561197825,41.1850253603025,0 1.9190178583390372,41.18522867773406,0 1.91731235,41.18543197,0 1.9156193589505897,41.18561230468311,0 1.9139263585997266,41.18579261456839,0 1.9122333489489998,41.185972899683456,0 1.91054033,41.18615316,0
                </coordinates>
            </LineString>
        </Placemark>
        

        <Placemark>
            <name>Route VLG5FN</name>
            <Style>
                <LineStyle>
                    <color>ff00a5ff</color> <!-- naranja -->
                    <width>2</width>
                </LineStyle>
            </Style>
            <LineString>
                <tessellate>1</tessellate>
                <coordinates>
                    2.09660245,41.2899333,0 2.095957603879411,41.28972434544704,0 2.0953127618391867,41.28951538725339,0 2.094667923879369,41.28930642544697,0 2.09402309,41.28909746,0 2.0933008494276493,41.28885145432891,0 2.0925786142368312,41.2886054440959,0 2.091856384427598,41.28835942932882,0 2.09113416,41.28811341,0 2.0903113714102743,41.28781681385924,0 2.0894885902136577,41.287520211802956,0 2.088665816410212,41.287223603859104,0 2.08784305,41.28692699,0 2.0869488750550667,41.28662065795258,0 2.0860547084066914,41.28631431892739,0 2.0851605500549706,41.28600797295242,0 2.0842664,41.28570162,0 2.083298585007656,41.28536069724343,0 2.0823307800101345,41.28501976631515,0 2.0813629850075452,41.28467882724321,0 2.0803952,41.28433788,0 2.0794545329037195,41.283996419071045,0 2.078513875538232,41.28365495041865,0 2.0775732279036294,41.28331347407086,0 2.07663259,41.28297199,0 2.075727327404793,41.28266573321078,0 2.0748220732063216,41.28235946927165,0 2.0739168274046897,41.28205319821062,0 2.07301159,41.28174692,0 2.072098789560126,41.281434890890274,0 2.0711859977467664,41.28112285451096,0 2.0702732145600233,41.280810810890095,0 2.06936044,41.28049876,0 2.0685029587254258,41.2801454046334,0 2.067645486633885,41.27979204283513,0 2.066788023725402,41.27943867463323,0 2.06593057,41.2790853,0 2.0651787635678542,41.27860514497575,0 2.0644269680905856,41.27812498495825,0 2.063675183568024,41.27764481997555,0 2.06292341,41.27716465,0 2.0622503962238734,41.27663366104009,0 2.0615773932986596,41.27610266804406,0 2.060904401224116,41.27557167103993,0 2.06023142,41.27504067,0 2.059672070692354,41.27438163178423,0 2.0591127325900622,41.27372259070291,0 2.0585534056927397,41.27306354678406,0 2.05799409,41.2724045,0 2.057614487774829,41.27169920961139,0 2.057234893699991,41.270993917805846,0 2.0568553077751575,41.270288624611304,0 2.05647573,41.26958333,0 2.0561454857086994,41.26880214419928,0 2.0558152492785053,41.26802095725631,0 2.0554850207090585,41.26723976919913,0 2.0551548,41.26645858,0 2.0549135686130056,41.26565399354771,0 2.0546723431508624,41.2648494063876,0 2.0544311236132886,41.26404481854761,0 2.05418991,41.26324023,0 2.0539596736709496,41.26240310850027,0 2.053729443228128,41.26156598632434,0 2.053499218671243,41.26072886350017,0 2.053269,41.25989174,0 2.053056459199553,41.25903972090667,0 2.0528439239329246,41.25818770119952,0 2.052631394199835,41.25733568090655,0 2.05241887,41.25648366,0 2.0522082265142845,41.25560495091358,0 2.051997588685911,41.25472624120873,0 2.051786956514582,41.253847530913454,0 2.05157633,41.25296882,0 2.0513560006942844,41.25204747599777,0 2.051135677592607,41.25112613132099,0 2.050915360694626,41.250204785997624,0 2.05069505,41.24928344,0 2.050476427990285,41.248334713507084,0 2.0502578123206203,41.247385986333384,0 2.050039202990645,41.24643725850693,0 2.0498206,41.24548853,0 2.0496345668612346,41.244535590835596,0 2.0494485391485195,41.243582651104724,0 2.049262516861545,41.24262971083544,0 2.0490765,41.24167677,0 2.0488624326296616,41.2406715360222,0 2.0486483718398136,41.2396663013535,0 2.0484343176300586,41.23866106602202,0 2.04822027,41.23765583,0 2.0480201206028066,41.23663287595905,0 2.047819977470665,41.23560992126931,0 2.0476198406031907,41.234586965958876,0 2.04741971,41.23356401,0 2.0471860033302822,41.23247504870352,0 2.046952304440715,41.23138608659525,0 2.04671861333079,41.23029712370331,0 2.04648493,41.22920816,0 2.046272242068214,41.228139086062185,0 2.0460595610912486,41.227070011406795,0 2.0458468870686595,41.226000936061965,0 2.04563422,41.22493186,0 2.0454044808328447,41.22382436869243,0 2.0451747494441372,41.222716876580435,0 2.044945025833361,41.2216093836922,0 2.04471531,41.22050189,0 2.044475197541059,41.21936996127624,0 2.044235093388454,41.21823803169215,0 2.043994997541622,41.21710610127597,0 2.04375491,41.21597417,0 2.04351427260214,41.21485000877151,0 2.0432736434698913,41.213725846685875,0 2.0430330226026965,41.212601683771254,0 2.04279241,41.21147752,0 2.042562335852466,41.21037301118805,0 2.0423322694702972,41.20926850157459,0 2.0421022108529794,41.20816399118781,0 2.04187216,41.20705948,0 2.0416284123689015,41.20592841629458,0 2.041384673158915,41.20479735171662,0 2.0411409423694717,41.203666286294315,0 2.04089722,41.20253522,0 2.0406379794028457,41.20143160887264,0 2.040378747537511,41.20032799682069,0 2.0401195244034214,41.199224383872384,0 2.03986031,41.19812077,0 2.039479035913266,41.19702433489074,0 2.0390977745515704,41.195927898178134,0 2.0387165259140896,41.19483145989045,0 2.03833529,41.19373502,0 2.037619724340724,41.19271703460998,0 2.036904180788454,41.19169904447029,0 2.0361886593419567,41.190681049609466,0 2.03547316,41.18966305,0 2.0347615081559334,41.18867986200827,0 2.0340498775420013,41.187696669334734,0 2.0333382681570686,41.18671347200781,0 2.03262668,41.18573027,0 2.0316572464512688,41.18485543256506,0 2.0306878386023857,41.18398058674364,0 2.029718456452309,41.18310573256442,0 2.0287491,41.18223087,0 2.0276444674346212,41.181482086123225,0 2.02653985991327,41.18073329148788,0 2.0254352774352835,41.179984486122585,0 2.02433072,41.17923567,0 2.02312193180347,41.178494131748124,0 2.0219131707383595,41.17775258065432,0 2.020704436804069,41.17701101674735,0 2.01949573,41.17626944,0 2.0182888577814015,41.17559000664862,0 2.017082010375472,41.17491056052172,0 2.0158751877818064,41.17423110164794,0 2.01466839,41.17355163,0 2.0134504971003575,41.17286598449835,0 2.012232629467421,41.172180325987995,0 2.0110147871007737,41.171494654497636,0 2.00979697,41.17080897,0 2.0085486516190367,41.1700874179937,0 2.0073003604923882,41.16936585231505,0 2.0060520966195456,41.168644272992914,0 2.00480386,41.16792268,0 2.003572323207401,41.16721964744065,0 2.0023408126101754,41.1665166015777,0 2.001109328207862,41.16581354243991,0 1.99987787,41.16511047,0 1.9986598186622715,41.16440785701022,0 1.9974417932166746,41.16370523100379,0 1.99622379366274,41.16300259200948,0 1.99500582,41.16229994,0 1.9937638841843386,41.16157571778534,0 1.9925219755794663,41.16085148203726,0 1.9912800941848605,41.16012723278456,0 1.99003824,41.15940297,0 1.9888021981072945,41.158700577581264,0 1.9875661824766961,41.15799817176518,0 1.9863301931077495,41.15729575258051,0 1.98509423,41.15659332,0 1.9838732009815332,41.15588902710215,0 1.9826521979756913,41.15518472112637,0 1.981431220982004,41.1544804021014,0 1.98021027,41.15377607,0 1.978958516297718,41.15305057560051,0 1.9777067900639702,41.15232506745748,0 1.9764550912982375,41.15159954559974,0 1.97520342,41.15087401,0 1.9739542364612814,41.15014986301502,0 1.9727050802820525,41.14942570234348,0 1.9714559514617978,41.148701528014215,0 1.97020685,41.14797734,0
                </coordinates>
            </LineString>
        </Placemark>
        

        <Placemark>
            <name>Route VLG6VG</name>
            <Style>
                <LineStyle>
                    <color>ff00a5ff</color> <!-- naranja -->
                    <width>2</width>
                </LineStyle>
            </Style>
            <LineString>
                <tessellate>1</tessellate>
                <coordinates>
                    2.09788293,41.29042747,0 2.0972875346949595,41.29023132964844,0 2.096692142926592,41.290035186188625,0 2.096096754694928,41.2898390396484,0 2.09550137,41.28964289,0 2.0948054242573644,41.289382301349015,0 2.0941094840097985,41.28912170845602,0 2.0934135492573334,41.28886111134892,0 2.09271762,41.28860051,0 2.091944035778579,41.28833813282987,0 2.0911704577047296,41.28807575043049,0 2.090396885778515,41.287813362829766,0 2.08962332,41.28755097,0 2.0887593732755647,41.287252287260635,0 2.0878954343673635,41.2869535980048,0 2.087031503275481,41.28665490226051,0 2.08616758,41.2863562,0 2.0852524190416672,41.28603255845099,0 2.0843372670554947,41.285708909591925,0 2.083422124041575,41.28538525345081,0 2.08250699,41.28506159,0 2.081527529264769,41.284764025022604,0 2.0805480773529124,41.2844664516874,0 2.079568634264599,41.28416887002242,0 2.0785892,41.28387128,0 2.077726602312653,41.28354765223795,0 2.0768640130834988,41.283224017974526,0 2.0760014323125944,41.28290037723777,0 2.07513886,41.28257673,0 2.074242188932601,41.28224378801876,0 2.073345526910088,41.2819108390156,0 2.0724488739325313,41.281577883018564,0 2.07155223,41.28124492,0 2.070667559018477,41.28090961774194,0 2.0697828970245964,41.28057430864653,0 2.0688982440184174,41.28023899274176,0 2.0680136,41.27990367,0 2.067196815365839,41.27950975376387,0 2.066380040487813,41.27911583167575,0 2.0655632753658812,41.27872190376369,0 2.06474652,41.27832797,0 2.0641030195382783,41.277800488033655,0 2.063459529384529,41.27727300236882,0 2.0628160495385144,41.27674551303349,0 2.06217258,41.27621802,0 2.061581956245525,41.27561418972258,0 2.060991343327583,41.27501035628739,0 2.060400741245849,41.27440651972241,0 2.05981015,41.27380268,0 2.0593078261896087,41.27319970846613,0 2.0588055115863395,41.27259673461214,0 2.0583032061899007,41.271993758466,0 2.05780091,41.27139078,0 2.0576439515130867,41.270560918123486,0 2.057486997017581,41.26973105582197,0 2.0573300465132855,41.26890119312339,0 2.0571731,41.26807133,0 2.056949610291264,41.26736668588006,0 2.056726125388486,41.266662041164075,0 2.056502645291465,41.26595739588,0 2.05627917,41.26525275,0 2.056170151026191,41.264462410428656,0 2.0560611347016726,41.26367207056218,0 2.0559521210263174,41.26288173042856,0 2.05584311,41.26209139,0 2.0557476361920672,41.2612292929371,0 2.055652164922844,41.26036719557344,0 2.055556696192199,41.259505097936994,0 2.05546123,41.258643,0 2.0554181982804667,41.25779545282858,0 2.0553751677073278,41.25694790542878,0 2.055332138280525,41.256100357828515,0 2.05528911,41.25525281,0 2.055263288875607,41.254353097846035,0 2.055237468500836,41.25345338545201,0 2.055211648875647,41.25255367284593,0 2.05518583,41.25165396,0 2.0551569186977563,41.25071918787226,0 2.055128008263707,41.24978441548698,0 2.0550990986978044,41.248849642872145,0 2.05507019,41.24791487,0 2.055092305856446,41.246994042852776,0 2.055114421141907,41.246073215461,0 2.055136535856414,41.24515238785267,0 2.05515865,41.24423156,0 2.0551850260988824,41.2432492953983,0 2.0552114014651472,41.242267030521674,0 2.055237776098838,41.24128476539815,0 2.05526415,41.2403025,0 2.0552873084893033,41.239281527924724,0 2.0553104663190433,41.2382605555569,0 2.055333623489261,41.23723958292456,0 2.05535678,41.23621861,0 2.0553851412754476,41.235157702957785,0 2.05541350170056,41.23409679560096,0 2.055441861275392,41.233035887957605,0 2.05547022,41.23197498,0 2.055521362397165,41.23090360048619,0 2.05557250319615,41.22983222063881,0 2.05562364239706,41.228760840486004,0 2.05567478,41.22768946,0 2.0557196852447785,41.22619483726356,0 2.0557645885780533,41.22470021393008,0 2.05580949,41.22320559,0 2.055845301728637,41.22207952301269,0 2.0558811123047964,41.220953455674135,0 2.0559169217285573,41.21982738801248,0 2.05595273,41.21870132,0 2.055984026500887,41.217572265510434,0 2.056015322001136,41.21644321067112,0 2.056046616500817,41.215314155510235,0 2.05607791,41.2141851,0 2.056099808536851,41.213032963023075,0 2.0561217063824357,41.211880825687956,0 2.056143603536802,41.210728688022826,0 2.0561655,41.20957655,0 2.0562041843832457,41.208445220515564,0 2.056242867510936,41.20731389067796,0 2.0562815493831583,41.20618256051536,0 2.05632023,41.20505123,0 2.0563459187198063,41.203914658009154,0 2.0563716066263704,41.202778085669415,0 2.056397293719749,41.20164151300894,0 2.05642298,41.20050494,0 2.0564353755422373,41.199343435523666,0 2.056447770722966,41.198181930688754,0 2.056460165542211,41.19702042552345,0 2.05647256,41.19585892,0 2.0565134694662977,41.194745880498665,0 2.0565543776216706,41.19363284065544,0 2.056595284466208,41.19251980049846,0 2.05663619,41.19140676,0 2.056665411405211,41.19026712300978,0 2.0566946318735706,41.189127485670234,0 2.0567238514051454,41.187987848009556,0 2.05675307,41.18684821,0 2.0567641229722793,41.185682835522464,0 2.05677517562969,41.184517460687125,0 2.0567862279722555,41.18335208552224,0 2.05679728,41.18218671,0 2.05672219843013,41.18102619559791,0 2.0566471195736327,41.17986568078773,0 2.056572043430319,41.178705165597655,0 2.05649697,41.17754465,0 2.0562535096096757,41.176388756306366,0 2.056010057813298,41.175232861732304,0 2.0557666146102704,41.1740769663061,0 2.05552318,41.17292107,0 2.0551893931608824,41.17181657444728,0 2.054855617548334,41.17071207758685,0 2.0545218531616185,41.169607579446996,0 2.0541881,41.16850308,0 2.053911125885406,41.16738874149828,0 2.053634161180959,41.16627440198818,0 2.053357205886032,41.16516006149801,0 2.05308026,41.16404572,0 2.052985495001452,41.1629086631182,0 2.052890733335421,41.161771605814785,0 2.0527959750016795,41.160634548118,0 2.05270122,41.15949749,0 2.0530019157163464,41.15833847164791,0 2.0533026009546447,41.15717945218768,0 2.0536032757156204,41.15602043164761,0 2.05390394,41.15486141,0 2.0541538873212293,41.153767048739255,0 2.054403826427946,41.15267268664283,0 2.0546537573206893,41.151578323739024,0 2.05490368,41.15048396,0 2.055547146216308,41.149412590739594,0 2.056190591620906,41.14834121764312,0 2.056834016215051,41.14726984073911,0 2.05747742,41.14619846,0 2.0582600528281705,41.14520236824784,0 2.059042662103391,41.144206270987404,0 2.0598252478269163,41.1432101682473,0 2.06060781,41.14221406,0 2.061549516681123,41.14129659174203,0 2.0624911972407243,41.14037911564627,0 2.0634328516799627,41.13946163174138,0 2.06437448,41.13854414,0
                </coordinates>
            </LineString>
        </Placemark>
        

        <Placemark>
            <name>Route IBE04YC</name>
            <Style>
                <LineStyle>
                    <color>ff00a5ff</color> <!-- naranja -->
                    <width>2</width>
                </LineStyle>
            </Style>
            <LineString>
                <tessellate>1</tessellate>
                <coordinates>
                    2.09713796,41.2900645,0 2.0965045615828184,41.289858840256436,0 2.095871167110398,41.28965317699928,0 2.0952377765827785,41.289447510256394,0 2.09460439,41.28924184,0 2.09386044605836,41.28897733724694,0 2.0931165080777805,41.288712829653214,0 2.0923725760583105,41.28844831724682,0 2.09162865,41.2881838,0 2.0908133368527277,41.287896401197514,0 2.089998030803593,41.287608996587316,0 2.0891827318526617,41.28732158619738,0 2.08836744,41.28703417,0 2.0875289816767384,41.28675003919299,0 2.0866905305689305,41.28646590224796,0 2.0858520866766566,41.28618175919288,0 2.08501365,41.28589761,0 2.0841401080964084,41.2855976824771,0 2.0832665741284857,41.285297748293424,0 2.0823930480963195,41.284997807476955,0 2.08151953,41.28469786,0 2.080675121843874,41.28442005182067,0 2.0798307207917714,41.28414223741819,0 2.078986326843783,41.283864416820514,0 2.07814194,41.28358659,0 2.0774862930108,41.28336026550107,0 2.076830650516163,41.28313393723762,0 2.076175012516126,41.282907605237554,0 2.075519379010726,41.282681269500955,0 2.07486375,41.28245493,0 2.074104873660966,41.282054120082464,0 2.0733460065480025,41.28165330510056,0 2.072587148661037,41.2812524850823,0 2.0718283,41.28085166,0 2.071248926697115,41.28034771700421,0 2.0706695622629545,41.27984377099624,0 2.070090206697317,41.27933982200407,0 2.06951086,41.27883587,0 2.0689737197940885,41.27800747605887,0 2.06843659312763,41.277179079392106,0 2.06789948,41.27635068,0 2.067636494972161,41.27572461359086,0 2.0673735149630037,41.27509854644516,0 2.067110539972345,41.2744724785908,0 2.06684757,41.27384641,0 2.0666721972448685,41.27319271810165,0 2.066496827993249,41.27253902579288,0 2.066321462245005,41.27188533310159,0 2.0661461,41.27123164,0 2.0660646973622963,41.27053119030736,0 2.065983296483111,41.269830740400494,0 2.0659018973623704,41.26913029030732,0 2.0658205,41.26842984,0 2.0656978183248835,41.267690557940895,0 2.0655751394332604,41.26695127557852,0 2.0654524633250073,41.26621199294081,0 2.06532979,41.26547271,0 2.065208095833366,41.26472899543987,0 2.0650864044445703,41.263985280577174,0 2.0649647158334896,41.263241565439834,0 2.06484303,41.26249785,0 2.06468066427222,41.26172951060674,0 2.064518302363077,41.260961170799625,0 2.0643559442723958,41.26019283060664,0 2.06419359,41.25942449,0 2.0640565826484143,41.25865445050706,0 2.0639195785313187,41.257884410666726,0 2.063782577648564,41.25711437050697,0 2.06364558,41.25634433,0 2.0634975318372963,41.2555124930867,0 2.0633494874498535,41.25468065577291,0 2.0632014468374846,41.253848818086595,0 2.06305341,41.25301698,0 2.0629421556866436,41.25217675546498,0 2.062830904248955,41.25133653061061,0 2.0627196556867893,41.2504963054649,0 2.06260841,41.24965608,0 2.062516138773412,41.24878378293389,0 2.0624238700313025,41.24791148556915,0 2.062331603773542,41.24703918793377,0 2.06223934,41.24616689,0 2.062156551520767,41.24526157293338,0 2.0620737653611076,41.24435625556845,0 2.0619909815208937,41.243450937933254,0 2.0619082,41.24254562,0 2.0618420271621747,41.241626637908645,0 2.061775856216303,41.240707655535466,0 2.061709687162279,41.23978867290851,0 2.06164352,41.23886969,0 2.0615801171856356,41.2379202504246,0 2.0615167162475854,41.23697081055675,0 2.0614533171857423,41.236021370424474,0 2.06138992,41.23507193,0 2.061341667804466,41.23410732041146,0 2.061293417072678,41.23314271053922,0 2.061245167804551,41.23217810041132,0 2.06119692,41.23121349,0 2.0611412724107465,41.23022308044028,0 2.0610856265477304,41.22923267057763,0 2.061029982410849,41.22824226044014,0 2.06097434,41.22725185,0 2.0608923085732735,41.22622309801817,0 2.060810279764473,41.22519434568148,0 2.0607282535734357,41.224165593018014,0 2.06064623,41.22313684,0 2.060558858201131,41.222078475552664,0 2.060471489268296,41.221020110727444,0 2.0603841232013127,41.21996174555247,0 2.06029676,41.21890338,0 2.0602151058483438,41.21781202306503,0 2.0601334544645797,41.21672066574394,0 2.0600518058485258,41.21562930806484,0 2.05997016,41.21453795,0 2.0598832004745726,41.21341974309818,0 2.059796243966232,41.21230153578808,0 2.0597092904747756,41.211183328097945,0 2.05962234,41.21006512,0 2.0595247123199605,41.20892248564413,0 2.0594270880934387,41.2077798508494,0 2.0593294673201976,41.20663721564392,0 2.05923185,41.20549458,0 2.059140642582182,41.20433537564053,0 2.059049438443061,41.20317617084457,0 2.0589582375824103,41.202016965640304,0 2.05886704,41.20085776,0 2.058768266975337,41.19965395319766,0 2.0586694976339603,41.19845014592072,0 2.0585707319756033,41.1972463381974,0 2.05847197,41.19604253,0 2.0583666340629523,41.194827850723904,0 2.058261302084129,41.193613170955686,0 2.0581559740632414,41.19239849072361,0 2.05805065,41.19118381,0 2.0579481517382283,41.189972798210974,0 2.0578456573178237,41.18876178593847,0 2.0577431667385078,41.1875507732107,0 2.05764068,41.18633976,0 2.057481798379096,41.18509390593854,0 2.057322922839098,41.183848051241846,0 2.057164053379551,41.18260219593823,0 2.05700519,41.18135634,0 2.0566111085371093,41.18016358260172,0 2.0562170413834857,41.17897082345937,0 2.055822988538119,41.177778062601334,0 2.05542895,41.1765853,0 2.0549099353209277,41.17543645655372,0 2.054390938762042,41.174287610395346,0 2.053871960322136,41.173138761553304,0 2.053353,41.17198991,0 2.0527382154925182,41.170846742965196,0 2.0521234523242855,41.16970357227727,0 2.05150871049391,41.1685603979647,0 2.05089399,41.16741722,0 2.050090081702622,41.16636976887989,0 2.0492861989377853,41.165322311830096,0 2.048482341704056,41.164274848879266,0 2.04767851,41.16322738,0 2.0468282774569544,41.16219151986673,0 2.045978071610243,41.161155653145876,0 2.04512789245841,41.1601197798661,0 2.04427774,41.1590839,0 2.0434618983026764,41.15802724163607,0 2.042646082737887,41.15697057717167,0 2.0418302933041543,41.15591390663545,0 2.04101453,41.15485723,0 2.040254411054009,41.15380281048865,0 2.039494316406275,41.152748385641814,0 2.038734246055403,41.15169395548809,0 2.0379742,41.15063952,0 2.037261690554316,41.14957649708057,0 2.0365492040733204,41.148513469431066,0 2.0358367405556645,41.14745043708005,0 2.0351243,41.1463874,0
                </coordinates>
            </LineString>
        </Placemark>
        

        <Placemark>
            <name>Route VLG8QR</name>
            <Style>
                <LineStyle>
                    <color>ff00a5ff</color> <!-- naranja -->
                    <width>2</width>
                </LineStyle>
            </Style>
            <LineString>
                <tessellate>1</tessellate>
                <coordinates>
                    2.09731244,41.29022586,0 2.096731111994133,41.29001743943635,0 2.0961497876588293,41.2898090159058,0 2.095568466994111,41.2896005894363,0 2.09498715,41.28939216,0 2.0942755795171246,41.289145251630686,0 2.093564014356135,41.288898338831586,0 2.092852454517078,41.28865142163058,0 2.0921409,41.2884045,0 2.091352812198788,41.288116875631154,0 2.0905647312650166,41.28782924583219,0 2.089776657198737,41.287541610631045,0 2.08898859,41.28725397,0 2.0881268534369597,41.28695863221006,0 2.0872651245825558,41.28666328793738,0 2.086403403436874,41.28636793720994,0 2.08554169,41.28607258,0 2.084616626854239,41.285759783683716,0 2.083691572472245,41.28544697990221,0 2.082766526854128,41.28513416868353,0 2.08184149,41.28482135,0 2.0808958361707592,41.28449946168633,0 2.079950191560935,41.2841775655724,0 2.079004556170643,41.28385566168616,0 2.07805893,41.28353375,0 2.0771199958190145,41.28320135902542,0 2.076181071091953,41.28286896035782,0 2.0752421558189154,41.28253655402522,0 2.07430325,41.28220414,0 2.0734127499095454,41.28189296036826,0 2.072522258212668,41.28158177381497,0 2.0716317749094566,41.28127058036812,0 2.0707413,41.28095938,0 2.0698416208524035,41.28061339809316,0 2.0689419511365004,41.2802674091148,0 2.0680422908523464,41.279921413092985,0 2.06714264,41.27957541,0 2.066359962390708,41.27915112806747,0 2.0655772948543376,41.278726840747225,0 2.064794637390799,41.27830254806729,0 2.06401199,41.27787825,0 2.063318880610525,41.27734320389893,0 2.062625782480866,41.27680815352249,0 2.0619326956107735,41.27627309889875,0 2.06123962,41.27573804,0 2.060687767009142,41.275122296652484,0 2.0601359243457398,41.274506550527256,0 2.0595840920094672,41.273890801652335,0 2.05903227,41.27327505,0 2.058579406161665,41.2726053078865,0 2.0581265515491145,41.27193556383929,0 2.057673706162007,41.27126581788638,0 2.05722087,41.27059607,0 2.057018787916882,41.26983132579584,0 2.056816710555986,41.26906658105175,0 2.0566146379170975,41.26830183579573,0 2.05641257,41.26753709,0 2.056286475363116,41.266738472987385,0 2.056160383817587,41.26593985564051,0 2.0560342953632644,41.265141237987294,0 2.05590821,41.26434262,0 2.0558575955447314,41.26351845282431,0 2.0558069823930185,41.26269428542308,0 2.055756370544796,41.26187011782422,0 2.05570576,41.26104595,0 2.055691049376595,41.26020302030257,0 2.055676339168807,41.25936009039407,0 2.0556616293766155,41.258517160302475,0 2.05564692,41.25767423,0 2.0556343694336876,41.25679511782479,0 2.05562181924493,41.255916005423714,0 2.0556092694337074,41.255036892824705,0 2.05559672,41.25415778,0 2.05564338931984,41.25327023785107,0 2.0556900574264088,41.25238269545873,0 2.0557367243197735,41.25149515285098,0 2.05578339,41.25060761,0 2.055813728718209,41.24967271536805,0 2.055844066624248,41.24873782048132,0 2.0558744037181627,41.247802925367886,0 2.05590474,41.24686803,0 2.0559513744638815,41.2459063879011,0 2.055998007618457,41.24494474552542,0 2.0560446394638046,41.24398310290096,0 2.05609127,41.24302146,0 2.0561568903126015,41.242053382930834,0 2.0562225087500616,41.24108530556505,0 2.056288125312491,41.2401172279307,0 2.05635374,41.23914915,0 2.056394911818006,41.238132712934274,0 2.056436082423958,41.23711627556961,0 2.056477251817931,41.236099837934105,0 2.05651842,41.2350834,0 2.0565586918411523,41.23402779796271,0 2.056598962454817,41.232972195607516,0 2.056639231841073,41.23191659296253,0 2.0566795,41.23086099,0 2.0567125490184486,41.229787025470046,0 2.056745597024553,41.228713060617295,0 2.0567786440183817,41.227639095469854,0 2.05681169,41.22656513,0 2.0568324159438154,41.225455037990926,0 2.0568531412583915,41.22434494564512,0 2.056873865943772,41.2232348529907,0 2.05689459,41.22212476,0 2.056899540148623,41.22097973051535,0 2.0569044901981584,41.21983470067769,0 2.0569094401486145,41.21868967051514,0 2.05691439,41.21754464,0 2.0569211052394873,41.21640828800675,0 2.056927820319308,41.21527193566619,0 2.056934535239475,41.21413558300653,0 2.05694125,41.21299923,0 2.0569305443263484,41.2118435080246,0 2.056919839101818,41.21068778568999,0 2.0569091343263786,41.209532063024355,0 2.05689843,41.20837634,0 2.056884011607399,41.20719239304917,0 2.056869593809893,41.20600844572273,0 2.0568551766074408,41.20482449804893,0 2.05684076,41.20364055,0 2.0568190912503437,41.20248455302777,0 2.0567974233338298,41.201328555694225,0 2.0567757562504005,41.200172558027546,0 2.05675409,41.19901656,0 2.0567253183618353,41.197850205540625,0 2.056696547815831,41.19668385071135,0 2.056667778361911,41.19551749554039,0 2.05663901,41.19435114,0 2.056612145968786,41.1931887655342,0 2.056585282958428,41.19202639070277,0 2.056558420968856,41.19086401553396,0 2.05653156,41.18970164,0 2.0564882275756577,41.188528328058915,0 2.056444896767619,41.187355015735726,0 2.056401567575771,41.18618170305868,0 2.05635824,41.18500839,0 2.0562059440980383,41.183811060866915,0 2.056053653797653,41.18261373114637,0 2.055901369098441,41.181416400866645,0 2.05574909,41.18021907,0 2.0553000896773073,41.17910464813892,0 2.054851104570405,41.177990224175645,0 2.0544021346783,41.17687579813856,0 2.05395318,41.17576137,0 2.0534214901537817,41.17463277170967,0 2.0528898185391697,41.17350417060327,0 2.0523581651549723,41.17237556670925,0 2.05182653,41.17124696,0 2.051165030427787,41.17018178117591,0 2.0505035522378994,41.16911659822489,0 2.049842095429062,41.16805141117543,0 2.04918066,41.16698622,0 2.048629472221639,41.165879789463425,0 2.048078302962972,41.1647733559416,0 2.047527152222818,41.16366691946298,0 2.04697602,41.16256048,0 2.0462617758347035,41.16150899710775,0 2.045547554447151,41.16045750946732,0 2.044833355836023,41.15940601710724,0 2.04411918,41.15835452,0 2.0433867945880433,41.1572914849578,0 2.0426544327849765,41.156228444934015,0 2.0419220945894216,41.155165399957255,0 2.04118978,41.15410235,0 2.04046142281022,41.15305507486672,0 2.0397330887478446,41.1520077948126,0 2.0390047778115474,41.150960509866195,0 2.03827649,41.14991322,0 2.0375441615487113,41.1488336974673,0 2.0368118570658984,41.14775416994667,0 2.0360795765501365,41.14667463746673,0 2.03534732,41.1455951,0 2.0346216694157206,41.14451665733791,0 2.0338960425552357,41.14343820977417,0 2.0331704394171326,41.14235975733735,0 2.03244486,41.1412813,0
                </coordinates>
            </LineString>
        </Placemark>
        

        <Placemark>
            <name>Route VLG9FC</name>
            <Style>
                <LineStyle>
                    <color>ff00a5ff</color> <!-- naranja -->
                    <width>2</width>
                </LineStyle>
            </Style>
            <LineString>
                <tessellate>1</tessellate>
                <coordinates>
                    2.09530211,41.28949755,0 2.0946204354573545,41.289270133585234,0 2.093938765609775,41.28904271310434,0 2.0932571004573086,41.28881528858518,0 2.09257544,41.28858786,0 2.091807265821955,41.28832488772182,0 2.0910390977625655,41.28806191028639,0 2.0902709358218936,41.28779892772169,0 2.08950278,41.28753594,0 2.0886510107013185,41.2872311094915,0 2.087799249268377,41.28692627264596,0 2.086947495701247,41.28662142949137,0 2.08609575,41.28631658,0 2.0851720367016284,41.285999708652746,0 2.0842483322687673,41.28568282986092,0 2.083324636701523,41.28536594365256,0 2.08240095,41.28504905,0 2.081431496550378,41.28474358977216,0 2.080462052067069,41.28443812135348,0 2.079492616550225,41.28413264477198,0 2.07852319,41.28382716,0 2.077607218813307,41.283498330971504,0 2.076691256751018,41.28316949461927,0 2.0757753038132196,41.28284065097131,0 2.07485936,41.2825118,0 2.073946934276437,41.28219282838379,0 2.073034517368519,41.28187384950233,0 2.0721221092763416,41.28155486338362,0 2.07120971,41.28123587,0 2.0702959087020227,41.280903588420685,0 2.0693821166026423,41.280571299551525,0 2.0684683337019414,41.28023900342052,0 2.06755456,41.2799067,0 2.0667057949706553,41.279517329453505,0 2.0658570399608878,41.279127952595275,0 2.0650082949706774,41.27873856945332,0 2.06415956,41.27834918,0 2.0634296783829815,41.2778491270625,0 2.0626998078441083,41.277349069407265,0 2.0619699483831804,41.27684900706231,0 2.0612401,41.27634894,0 2.0605645070541994,41.2757658461108,0 2.0598889260724755,41.275182748138306,0 2.0592133570545137,41.27459964611058,0 2.0585378,41.27401654,0 2.058021071664791,41.273344601194225,0 2.057504353886642,41.27267265991625,0 2.056987646665172,41.27200071619407,0 2.05647095,41.27132877,0 2.0560823542303526,41.270581012226515,0 2.05569376730739,41.269833252959316,0 2.055305189230732,41.269085492226374,0 2.05491662,41.26833773,0 2.054574437611293,41.26754548181089,0 2.0542322634819783,41.26675323240515,0 2.0538900976116747,41.26596098181077,0 2.05354794,41.26516873,0 2.0532608292841785,41.26435278137239,0 2.052973725712467,41.263536831820474,0 2.0526866292845227,41.26272088137229,0 2.05239954,41.26190493,0 2.0521262043571076,41.261054048793845,0 2.0518528758097156,41.26020316671572,0 2.051579554357466,41.25935228379368,0 2.05130624,41.2585014,0 2.051060044870575,41.25760310364094,0 2.050813856494341,41.256704806511884,0 2.0505676748709365,41.25580650864081,0 2.0503215,41.25490821,0 2.0501238344437147,41.254019650850275,0 2.049926174258477,41.25313109112432,0 2.049728519444001,41.25224253085014,0 2.04953087,41.25135397,0 2.049322533431155,41.250404960949844,0 2.0491142029084357,41.24945595125706,0 2.0489058784314986,41.248506940949696,0 2.04869756,41.24755793,0 2.0484999085823477,41.24657492591731,0 2.0483022631100307,41.24559192121366,0 2.0481046235826983,41.24460891591714,0 2.04790699,41.24362591,0 2.047723928969128,41.242611508367254,0 2.0475408736257346,41.241597106146905,0 2.047357823969474,41.24058270336706,0 2.04717478,41.2395683,0 2.0470082696562235,41.23854388829756,0 2.0468417645418455,41.237519476054,0 2.046675264656545,41.23649506329739,0 2.04650877,41.23547065,0 2.0463256135746914,41.234410108402415,0 2.0461424630998413,41.2333495661938,0 2.0459593185750706,41.23228902340222,0 2.04577618,41.23122848,0 2.0456128522135155,41.230191830791235,0 2.0454495296182365,41.229155181045556,0 2.0452862122138393,41.22811853079106,0 2.0451229,41.22708188,0 2.0449446763341195,41.226023675874735,0 2.0447664584457375,41.224965471156885,0 2.0445882463344867,41.22390726587454,0 2.04441004,41.22284906,0 2.044230093827658,41.22179987087456,0 2.04405015343712,41.22075068115666,0 2.043870218828022,41.21970149087437,0 2.04369029,41.2186523,0 2.0435098036967623,41.21759042588621,0 2.0433293232625993,41.21652855117217,0 2.0431488486971365,41.215466675886006,0 2.04296838,41.2144048,0 2.0427817133159825,41.21333326342291,0 2.042595052754906,41.21226172622109,0 2.0424083983163763,41.21119018842269,0 2.04222175,41.21011865,0 2.042044321447146,41.20906898835977,0 2.041866898596434,41.208019326136935,0 2.041689481447505,41.206969663359594,0 2.04151207,41.20592,0 2.0413273261490383,41.204876143389185,0 2.0411425881989644,41.20383228617612,0 2.0409578561494084,41.20278842838899,0 2.04077313,41.20174457,0 2.040562307190196,41.20067782104247,0 2.040351491253888,41.19961107138049,0 2.0401406821906356,41.19854432104225,0 2.03992988,41.19747757,0 2.0395988412154207,41.19640087940545,0 2.0392678132876902,41.1953241875311,0 2.038936796216114,41.19424749440519,0 2.03860579,41.1931708,0 2.0379416209106846,41.1922087011422,0 2.0372774712149297,41.19124659817999,0 2.03661334091171,41.19028449114178,0 2.03594923,41.18932238,0 2.03526719389436,41.18840076392416,0 2.0345851768597805,41.18747914355597,0 2.0339031788953106,41.18655751892378,0 2.0332212,41.18563589,0 2.0322948097683535,41.184799183977105,0 2.0313684430250785,41.1839624702931,0 2.0304420997692634,41.18312574897655,0 2.02951578,41.18228902,0 2.0284187192120635,41.181570680887674,0 2.0273216822831337,41.18085233117381,0 2.026224669212638,41.18013397088704,0 2.02512768,41.1794156,0 2.0239247537895335,41.17879808399088,0 2.022721850052865,41.178180555311435,0 2.0215189687897643,41.17756301399026,0 2.02031611,41.17694546,0 2.019026321078533,41.17640830675953,0 2.017736553104664,41.17587113900295,0 2.0164468060784633,41.17533395675892,0 2.01515708,41.17479676,0 2.0138443672026125,41.17441340246544,0 2.012531669603192,41.17403002994429,0 2.011218987202175,41.17364664246501,0 2.00990632,41.17326324,0 2.0083377093151715,41.17304174697685,0 2.0067691090860915,41.17282023262622,0 2.0052005193139655,41.17259869697649,0 2.00363194,41.17237714,0 2.0023076294454634,41.17224209528841,0 2.000983324260107,41.17210703537512,0 1.9996590244446975,41.17197196028826,0 1.99833473,41.17183687,0 1.9968504527351119,41.17187617358907,0 1.995366173646059,41.17191545810947,0 1.9938818927339763,41.17195472358914,0 1.99239761,41.17199397,0 1.9909317481151063,41.172152202879964,0 1.9894658791527884,41.17231041716409,0 1.9880000031140765,41.17246861288018,0 1.98653412,41.17262679,0 1.9850903619191582,41.1728073970469,0 1.98364659589157,41.17298798605336,0 1.9822028219181966,41.173168557047134,0 1.98075904,41.17334911,0
                </coordinates>
            </LineString>
        </Placemark>
        

        <Placemark>
            <name>Route WMT182</name>
            <Style>
                <LineStyle>
                    <color>ff00a5ff</color> <!-- naranja -->
                    <width>2</width>
                </LineStyle>
            </Style>
            <LineString>
                <tessellate>1</tessellate>
                <coordinates>
                    2.09657947,41.29001109,0 2.095934638383085,41.28978525795074,0 2.095289811177424,41.28955942225835,0 2.0946449883830516,41.28933358295068,0 2.09400017,41.28910774,0 2.0932742463108687,41.28884434690285,0 2.0925483284144635,41.28858094919446,0 2.0918224163108268,41.28831754690277,0 2.09109651,41.28805414,0 2.0902955227327342,41.287785725891375,0 2.0894945419769297,41.28751730617916,0 2.0886935677326606,41.28724888089129,0 2.0878926,41.28698045,0 2.087006137456968,41.28666904777609,0 2.0861196832759004,41.286357638692046,0 2.0852332374568827,41.2860462227759,0 2.0843468,41.2857348,0 2.0833749425809143,41.285396937344075,0 2.082403095107807,41.28505906644933,0 2.0814312575807965,41.28472118734386,0 2.08045943,41.2843833,0 2.079478295110797,41.28404927257753,0 2.078497170147643,41.28371523676063,0 2.0775160551106677,41.28338119257732,0 2.07653495,41.28304714,0 2.0756070093255783,41.282734623752255,0 2.074679077434029,41.282422099993596,0 2.073751154325465,41.28210956875206,0 2.07282324,41.28179703,0 2.0718559000758394,41.28145747723019,0 2.0708885701010447,41.281117916297504,0 2.0699212500757276,41.28077834722996,0 2.06895394,41.28043877,0 2.0680158908869735,41.280107649002794,0 2.0670778511825647,41.27977652032766,0 2.0661398208868738,41.27944538400262,0 2.0652018,41.27911424,0 2.0643578150156343,41.27872384184868,0 2.063513840020863,41.2783334374555,0 2.0626698750156596,41.27794302684849,0 2.06182592,41.27755261,0 2.0610701727209895,41.27705038006242,0 2.0603144369614523,41.27654814507383,0 2.0595587127211887,41.27604590506224,0 2.058803,41.27554366,0 2.058156731158774,41.27498859059262,0 2.05751047321188,41.27443351744743,0 2.0568642261590457,41.27387844059246,0 2.05621799,41.27332336,0 2.055661838845159,41.272686186725274,0 2.0551056984604483,41.27204901062429,0 2.054549568845514,41.27141183172511,0 2.05399345,41.27077465,0 2.0536403889969406,41.27009220434432,0 2.0532873353294456,41.269409757449736,0 2.052934288997228,41.26872730934421,0 2.05258125,41.26804486,0 2.052310278062533,41.267283453720516,0 2.052039312416899,41.266522046618,0 2.0517683530628155,41.2657606387204,0 2.0514974,41.26499923,0 2.051405699280881,41.26423935786389,0 2.0513140007079076,41.26347948547585,0 2.0512223042809796,41.262719612863805,0 2.05113061,41.26195974,0 2.051089178492802,41.261186517781034,0 2.051047747990433,41.26041329536538,0 2.0510063184928486,41.259640072780975,0 2.05096489,41.25886685,0 2.0509282411551175,41.258090212777454,0 2.050891593206851,41.2573135753606,0 2.0508549461551593,41.2565369377774,0 2.0508183,41.2557603,0 2.050814727324428,41.25498401275719,0 2.050811154765907,41.25420772533359,0 2.0508075823244325,41.253431437757115,0 2.05080401,41.25265515,0 2.050799179772636,41.25185769776962,0 2.0507943496968526,41.25106024535014,0 2.050789519772643,41.250262792769526,0 2.05078469,41.24946534,0 2.050822301292661,41.24868065777643,0 2.0508599117235207,41.247895975359235,0 2.0508975212926197,41.24711129277639,0 2.05093513,41.24632661,0 2.050961343422552,41.24550705778845,0 2.0509875562300484,41.24468750537523,0 2.051013768422521,41.243867952788364,0 2.05103998,41.2430484,0 2.051090681827984,41.24223238530832,0 2.051141382437272,41.24141637040174,0 2.0511920818279235,41.24060035530824,0 2.05124278,41.23978434,0 2.051309277388434,41.23897726282522,0 2.0513757731845264,41.23817018542426,0 2.0514422673883557,41.237363107825146,0 2.05150876,41.23655603,0 2.051590505432301,41.23575336535024,0 2.051672248909671,41.234950700457624,0 2.0517539904322057,41.23414803535015,0 2.05183573,41.23334537,0 2.051914165393563,41.2325187003576,0 2.051992598858019,41.23169203046744,0 2.0520710303934657,41.23086536035752,0 2.05214946,41.23003869,0 2.0522447509235704,41.229236685378936,0 2.0523400395646867,41.22843468049589,0 2.05243532592346,41.22763267537886,0 2.05253061,41.22683067,0 2.052602260179431,41.22599067035211,0 2.0526739085725145,41.2251506704601,0 2.0527455551793405,41.22431067035201,0 2.0528172,41.22347067,0 2.0529116233882116,41.22266939537547,0 2.0530060445175424,41.22186812049128,0 2.053100463388102,41.221066845375404,0 2.05319488,41.22026557,0 2.0532798481424615,41.219437702869634,0 2.0533648141898784,41.21860983548344,0 2.0534497781423564,41.21778196786952,0 2.05353474,41.2169541,0 2.053625230750335,41.21615129286628,0 2.05371571933371,41.21534848547901,0 2.0538062057502295,41.214545677866205,0 2.05389669,41.21374287,0 2.0539788980493245,41.21291183536474,0 2.0540611040656978,41.21208080047695,0 2.054143308049222,41.211249765364656,0 2.05422551,41.21041873,0 2.0543026253378307,41.209593260350715,0 2.0543797387837115,41.20876779045826,0 2.054456850337736,41.20794232035064,0 2.05453396,41.20711685,0 2.054600575020675,41.20626465784782,0 2.0546671883608414,41.20541246545438,0 2.0547338000205877,41.204560272847715,0 2.05480041,41.20370808,0 2.0548788605326656,41.20284019037835,0 2.0549573090434836,41.20197230049509,0 2.0550357555325593,41.20110441037826,0 2.0551142,41.20023652,0 2.0551941630828874,41.1993712453791,0 2.055274124110445,41.19850597049609,0 2.0553540830827797,41.197640695379015,0 2.05543404,41.19677542,0 2.055507827925742,41.1958833178838,0 2.0555816139009186,41.194991215502306,0 2.0556553979256362,41.19409911288368,0 2.05572918,41.19320701,0 2.05581552850159,41.192297180419665,0 2.0559018746687,41.19138735055015,0 2.0559882185014606,41.19047752041955,0 2.05607456,41.18956769,0 2.0562485846164185,41.18865918820651,0 2.0564226044883847,41.18775068593257,0 2.0565966196161583,41.186842183206366,0 2.05677063,41.18593368,0 2.057266308167463,41.18501331347797,0 2.0577619725561336,41.184092944627785,0 2.058257623166737,41.183172573477705,0 2.05875326,41.1822522,0 2.0592400338718972,41.1813965158258,0 2.059726795162122,41.18054082942492,0 2.060213543871285,41.17968514082558,0 2.06070028,41.17882945,0 2.0615177466647037,41.178043503853615,0 2.062335193885781,41.177257551795215,0 2.0631526216639675,41.1764715938532,0 2.06397003,41.17568563,0 2.0649477657044013,41.17499438002927,0 2.0659254809388474,41.174303121696035,0 2.066903175703869,41.173611855028796,0 2.06788085,41.17292058,0 2.068973868078798,41.1723051405882,0 2.0700668657715267,41.1716896907746,0 2.0711598430784917,41.1710742305877,0 2.0722528,41.17045876,0 2.073459573392994,41.16998729893351,0 2.0746663295240713,41.169515825235024,0 2.0758730683931126,41.169044338933034,0 2.07707979,41.16857284,0 2.0788528832301796,41.16807973386967,0 2.080625949897229,41.167586600536,0 2.08239899,41.16709344,0 2.083775480794426,41.16680222208477,0 2.08515195939303,41.166510987770096,0 2.086528425795119,41.1662197370844,0 2.08790488,41.16592847,0 2.0893157396104356,41.16570198582294,0 2.0907265894811435,41.16547548442104,0 2.0921374296112796,41.165248965822634,0 2.09354826,41.16502243,0 2.0949866232956813,41.164782201838214,0 2.0964249760614964,41.16454195577472,0 2.097863318296564,41.16430169183788,0 2.09930165,41.16406141,0 2.100779665378963,41.16387122583648,0 2.102257672172634,41.16368102277245,0 2.1037356703799883,41.16349080083622,0 2.10521366,41.16330056,0 2.106703901512969,41.16313218380723,0 2.1081941353513423,41.16296378840013,0 2.1096843615140437,41.16279537380697,0 2.11117458,41.16262694,0 2.112701270838623,41.16254457773896,0 2.114227957785644,41.16246219530918,0 2.1157546408398433,41.16237979273883,0 2.11728132,41.16229737,0 2.118838121469909,41.16220776894161,0 2.120394918627406,41.162118146912725,0 2.1219517114712,41.162028503941485,0 2.1235085,41.16193884,0 2.1250962047538926,41.161840210200154,0 2.1266839046727672,41.16174155859077,0 2.1282715997552586,41.1616428852,0 2.12985929,41.16154419,0 2.1314731127377486,41.16144064628336,0 2.1330869303179525,41.16133708003501,0 2.1347007427391804,41.16123349128317,0 2.13631455,41.16112988,0 2.137959223263683,41.161021342585684,0 2.1396038910192536,41.16091278177143,0 2.141248553265197,41.16080419758548,0 2.14289321,41.16069559,0 2.1445495739976064,41.160611368088844,0 2.1462059336645156,41.16052712244235,0 2.1478622889991676,41.160442853088696,0 2.14951864,41.16035856,0 2.151210366958417,41.16023766711874,0 2.152902087612316,41.16011674948217,0 2.1545938019600572,41.15999580711852,0 2.15628551,41.15987484,0 2.1580094235244625,41.159768258545434,0 2.1597333313671156,41.15966165138441,0 2.1614572335262108,41.15955501854521,0 2.16318113,41.15944836,0 2.164935787751618,41.15932207742885,0 2.166690438670044,41.159195768228955,0 2.168445082753448,41.1590694324286,0 2.17019972,41.15894307,0 2.171973443337583,41.15881095329978,0 2.173747159451368,41.158678809390175,0 2.1755208683394693,41.15854663829949,0 2.17729457,41.15841444,0 2.179078084849918,41.15832619375753,0 2.1808615948011907,41.158237920000595,0 2.182645099851868,41.15814961875735,0 2.1844286,41.15806129,0 2.186274140288407,41.15791129666581,0 2.188119672052617,41.157761273878165,0 2.1899651952905193,41.157611221665476,0 2.19181071,41.15746114,0 2.193674182948824,41.15728122002368,0 2.19553764559986,41.15710127002195,0 2.1974010979509653,41.15692129002326,0 2.19926454,41.15674128,0 2.2011465641415353,41.15640285841296,0 2.203028568856661,41.15606440620744,0 2.2049105541434564,41.15572592341219,0 2.20679252,41.15538741,0 2.208631223943006,41.15489335383119,0 2.210469900258231,41.154399268431504,0 2.212308548944341,41.15390515383008,0 2.21414717,41.15341101,0
                </coordinates>
            </LineString>
        </Placemark>
        

        <Placemark>
            <name>Route NJE838T</name>
            <Style>
                <LineStyle>
                    <color>ff00a5ff</color> <!-- naranja -->
                    <width>2</width>
                </LineStyle>
            </Style>
            <LineString>
                <tessellate>1</tessellate>
                <coordinates>
                    2.09550636,41.28957119,0 2.0947346674866347,41.28928568029884,0 2.0939629816488163,41.28900016538911,0 2.0931913024865896,41.28871464529873,0 2.09241963,41.28842912,0 2.0915479503508134,41.28812238493757,0 2.0906762788010305,41.28781564324069,0 2.089804615350732,41.28750889493739,0 2.08893296,41.28720214,0 2.088055932859098,41.286897465058004,0 2.087178913812073,41.286592783401304,0 2.0863019028590113,41.28628809505787,0 2.0854249,41.2859834,0 2.08449928523998,41.28563255371028,0 2.0835736803199283,41.28528169993763,0 2.082648085239912,41.28493083871009,0 2.0817225,41.28457997,0 2.0808042775852944,41.284222621035525,0 2.0798860651136883,41.2838652647046,0 2.078967862585239,41.2835079010353,0 2.07804967,41.28315053,0 2.0772322107182246,41.2826323913328,0 2.0764147642911075,41.28211424676764,0 2.0755973307184368,41.281596096332564,0 2.07477991,41.28107794,0 2.073963616707703,41.28058559379555,0 2.073147335610386,41.28009324171796,0 2.0723310667078763,41.279600883795304,0 2.07151481,41.27910852,0 2.070874421449992,41.27847296803751,0 2.0702340452669117,41.27783741237395,0 2.069593681450376,41.27720185303734,0 2.06895333,41.27656629,0 2.0684486694150164,41.275781098603886,0 2.067944020887041,41.27499590479576,0 2.0674393844155445,41.27421070860369,0 2.06693476,41.27342551,0 2.0666271534481324,41.27260454153728,0 2.066319554597758,41.27178357204033,0 2.066011963448505,41.27096260153714,0 2.06570438,41.27014163,0 2.0655943203976572,41.26923698300799,0 2.065484263863654,41.26833233566794,0 2.0653742103978243,41.26742768800786,0 2.06526416,41.26652304,0 2.0652765879497923,41.265599665354635,0 2.0652890155997112,41.26467629046348,0 2.0653014429497745,41.26375291535452,0 2.06531387,41.26282954,0 2.065381445350639,41.26187780542623,0 2.0654490188007784,41.260926070558945,0 2.0655165903505286,41.2599743354261,0 2.06558416,41.2590226,0 2.065653287942801,41.258062407934155,0 2.0657224139236585,41.257102215569475,0 2.0657915379426863,41.256142022934,0 2.06586066,41.25518183,0 2.065886216069586,41.25419010540722,0 2.0659117714260864,41.25319838053356,0 2.065937326069543,41.252206655407065,0 2.06596288,41.25121493,0 2.0659728853602175,41.25024888038166,0 2.06598289048028,41.249282830499475,0 2.0659928953602025,41.24831678038152,0 2.0660029,41.24735073,0 2.0659603680123366,41.24636636292147,0 2.0659178373498346,41.24538199555257,0 2.0658753080124153,41.24439762792132,0 2.06583278,41.24341326,0 2.0657664144979346,41.242445422944265,0 2.065700050997324,41.24147758558294,0 2.0656336894980507,41.2405097479441,0 2.06556733,41.23954191,0 2.065474840842384,41.23857273050065,0 2.06538235445662,41.237603550658136,0 2.065289870842546,41.236634370500525,0 2.06519739,41.23566519,0 2.0650978380708946,41.23470439301192,0 2.06499828909464,41.233743595673154,0 2.0648987430710655,41.23278279801178,0 2.0647992,41.231822,0 2.064682079666055,41.23083611808064,0 2.064564962888214,41.22985023576477,0 2.064447849666266,41.22886435308048,0 2.06433074,41.22787847,0 2.0642100494223707,41.226877690602315,0 2.0640893625633105,41.225876910793666,0 2.063968679422595,41.224876130602155,0 2.063848,41.22387535,0 2.0637235691784634,41.22286180562334,0 2.0635991422381093,41.221848260821716,0 2.0634747191787004,41.22083471562317,0 2.0633503,41.21982117,0 2.063219141384369,41.218810098143436,0 2.06308798684599,41.21779902584851,0 2.0629568363846165,41.21678795314329,0 2.06282569,41.21577688,0 2.062665092368003,41.21474383327367,0 2.062504499824214,41.213710786022126,0 2.062343912368319,41.2126777382735,0 2.06218333,41.21164469,0 2.0620175646331287,41.21061252329432,0 2.061851804511055,41.20958035604966,0 2.0616860496334537,41.208548188294145,0 2.0615203,41.20751602,0 2.0613456739704543,41.20645327835738,0 2.0611710536275143,41.20539053613371,0 2.0609964389708173,41.20432779335718,0 2.06082183,41.20326505,0 2.0606411487254377,41.20220782338038,0 2.060460473300831,41.201150596164375,0 2.060279803725809,41.20009336838015,0 2.06009914,41.19903614,0 2.059924166341445,41.19795932586801,0 2.0597491984555085,41.1968825111479,0 2.0595742363418177,41.19580569586782,0 2.05939928,41.19472888,0 2.059222748619872,41.19363420588859,0 2.0590462231600886,41.19253953117533,0 2.0588697036202612,41.19144485588838,0 2.05869319,41.19035018,0 2.0585435599432804,41.189253305772624,0 2.058393934924595,41.18815643102068,0 2.0582443149436123,41.1870595557724,0 2.0580947,41.18596268,0
                </coordinates>
            </LineString>
        </Placemark>
        

        <Placemark>
            <name>Route TRA3T</name>
            <Style>
                <LineStyle>
                    <color>ff00a5ff</color> <!-- naranja -->
                    <width>2</width>
                </LineStyle>
            </Style>
            <LineString>
                <tessellate>1</tessellate>
                <coordinates>
                    2.09673879,41.2898959,0 2.096120003742354,41.28967336252291,0 2.095501221656454,41.2894508216879,0 2.094882443742327,41.28922827752286,0 2.09426367,41.28900573,0 2.0936756595389507,41.288824268033274,0 2.0930876523083906,41.288642803035955,0 2.0924996483083556,41.28846133503592,0 2.09191164753888,41.28827986403319,0 2.09132365,41.28809839,0 2.0905157469291287,41.28781044854159,0 2.089707850905463,41.287522501379435,0 2.088899961929067,41.28723454854148,0 2.08809208,41.28694659,0 2.0872205280129235,41.28664388493313,0 2.0863489840171745,41.28634117323479,0 2.0854774480128384,41.286038454932964,0 2.08460592,41.28573573,0 2.0836758287053225,41.28540931380932,0 2.0827457466070305,41.2850828900697,0 2.0818156737052234,41.28475645880914,0 2.08088561,41.28443002,0 2.0799842115377336,41.28410137312795,0 2.0790828220502595,41.283772719161234,0 2.0781814415376556,41.28344405812779,0 2.07728007,41.28311539,0 2.0763499996257386,41.2827517238217,0 2.0754199395009474,41.282388050086176,0 2.0744898896256827,41.2820243688215,0 2.07355985,41.28166068,0 2.0726549656402855,41.28131153571638,0 2.0717500908536763,41.280962384279086,0 2.070845225640229,41.280613225716166,0 2.06994037,41.28026406,0 2.069111457923193,41.279877389020335,0 2.0682825555642768,41.2794907120177,0 2.0674536629232216,41.27910402902014,0 2.06662478,41.27871734,0 2.065915981521936,41.27814500920345,0 2.0652071953627824,41.277572673928525,0 2.064498421522238,41.27700033420327,0 2.06378966,41.27642799,0 2.0631935264128356,41.27583585480179,0 2.062597403550654,41.275243716392964,0 2.062001291413145,41.2746515748016,0 2.06140519,41.27405943,0 2.0609312424669217,41.273364233155796,0 2.060457304956152,41.27266903419834,0 2.059983377467306,41.27197383315564,0 2.05950946,41.27127863,0 2.059136674887269,41.27053786206536,0 2.058763898183264,41.26979709274447,0 2.0583911298876276,41.269056322065246,0 2.05801837,41.26831555,0 2.0577346269020502,41.2674991688482,0 2.0574508908696276,41.26668278678824,0 2.0571671619023912,41.265866403848094,0 2.05688344,41.26505002,0 2.0566837723736837,41.26421715082517,0 2.056484109831748,41.263384281090886,0 2.0562844523739376,41.26255141082508,0 2.0560848,41.26171854,0 2.0558958900219055,41.260855898289385,0 2.0557069850293788,41.259993256043124,0 2.055518085022163,41.25913061328925,0 2.05532919,41.25826797,0 2.055098537939835,41.2573635460481,0 2.054867892253343,41.25645912138808,0 2.054637252940179,41.255554696047966,0 2.05440662,41.25465027,0 2.0541344064386315,41.2534216777376,0 2.053862203105549,41.252193084404155,0 2.05359001,41.25096449,0 2.0533929715692096,41.250032043377495,0 2.053195938759155,41.24909959616062,0 2.0529989115695235,41.24816714837736,0 2.05280189,41.2472347,0 2.0525821100523465,41.24624777604219,0 2.052362336736724,41.24526085138015,0 2.0521425700527387,41.244273926042,0 2.05192281,41.243287,0 2.0516957994935576,41.242277633601155,0 2.051468795991692,41.24126826645878,0 2.0512417994939804,41.24025889860099,0 2.05101481,41.23924953,0 2.050808735486328,41.23824336597822,0 2.050602667315359,41.23723720129486,0 2.0503966054867107,41.23623103597804,0 2.05019055,41.23522487,0 2.0499430132861685,41.23419205374588,0 2.0496954843818793,41.23315923665173,0 2.0494479632866502,41.23212641874567,0 2.04920045,41.2310936,0 2.0489603161988184,41.23006651869279,0 2.048720189932066,41.22903943658092,0 2.0484800711992808,41.22801235369258,0 2.04823996,41.22698527,0 2.0479995389473657,41.22598166617525,0 2.0477591252634486,41.22497806155757,0 2.0475187189478077,41.22397445617507,0 2.04727832,41.22297085,0 2.047016990413928,41.2219605188174,0 2.046755668885561,41.2209501867471,0 2.046494355414413,41.2199398538172,0 2.04623305,41.21892952,0 2.045970267683767,41.21790557133702,0 2.045707493578691,41.216881621773254,0 2.0454447276842687,41.21585767133683,0 2.04518197,41.21483372,0 2.044906571973631,41.213799943932926,0 2.0446311826318646,41.2127661669011,0 2.044355801974166,41.211732388932695,0 2.04408043,41.21069861,0 2.043801604392073,41.209670893952044,0 2.04352278752312,41.20864317692659,0 2.0432439793926074,41.20761545895183,0 2.04296518,41.20658774,0 2.0426713582916607,41.20553030158734,0 2.0423775460559455,41.20447286210697,0 2.042083743292257,41.20341542158711,0 2.04178995,41.20235798,0 2.0414973611212663,41.20132048906081,0 2.0412047814954026,41.20028299707161,0 2.0409122111218374,41.19924550406057,0 2.04061965,41.19820801,0 2.040229911524704,41.19716935742906,0 2.0398401853667734,41.196130703229244,0 2.0394504715254564,41.195092047428794,0 2.03906077,41.19405339,0 2.038369758041585,41.193116761597075,0 2.0376787657227773,41.192180128786504,0 2.0369877930425817,41.19124349159667,0 2.03629684,41.19030685,0 2.0354595181422788,41.18940463698142,0 2.034622219190401,41.188502417632236,0 2.033784943143323,41.18760019198092,0 2.03294769,41.18669796,0 2.032086954622013,41.18585778495358,0 2.031226241163277,41.18501760326176,0 2.0303655496229034,41.18417741495307,0 2.02950488,41.18333722,0 2.028408384308618,41.18262046587063,0 2.0273119124118706,41.181903701151086,0 2.0262154643091876,41.18118692587,0 2.02511904,41.18047014,0 2.023956884792823,41.17980279276668,0 2.0227947530573633,41.179135433679164,0 2.021632644793222,41.17846806276607,0 2.02047056,41.17780068,0 2.0192598786874005,41.17713984425753,0 2.0180492215834325,41.17647899566694,0 2.016838588687748,41.17581813425688,0 2.01562798,41.17515726,0 2.014427809695212,41.17446330394692,0 2.0132276645939187,41.17376933525275,0 2.0120275446956652,41.17307535394621,0 2.01082745,41.17238136,0 2.009637677769441,41.171691933620345,0 2.008447930359552,41.17100249481734,0 2.007258207769887,41.17031304361964,0 2.00606851,41.16962358,0 2.0048759520733013,41.16892288371221,0 2.003683419431387,41.16822217493982,0 2.0024909120737795,41.16752145371154,0 2.00129843,41.16682072,0 2.0000918962485197,41.16611303165087,0 1.9988853883316873,41.165405330524685,0 1.9976789062490112,41.16469761665017,0 1.99647245,41.16398989,0 1.9952674156272665,41.163269946610235,0 1.994062407503376,41.162549990470474,0 1.9928574256277973,41.16183002160949,0 1.99165247,41.16111004,0
                </coordinates>
            </LineString>
        </Placemark>
        

        <Placemark>
            <name>Route QTR138</name>
            <Style>
                <LineStyle>
                    <color>ff00a5ff</color> <!-- naranja -->
                    <width>2</width>
                </LineStyle>
            </Style>
            <LineString>
                <tessellate>1</tessellate>
                <coordinates>
                    2.09591765,41.28972091,0 2.0952684075962855,41.28947003553113,0 2.0946191701283667,41.2892191573655,0 2.093969937596265,41.28896827553105,0 2.09332071,41.28871739,0 2.0926006646487822,41.28847737178625,0 2.0918806245316732,41.288237349038994,0 2.0911605896487275,41.28799732178617,0 2.09044056,41.28775729,0 2.0896518153263175,41.28748734313928,0 2.0888630771017125,41.287217390843004,0 2.0880743453262514,41.286947433139154,0 2.08728562,41.28667747,0 2.0865921199384316,41.28643797838935,0 2.0858986249076037,41.286198482570036,0 2.08520513490756,41.285958982569966,0 2.084511649938344,41.2857194783892,0 2.08381817,41.28547997,0 2.0828710232337104,41.2851484692265,0 2.0819238859782097,41.28481696062591,0 2.080976758233604,41.28448544422629,0 2.08002964,41.28415392,0 2.07905923242491,41.28381202730868,0 2.078088834899806,41.28347012640214,0 2.0771184474247986,41.283128217308466,0 2.07614807,41.2827863,0 2.075242194799858,41.282477708225905,0 2.0743363280664098,41.282169109291814,0 2.073430469799756,41.28186050322574,0 2.07252462,41.28155189,0 2.071531830724385,41.28118008288939,0 2.070539052632453,41.280808267176404,0 2.0695462857242948,41.28043644288914,0 2.06855353,41.28006461,0 2.0676201305750563,41.27972452139299,0 2.0666867407666847,41.27938442518126,0 2.0657533605749703,41.2790443213928,0 2.06481999,41.27870421,0 2.0638492883112467,41.27832595232848,0 2.062878597748286,41.27794768642851,0 2.0619079183111815,41.27756941232823,0 2.06093725,41.27719113,0 2.0600683207999464,41.27676857241567,0 2.059199402733299,41.27634600821146,0 2.0583304958000017,41.27592343741544,0 2.0574616,41.27550086,0 2.056602716439317,41.274962107242345,0 2.0557438469192473,41.27442334798032,0 2.0548849914395535,41.27388458224206,0 2.05402615,41.27334581,0 2.0532401125449393,41.27278819069479,0 2.052454088393439,41.27223056591694,0 2.0516680775452185,41.271672935694546,0 2.05088208,41.2711153,0 2.0502731744474287,41.270464785031535,0 2.0496642809301684,41.2698142666993,0 2.0490553994478238,41.26916374503134,0 2.04844653,41.26851322,0 2.048012015099801,41.26776190272074,0 2.0475775101333498,41.267010583618266,0 2.047143015100224,41.26625926272059,0 2.04670853,41.26550794,0 2.046474769114145,41.26472436348743,0 2.046241013819034,41.263940786307224,0 2.046007264114406,41.263157208487335,0 2.04577352,41.26237363,0 2.0458105111377245,41.26130545699398,0 2.045847501137699,41.26023728366059,0 2.04588449,41.25916911,0 2.045925581560342,41.25830246783231,0 2.045966672080419,41.25743582543373,0 2.0460077615602867,41.256569182832216,0 2.04604885,41.25570254,0 2.0461631693156113,41.254862240456575,0 2.0462774857540507,41.25402194059941,0 2.0463917993154648,41.25318164045647,0 2.04650611,41.25234134,0 2.046629304623127,41.25150680547905,0 2.046752496164066,41.250672270629394,0 2.0468756846229716,41.24983773547896,0 2.04699887,41.2490032,0 2.047138665144605,41.24818611552314,0 2.047278456859361,41.24736903068816,0 2.047418245144436,41.24655194552306,0 2.04755803,41.24573486,0 2.0476877198316914,41.24490677799481,0 2.0478174064421477,41.24407869565037,0 2.0479470898315304,41.24325061299469,0 2.04807677,41.24242253,0 2.04821766516837,41.24160801302448,0 2.0483585568910465,41.24079349568996,0 2.0484994451682,41.23997897802439,0 2.04864033,41.23916446,0 2.0487488491680836,41.23830821794755,0 2.0488573655573483,41.237451975587376,0 2.048965879167939,41.23659573294745,0 2.04907439,41.23573949,0 2.049164035990737,41.23486842040948,0 2.049253679654234,41.23399735053661,0 2.0493433209906136,41.23312628040939,0 2.04943296,41.23225521,0 2.0495522669500197,41.23142495796127,0 2.0496715709332602,41.230594705605654,0 2.0497908719498708,41.22976445296118,0 2.04991017,41.2289342,0 2.0500504652251763,41.22810670052806,0 2.0501907569667854,41.227279200694724,0 2.050331045225002,41.22645170052796,0 2.05047133,41.2256242,0 2.0505752190716797,41.22474926044476,0 2.0506791054288103,41.22387432058365,0 2.0507829890715357,41.22299938044466,0 2.05088687,41.22212444,0 2.051026735169817,41.22130306302179,0 2.0511665968929753,41.220481685686345,0 2.0513064551696463,41.21966030802171,0 2.05144631,41.21883893,0 2.0515480265523145,41.21794882044776,0 2.051649740402988,41.217058710587615,0 2.051751451552168,41.21616860044764,0 2.05185316,41.21527849,0 2.0520099430879233,41.21448754306674,0 2.0521667224504463,41.213696595746285,0 2.052323498087746,41.21290564806665,0 2.05248027,41.2121147,0 2.052578216482204,41.21120522294976,0 2.052676160309508,41.21029574559029,0 2.0527741014820577,41.20938626794964,0 2.05287204,41.20847679,0 2.053004952532126,41.20763439550823,0 2.0531378617093874,41.206792000668266,0 2.0532707675319553,41.20594960550814,0 2.05340367,41.20510721,0 2.0535235848495286,41.20420531050364,0 2.053643496465921,41.2033034106621,0 2.0537634048493523,41.20240151050349,0 2.05388331,41.20149961,0 2.0539781041312963,41.20052251548634,0 2.054072895508286,41.19954542063905,0 2.054167684131133,41.1985683254862,0 2.05426247,41.19759123,0 2.054416836484617,41.19665674064321,0 2.0545711986459936,41.19572225084823,0 2.054725556484373,41.194787760643095,0 2.05487991,41.19385327,0 2.0551570836547524,41.1929627012905,0 2.0554342498727403,41.192072131711235,0 2.055711408654358,41.19118156129034,0 2.05598856,41.19029099,0 2.0564530115592015,41.18938510558387,0 2.056917450411827,41.18847921910234,0 2.0573818765585385,41.18757333058363,0 2.05784629,41.18666744,0 2.058483808864582,41.18575546804418,0 2.059121310152188,41.18484349238268,0 2.0597587938637005,41.183931513043824,0 2.06039626,41.18301953,0 2.0611435979685235,41.18212088499743,0 2.0618909156240584,41.181222234986954,0 2.0626382129675633,41.180323579996994,0 2.06338549,41.17942492,0 2.0641874505176103,41.17858641105565,0 2.0649893906895773,41.17774789639791,0 2.0657913105167562,41.17690937605521,0 2.06659321,41.17607085,0 2.067436055981664,41.17519545944298,0 2.0682788796415683,41.174320062580996,0 2.0691216809806883,41.17344465944249,0 2.06996446,41.17256925,0 2.0708432099766947,41.17169215524111,0 2.071721936634924,41.17081505364512,0 2.0726006399756915,41.169937945240584,0 2.07347932,41.16906083,0 2.0743942089607117,41.16818265607781,0 2.0753090736135977,41.16730447476071,0 2.076223913959685,41.166426286077254,0 2.07713873,41.16554809,0 2.0780786706353824,41.164653999185504,0 2.079018585846451,41.16375990057091,0 2.079958475634294,41.162865794184896,0 2.08089834,41.16197168,0 2.0818534450527655,41.16104740457216,0 2.0828085234028926,41.16012312108642,0 2.0837635750515733,41.159198829571494,0 2.0847186,41.15827453,0 2.0856980107273806,41.157301570206194,0 2.0866773926355933,41.156328601931754,0 2.0876567457260093,41.155355625205445,0 2.08863607,41.15438264,0 2.0896331207343457,41.153426745644964,0 2.090630142644912,41.15247084251677,0 2.0916271357330216,41.15151493064422,0 2.0926241,41.15055901,0 2.093630597878915,41.149619855878406,0 2.094637067171039,41.14868069282803,0 2.0956435078776434,41.147741520877666,0 2.09664992,41.14680234,0 2.0976718524428106,41.145832696298655,0 2.0986937549228215,41.14486304338833,0 2.099715627441422,41.14389338129787,0 2.10073747,41.14292371,0 2.101775619724436,41.141920589248166,0 2.1028137379648992,41.14091745898766,0 2.1038518247229128,41.139914319247325,0 2.10488988,41.13891117,0 2.1059350773635295,41.137858871966095,0 2.106980241483558,41.13680656427817,0 2.1080253723618076,41.135754246965185,0 2.10907047,41.13470192,0 2.110111632423059,41.13369727432644,0 2.1111527632297253,41.132692619091976,0 2.1121938624215284,41.13168795432558,0 2.11323493,41.13068328,0 2.1142809377965133,41.129675306957225,0 2.1153269137276527,41.128667324266374,0 2.1163728577949663,41.12765933195636,0 2.11741877,41.12665133,0 2.1184806521083117,41.125672762370655,0 2.1195425028101194,41.124694184817606,0 2.1206043221068676,41.1237155973698,0 2.12166611,41.122737,0 2.1227876290174104,41.12187168649252,0 2.1239091186891823,41.12100636198016,0 2.1250305790163635,41.12014102649174,0 2.12615201,41.11927568,0 2.1274272419145848,41.11842168874871,0 2.1287024408854576,41.11756768332159,0 2.129977606913602,41.11671366374772,0 2.13125274,41.11585963,0 2.132658881163003,41.11521530321164,0 2.1340649948839348,41.114570959272264,0 2.135471081162899,41.113926598210796,0 2.13687714,41.11328222,0 2.1384579836040047,41.11274538744116,0 2.140038801472364,41.11220853324489,0 2.1416195936045415,41.11167165744024,0 2.14320036,41.11113476,0 2.1448000858234013,41.11067721570552,0 2.1463997894317406,41.11021964926414,0 2.14799947082421,41.10976206070474,0 2.14959913,41.10930445,0
                </coordinates>
            </LineString>
        </Placemark>
        

        <Placemark>
            <name>Route BTX6F</name>
            <Style>
                <LineStyle>
                    <color>ff00a5ff</color> <!-- naranja -->
                    <width>2</width>
                </LineStyle>
            </Style>
            <LineString>
                <tessellate>1</tessellate>
                <coordinates>
                    2.08973515,41.28757096,0 2.088912799397954,41.287287206345844,0 2.0880904558638895,41.28700344678511,0 2.087268119397881,41.28671968134572,0 2.08644579,41.28643591,0 2.085661942581597,41.28615744304164,0 2.084878101775425,41.28587897071284,0 2.0840942675815404,41.28560049304152,0 2.08331044,41.28532201,0 2.082547885482014,41.28504733511312,0 2.081785337309319,41.284772655141474,0 2.0810227954819647,41.284497970113016,0 2.08026026,41.28422328,0 2.0795151924597683,41.283926837277306,0 2.078770131613008,41.283630389693734,0 2.078025077459744,41.283333937277206,0 2.07728003,41.28303748,0 2.076697125098135,41.28257043454209,0 2.0761142284642897,41.282103386046735,0 2.0755313400982995,41.28163633454195,0 2.07494846,41.28116928,0 2.0744150424927668,41.280757388802115,0 2.073881631657098,41.280345495060146,0 2.07334822749288,41.27993359880203,0 2.07281483,41.2795217,0 2.0725076571501333,41.27896217138813,0 2.072200489533622,41.2784026418415,0 2.0718933271503,41.277843111388044,0 2.07158617,41.27728358,0 2.0714028949629464,41.27668359811246,0 2.071219623284009,41.276083615807316,0 2.0710363549630664,41.27548363311242,0 2.07085309,41.27488365,0 2.0708227015104397,41.27419788522256,0 2.070792313680605,41.27351212028744,0 2.070761926510467,41.27282635522253,0 2.07073154,41.27214059,0 2.0707505830571797,41.271450532713935,0 2.0707696257428956,41.27076047527592,0 2.0707886680571637,41.27007041771389,0 2.07080771,41.26938036,0 2.0708091525013743,41.268642392736325,0 2.0708105950018316,41.26790442530578,0 2.070812037501374,41.267166457736266,0 2.07081348,41.26642849,0 2.0707963643843597,41.265697650237065,0 2.070779249179158,41.26496681030676,0 2.0707621343843776,41.26423597023701,0 2.07074502,41.26350513,0 2.070665417047754,41.26270558536019,0 2.0705858160637356,41.2619060404709,0 2.0705062170478494,41.261106495360096,0 2.07042662,41.26030695,0 2.0703325164459865,41.25949057290399,0 2.0702384152613926,41.25867419552931,0 2.0701443164461026,41.25785781790391,0 2.07005022,41.25704144,0 2.0699222398861896,41.25617451303666,0 2.069794263181705,41.25530758570619,0 2.069666289886367,41.254440658036565,0 2.06953832,41.25357373,0 2.0693913588685393,41.25266739563238,0 2.0692444018248675,41.25176106083379,0 2.0690974488687623,41.25085472563225,0 2.0689505,41.24994839,0 2.068806171412056,41.249032285628374,0 2.06866184688289,41.24811618082846,0 2.0685175264122795,41.247200075628264,0 2.06837321,41.24628397,0 2.0682137204649473,41.24532525821954,0 2.0680542356201097,41.24436654594999,0 2.067894755465218,41.24340783321939,0 2.06773528,41.24244912,0 2.0675757652400946,41.24146015824148,0 2.067416255320318,41.24047119597923,0 2.0672567502403822,41.23948223324132,0 2.06709725,41.23849327,0 2.066931604760837,41.2374777832874,0 2.0667659646813257,41.23646229604044,0 2.066600329761151,41.235446808287215,0 2.0664347,41.23443132,0 2.0662755126090797,41.23342245575346,0 2.066116330145639,41.2324135909952,0 2.0659571526093785,41.231404725753286,0 2.06579798,41.23039586,0 2.0656344198141605,41.22937448328091,0 2.0654708647524234,41.22835310603179,0 2.065307314814475,41.22733172828073,0 2.06514377,41.22631035,0 2.064964083693383,41.22524430338878,0 2.0647844032580944,41.22417825617559,0 2.0646047286937583,41.22311220838859,0 2.06442506,41.22204616,0 2.0642592345111566,41.2209988908091,0 2.064093414348432,41.21995162106935,0 2.063927599511492,41.21890435080891,0 2.06376179,41.21785708,0 2.0635876890161424,41.21679719585539,0 2.0634135936884297,41.215737311131086,0 2.0632395040165026,41.2146774258552,0 2.06306542,41.21361754,0 2.0628918640602274,41.212559730850124,0 2.0627183137472076,41.21150192112405,0 2.0625447690605845,41.210444110849934,0 2.06237123,41.2093863,0 2.0621941412725753,41.20831404087704,0 2.062017058363683,41.20724178115992,0 2.06183998127295,41.20616952087682,0 2.06166291,41.20509726,0 2.0614809735812503,41.20403017589478,0 2.0612990431085874,41.202963091183584,0 2.061117118581631,41.201896005894575,0 2.0609352,41.20082892,0 2.0607691819518847,41.19977449331016,0 2.060603169269407,41.19872006607076,0 2.060437161952225,41.19766563830998,0 2.06027116,41.19661121,0 2.06009154605285,41.19552695339523,0 2.0599119380707256,41.194442696184154,0 2.059732336053238,41.19335843839499,0 2.05955274,41.19227418,0 2.0593664057461845,41.19119259842444,0 2.0591800776618463,41.19011101622313,0 2.0589937557465845,41.18902943342424,0 2.05880744,41.18794785,0 2.0586338288586323,41.186864563363976,0 2.058460223478426,41.18578127614248,0 2.058286623859007,41.18469798836376,0 2.05811303,41.1836147,0
                </coordinates>
            </LineString>
        </Placemark>
        

        <Placemark>
            <name>Route RYR23VU</name>
            <Style>
                <LineStyle>
                    <color>ff00a5ff</color> <!-- naranja -->
                    <width>2</width>
                </LineStyle>
            </Style>
            <LineString>
                <tessellate>1</tessellate>
                <coordinates>
                    2.09487381,41.28936062,0 2.0942312410915753,41.28914111041138,0 2.09358867645541,41.28892159720586,0 2.0929461160915395,41.28870208041132,0 2.09230356,41.28848256,0 2.0915435583720696,41.28821822756011,0 2.090783562829389,41.28795389007082,0 2.0900235733720134,41.287689547560014,0 2.08926359,41.2874252,0 2.088433788849031,41.28712947150925,0 2.087603995131997,41.28683373700297,0 2.0867742088489645,41.28653799650911,0 2.08594443,41.28624225,0 2.0850461256918242,41.28595285554307,0 2.0841478292556888,41.28566345404805,0 2.083249540691708,41.2853740455429,0 2.08235126,41.28508463,0 2.081376469203224,41.284784267405094,0 2.0804016872708573,41.28448389653072,0 2.0794269142030615,41.28418351740492,0 2.07845215,41.28388313,0 2.077534187791961,41.28353061602728,0 2.076616235389241,41.28317809469362,0 2.0756982927918997,41.28282556602707,0 2.07478036,41.28247303,0 2.073831305374462,41.282133884275495,0 2.0728822604992168,41.281794730691246,0 2.071933225374363,41.28145556927531,0 2.0709842,41.2811164,0 2.070046910507393,41.280776133987665,0 2.0691096306764645,41.28043586030747,0 2.0681723605073037,41.280095578987456,0 2.0672351,41.27975529,0 2.0663282526414655,41.279394830766144,0 2.0654214151885912,41.27903436434544,0 2.064514587641421,41.278673890765944,0 2.06360777,41.27831341,0 2.062748009603039,41.27785586972488,0 2.061888261137457,41.27739832295706,0 2.061028524603147,41.27694076972464,0 2.0601688,41.27648321,0 2.059433729930421,41.275958259672386,0 2.05869867157405,41.27543330455376,0 2.057963624930654,41.27490834467218,0 2.05722859,41.27438338,0 2.0566157502896925,41.273767152576276,0 2.0560029220531546,41.273150921758976,0 2.05539010529004,41.27253468757612,0 2.0547773,41.27191845,0 2.054328415552641,41.27121313785954,0 2.0538795407371078,41.27050782380335,0 2.0534306755530203,41.269802507859396,0 2.05298182,41.26909719,0 2.052670557052185,41.26836275901129,0 2.0523593010697794,41.267628327005696,0 2.0520480520524838,41.266893894011176,0 2.05173681,41.26615946,0 2.051493656100804,41.26536001855644,0 2.051250508134594,41.264560576399234,0 2.051007366101086,41.26376113355633,0 2.05076423,41.26296169,0 2.050705145230471,41.26213844783616,0 2.0506460619740112,41.261315205438855,0 2.050586980230546,41.26049196283607,0 2.0505279,41.25966872,0 2.0505484882539804,41.25879796532034,0 2.050569076005289,41.25792721041776,0 2.0505896632539535,41.257056455320246,0 2.05061025,41.2561857,0 2.0506627945915286,41.25528330536858,0 2.050715337788654,41.25438091048206,0 2.050767879591452,41.25347851536846,0 2.05082042,41.25257612,0 2.0508703545031763,41.25166474037078,0 2.0509202876708525,41.25075336048499,0 2.050970219503102,41.249841980370675,0 2.05102015,41.2489306,0 2.0511113137788852,41.24800275795328,0 2.0512024750384197,41.24707491559499,0 2.0512936337787435,41.246147072953164,0 2.05138479,41.24521923,0 2.0515024774486568,41.244281738028725,0 2.0516201615980836,41.24334424569557,0 2.051737842448469,41.242406753028575,0 2.05185552,41.24146926,0 2.051955099457633,41.24046723302504,0 2.05205467594339,41.23946520569065,0 2.0521542494574523,41.238463178024894,0 2.05225382,41.23746115,0 2.0523644449666927,41.23645788805409,0 2.0524750666221228,41.23545462572938,0 2.0525856849664916,41.23445136305393,0 2.0526963,41.2334481,0 2.0528122928091386,41.23242564808276,0 2.052928282078705,41.23140319576759,0 2.053044267808919,41.2303807430826,0 2.05316025,41.22935829,0 2.053271095054233,41.228338875564845,0 2.0533819367388384,41.22731946074371,0 2.0534927750540244,41.2263000455647,0 2.05360361,41.22528063,0 2.0536886288979668,41.22424988300936,0 2.0537736451971806,41.22321913566972,0 2.0538586588978034,41.222188388009194,0 2.05394367,41.22115764,0 2.0540016426696655,41.220110647973314,0 2.0540596135594784,41.219063655621646,0 2.054117582669552,41.218016662973135,0 2.05417555,41.21696967,0 2.054244378166875,41.21592919548401,0 2.05431320422241,41.21488872063592,0 2.054382028166741,41.213848245483824,0 2.05445085,41.21280777,0 2.054495612096091,41.21173066047841,0 2.054540372794727,41.21065355062845,0 2.054585132095999,41.20957644047822,0 2.05462989,41.20849933,0 2.054695132947353,41.207476432962764,0 2.054760373929722,41.2064535356076,0 2.05482561294723,41.20543063796261,0 2.05489085,41.20440774,0 2.0549473826414064,41.20334334798051,0 2.0550039135217983,41.202278955631236,0 2.0550604426412917,41.20121456298034,0 2.05511697,41.20015017,0 2.055177147763547,41.199106815468426,0 2.055237323684651,41.19806346061512,0 2.0552974977634295,41.197020105468255,0 2.05535767,41.19597675,0 2.0554173927674086,41.194923240474466,0 2.0554771136897996,41.19386973062317,0 2.0555368327672907,41.19281622047428,0 2.05559655,41.19176271,0 2.0556577803351033,41.19071078047438,0 2.055719008780057,41.18965885062305,0 2.055780235334982,41.188606920474186,0 2.05584146,41.18755499,0 2.0558654110864936,41.186466190464465,0 2.0558893614486258,41.18537739060985,0 2.0559133110864445,41.18428859046429,0 2.05593726,41.18319979,0 2.055856013353859,41.1821033705584,0 2.0557747694719333,41.18100695073505,0 2.055693528354041,41.17991053055817,0 2.05561229,41.17881411,0 2.0553694803369797,41.17772003875075,0 2.0551266787829934,41.17662596665819,0 2.05488388533751,41.175531893750524,0 2.0546411,41.17443782,0 2.0542553543869424,41.17340855487706,0 2.053869620849744,41.17237928815991,0 2.0534838993876727,41.17135001987682,0 2.05309819,41.17032075,0 2.052539684299735,41.16931021449289,0 2.0519811957336365,41.16829967598095,0 2.05142272430072,41.16728913449252,0 2.05086427,41.16627859,0 2.0501973134289595,41.1652383837487,0 2.0495303779060916,41.164198173321964,0 2.0488634634301786,41.16315795874824,0 2.04819657,41.16211774,0 2.0474769424965356,41.161124677161894,0 2.046757336662827,41.160131609539526,0 2.046037752497705,41.15913853716142,0 2.04531819,41.15814546,0 2.0445665896127783,41.15711015530693,0 2.043815012817922,41.156074845399516,0 2.0430634596141055,41.15503953030637,0 2.04231193,41.15400421,0 2.04156451925121,41.152952407737004,0 2.040817132335859,41.15190060030629,0 2.0400697692525784,41.15084878773646,0 2.03932243,41.14979697,0 2.0385583093554436,41.148699155602856,0 2.0377942141416114,41.14760133579406,0 2.0370301443569736,41.146503510602244,0 2.0362661,41.14540568,0 2.035500416790598,41.14430809563212,0 2.034734759055152,41.143210505833046,0 2.033969126792129,41.14211291063149,0 2.03320352,41.14101531,0 2.0324204625013933,41.139891681003235,0 2.0316374316696186,41.13876804632786,0 2.030854427503035,41.13764440600257,0 2.03007145,41.13652076,0 2.029289317584562,41.135397995981805,0 2.0285072117805076,41.13427522629929,0 2.027725132586199,41.13315245098114,0 2.02694308,41.13202967,0 2.0261489278545493,41.13086205126599,0 2.0253548038072697,41.12969442667815,0 2.024560707856355,41.12852679626527,0 2.02376664,41.12735916,0 2.0229730391653544,41.12622681622178,0 2.02217946555493,41.12509446661923,0 2.021385919167041,41.123962111221104,0 2.0205924,41.12282975,0 2.019727831306824,41.12171711523595,0 2.0188632917435863,41.12060447363808,0 2.017998781308555,41.119491825235194,0 2.0171343,41.11837917,0 2.016154557734181,41.11731642795774,0 2.0151748469800363,41.116253677267046,0 2.014195167735874,41.11519091795689,0 2.01321552,41.11412815,0 2.0120156144323413,41.11319891409336,0 2.0108157425773134,41.11226966544779,0 2.009615904433629,41.11134040409237,0 2.0084161,41.11041113,0 2.006799004015871,41.1097148842037,0 2.0051819420211308,41.10901861559472,0 2.0035649140158247,41.10832232420244,0 2.00194792,41.10762601,0
                </coordinates>
            </LineString>
        </Placemark>
        

        <Placemark>
            <name>Route RYR98RR</name>
            <Style>
                <LineStyle>
                    <color>ff00a5ff</color> <!-- naranja -->
                    <width>2</width>
                </LineStyle>
            </Style>
            <LineString>
                <tessellate>1</tessellate>
                <coordinates>
                    2.0943383,41.28912328,0 2.0936584927807624,41.2888895485538,0 2.092978690374322,41.2886558130624,0 2.0922988927807205,41.288422073553726,0 2.0916191,41.28818833,0 2.090818757489584,41.28791304088003,0 2.0900184216527333,41.28763774616401,0 2.089218092489516,41.287362445879914,0 2.08841777,41.28708714,0 2.0875486453912515,41.28678052737957,0 2.086679528854949,41.28647390816338,0 2.0858104203911716,41.28616728237942,0 2.08494132,41.28586065,0 2.0840122286249434,41.285531988786,0 2.08308314649986,41.285203320038605,0 2.0821540736248467,41.284874643785834,0 2.08122501,41.28454596,0 2.0802577646145917,41.28419592473224,0 2.0792905294860557,41.28384588130023,0 2.078323304614492,41.283495829732,0 2.07735609,41.28314577,0 2.0764035375206498,41.282799716864474,0 2.075450995027471,41.28245365580988,0 2.0744984625205567,41.282107586864264,0 2.07354594,41.28176151,0 2.0725890396111137,41.281407629474785,0 2.071632149481428,41.28105374095695,0 2.0706752696110278,41.280699844474576,0 2.0697184,41.28034594,0 2.068812545289631,41.27992817326523,0 2.067906702052862,41.27951039934419,0 2.067000870289661,41.27909261826499,0 2.06609505,41.27867483,0 2.0653905265051744,41.27809852412691,0 2.0646860153404383,41.27752221382647,0 2.0639815165054824,41.2769458991267,0 2.06327703,41.27636958,0 2.0626907281874045,41.27574050466994,0 2.062104437583443,41.275111426217194,0 2.06151815818776,41.274482344669764,0 2.06093189,41.27385326,0 2.060503098210525,41.273123242645,0 2.0600743159476287,41.27239322351728,0 2.059645543210918,41.27166320264486,0 2.05921678,41.27093318,0 2.0588069203793844,41.27015201496908,0 2.0583970705061367,41.26937084828272,0 2.057987230379821,41.26858967996892,0 2.0575774,41.26780851,0 2.057325695603763,41.266993123622676,0 2.0570739974718864,41.26617773648755,0 2.0568223056040664,41.26536234862256,0 2.05657062,41.26454696,0 2.0564065532153992,41.263647408199596,0 2.0562424909540287,41.262747855923415,0 2.056078433215643,41.26184830319947,0 2.05591438,41.26094875,0 2.0558583775881374,41.26003004539489,0 2.055802376784243,41.25911134051716,0 2.0557463775882265,41.25819263539478,0 2.05569038,41.25727393,0 2.0556678514266316,41.256303345394564,0 2.0556453235688696,41.2553327605167,0 2.0556227964266727,41.254362175394434,0 2.05560027,41.25339159,0 2.0555767113637335,41.252406807905004,0 2.055553153485008,41.251422025530616,0 2.055529596363778,41.250437242904866,0 2.05550604,41.24945246,0 2.0554647304679086,41.2484185579584,0 2.055423422290601,41.2473846556018,0 2.0553821154679923,41.24635075295824,0 2.05534081,41.24531685,0 2.0553361046771936,41.24424988295821,0 2.0553313995696003,41.24318291560148,0 2.0553266946772064,41.24211594795799,0 2.05532199,41.24104898,0 2.0553240325032154,41.23996373047095,0 2.055326075004286,41.238878480618496,0 2.055328117503214,41.237793230470764,0 2.05533016,41.23670798,0 2.055367811750439,41.23562976297876,0 2.0554054623338667,41.23455154562893,0 2.0554431117503618,41.23347332797859,0 2.05548076,41.23239511,0 2.0555203868476535,41.231316535479685,0 2.055560012463484,41.230237960630156,0 2.055599636847572,41.229159385479505,0 2.05563926,41.22808081,0 2.0556746841471463,41.2269981054782,0 2.0557101071961457,41.22591540062817,0 2.0557455291470728,41.224832695478,0 2.05578095,41.22374999,0 2.0558226144401015,41.22267549797607,0 2.0558642775867453,41.221601005625324,0 2.0559059394400165,41.22052651297588,0 2.0559476,41.21945202,0 2.0559745412420494,41.21835686797993,0 2.0560014816560286,41.21726171563045,0 2.0560284212419937,41.216166562979716,0 2.05605536,41.21507141,0 2.0560831837766993,41.21398467547249,0 2.0561110067022277,41.21289794062052,0 2.0561388287766422,41.21181120547228,0 2.05616665,41.21072447,0 2.0562001690499336,41.20964366547052,0 2.0562336870665328,41.208562860617924,0 2.056267204049865,41.20748205547032,0 2.05630072,41.20640125,0 2.0563105203942786,41.20528297798877,0 2.056320320525692,41.20416470564224,0 2.05633012039426,41.20304643298856,0 2.05633992,41.20192816,0 2.0563614534633765,41.20084406046345,0 2.056382986284474,41.199759960608496,0 2.0564045184633337,41.198675860463275,0 2.05642605,41.19759176,0 2.056441618183167,41.19648133798116,0 2.056457185910868,41.19537091563209,0 2.0564727531831353,41.194260492980966,0 2.05648832,41.19315007,0 2.056510846032995,41.1920410254815,0 2.0565333713772946,41.190931980632534,0 2.0565558960329473,41.189822935481274,0 2.05657842,41.18871389,0 2.0565899254862283,41.187578950497645,0 2.056601430648289,41.18644401065407,0 2.0566129354862053,41.18530907049744,0 2.05662444,41.18417413,0 2.0566608342219266,41.18307157798291,0 2.0566972272958504,41.181969025634416,0 2.056733619221849,41.18086647298271,0 2.05677001,41.17976392,0 2.056802976566681,41.17864867298913,0 2.0568359420888602,41.177533425642686,0 2.0568689065666095,41.1764181779889,0 2.05690187,41.17530293,0 2.057010092853897,41.174192973113435,0 2.0571183121383694,41.17308301580843,0 2.057226527853657,41.17197305811323,0 2.05733474,41.1708631,0 2.0576377151552956,41.1697545116288,0 2.057940680206615,41.16864592216223,0 2.0582436351546263,41.16753733162854,0 2.05854658,41.16642874,0 2.0590986860914904,41.16538496431638,0 2.0596507747879595,41.16434118574559,0 2.060202846090449,41.16329740431601,0 2.0607549,41.16225362,0 2.0615026150606344,41.16129304003833,0 2.0622503084134336,41.16033245504147,0 2.0629979800595164,41.15937186503785,0 2.06374563,41.15841127,0 2.064640534047338,41.15751099812343,0 2.065535413729065,41.156610719154855,0 2.0664302690462595,41.15571043312286,0 2.0673251,41.15481014,0 2.0687706783435886,41.153781514913035,0 2.070216211676337,41.15275287157918,0 2.0716617,41.15172421,0 2.072863029466752,41.151046921324095,0 2.0740643342887313,41.150369620089016,0 2.0752656144663444,41.149692306323416,0 2.07646687,41.14901498,0 2.077721838961034,41.14837567801495,0 2.0789767836145425,41.14773636234346,0 2.0802317039607803,41.147097033014276,0 2.0814866,41.14645769,0 2.0827699914412108,41.145875948930325,0 2.084053360254906,41.14529419356398,0 2.0853367064411485,41.14471242392964,0 2.08662003,41.14413064,0
                </coordinates>
            </LineString>
        </Placemark>
        

        <Placemark>
            <name>Route LHX06E</name>
            <Style>
                <LineStyle>
                    <color>ff00a5ff</color> <!-- naranja -->
                    <width>2</width>
                </LineStyle>
            </Style>
            <LineString>
                <tessellate>1</tessellate>
                <coordinates>
                    2.09578009,41.28955257,0 2.0951064657246383,41.289331155942236,0 2.094432845966154,41.28910973791364,0 2.0937592307245922,41.28888831594216,0 2.09308562,41.28866689,0 2.0923425635803024,41.28840271972962,0 2.0915995131070377,41.28813854463016,0 2.0908564685802538,41.287874364729525,0 2.09011343,41.28761018,0 2.089279621829385,41.28732849159146,0 2.08844582077246,41.28704679711259,0 2.087612026829304,41.28676509659134,0 2.08677824,41.28648339,0 2.085918660731688,41.28618207966367,0 2.0850590893088645,41.28588076287551,0 2.084199525731609,41.2855794396635,0 2.08333997,41.28527811,0 2.0825091836989653,41.284978764031294,0 2.0816784049319113,41.28467941203234,0 2.0808476336989017,41.284380054031146,0 2.08001687,41.28408069,0 2.079166523715019,41.28378858945552,0 2.078316184953304,41.283496482598,0 2.077465853714937,41.2832043694554,0 2.07661553,41.28291225,0 2.0757727806603956,41.28260310429385,0 2.0749300392138195,41.28229395238241,0 2.074087305660334,41.2819847942937,0 2.07324458,41.28167563,0 2.0724875861107668,41.28127237004622,0 2.071730601481072,41.28086910505223,0 2.070973626110841,41.280465835046066,0 2.07021666,41.28006256,0 2.069603407767578,41.27953526503996,0 2.0689901653569254,41.27900796671057,0 2.0683769327678108,41.27848066503982,0 2.06776371,41.27795336,0 2.0672669695071377,41.27737971587973,0 2.0667702376763555,41.27680606949694,0 2.066273514507396,41.276232420879616,0 2.0657768,41.27565877,0 2.065437344212707,41.2749632167299,0 2.065097895617135,41.27426766229717,0 2.0647584542129955,41.27357210672978,0 2.06441902,41.27287655,0 2.0642282536987766,41.27215599821195,0 2.064037491598489,41.27143544593995,0 2.0638467336989574,41.2707148932119,0 2.06365598,41.26999434,0 2.0634848588633856,41.26921315565399,0 2.063313741817975,41.268431970862636,0 2.063142628863577,41.267650785653906,0 2.06297152,41.2668696,0 2.0628691062093814,41.26606815041729,0 2.0627666949459234,41.26526670054703,0 2.0626642862095035,41.264465250417196,0 2.06256188,41.2636638,0 2.0624761491988695,41.2628328028935,0 2.062390420598566,41.26200180551532,0 2.0623046941989793,41.26117080789341,0 2.06221897,41.26033981,0 2.0621805609408765,41.25948342282946,0 2.0621421529212047,41.25862703542993,0 2.0621037459409304,41.25777064782937,0 2.06206534,41.25691426,0 2.06203109853335,41.256016785352145,0 2.061996858044502,41.255119310460145,0 2.0619626185334026,41.25422183535203,0 2.06192838,41.25332436,0 2.0619010687837864,41.25240342536157,0 2.061873758378411,41.2514824904727,0 2.061846448783831,41.25056155536144,0 2.06181914,41.24964062,0 2.06179693144634,41.24867573538856,0 2.0617747235951467,41.2477108505087,0 2.06175251644638,41.24674596538843,0 2.06173031,41.24578108,0 2.06168137765753,41.24476782045119,0 2.0616324468767697,41.24375456059219,0 2.0615835176576245,41.242741300451044,0 2.06153459,41.24172804,0 2.0615031809221582,41.24068769295132,0 2.061471772896255,41.23964734559234,0 2.061440365922224,41.238606997951145,0 2.06140896,41.23756665,0 2.0613689529372876,41.236487180490364,0 2.061328947249776,41.23540771064439,0 2.0612889429373764,41.23432824049017,0 2.06124894,41.23324877,0 2.061193072064205,41.23213457803925,0 2.0611372060856943,41.231020385709556,0 2.061081342064336,41.22990619303904,0 2.06102548,41.228792,0 2.0609757273918885,41.22768492552303,0 2.0609259765225945,41.22657785068793,0 2.060876227392004,41.22547077552282,0 2.06082648,41.2243637,0 2.0607497433275612,41.223200560616704,0 2.0606730094368784,41.222037420812796,0 2.060596278327756,41.220874280616464,0 2.06051955,41.21971114,0 2.0604420531894783,41.218521538140166,0 2.060364559252774,41.217331935844065,0 2.0602870681896834,41.216142333139906,0 2.06020958,41.21495273,0 2.060128743029761,41.21376836564122,0 2.0600479090398225,41.21258400084547,0 2.0599670780299726,41.211399635640966,0 2.05988625,41.21021527,0 2.0597763411710504,41.20897428326611,0 2.0596664365616104,41.207733296011966,0 2.0595565361713652,41.2064923082658,0 2.05944664,41.20525132,0 2.0593414439687456,41.204016540744924,0 2.0592362519585268,41.202781760983726,0 2.059131063969044,41.20154698074465,0 2.05902588,41.2003122,0 2.0588993325177696,41.19903482084961,0 2.058772790023948,41.19775744112328,0 2.0586462525181526,41.196480060849275,0 2.05851972,41.19520268,0 2.0584111786553994,41.193943090773935,0 2.058302641540746,41.19268350102238,0 2.05819410865572,41.191423910773615,0 2.05808558,41.19016432,0 2.057965730356937,41.18887779583223,0 2.057845885476161,41.18759127110009,0 2.057726045357305,41.1863047458319,0 2.05760621,41.18501822,0 2.0574529085610433,41.183307277623456,0 2.057299615227988,41.18159633428985,0 2.05714633,41.17988539,0 2.0570357059147844,41.17860203829666,0 2.0569250862199384,41.17731868605266,0 2.056814470915123,41.176035333296326,0 2.05670386,41.17475198,0 2.0566567571768255,41.173493763133926,0 2.0566096562358616,41.17223554583568,0 2.0565625571769672,41.17097732813362,0 2.05651546,41.16971911,0 2.056759496903653,41.16840672638949,0 2.057003524204364,41.16709434184304,0 2.057247541902893,41.1657819563891,0 2.05749155,41.16446957,0 2.057737588320779,41.163266656303705,0 2.057983617760611,41.162063741728716,0 2.058229638320137,41.1608608263034,0 2.05847565,41.15965791,0 2.059144587377229,41.158423693795605,0 2.0598134998351325,41.15718947338437,0 2.06048238737547,41.15595524879495,0 2.06115125,41.15472102,0 2.0618850311005943,41.15355955990816,0 2.0626187864663437,41.15239809486779,0 2.0633525160989215,41.15123662490754,0 2.06408622,41.15007515,0
                </coordinates>
            </LineString>
        </Placemark>
        

        <Placemark>
            <name>Route ANE53GX</name>
            <Style>
                <LineStyle>
                    <color>ff00a5ff</color> <!-- naranja -->
                    <width>2</width>
                </LineStyle>
            </Style>
            <LineString>
                <tessellate>1</tessellate>
                <coordinates>
                    2.09553999,41.28963121,0 2.094908861339144,41.28941635272126,0 2.0942777367855023,41.28920149195237,0 2.0936466163391096,41.28898662772121,0 2.0930155,41.28877176,0 2.092259260572159,41.288497429989015,0 2.0915030274295137,41.288223094976,0 2.090746800572112,41.2879487549889,0 2.08999058,41.28767441,0 2.0891790574880345,41.28740284111267,0 2.0883675416506606,41.28713126647422,0 2.0875560324879574,41.28685968611257,0 2.08674453,41.2865881,0 2.08584865954746,41.28626992049587,0 2.08495279772989,41.28595173398509,0 2.084056944547375,41.2856335404957,0 2.0831611,41.28531534,0 2.08226233951714,41.28499743306284,0 2.081363587689462,41.2846795190744,0 2.080464844517053,41.28436159806268,0 2.07956611,41.28404367,0 2.0786332288676332,41.28372203387481,0 2.07770035682344,41.283400390156984,0 2.076767493867526,41.28307873887461,0 2.07583464,41.28275708,0 2.074908981858527,41.2824445786973,0 2.0739833324779617,41.28213206992035,0 2.073057691858415,41.281819553697126,0 2.07213206,41.28150703,0 2.071203178819443,41.28118287627854,0 2.07027430675919,41.28085871502865,0 2.069345443819342,41.28053454627836,0 2.06841659,41.28021037,0 2.0675089137282785,41.279876493276305,0 2.066601246637654,41.27954260935901,0 2.0656935887282026,41.279208718276124,0 2.06478594,41.27887482,0 2.0639839026549542,41.2784679359587,0 2.063181875206648,41.27806104626887,0 2.0623798576550176,41.27765415095853,0 2.06157785,41.27724725,0 2.060805576277727,41.276785685372374,0 2.0600333133703965,41.27632411548709,0 2.0592610612778683,41.27586254037219,0 2.05848882,41.27540096,0 2.0578179819861124,41.274893115990935,0 2.057147154314958,41.274385267978516,0 2.0564763369863246,41.27387741599077,0 2.05580553,41.27336956,0 2.055183000314489,41.27276372522629,0 2.054560482086209,41.27215788695898,0 2.053937975314825,41.271552045226095,0 2.05331548,41.2709462,0 2.052811650476833,41.270314026000385,0 2.0523078306359945,41.269681849657786,0 2.0518040204771584,41.26904967100023,0 2.05130022,41.26841749,0 2.050905954599544,41.26770074976519,0 2.0505116977996263,41.26698400801087,0 2.0501174495998953,41.266267264765055,0 2.04972321,41.26555052,0 2.049450215866742,41.2648188612167,0 2.0491772278224976,41.264087201612924,0 2.0489042458670044,41.263355541216605,0 2.04863127,41.26262388,0 2.0484335004793373,41.26184926077776,0 2.048235735639261,41.26107464102766,0 2.0480379754795535,41.26030002077766,0 2.04784022,41.2595254,0 2.0476997972114845,41.258706370549376,0 2.0475593779487617,41.257887340723165,0 2.0474189622116583,41.2570683105493,0 2.04727855,41.25624928,0 2.0471445547806604,41.255402838043196,0 2.047010563040999,41.25455639571491,0 2.0468765747808373,41.253709953043106,0 2.04674259,41.25286351,0 2.0466509089700082,41.25203082540672,0 2.046559230293423,41.25119814053294,0 2.0464675539701265,41.25036545540664,0 2.04637588,41.24953277,0 2.046248947369923,41.24865526803829,0 2.0461220181600175,41.247777765708356,0 2.0459950923701036,41.24690026303818,0 2.04586817,41.24602276,0 2.0457333217963782,41.24510415559352,0 2.045598477395311,41.24418555078197,0 2.045463636796588,41.2432669455934,0 2.0453288,41.24234834,0 2.045211865072462,41.24143467302938,0 2.0450949334300694,41.24052100569645,0 2.0449780050726427,41.23960733802926,0 2.04486108,41.23869367,0 2.0447506603103696,41.237773548013436,0 2.044640243747275,41.236853425675214,0 2.0445298303105433,41.23593330301332,0 2.04441942,41.23501318,0 2.044298292119087,41.23405000307664,0 2.044177167825588,41.23308682575945,0 2.044056047119295,41.23212364807649,0 2.04393493,41.23116047,0 2.0438351056477577,41.23021753049831,0 2.043735284197121,41.229274590655024,0 2.043635465647923,41.22833165049818,0 2.04353565,41.22738871,0 2.0434106368683067,41.22641151809804,0 2.043285627491223,41.22543432578798,0 2.0431606218685276,41.2244571330979,0 2.04303562,41.22347994,0 2.0429186547547067,41.222507898067434,0 2.042801693006412,41.22153585574715,0 2.042684734754911,41.22056381306729,0 2.04256778,41.21959177,0 2.04243167615405,41.21857945816121,0 2.042295576538905,41.21756714587219,0 2.0421594811543073,41.21655483316103,0 2.04202339,41.21554252,0 2.04190656463951,41.21454804808183,0 2.0417897428528216,41.213553575766355,0 2.041672924639723,41.21255910308167,0 2.04155611,41.21156463,0 2.0414307441923634,41.21055961311641,0 2.0413053822566405,41.209554595812456,0 2.041180024192597,41.20854957811625,0 2.04105467,41.20754456,0 2.0408974567548577,41.20618420070925,0 2.040740250088371,41.204823840709146,0 2.04058305,41.20346348,0 2.0404089816251023,41.202415780840894,0 2.0402349188337046,41.201368081111724,0 2.040060861625454,41.200320380840665,0 2.03988681,41.19927268,0 2.0395504762117382,41.19821255443874,0 2.0392141532827726,41.197152427575496,0 2.0388778412124204,41.19609229943849,0 2.03854154,41.19503217,0 2.037887449197796,41.19408173596057,0 2.0372333772643856,41.19313129793785,0 2.036579324198782,41.19218085596018,0 2.03592529,41.19123041,0 2.0353050358924203,41.19028817039152,0 2.034684799523845,41.18934592717913,0 2.0340645808933475,41.18840368039115,0 2.03344438,41.18746143,0 2.032591426608669,41.18660044479471,0 2.031738495478853,41.185739453049955,0 2.0308855866096103,41.184878454794216,0 2.0300327,41.18401745,0 2.029089541977421,41.18318873687845,0 2.028146407637157,41.18236001582824,0 2.027203296978314,41.181531286877885,0 2.02626021,41.18070255,0 2.025216586744568,41.17994827192296,0 2.0241729873265504,41.179193984220895,0 2.0231294117452574,41.178439686922374,0 2.02208586,41.17768538,0 2.020942318918293,41.176990377224875,0 2.0197988018913824,41.17629536295674,0 2.0186553089187806,41.175600337224225,0 2.01751184,41.1749053,0 2.0162750280195465,41.1742908750614,0 2.0150382390261905,41.17367643673878,0 2.0138014730197393,41.173061985060755,0 2.01256473,41.17244752,0 2.0110471715959526,41.17199799751688,0 2.009529633794163,41.17154845501271,0 2.008012116595292,41.1710988925162,0 2.00649462,41.17064931,0 2.005024552350049,41.170234060659936,0 2.003554503132968,41.169818792536866,0 2.002084472349403,41.169403505659375,0 2.00061446,41.1689882,0 1.9994906530156735,41.168737727921666,0 1.9983668545231437,41.168487244868274,0 1.9972430645227768,41.16823675086807,0 1.9961192830149401,41.16798624592124,0 1.99499551,41.16773573,0 1.9933495959933594,41.1676138601748,0 1.9917036879901389,41.16749196689024,0 1.990057785991849,41.16737005017459,0 1.98841189,41.16724811,0 1.986770050706725,41.16728976497592,0 1.9851282092746083,41.16733139662525,0 1.9834863657051875,41.167373004975985,0 1.98184452,41.16741459,0 1.9801982438730978,41.167598850159486,0 1.9785519584964963,41.1677830868702,0 1.9769056638716465,41.16796730015983,0 1.97525936,41.16815149,0 1.9736134972913804,41.16841503014567,0 1.971967621387612,41.16867854685185,0 1.9703217322900377,41.16894204014611,0 1.96867583,41.16920551,0 1.9670144241799186,41.16945847581172,0 1.9653530055722899,41.16971141773993,0 1.9636915741785168,41.16996433581219,0 1.96203013,41.17021723,0
                </coordinates>
            </LineString>
        </Placemark>
        

        <Placemark>
            <name>Route VLG7CV</name>
            <Style>
                <LineStyle>
                    <color>ff00a5ff</color> <!-- naranja -->
                    <width>2</width>
                </LineStyle>
            </Style>
            <LineString>
                <tessellate>1</tessellate>
                <coordinates>
                    2.09567036,41.28965912,0 2.0951378238113563,41.28946732496072,0 2.094605290717018,41.28927552742712,0 2.094072760717001,41.28908372742708,0 2.093540233811323,41.28889192496064,0 2.09300771,41.28870012,0 2.092247211254206,41.28844697506683,0 2.0914867183388983,41.28819382507978,0 2.0907262312541413,41.28794067006674,0 2.08996575,41.28768751,0 2.0891299261779332,41.287389409140204,0 2.0882941099038654,41.28709130217756,0 2.087458301177865,41.28679318914006,0 2.0866225,41.28649507,0 2.0856988315385823,41.286174313653,0 2.0847751720513754,41.28585354986128,0 2.083851521538481,41.28553277865282,0 2.08292788,41.285212,0 2.0819392446919815,41.28487120027183,0 2.080950619589224,41.28453039201969,0 2.0799620046918545,41.284189575271625,0 2.0789734,41.28384875,0 2.078024658326114,41.283519934264454,0 2.0770759261014113,41.283191110676526,0 2.0761272033260036,41.282862279264265,0 2.07517849,41.28253344,0 2.0742294554327816,41.28219563427457,0 2.0732804305769754,41.28185782069001,0 2.0723314154326813,41.28151999927438,0 2.07138241,41.28118217,0 2.0704760584803443,41.280841813247584,0 2.069569716307081,41.280501449320695,0 2.068663383480277,41.2801610782474,0 2.06775706,41.2798207,0 2.0669604631791434,41.27935670836959,0 2.0661638775722833,41.27889271115002,0 2.0653673031792814,41.278428708369375,0 2.06457074,41.2779647,0 2.063985258168949,41.27733408715848,0 2.0633997875588372,41.27670347120191,0 2.0628143281693068,41.27607285215831,0 2.06222888,41.27544223,0 2.0617457633762246,41.27480129323996,0 2.061262656168516,41.27416035431057,0 2.0607795583765505,41.27351941323983,0 2.06029647,41.27287847,0 2.059969788970453,41.272139719143276,0 2.0596431152941483,41.27140096718167,0 2.0593164489707694,41.27066221414318,0 2.05898979,41.26992346,0 2.0588004482453455,41.26914559573824,0 2.0586111109939336,41.26836773097499,0 2.058421778245555,41.26758986573815,0 2.05823245,41.266812,0 2.0581109430007034,41.26600826797546,0 2.0579894390010343,41.26520453562461,0 2.057867938000848,41.2644008029754,0 2.05774644,41.26359707,0 2.057649063628062,41.26273740044072,0 2.057551689837505,41.261877730578256,0 2.0574543186281957,41.26101806044062,0 2.05735695,41.26015839,0 2.0573254237137375,41.259304390321034,0 2.0572938982850126,41.25845039041869,0 2.0572623737137814,41.25759639032092,0 2.05723085,41.25674239,0 2.057209816573697,41.25584489034147,0 2.057188783764951,41.25494739044594,0 2.05716775157373,41.25404989034138,0 2.05714672,41.25315239,0 2.057170883421141,41.25225353783972,0 2.057195046228165,41.25135468544361,0 2.057219208421107,41.25045583283961,0 2.05724337,41.24955698,0 2.0572543703379815,41.24826724378085,0 2.057265370337972,41.24697750711408,0 2.05727637,41.24568777,0 2.0573026610873595,41.24471257039334,0 2.0573289514497834,41.243737370515056,0 2.0573552410873157,41.24276217039319,0 2.05738153,41.24178697,0 2.057420729203416,41.240784925422126,0 2.0574599272711747,41.23978288055344,0 2.0574991242033462,41.23878083542199,0 2.05753832,41.23777879,0 2.057567683797726,41.23673994044152,0 2.057597046730265,41.23570109057926,0 2.0576264087976712,41.23466224044134,0 2.05765577,41.23362339,0 2.0576898465492937,41.23256342546042,0 2.05772392206568,41.23150346060448,0 2.0577579965492268,41.23044349546024,0 2.05779207,41.22938353,0 2.0578104733278084,41.22827118549266,0 2.0578288761037187,41.22715884064742,0 2.05784727832777,41.22604649549245,0 2.05786568,41.22493415,0 2.0578631572646007,41.22380679050182,0 2.0578606346861403,41.22267943065964,0 2.05785811226461,41.2215520705016,0 2.05785559,41.22042471,0 2.057862820263497,41.21930504799365,0 2.0578700503513208,41.21818538564873,0 2.0578772802634844,41.21706572299342,0 2.05788451,41.21594606,0 2.057868626553817,41.214790190527985,0 2.057852743738451,41.21363432069451,0 2.0578368615538594,41.21247845052777,0 2.05782098,41.21132258,0 2.0578071091650316,41.210173198020044,0 2.057793238886734,41.20902381568393,0 2.057779369165069,41.20787443301981,0 2.0577655,41.20672505,0 2.0577499965856836,41.20558218051393,0 2.057734493780939,41.20443931067578,0 2.057718991585725,41.20329644051373,0 2.05770349,41.20215357,0 2.0576791610904803,41.200982270542326,0 2.057654833120684,41.199810970713614,0 2.0576305060905455,41.198639670542086,0 2.05760618,41.19746837,0 2.057586236326402,41.19629917553604,0 2.057566293435239,41.19512998070523,0 2.0575463513264562,41.19396078553579,0 2.05752641,41.19279159,0 2.0575173119028483,41.191622583029115,0 2.0575082142038155,41.190453575696,0 2.0574991169028753,41.189284568028874,0 2.05749002,41.18811556,0 2.057440384568708,41.186872718128164,0 2.0573907510917078,41.185629875828056,0 2.057341119568853,41.1843870331279,0 2.05729149,41.18314419,0 2.0571410611930308,41.181874878424246,0 2.0569906382576733,41.180605566222766,0 2.056840221193479,41.17933625342391,0 2.05668981,41.17806694,0 2.056267951406223,41.17684169542731,0 2.0558461085423896,41.17561644889347,0 2.055424281407361,41.174391200426875,0 2.05500247,41.17316595,0 2.0543208681579026,41.17197885163574,0 2.0536392908783037,41.170791748837914,0 2.052957738159553,41.16960464163513,0 2.05227621,41.16841753,0 2.0515557684170562,41.16722572734847,0 2.050835352890572,41.166033919788184,0 2.0501149634188014,41.16484210734781,0 2.0493946,41.16365029,0 2.0486540456515234,41.162482620207605,0 2.0479135175365033,41.16131494526702,0 2.0471730156532315,41.16014726520696,0 2.04643254,41.15897958,0 2.0456367907392647,41.1578258037985,0 2.0448410693201957,41.15667202172152,0 2.044045375741029,41.15551823379779,0 2.04324971,41.15436444,0 2.0424373795067052,41.15320065415301,0 2.0416250776768248,41.15203686219418,0 2.0408128045085325,41.150873064152286,0 2.04000056,41.14970926,0 2.0391946029845043,41.14856276900116,0 2.03838867398051,41.14741627199172,0 2.037582772986261,41.146269769000426,0 2.0367769,41.14512326,0 2.0359671528248273,41.143977626578234,0 2.0351574337676097,41.14283198709449,0 2.0343477428265873,41.14168634157752,0 2.03353808,41.14054069,0 2.0327086588348924,41.139382517007576,0 2.031879266781081,41.13822433766691,0 2.0310499038367293,41.13706615200684,0 2.03022057,41.13590796,0 2.0294119773501182,41.13474751656307,0 2.028603413134696,41.133587067074224,0 2.0277948773519263,41.13242661156232,0 2.02698637,41.13126615,0
                </coordinates>
            </LineString>
        </Placemark>
        

        <Placemark>
            <name>Route RYR26UP</name>
            <Style>
                <LineStyle>
                    <color>ff00a5ff</color> <!-- naranja -->
                    <width>2</width>
                </LineStyle>
            </Style>
            <LineString>
                <tessellate>1</tessellate>
                <coordinates>
                    2.09552114,41.28949504,0 2.0948736763456854,41.28928578049094,0 2.094226216794219,41.28907651731194,0 2.0935787613456425,41.288867250490895,0 2.09293131,41.28865798,0 2.092167215612059,41.28838759264284,0 2.09140312748271,41.28811720018109,0 2.0906390456120056,41.28784680264273,0 2.08987497,41.2875764,0 2.0890125831253488,41.287273362227126,0 2.0881502041670785,41.286970317960126,0 2.0872878331252696,41.28666726722696,0 2.08642547,41.28636421,0 2.0855191547294485,41.28605407073739,0 2.084612847972531,41.28574392430713,0 2.0837065497293477,41.28543377073725,0 2.08280026,41.28512361,0 2.0818238630139017,41.28479702745473,0 2.0808474756851125,41.2844704365969,0 2.079871098013767,41.284143837454515,0 2.07889473,41.28381723,0 2.07796869393562,41.283494843709896,0 2.0770426669140925,41.283172449937126,0 2.076116648935519,41.282850048709705,0 2.07519064,41.28252764,0 2.074448146069137,41.28226241961505,0 2.073705658103658,41.281997194408575,0 2.072963176103611,41.281731964408465,0 2.0722207000690425,41.281466729614856,0 2.07147823,41.28120149,0 2.0705527828477592,41.280853118704336,0 2.069627345463631,41.28050473992971,0 2.068701917847688,41.28015635370415,0 2.0677765,41.27980796,0 2.0667559240454594,41.27907781254439,0 2.0657353707123356,41.278347655877525,0 2.06471484,41.27761749,0 2.0639325211479753,41.27708817560638,0 2.063150214864124,41.27655885579908,0 2.0623679211482107,41.27602953060616,0 2.06158564,41.2755002,0 2.06105950859222,41.274816441329044,0 2.060533388123228,41.274132680096,0 2.060007278592622,41.273448916328874,0 2.05948118,41.27276515,0 2.0590493546663455,41.27198742520833,0 2.058617539555429,41.27120969860172,0 2.0581857346667984,41.27043197020817,0 2.05775394,41.26965424,0 2.0574368551779565,41.26880455163282,0 2.0571197785708826,41.267954862167706,0 2.0568027101783675,41.26710517163268,0 2.05648565,41.26625548,0 2.056214796822616,41.26539427378408,0 2.0559439507637305,41.26453306670272,0 2.05567311182298,41.26367185878393,0 2.05540228,41.26281065,0 2.0551633425831017,41.26190489360101,0 2.0549244117777072,41.26099913645863,0 2.054685487583459,41.26009337860087,0 2.05444657,41.25918762,0 2.054193356590504,41.25824714121779,0 2.053940150454277,41.257306661614315,0 2.0536869515909113,41.25636618121762,0 2.05343376,41.2554257,0 2.053177521161663,41.25445978125624,0 2.0529212898825073,41.25349386166556,0 2.052665066162098,41.25252794125604,0 2.05240885,41.25156202,0 2.052152965913741,41.2505736662701,0 2.051897089551958,41.24958531168405,0 2.0516412209141963,41.24859695626992,0 2.05138536,41.2476086,0 2.0511370184421756,41.246593031240415,0 2.050888684589879,41.24557746164445,0 2.0506403584426436,41.244561891240195,0 2.05039204,41.24354632,0 2.0501705496893625,41.24253130357293,0 2.0499490662527617,41.24151628642116,0 2.0497275896897804,41.240501268572764,0 2.04950612,41.23948625,0 2.0492919724314045,41.23846132853761,0 2.049077831575481,41.23743640637406,0 2.048863697431816,41.23641148353743,0 2.04864957,41.23538656,0 2.0484441328807144,41.23436606848493,0 2.048238702174548,41.23334557630379,0 2.048033277881107,41.23232508348474,0 2.04782786,41.23130459,0 2.0476036092918313,41.230263146107056,0 2.0473793657227386,41.229221701466635,0 2.047155129292277,41.22818025610685,0 2.0469309,41.22713881,0 2.0467169822958886,41.22609873104522,0 2.0465030713948007,41.22505865138417,0 2.0462891672963126,41.22401857104501,0 2.04607527,41.22297849,0 2.045858034735278,41.221947863555535,0 2.0456408063139864,41.22091723639793,0 2.0454235847357003,41.21988660855535,0 2.04520637,41.21885598,0 2.0449694810570547,41.21780168369088,0 2.0447325997430608,41.216747386578376,0 2.044495726057536,41.21569308869067,0 2.04425886,41.21463879,0 2.044023361170654,41.21358868117777,0 2.0437878698945218,41.212538571560906,0 2.043552386171129,41.21148846117756,0 2.04331691,41.21043835,0 2.0430569621645884,41.20935979885904,0 2.0427970228864853,41.20828124680258,0 2.04253709216514,41.20720269385878,0 2.04227717,41.20612414,0 2.0419884751973694,41.2050034516003,0 2.0416997902635985,41.20388276212423,0 2.0414111151980285,41.20276207160002,0 2.04112245,41.20164138,0 2.040778774963485,41.200524674551815,0 2.0404351116184967,41.19940796772624,0 2.04009145996426,41.19829125955152,0 2.03974782,41.19717455,0 2.0390996685579093,41.196109488451604,0 2.0384515380780486,41.19504442292583,0 2.0378034285591635,41.19397935345114,0 2.03715534,41.19291428,0 2.0364960045585416,41.1918172636679,0 2.035836691078959,41.19072024321419,0 2.035177399559897,41.18962321866739,0 2.03451813,41.18852619,0 2.0334537913190935,41.18757164763591,0 2.032389483426361,41.18661709517134,0 2.0313252063204486,41.1856625326351,0 2.03026096,41.18470796,0 2.029229932446205,41.183746624231965,0 2.0281989349291814,41.182785278966094,0 2.027167967447567,41.18182392423116,0 2.02613703,41.18086256,0 2.0248482102157257,41.1800545593898,0 2.0235594219548285,41.17924654417644,0 2.022270665216517,41.17843851438885,0 2.02098194,41.17763047,0 2.019621552555861,41.17686213182416,0 2.0182611967415407,41.176093777422224,0 2.0169008725564503,41.17532540682318,0 2.01554058,41.17455702,0 2.0141501979219156,41.17381091287962,0 2.0127598472295376,41.17306478882949,0 2.0113695279223918,41.17231864787864,0 2.00997924,41.17157249,0 2.0085789598169526,41.17082208823968,0 2.007178711422925,41.17007166930955,0 2.0057784948174353,41.16932123323865,0 2.00437831,41.16857078,0 2.003012268254502,41.16781670201045,0 2.001646257673023,41.16706260767062,0 2.000280278255032,41.166308497009474,0 1.99891433,41.16555437,0 1.9975285737540336,41.164739520254365,0 1.9961428516725466,41.16392465366243,0 1.9947571637547865,41.16310977025328,0 1.99337151,41.16229487,0 1.992039275741256,41.16152142333532,0 1.9907070726554288,41.160747961103795,0 1.989374900741887,41.15997448333437,0 1.98804276,41.15920099,0 1.9866657210521044,41.158377664944084,0 1.9852887164033355,41.157554323248704,0 1.9839117460528988,41.156730964942994,0 1.98253481,41.15590759,0 1.981184975302103,41.1550961914707,0 1.9798351737366473,41.154284776950874,0 1.9784854053028682,41.153473346469646,0 1.97713567,41.1526619,0 1.9757915892282065,41.15187031875451,0 1.9744475406380697,41.15107872166265,0 1.9731035242288981,41.1502871087535,0 1.97175954,41.14949548,0 1.9703923008741318,41.14866323459588,0 1.9690250961660678,41.14783097278442,0 1.96765792587497,41.146998694594785,0 1.96629079,41.1461664,0
                </coordinates>
            </LineString>
        </Placemark>
        

        <Placemark>
            <name>Route RYR97BB</name>
            <Style>
                <LineStyle>
                    <color>ff00a5ff</color> <!-- naranja -->
                    <width>2</width>
                </LineStyle>
            </Style>
            <LineString>
                <tessellate>1</tessellate>
                <coordinates>
                    2.09440494,41.28917095,0 2.0937144397032177,41.28892247374776,0 2.0930239446042656,41.28867399332101,0 2.092333454703181,41.288425508747686,0 2.09164297,41.28817702,0 2.0908431524644793,41.2879008633694,0 2.090043341619261,41.28762470114983,0 2.0892435374644123,41.28734853336928,0 2.08844374,41.28707236,0 2.087570482919549,41.2867678974723,0 2.0866972338926755,41.28646342828704,0 2.0858239929194644,41.28615895247215,0 2.08495076,41.28585447,0 2.084006488871596,41.28553677915122,0 2.083062226828716,41.28521908052555,0 2.082117973871477,41.284901374151026,0 2.08117373,41.28458366,0 2.0802019897384705,41.284238027343726,0 2.0792302596512218,41.28389238644886,0 2.078258539738362,41.28354673734349,0 2.07728683,41.28320108,0 2.0762899538419917,41.28284437548959,0 2.075293088455913,41.28248766231002,0 2.0742962338418782,41.28213094048935,0 2.07329939,41.28177421,0 2.0723014783709206,41.28140751801984,0 2.071303577827826,41.28104081735033,0 2.070305688370819,41.28067410801958,0 2.06930781,41.28030739,0 2.068377869373419,41.279937713820175,0 2.0674479391645266,41.27956803008415,0 2.0665180193733703,41.27919833881997,0 2.06558811,41.27882864,0 2.06479196184932,41.278259000910204,0 2.0639958274659587,41.27768935620417,0 2.0631997068496175,41.27711970590996,0 2.0624036,41.27655005,0 2.0617550397761946,41.27595028565417,0 2.061106491368482,41.2753505175295,0 2.060457954776528,41.274750745653975,0 2.05980943,41.27415097,0 2.059262205349771,41.27346371662554,0 2.0587149921333068,41.272776460491315,0 2.058167790350189,41.272089201625356,0 2.0576206,41.27140194,0 2.057148000421548,41.27061019819795,0 2.05667541222907,41.26981845425452,0 2.0562028354220567,41.26902670819777,0 2.05573027,41.26823496,0 2.055562340239476,41.267294715746466,0 2.0553944153194834,41.26635447098591,0 2.055226495239749,41.265414225746326,0 2.05505858,41.26447398,0 2.05474924385487,41.263685866528014,0 2.0544399151400556,41.26289775202798,0 2.0541305938552137,41.26210963652789,0 2.05382128,41.26132152,0 2.0537352313308492,41.26040247545309,0 2.053649185107889,41.25948343059476,0 2.0535631413309843,41.25856438545297,0 2.0534771,41.25764534,0 2.0534512937543,41.25665379291267,0 2.053425488339099,41.25566224554084,0 2.0533996837543493,41.25467069791252,0 2.05337388,41.25367915,0 2.0533660395543376,41.25266693791798,0 2.053358199405795,41.2516547255479,0 2.0533503595543547,41.250642512917814,0 2.05334252,41.2496303,0 2.053309440830423,41.24858137296153,0 2.0532763627739437,41.24753244560599,0 2.0532432858304928,41.24648351796138,0 2.05321021,41.24543459,0 2.053198879352341,41.24436217046467,0 2.0531875491364726,41.243289750610124,0 2.053176219352368,41.242217330464484,0 2.05316489,41.24114491,0 2.0532158923611674,41.24008767797722,0 2.0532668931481552,41.23903044562687,0 2.0533178923610653,41.23797321297704,0 2.05336889,41.23691598,0 2.0534468211212102,41.235869103010344,0 2.0535247498281777,41.234822225671046,0 2.053602676121056,41.23377534801017,0 2.0536806,41.23272847,0 2.0537539359027988,41.231681308000965,0 2.053827269536969,41.23063414565853,0 2.0539006009026544,41.22958698300078,0 2.05397393,41.22853982,0 2.0540475984955346,41.2274683030196,0 2.054121264660611,41.22639678568337,0 2.054194928495382,41.22532526801941,0 2.05426859,41.22425375,0 2.0543393633599236,41.223180278014894,0 2.054410134479801,41.22210680567708,0 2.0544809033597775,41.221033333014695,0 2.05455167,41.21995986,0 2.054626886048424,41.218895003014936,0 2.0547020997311294,41.21783014567714,0 2.0547773110482703,41.216765288014734,0 2.05485252,41.21570043,0 2.0549180205859163,41.2146325779994,0 2.0549835191144656,41.21356472565646,0 2.0550490155857823,41.21249687299923,0 2.05511451,41.21142902,0 2.055164849892323,41.210340845493164,0 2.0552151881896936,41.209252670648105,0 2.055265524892217,41.20816449549298,0 2.05531586,41.20707632,0 2.0553792729853018,41.206007900494356,0 2.0554426839803157,41.20493948064969,0 2.055506092985172,41.20387106049417,0 2.0555695,41.20280264,0 2.055620179881957,41.20172695548137,0 2.0556708581758736,41.20065127063237,0 2.0557215348818527,41.19957558548118,0 2.05577221,41.1984999,0 2.055815944587664,41.19739899049243,0 2.0558596777834897,41.196298080647125,0 2.05590340958757,41.19519717049223,0 2.05594714,41.19409626,0 2.055989632018446,41.19299922048685,0 2.056032122691201,41.19190218063967,0 2.0560746120183553,41.19080514048666,0 2.0561171,41.1897081,0 2.056164419718245,41.188631665474546,0 2.0562117379575953,41.18755523062327,0 2.0562590547181476,41.18647879547436,0 2.05630637,41.18540236,0 2.0563570149095116,41.184312280487966,0 2.056407658212611,41.18322220064117,0 2.0564582999094045,41.18213212048778,0 2.05650894,41.18104204,0 2.0565499769492415,41.179942532983816,0 2.0565910125989304,41.1788430256356,0 2.056632046949154,41.1777435179836,0 2.05667308,41.17664401,0 2.0567104867614106,41.175548630476015,0 2.0567478923484943,41.17445325062523,0 2.0567852967613316,41.17335787047581,0 2.0568227,41.17226249,0 2.0567997287319693,41.17114629298642,0 2.0567767583093297,41.17003009563909,0 2.056753788732025,41.16891389798622,0 2.05673082,41.1677977,0 2.0566880828105316,41.166719280474155,0 2.0566453470807717,41.16564086062274,0 2.0566026128106256,41.164562440473965,0 2.05655988,41.16348402,0 2.0564912137726905,41.162324283078846,0 2.0564225500303692,41.16116454576229,0 2.0563538887728634,41.1600048080786,0 2.05628523,41.15884507,0 2.0562311046202075,41.15771611802735,0 2.0561769811603634,41.156587165693615,0 2.0561228596203374,41.15545821302712,0 2.05606874,41.15432926,0 2.0559984610800655,41.15313739810619,0 2.0559281847735456,41.15194553579875,0 2.0558579110802526,41.15075367310596,0 2.05578764,41.14956181,0 2.055730426738017,41.14835229809673,0 2.055673215650794,41.14714278578612,0 2.055616006738175,41.14593327309648,0 2.0555588,41.14472376,0 2.0555599624438865,41.14352270053881,0 2.055561124925183,41.14232164070888,0 2.055562287443888,41.14112058053853,0 2.05556345,41.13991952,0 2.0557061953965903,41.13868095581707,0 2.055848935528524,41.137442391079894,0 2.0559916703961956,41.13620382581678,0 2.0561344,41.13496526,0 2.0567128476555356,41.13371668734691,0 2.0572912735396622,41.132468111452816,0 2.0578696776539576,41.13121953234635,0 2.05844806,41.12997095,0 2.059093124848112,41.12877674835062,0 2.0597381664630916,41.12758254279107,0 2.0603831848465255,41.126388333350036,0 2.06102818,41.12519412,0 2.0616748022083624,41.12409325080557,0 2.062321402943592,41.12299237773107,0 2.0629679822070255,41.12189150080507,0 2.06361454,41.12079062,0
                </coordinates>
            </LineString>
        </Placemark>
        

        <Placemark>
            <name>Route KLM1498</name>
            <Style>
                <LineStyle>
                    <color>ff00a5ff</color> <!-- naranja -->
                    <width>2</width>
                </LineStyle>
            </Style>
            <LineString>
                <tessellate>1</tessellate>
                <coordinates>
                    2.09980963,41.29101668,0 2.0993603996983716,41.29087935015663,0 2.0989111712644846,41.29074201853288,0 2.0984619446983555,41.290604685156616,0 2.09801272,41.29046735,0 2.09749767556726,41.2902779759893,0 2.096982634089671,41.2900885996431,0 2.0964675955672467,41.28989922098924,0 2.09595256,41.28970984,0 2.0953274786214857,41.28948528762498,0 2.094702401495295,41.289260731823994,0 2.0940773286214576,41.289036172624925,0 2.09345226,41.28881161,0 2.0927645425708503,41.28857385369516,0 2.092076830094439,41.288336093250884,0 2.0913891225708077,41.28809832869509,0 2.09070142,41.28786056,0 2.0899205359084316,41.28760426047531,0 2.08913965787786,41.287347955624405,0 2.088358785908359,41.28709164547522,0 2.08757792,41.28683533,0 2.086713090625431,41.28653314228147,0 2.0858482691671876,41.28623094803257,0 2.0849834556253497,41.28592874728132,0 2.08411865,41.28562654,0 2.0832017596187153,41.28531730098712,0 2.082284877824881,41.28500805464009,0 2.0813680046186063,41.28469880098695,0 2.08045114,41.28438954,0 2.0795202721846224,41.28408645881996,0 2.0785894129127462,41.28378337008388,0 2.077658562184497,41.28348027381979,0 2.07672772,41.28317717,0 2.0758028991682798,41.28285987867886,0 2.0748780872243024,41.28254257989573,0 2.073953284168174,41.28222527367867,0 2.07302849,41.28190796,0 2.0721338975635315,41.28160196796127,0 2.0712393134179776,41.281295968939,0 2.0703447375634347,41.280989962961115,0 2.06945017,41.28068395,0 2.0685640352199575,41.280378927765334,0 2.0676779086265484,41.280073898677735,0 2.066791790219865,41.27976886276518,0 2.06590568,41.27946382,0 2.065051728538438,41.27910420955698,0 2.0641977863845735,41.27874459273324,0 2.0633438535384223,41.27838496955681,0 2.06248993,41.27802534,0 2.0617036388217667,41.277573193152165,0 2.0609173584291054,41.27712104086014,0 2.0601310888218918,41.27666888315197,0 2.05934483,41.27621672,0 2.058747039228408,41.275637759820405,0 2.0581492589714068,41.27505879641782,0 2.0575514892287017,41.274479829820244,0 2.05695373,41.27390086,0 2.0564932774265987,41.273302120439034,0 2.0560328332356446,41.272703378909334,0 2.0555723974268685,41.272104635438914,0 2.05511197,41.27150589,0 2.054750343771101,41.27082587692298,0 2.0543887250283293,41.270145862554614,0 2.0540271137713924,41.26946584692286,0 2.05366551,41.26878583,0 2.053501819509318,41.26805482809089,0 2.053338132679198,41.26732382577851,0 2.0531744495094784,41.26659282309082,0 2.05301077,41.26586182,0 2.0529737012166245,41.26512760775423,0 2.052936633288858,41.26439339532965,0 2.052899566216662,41.26365918275418,0 2.0528625,41.26292497,0 2.052880550583214,41.262155930256405,0 2.0528986007776067,41.26138689033253,0 2.0529166505831955,41.260617850256324,0 2.0529347,41.25984881,0 2.05298727178152,41.259084255282474,0 2.053039842375323,41.258319700367316,0 2.0530924117814644,41.25755514528242,0 2.05314498,41.25679059,0 2.0531443474255227,41.25599873776623,0 2.053143714900698,41.255206885345636,0 2.053143082425525,41.25441503276615,0 2.05314245,41.25362318,0 2.053115063981246,41.252845730268874,0 2.053087678641683,41.25206828034916,0 2.0530602939812783,41.25129083026881,0 2.05303291,41.25051338,0 2.0529622774462,41.24973434282748,0 2.0528916465949867,41.248955305427295,0 2.05282101744628,41.2481762678274,0 2.05275039,41.24739723,0 2.0526239828683943,41.24660094798399,0 2.052497578824624,41.245804665635994,0 2.052371177868542,41.24500838298393,0 2.05224478,41.2442121,0 2.052107622683773,41.243447895501795,0 2.051970468578462,41.24268369065969,0 2.0518333176839203,41.24191948550171,0 2.05169617,41.24115528,0 2.0515086132117375,41.240365563232444,0 2.0513210609491255,41.23957584596722,0 2.0511335132119513,41.23878612823234,0 2.05094597,41.23799641,0 2.0507605508278735,41.23721121571873,0 2.0505751361039706,41.23642602094894,0 2.0503897258280825,41.235640825718654,0 2.05020432,41.23485563,0 2.0500139756987616,41.23407568073945,0 2.0498236359318227,41.23329573097655,0 2.0496333006989724,41.232515780739355,0 2.04944297,41.23173583,0 2.0492485904549937,41.23094458326624,0 2.049054215606806,41.2301533360123,0 2.0488598454552154,41.22936208826616,0 2.04866548,41.22857084,0 2.0484641252499296,41.227784455799124,0 2.0482627753333906,41.226998071056116,0 2.0480614302501565,41.22621168579902,0 2.04786009,41.2254253,0 2.047668913105912,41.224637950746704,0 2.047477740808027,41.22385060098624,0 2.0472865731061285,41.223063250746605,0 2.04709541,41.2222759,0 2.046886357224033,41.221463348355755,0 2.0466773096322113,41.22065079613163,0 2.0464682672242844,41.21983824335567,0 2.04625923,41.21902569,0 2.04606390785845,41.218227188273595,0 2.0458685904780842,41.21742868602209,0 2.0456732778586764,41.2166301832735,0 2.04547797,41.21583168,0 2.045270324804649,41.21502196334527,0 2.045062684739697,41.21421224611765,0 2.0448550498048967,41.21340252834517,0 2.04464742,41.21259281,0 2.044434321967045,41.21176906588366,0 2.044221229289568,41.21094532116882,0 2.0440081419673075,41.21012157588355,0 2.04379506,41.20929783,0 2.0435798767051074,41.20845545840667,0 2.0433646989403287,41.207613086199494,0 2.0431495267053856,41.206770713406556,0 2.04293436,41.20592834,0 2.042730624624932,41.20508393084437,0 2.042526894500086,41.20423952111641,0 2.0423231696251967,41.203395110844255,0 2.04211945,41.2025507,0 2.0418991410050253,41.20165851846759,0 2.0416788380069133,41.2007663362807,0 2.0414585410053445,41.19987415346744,0 2.04123825,41.19898197,0 2.040988332031202,41.198065888666164,0 2.040738421041856,41.19714980654547,0 2.0404885170315827,41.19623372366603,0 2.04023862,41.19531764,0 2.03986856682625,41.19438927464961,0 2.039498524102046,41.19346090785668,0 2.039128491826818,41.1925325396494,0 2.03875847,41.19160417,0 2.0381583732136237,41.190715195032965,0 2.037558292618695,41.18982621670108,0 2.0369582282144183,41.18893723503264,0 2.03635818,41.18804825,0 2.035501778064549,41.18722802484397,0 2.034645397419956,41.18640779311566,0 2.0337890380653847,41.1855875548435,0 2.0329327,41.18476731,0 2.0319131099516743,41.18406449124826,0 2.0308935416026,41.18336166332134,0 2.0298739949522258,41.182658826247746,0 2.02885447,41.18195598,0 2.0277162711967454,41.181301779544,0 2.026578094929244,41.18064756771562,0 2.0254399411971207,41.179993344543426,0 2.02430181,41.17933911,0 2.0231359603889882,41.17868508537056,0 2.021970133852223,41.178031048817665,0 2.0208043303893466,41.17737700036994,0 2.01963855,41.17672294,0 2.0184609258650816,41.17608427071932,0 2.017283324486981,41.175445589282674,0 2.01610574586539,41.17480689571872,0 2.01492819,41.17416819,0 2.013750381723117,41.17349894574145,0 2.0125725972977517,41.17282968931216,0 2.011394836723511,41.17216042074081,0 2.0102171,41.17149114,0 2.0090355110604388,41.17081166086229,0 2.007853946414199,41.17013216947326,0 2.00667240606086,41.169452665861606,0 2.00549089,41.16877315,0 2.0042787040422625,41.16807410182419,0 2.0030665437233237,41.16737504075576,0 2.001854409042723,41.16667596682346,0 2.0006423,41.16597688,0 1.9994083020363813,41.16525435253036,0 1.9981743310488558,41.16453181169731,0 1.996940387036903,41.1638092575296,0 1.99570647,41.16308669,0 1.994434349921247,41.162349113779435,0 1.9931622582286932,41.16161152336269,0 1.991890194921793,41.1608739187786,0 1.99061816,41.1601363,0 1.9893470117381629,41.15938629875389,0 1.9880758923179436,41.1586362833286,0 1.9868048017387527,41.15788625375304,0 1.98553374,41.15713621,0 1.9842254120409508,41.15637044750828,0 1.9829171143883477,41.15560467000108,0 1.9816088470415711,41.15483887750738,0 1.98030061,41.15407307,0 1.9789815987133985,41.15329963287639,0 1.9776626182849586,41.15252618049186,0 1.9763436687140392,41.15175271287543,0 1.97502475,41.15097923,0 1.9737121115398129,41.15020747015602,0 1.9723995037201763,41.149435695198065,0 1.9710869265404518,41.14866390515508,0 1.96977438,41.1478921,0 1.9684033718098315,41.147077114717526,0 1.9670323974136183,41.14626211294663,0 1.9656614568105957,41.14544709471645,0 1.96429055,41.14463206,0 1.9629570921642132,41.14388249585458,0 1.9616236645526446,41.14313291612945,0 1.960290267164754,41.14238332085365,0 1.9589569,41.14163371,0 1.957542942368832,41.140890878721066,0 1.956129016492068,41.14014802995137,0 1.9547151223692705,41.13940516372003,0 1.95330126,41.13866228,0 1.9518246393820178,41.1380180810136,0 1.9503480475093538,41.13737386300815,0 1.9488714843820132,41.13672962601267,0 1.94739495,41.13608537,0 1.945854048078971,41.135485008506784,0 1.9443131741051194,41.134884626332386,0 1.942772328078708,41.13428422350583,0 1.94123151,41.1336838,0 1.9396488845550635,41.133154505161826,0 1.938066284406369,41.132625188539144,0 1.9364837095544898,41.13209585016092,0 1.93490116,41.13156649,0 1.933272506691259,41.1311147770445,0 1.931643875587745,41.13066304104948,0 1.930015266690358,41.13021128204373,0 1.92838668,41.1297595,0 1.9267329023540019,41.12935674809419,0 1.9250791448046103,41.12895397244908,0 1.9234254073529133,41.128551173093456,0 1.92177169,41.12814835,0 1.9200901416070548,41.12777519178422,0 1.918408612141919,41.12740200903581,0 1.9167271016058238,41.12702880178354,0 1.91504561,41.12665557,0
                </coordinates>
            </LineString>
        </Placemark>
        

        <Placemark>
            <name>Route WMT95Z</name>
            <Style>
                <LineStyle>
                    <color>ff00a5ff</color> <!-- naranja -->
                    <width>2</width>
                </LineStyle>
            </Style>
            <LineString>
                <tessellate>1</tessellate>
                <coordinates>
                    2.09710941,41.29021025,0 2.0964982016296907,41.28999886739935,0 2.0958869971729013,41.28978748152317,0 2.095275796629661,41.28957609239931,0 2.0946646,41.2893647,0 2.093949494105967,41.289106399199184,0 2.0932343938079296,41.2888480939229,0 2.092519299105927,41.288589784199104,0 2.09180421,41.28833147,0 2.0909813886240776,41.28802726136239,0 2.090158574832067,41.28772304680716,0 2.0893357686240224,41.287418826362256,0 2.08851297,41.2871146,0 2.0876399562631773,41.286831239960115,0 2.0867669500175,41.28654787327078,0 2.085893951263073,41.28626449995996,0 2.08502096,41.28598112,0 2.084078067893095,41.285640216625566,0 2.083135185524065,41.28529930549134,0 2.082192312893003,41.28495838662536,0 2.08124945,41.28461746,0 2.0803520074371056,41.28430934802874,0 2.07945457324941,41.28400122902894,0 2.078557147437009,41.28369310302858,0 2.07765973,41.28338497,0 2.0767216533382458,41.28305272650446,0 2.0757835861175953,41.282720475329874,0 2.074845528338147,41.28238821650428,0 2.07390748,41.28205595,0 2.0729719513140292,41.28173395643875,0 2.072036431751967,41.28141195524224,0 2.071100921313921,41.281089946438534,0 2.07016542,41.28076793,0 2.069244247809803,41.2804170486027,0 2.0683230854130272,41.280066159794195,0 2.0674019328097377,41.279715263602505,0 2.06648079,41.27936436,0 2.065615847192575,41.27891182233904,0 2.0647509162568327,41.278459278109295,0 2.0638859971926737,41.27800672733883,0 2.06302109,41.27755417,0 2.0622859125042665,41.277031509673684,0 2.061550746672509,41.27650884455547,0 2.060815592504497,41.27598617467347,0 2.06008045,41.2754635,0 2.0593634573240345,41.27484577687835,0 2.0586464780989617,41.27422804916167,0 2.0579295123244083,41.27361031687809,0 2.05721256,41.27299258,0 2.056649605044597,41.27231253434835,0 2.056086661726407,41.2716324857884,0 2.0555237300450138,41.270952434348175,0 2.05496081,41.27027238,0 2.0544992265391437,41.26951470054168,0 2.0540376537191607,41.26875701904618,0 2.0535760915395973,41.2679993355415,0 2.05311454,41.26724165,0 2.052875580712127,41.266393106062175,0 2.0526366276163777,41.26554456140686,0 2.0523976807124398,41.26469601606206,0 2.05215874,41.26384747,0 2.052034515058277,41.262984300522234,0 2.05191029341115,41.26212113068696,0 2.051786075058448,41.26125796052212,0 2.05166186,41.26039479,0 2.0516107728286306,41.25948987287788,0 2.051559687104893,41.25858495549447,0 2.0515086028287093,41.25768003787776,0 2.05145752,41.25677512,0 2.0514299562582488,41.25584218537085,0 2.0514023933443624,41.2549092504851,0 2.0513748312582947,41.25397631537072,0 2.05134727,41.25304338,0 2.0513620755664794,41.25209265287208,0 2.0513768807552912,41.251141925486735,0 2.051391685566457,41.25019119787196,0 2.05140649,41.24924047,0 2.0514271333481466,41.248252360400805,0 2.0514477761308383,41.24726425052502,0 2.0514684183481116,41.24627614040065,0 2.05148906,41.24528803,0 2.0515413372992874,41.244286870436625,0 2.051593613065654,41.243285710572756,0 2.0516458872991934,41.24228455043647,0 2.05169816,41.24128339,0 2.0517683681896943,41.24025783048093,0 2.0518385742528373,41.23923227063181,0 2.0519087781895613,41.23820671048077,0 2.05197898,41.23718115,0 2.0520656515427564,41.236132983029236,0 2.052152320390227,41.23508481569623,0 2.0522389865425845,41.234036648029054,0 2.05232565,41.23298848,0 2.052406041420215,41.23188932055577,0 2.0524864302268373,41.23079016073159,0 2.0525668164200406,41.22969100055557,0 2.0526472,41.22859184,0 2.052740539596508,41.227485435588285,0 2.0528338761285396,41.226379030774936,0 2.052927209596302,41.22527262558808,0 2.05302054,41.22416622,0 2.0531084469619025,41.223023245605155,0 2.053196350949065,41.221880270797406,0 2.0532842519616956,41.22073729560491,0 2.05337215,41.21959432,0 2.0534628921276283,41.218446523114096,0 2.0535536311700278,41.21729872580934,0 2.053644367127413,41.21615092811387,0 2.0537351,41.21500313,0 2.0538231247036083,41.21379795565621,0 2.053911146271324,41.212592780865435,0 2.0539991647033777,41.21138760565593,0 2.05408718,41.21018243,0 2.0541697444817184,41.20895529816267,0 2.0542523059754756,41.20772816587405,0 2.054334864481495,41.206501033162375,0 2.05441742,41.2052739,0 2.054523698274063,41.20405322071053,0 2.0546299726985606,41.20283254093786,0 2.0547362432737772,41.20161186071025,0 2.05484251,41.20039118,0 2.054925299599435,41.19913409068679,0 2.0550080861324242,41.19787700090618,0 2.055090869599201,41.19661991068648,0 2.05517365,41.19536282,0 2.055262014886569,41.19411378818936,0 2.05535037651526,41.19286475590962,0 2.0554387348863212,41.191615723189045,0 2.05552709,41.19036669,0 2.0556161525296996,41.18909047821387,0 2.0557052117060928,41.18781426594229,0 2.055794267529439,41.18653805321356,0 2.05588332,41.18526184,0 2.055963549482881,41.18399548318464,0 2.056043775977021,41.182729125903286,0 2.0561239994826512,41.18146276818431,0 2.05620422,41.18019641,0 2.0562707487138683,41.17892297816479,0 2.056337274951696,41.177649545876854,0 2.0564037987136756,41.17637611316448,0 2.05647032,41.17510268,0 2.056490496047182,41.17380796313607,0 2.0565106713962056,41.172513245838566,0 2.056530846047126,41.17121852813576,0 2.05655102,41.16992381,0 2.0565682908641714,41.16865014811363,0 2.0565855611521977,41.16737648580862,0 2.0566028308641253,41.16610282311332,0 2.0566201,41.16482916,0 2.0567592978275338,41.16357000833134,0 2.056898490436446,41.16231085609892,0 2.057037677827136,41.16105170333104,0 2.05717686,41.15979255,0 2.057510141105363,41.158554859476745,0 2.057843409806539,41.15731716762605,0 2.0581766661044454,41.15607947447635,0 2.05850991,41.15484178,0 2.0590874268430963,41.15362302231472,0 2.059664922456462,41.15240426140992,0 2.060242396841596,41.15118549731418,0 2.06081985,41.14996673,0 2.0616088281315883,41.14882993347236,0 2.0623977791743218,41.14769313128671,0 2.0631867031298943,41.1465563234717,0 2.0639756,41.14541951,0 2.0649035482661833,41.14433141401505,0 2.0658314660204224,41.14324331034352,0 2.066759353264451,41.14215519901425,0 2.06768721,41.14106708,0 2.069161911160197,41.13977038909928,0 2.070636554492389,41.13847367909856,0 2.07211114,41.13717695,0 2.0733569713113984,41.136313735310814,0 2.074602770081179,41.135450507071084,0 2.0758485363103696,41.13458726530985,0 2.07709427,41.13372401,0 2.078480928711718,41.13299031755002,0 2.0798675566153295,41.13225660839003,0 2.081254153711277,41.13152288254905,0 2.08264072,41.13078914,0
                </coordinates>
            </LineString>
        </Placemark>
        

        <Placemark>
            <name>Route IBE04LK</name>
            <Style>
                <LineStyle>
                    <color>ff00a5ff</color> <!-- naranja -->
                    <width>2</width>
                </LineStyle>
            </Style>
            <LineString>
                <tessellate>1</tessellate>
                <coordinates>
                    2.09498572,41.28939268,0 2.094263962058697,41.2891504918189,0 2.0935422094115603,41.28890829908254,0 2.092820462058643,41.28866610181882,0 2.09209872,41.2884239,0 2.09128614417192,41.288130663641525,0 2.0904735755625206,41.28783742151266,0 2.089661014171861,41.28754417364139,0 2.08884846,41.28725092,0 2.087967810375306,41.28694789264011,0 2.087087168833681,41.28664485851076,0 2.0862065353752155,41.286341817639965,0 2.08532591,41.28603877,0 2.084445400609451,41.28574152263484,0 2.0835648991458706,41.28544426850375,0 2.082684405609355,41.28514700763469,0 2.08180392,41.28484974,0 2.0809023984850508,41.284568500615435,0 2.0800008846466507,41.28428725414455,0 2.079099378484925,41.28400600061529,0 2.07819788,41.28372474,0 2.0773505440819995,41.28344110688652,0 2.0765032154426075,41.28315746750598,0 2.075655894081912,41.282873821886376,0 2.07480858,41.28259017,0 2.0740140657927837,41.28219707579823,0 2.073219561057078,41.28180397605491,0 2.072425065792834,41.28141087079807,0 2.07163058,41.28101776,0 2.071020046057618,41.28051646748501,0 2.0704095214102924,41.280015171637295,0 2.0697990060578206,41.27951387248486,0 2.0691885,41.27901257,0 2.068693241511695,41.278415368372514,0 2.0681979920157816,41.27781816448732,0 2.0677027515119777,41.27722095837238,0 2.06720752,41.27662375,0 2.0668722650870426,41.27597642666659,0 2.0665370167828874,41.27532910221278,0 2.066201775087288,41.274681776666505,0 2.06586654,41.27403445,0 2.0656548759175783,41.27335534579946,0 2.0654432162235556,41.27267624105663,0 2.0652315609177556,41.271997135799396,0 2.06501991,41.27131803,0 2.0648574421206747,41.27059665308077,0 2.0646949778276693,41.269875275765024,0 2.0645325171208295,41.26915389808069,0 2.06437006,41.26843252,0 2.0642429656461316,41.267688085458424,0 2.0641158741949286,41.2669436506019,0 2.063988785646261,41.26619921545837,0 2.0638617,41.26545478,0 2.0637770345484796,41.26470142284376,0 2.063692371064699,41.263948065449,0 2.063607709548569,41.26319470784369,0 2.06352305,41.26244135,0 2.063426913897188,41.26163070290575,0 2.0633307801963285,41.260820055531646,0 2.063234648897305,41.260009407905656,0 2.06313852,41.25919876,0 2.063088250624816,41.25840263530569,0 2.0630379824997944,41.25760651039826,0 2.0629877156248755,41.256810385305634,0 2.06293745,41.25601426,0 2.0628674496629364,41.25514381788504,0 2.0627974512173144,41.254273375504006,0 2.0627274546630354,41.25340293288492,0 2.06265746,41.25253249,0 2.062611410623896,41.25166741284284,0 2.0625653624985714,41.250802335447766,0 2.0625193156239607,41.24993725784275,0 2.06247327,41.24907218,0 2.0624264180323335,41.24818071786094,0 2.062379567376492,41.24728925547187,0 2.062332718032404,41.24639779286081,0 2.06228587,41.24550633,0 2.062231737629569,41.24457371289896,0 2.0621776068394846,41.24364109552258,0 2.0621234776296578,41.24270847789883,0 2.06206935,41.24177586,0 2.0620183152431495,41.24083594289892,0 2.061967281990923,41.2398960255225,0 2.0619162502432347,41.23895610789879,0 2.06186522,41.23801619,0 2.0618108500276815,41.23704851042303,0 2.061756481703639,41.23608083055464,0 2.0617021150277774,41.2351131504229,0 2.06164775,41.23414547,0 2.0615899573031538,41.233151242947145,0 2.0615321664042767,41.23215701558679,0 2.061474377303261,41.23116278794701,0 2.06141659,41.23016856,0 2.061356769632078,41.22914675297048,0 2.0612969511761823,41.2281249456179,0 2.0612371346321954,41.22710313797033,0 2.06117732,41.22608133,0 2.061108306625141,41.22503532550458,0 2.0610392955002825,41.223989320663335,0 2.0609702866252824,41.2229433155044,0 2.06090128,41.22189731,0 2.0608344241937804,41.22084061300794,0 2.0607675705918003,41.21978391566781,0 2.06070071919392,41.21872721800776,0 2.06063387,41.21767052,0 2.0605569611121624,41.21658686804818,0 2.060480054816329,41.21550321572148,0 2.060403151112331,41.21441956304801,0 2.06032625,41.21333591,0 2.060234340274451,41.21222949060005,0 2.0601424336994083,41.211123070790606,0 2.0600505302746606,41.21001665059983,0 2.05995863,41.20891023,0 2.0598726981559223,41.20782342806836,0 2.059786769208022,41.206736625748356,0 2.059700843156111,41.20564982306816,0 2.05961492,41.20456302,0 2.0595225352840756,41.20346396059272,0 2.0594301537122397,41.202364900780836,0 2.0593377752842836,41.201265840592505,0 2.0592454,41.20016678,0 2.0591099538087247,41.19868771740098,0 2.0589745138089084,41.19720865406749,0 2.05883908,41.19572959,0 2.0587435250779453,41.19461968560718,0 2.058647973437407,41.19350978080009,0 2.0585524250781644,41.192399875606945,0 2.05845688,41.19128997,0 2.058362620161239,41.190183945599415,0 2.0582683635484615,41.18907792078977,0 2.058174110161454,41.187971895599205,0 2.05807986,41.18686587,0 2.057966169128241,41.18574910816141,0 2.057852482171164,41.1846323458724,0 2.0577387991285043,41.18351558316119,0 2.05762512,41.18239882,0 2.0572877685443034,41.18133087945145,0 2.0569504280595337,41.18026293759244,0 2.056613098544997,41.17919499445121,0 2.05627578,41.17812705,0 2.0558178307421286,41.177084910685096,0 2.055359895990091,41.17604276923724,0 2.0549019757430083,41.17500062568479,0 2.05444407,41.17395848,0 2.0539278274387005,41.1728930664447,0 2.0534116015856188,41.171827650250016,0 2.0528953924397277,41.17076223144434,0 2.0523792,41.16969681,0 2.0516983685883456,41.16868288647245,0 2.0510175581185757,41.167668958620276,0 2.050336768589518,41.16665502647199,0 2.049656,41.16564109,0 2.0489973569431683,41.16462154358815,0 2.0483387342583277,41.16360199310789,0 2.047680131944323,41.162582438587684,0 2.04702155,41.16156288,0 2.0463445697927765,41.160501061440215,0 2.045667611391228,41.159439238577285,0 2.0449906747940663,41.15837741143973,0 2.04431376,41.15731558,0
                </coordinates>
            </LineString>
        </Placemark>
        

        <Placemark>
            <name>Route DAL251</name>
            <Style>
                <LineStyle>
                    <color>ff00a5ff</color> <!-- naranja -->
                    <width>2</width>
                </LineStyle>
            </Style>
            <LineString>
                <tessellate>1</tessellate>
                <coordinates>
                    2.09556956,41.28962134,0 2.094957248777829,41.28939773741969,0 2.0943449417037554,41.289174131550276,0 2.0937326387778046,41.28895052241964,0 2.09312034,41.28872691,0 2.0923951466498516,41.288473499386335,0 2.091669958866437,41.28822008417242,0 2.0909447766498035,41.28796666438622,0 2.0902196,41.28771324,0 2.089414802316551,41.28743474847368,0 2.0886100114220225,41.28715625128889,0 2.0878052273164833,41.28687774847358,0 2.08700045,41.28659924,0 2.0860967320374098,41.28628355817826,0 2.085193022716484,41.28596786922829,0 2.084289322037317,41.285652173178086,0 2.08338563,41.28533647,0 2.082443634754886,41.28498038910903,0 2.0815016496731324,41.2846243004693,0 2.080559674754813,41.28426820410882,0 2.07961771,41.2839121,0 2.078670069120673,41.283601289231264,0 2.077722437160811,41.28329047063229,0 2.0767748141205438,41.282979644231084,0 2.0758272,41.28266881,0 2.0748764078255837,41.282329151818615,0 2.073925625434045,41.28198948574871,0 2.0729748528254843,41.28164981181839,0 2.07202409,41.28131013,0 2.071120306881502,41.28099067568013,0 2.07021653250861,41.280671214230765,0 2.069312766881413,41.28035174567996,0 2.06840901,41.28003227,0 2.067492357873194,41.27968118349485,0 2.0665757154975504,41.279330089650394,0 2.065659082873132,41.27897898849467,0 2.06474246,41.27862788,0 2.0639671707637146,41.27822424790967,0 2.0631918910183322,41.27782061053684,0 2.0624166207637833,41.2774169679095,0 2.06164136,41.27701332,0 2.0609499171702517,41.2764472038839,0 2.0602584862271964,41.27588108350245,0 2.0595670671705433,41.27531495888368,0 2.05887566,41.27474883,0 2.058344372161359,41.27411564137161,0 2.0578130945487056,41.273482450152756,0 2.057281827161699,41.272849256371465,0 2.05675057,41.27221606,0 2.056387648463022,41.27151995944445,0 2.056024734617567,41.270823857583224,0 2.055661828463329,41.270127754444324,0 2.05529893,41.26943165,0 2.055093810582632,41.26869554329481,0 2.0548886957769774,41.267959436050425,0 2.0546835855828345,41.26722332829475,0 2.05447848,41.26648722,0 2.054320631912311,41.26571633058935,0 2.0541627875498625,41.26494544077648,0 2.054004946912483,41.264174550589296,0 2.05384711,41.26340366,0 2.0537274158253727,41.26264606794105,0 2.0536077244339146,41.261888475578736,0 2.0534880358254997,41.26113088294099,0 2.05336835,41.26037329,0 2.0532455407037378,41.25961313795218,0 2.0531227342717377,41.25885298559356,0 2.052999930703869,41.258092832952094,0 2.05287713,41.25733268,0 2.0527401376042276,41.2565553355108,0 2.052603148472405,41.25577799067171,0 2.0524661626043796,41.25500064551072,0 2.05232918,41.2542233,0 2.052194785249715,41.25345447049593,0 2.0520603936663844,41.2526856406519,0 2.0519260052498614,41.251916810495864,0 2.05179162,41.25114798,0 2.0516714907827973,41.25038517544388,0 2.0515513643771497,41.24962237058248,0 2.0514312407829265,41.2488595654438,0 2.05131112,41.24809676,0 2.0511638046015412,41.24729906556067,0 2.05101649280217,41.246501370738216,0 2.050869184601714,41.24570367556059,0 2.05072188,41.24490598,0 2.0505812823971468,41.24411615302983,0 2.0504406881963027,41.24332632569706,0 2.0503000973973076,41.24253649802972,0 2.05015951,41.24174667,0 2.0500240076049385,41.24096070050841,0 2.0498885084733542,41.24017473066855,0 2.049753012605093,41.23938876050836,0 2.04961752,41.23860279,0 2.0494726097179914,41.237809210547475,0 2.049327702957434,41.2370156307206,0 2.0491827997181593,41.236222050547376,0 2.0490379,41.23542847,0 2.04887675660531,41.234631215614826,0 2.0487156171405383,41.23383396081039,0 2.048554481605498,41.23303670561473,0 2.04839335,41.23223945,0 2.0482349767360994,41.23144626060018,0 2.0480766073149206,41.23065307079091,0 2.0479182417362822,41.22985988060011,0 2.04775988,41.22906669,0 2.047597531627635,41.22827807061379,0 2.047435187170303,41.227489450809,0 2.04727284662782,41.22670083061368,0 2.04711051,41.22591221,0 2.0468644485212826,41.22482862752608,0 2.0466183951881254,41.22374504419268,0 2.04637235,41.22266146,0 2.0461890231988855,41.221851825721224,0 2.046005700931994,41.22104219095226,0 2.045822383199105,41.22023255572114,0 2.04563907,41.21942292,0 2.0454614910692595,41.218632570681635,0 2.0452839164258148,41.217842220899456,0 2.0451063460694625,41.21705187068154,0 2.04492878,41.21626152,0 2.0447264099357643,41.21544505332107,0 2.0445240449145166,41.21462858608538,0 2.04432168493601,41.213812118320966,0 2.04411933,41.21299565,0 2.043915447237355,41.2121639683382,0 2.0437115696499775,41.2113322861082,0 2.0435076972376116,41.210500603338104,0 2.04330383,41.20966892,0 2.043109794937066,41.20881789579847,0 2.042915764916259,41.20796687105522,0 2.042721739937322,41.207115845798334,0 2.04252772,41.20626482,0 2.0423193042797307,41.205403173380894,0 2.04211089403983,41.20454152616513,0 2.0419024892800137,41.203679878380775,0 2.04169409,41.20281823,0 2.0414724034464213,41.201925775975795,0 2.0412507229287757,41.20103332129166,0 2.0410290484467426,41.20014086597567,0 2.04080738,41.19924841,0 2.0405657675537126,41.198348231101654,0 2.0403241617385204,41.19744805145946,0 2.040082562554068,41.196547871101515,0 2.03984097,41.19564769,0 2.039488020550352,41.19475041696614,0 2.03913508073414,41.193853142612085,0 2.0387821505508588,41.19295586696596,0 2.03842923,41.19205859,0 2.037917007397898,41.19119692124014,0 2.0374047981976315,41.19033524997737,0 2.0368926023985487,41.18947357623989,0 2.03638042,41.1886119,0 2.035605828400608,41.187856620566514,0 2.0348312545345753,41.18710133574579,0 2.034056698401255,41.186346045566175,0 2.03328216,41.18559075,0 2.0323686607337104,41.184885626084416,0 2.031455180978657,41.184180494769585,0 2.0305417207342753,41.18347535608397,0 2.02962828,41.18277021,0 2.02861341359437,41.182142941079604,0 2.027598566459403,41.181515663096484,0 2.026583738594735,41.18088837607913,0 2.02556893,41.18026108,0 2.0245183392399557,41.17966850201898,0 2.0234677673201205,41.179075914349006,0 2.022417214240225,41.178483317018525,0 2.02136668,41.17789071,0 2.020253145476083,41.177257146309564,0 2.019139632301668,41.1766235717364,0 2.0180261404764184,41.17598998630902,0 2.01691267,41.17535639,0 2.015800853268558,41.17472759875646,0 2.0146890576916263,41.17409879666561,0 2.013577283268882,41.173469983755936,0 2.01246553,41.17284116,0 2.0113341741144732,41.172191006836776,0 2.01020284048621,41.171540842439306,0 2.0090715291148418,41.17089066683619,0 2.00794024,41.17024048,0 2.00679827747675,41.16956477716362,0 2.005656338302622,41.16888906287509,0 2.0045144224771834,41.168213337163024,0 2.00337253,41.1675376,0 2.002230963741103,41.16688596963725,0 2.0010894199883817,41.16623432783992,0 1.9999478987414698,41.16558267463664,0 1.9988064,41.16493101,0 1.9976173622503717,41.16423144860098,0 1.9964283496674797,41.16353187479154,0 1.9952393622508486,41.162832288600306,0 1.9940504,41.16213269,0 1.9928878597405038,41.161464305272496,0 1.9917253429876056,41.16079590868691,0 1.9905628497409045,41.16012750027186,0 1.98940038,41.15945908,0 1.9881970166604852,41.15875694654558,0 1.986993678880964,41.15805480038429,0 1.9857903666609609,41.15735264154488,0 1.98458708,41.15665047,0 1.9833975780407236,41.15596566360357,0 1.9822081007212522,41.155280844794966,0 1.9810186480411551,41.15459601360289,0 1.97982922,41.15391117,0 1.9786103759352551,41.15320474453295,0 1.9773915579139933,41.152498306034126,0 1.9761727659357344,41.15179185453222,0 1.974954,41.15108539,0 1.9737157810932773,41.15039273514204,0 1.9724775881246515,41.14970006684623,0 1.9712394210937,41.149007385141324,0 1.97000128,41.14831469,0 1.9686883760187754,41.147701882570814,0 1.9673754963584413,41.147089060084575,0 1.9660626410188862,41.14647622257009,0 1.96474981,41.14586337,0 1.9633450043380134,41.14534245576656,0 1.9619402207838366,41.14482152434562,0 1.9605354593377415,41.14430057576588,0 1.95913072,41.14377961,0 1.957398500146608,41.14352584649177,0 1.9556662935277376,41.14327205697934,0 1.9539341001449986,41.14301824149128,0 1.95220192,41.1427644,0 1.9505947630363172,41.14256497605886,0 1.948987615714202,41.142365529735564,0 1.9473804780349864,41.14216606105852,0 1.94577335,41.14196657,0 1.9442538800114209,41.14185691498341,0 1.9427344150144341,41.14174723996842,0 1.9412149550102307,41.14163754498324,0 1.9396955,41.14152783,0 1.9380070771024795,41.14168462948918,0 1.9363186461355726,41.14184140430973,0 1.9346302071008792,41.141998154489464,0 1.93294176,41.14215488,0 1.9312599431834916,41.14242478670641,0 1.9295781125770346,41.14269466893287,0 1.92789626818206,41.14296452670692,0 1.92621441,41.14323436,0 1.9245427693793449,41.14355467877022,0 1.9228711125049183,41.14387497335132,0 1.9211994393780327,41.14419524377078,0 1.91952775,41.14451549,0 1.9178914245202787,41.14484468725783,0 1.9162550826929046,41.14517386133483,0 1.9146187245190782,41.14550301225842,0 1.91298235,41.14583214,0 1.9113551548434011,41.146235319384886,0 1.9097279397905247,41.14663847583764,0 1.9081007048423861,41.147041609385596,0 1.90647345,41.14744472,0 1.9048679542457407,41.14791382849133,0 1.9032624356604586,41.14838291464629,0 1.9016568942449477,41.148851978492125,0 1.90005133,41.14932102,0 1.8987496915997293,41.149721501361746,0 1.897448037399209,41.15012196802905,0 1.8961463673988237,41.150522420029475,0 1.894844681598959,41.150922857362644,0 1.89354298,41.15132328,0 1.8919816130691336,41.151859681700984,0 1.8904202207585101,41.1523960622592,0 1.888858803068632,41.15293242170185,0 1.88729736,41.15346876,0 1.8857260099680546,41.154028369614714,0 1.88415463329044,41.15458795781087,0 1.8825832299676057,41.15514752461562,0 1.8810118,41.15570707,0
                </coordinates>
            </LineString>
        </Placemark>
        

        <Placemark>
            <name>Route WZZ17JZ</name>
            <Style>
                <LineStyle>
                    <color>ff00a5ff</color> <!-- naranja -->
                    <width>2</width>
                </LineStyle>
            </Style>
            <LineString>
                <tessellate>1</tessellate>
                <coordinates>
                    2.09511066,41.28949238,0 2.094484938467472,41.28926266013658,0 2.093859221289946,41.28903293683946,0 2.0932335084674465,41.28880321013653,0 2.0926078,41.28857348,0 2.0918954742867975,41.28831974164638,0 2.0911831540490353,41.288065998852495,0 2.0904708392867555,41.287812251646294,0 2.08975853,41.2875585,0 2.088974965526044,41.28729237053245,0 2.088191407368014,41.287026235700594,0 2.0874078555259774,41.286760095532365,0 2.08662431,41.28649395,0 2.0857609408753133,41.2861975997468,0 2.084897579500361,41.285901242986355,0 2.0840342258752274,41.28560487974666,0 2.08317088,41.28530851,0 2.0822820052927655,41.28500622532839,0 2.081393138723623,41.2847039337618,0 2.080504280292669,41.28440163532822,0 2.07961543,41.28409933,0 2.07868436882447,41.28377605383133,0 2.077753316765891,41.283452770099046,0 2.0768222738243662,41.28312947883117,0 2.07589124,41.28280618,0 2.0750124253181585,41.28250109009814,0 2.074133618757487,41.282195993454785,0 2.0732548203180716,41.281890890097976,0 2.07237603,41.28158578,0 2.0716565185400793,41.2813229110327,0 2.0709370128100795,41.28106003753505,0 2.0702175128100406,41.28079715953497,0 2.0694980185400014,41.28053427703254,0 2.06877853,41.28027139,0 2.06788536426202,41.27994523043461,0 2.06699220734931,41.27961906390343,0 2.066099059261945,41.279292890434455,0 2.06520592,41.27896671,0 2.0642998711353,41.278629983238794,0 2.063393831513686,41.27829324930897,0 2.0624878011352283,41.27795650823859,0 2.06158178,41.27761976,0 2.060737052363556,41.27722574686606,0 2.0598923348180946,41.27683172747867,0 2.059047627363586,41.27643770186587,0 2.05820293,41.27604367,0 2.057469480627198,41.27553836963211,0 2.056736042503067,41.27503306450007,0 2.0560026156274036,41.274527754631926,0 2.0552692,41.27402244,0 2.0543769251651725,41.27322899711141,0 2.0534846718321003,41.27243554711126,0 2.05259244,41.27164209,0 2.052120445572511,41.27097199311654,0 2.051648460763583,41.27030189414599,0 2.051176485572864,41.26963179311638,0 2.05070452,41.26896169,0 2.050364946229799,41.26823516174719,0 2.0500253799732766,41.26750863232022,0 2.049685821230116,41.26678210174709,0 2.04934627,41.26605557,0 2.0491999021413316,41.26525899055882,0 2.049053537855223,41.26446241073574,0 2.0489071771415026,41.26366583055872,0 2.04876082,41.26286925,0 2.0487250811365545,41.26206362029465,0 2.0486893431821023,41.26125799038353,0 2.0486536061365985,41.26045236029457,0 2.04861787,41.25964673,0 2.0485879262839144,41.258797520316385,0 2.04855798337858,41.25794831041248,0 2.048528041283956,41.25709910031628,0 2.0484981,41.25624989,0 2.0485315712242604,41.255408470308744,0 2.048565041632319,41.25456705040232,0 2.048598511224218,41.25372563030867,0 2.04863198,41.25288421,0 2.048677444224907,41.25202129533335,0 2.0487229072998354,41.25115838043511,0 2.048768369224846,41.250295465333245,0 2.04881383,41.24943255,0 2.0488774725156627,41.24854165287539,0 2.0489411133541564,41.24765075549116,0 2.0490047525155717,41.24675985787528,0 2.04906839,41.24586896,0 2.049165873949362,41.24496363045227,0 2.04926335526572,41.244058300593636,0 2.0493608339492178,41.243152970452144,0 2.04945831,41.24224764,0 2.04953625330069,41.24129611794075,0 2.049614194400835,41.24034459557828,0 2.049692133300563,41.23939307294061,0 2.04977007,41.23844155,0 2.0498406430267853,41.237475105437056,0 2.0499112140356344,41.236508660573364,0 2.0499817830266664,41.23554221543692,0 2.05005235,41.23457577,0 2.0501455764853374,41.23361842047581,0 2.05023880031368,41.232661070625035,0 2.050332021485183,41.23170372047568,0 2.05042524,41.23074637,0 2.0504973782828047,41.22971964548268,0 2.0505695143769813,41.22869292063416,0 2.0506416482826677,41.22766619548253,0 2.05071378,41.22663947,0 2.0508283726789265,41.225629830567584,0 2.0509429619050943,41.22462019074736,0 2.0510575476787145,41.22361055056743,0 2.05117213,41.22260091,0 2.0512660495161446,41.22152120806654,0 2.051359966021394,41.22044150574594,0 2.051453879515947,41.21936180306635,0 2.05154779,41.2182821,0 2.051670950920311,41.21720812564021,0 2.0517941078935764,41.21613415084416,0 2.0519172609200536,41.215060175640026,0 2.05204041,41.2139862,0 2.0521659312577274,41.21287188817862,0 2.0522914483434485,41.211757575895334,0 2.052416961257445,41.210643263178376,0 2.05254247,41.20952895,0 2.0526945551878177,41.20840200328038,0 2.0528466352501904,41.20727505603105,0 2.052998710187468,41.20614810828015,0 2.05315078,41.20502116,0 2.0532941698765605,41.20387283326427,0 2.053437554835186,41.202724506009574,0 2.0535809348762184,41.20157617826405,0 2.05372431,41.20042785,0 2.05388568565492,41.19930184581371,0 2.0540470558729798,41.19817584107548,0 2.0542084206545494,41.1970498358135,0 2.05436978,41.19592383,0 2.054513044960245,41.19476089827321,0 2.0546563049467594,41.193597966021436,0 2.054799559959894,41.192435033272936,0 2.05494281,41.1912721,0 2.0550975630399586,41.190113030811645,0 2.0552523107196943,41.1889539610727,0 2.0554070530395827,41.18779489081139,0 2.05556179,41.18663582,0 2.0557004473412728,41.18545213827138,0 2.05583909978813,41.184268456019005,0 2.055977747340922,41.18308477327112,0 2.05611639,41.18190109,0 2.056264847950595,41.18070468581602,0 2.0564133006005374,41.179508281078505,0 2.056561747950211,41.178311875815744,0 2.05671019,41.17711547,0 2.0568621657189716,41.17590737833772,0 2.0570141359583616,41.17469928610743,0 2.057166100718571,41.17349119333744,0 2.05731806,41.1722831,0 2.057439174231844,41.17103578326461,0 2.0575602839755653,41.16978846600993,0 2.057681389231504,41.168541148264275,0 2.05780249,41.16729383,0 2.057956626110762,41.16604516087791,0 2.0581107564807266,41.16479649116099,0 2.058264881110328,41.16354782087759,0 2.058419,41.16229915,0 2.0587203365380122,41.16108164670121,0 2.0590216620501463,41.15986414225871,0 2.059322976537208,41.15864663670089,0 2.05962428,41.15742913,0 2.060182512413826,41.15624470200602,0 2.0607407248841882,41.15506027099836,0 2.061298917412456,41.15387583700555,0 2.06185709,41.1526914,0 2.0626404090151977,41.15152141588278,0 2.0634237003524007,41.15035142616722,0 2.0642069640134033,41.149181430882074,0 2.0649902,41.14801143,0 2.065932835178488,41.14695425684934,0 2.0668754402368927,41.14589707578924,0 2.0678180151768513,41.14483988684855,0 2.06876056,41.14378269,0 2.069875950848657,41.14282722887857,0 2.0709913094639547,41.141871756828145,0 2.0721066358472746,41.140916273877664,0 2.07322193,41.13996078,0 2.0745149207698796,41.13909582936001,0 2.075807877692492,41.13823086413664,0 2.077100800768859,41.137365884359,0 2.07839369,41.13650089,0 2.0797930078123392,41.13578812549839,0 2.0811922954162183,41.13507534398787,0 2.0825915528119885,41.13436254549744,0 2.08399078,41.13364973,0 2.085464025376719,41.13304689821144,0 2.086937243835711,41.13244404760531,0 2.088410435376848,41.13184117821054,0 2.0898836,41.13123829,0 2.091437864880118,41.13074515636184,0 2.0929921065072317,41.130252001805914,0 2.0945463248807292,41.12975882636106,0 2.09610052,41.12926563,0 2.0977160141545905,41.12890370385796,0 2.0993314905401723,41.128541755134165,0 2.1009469491556683,41.12817978385734,0 2.10256239,41.12781779,0 2.1042135646433486,41.12752406536398,0 2.105864724525334,41.12723031714226,0 2.1075158696446525,41.126936545363456,0 2.109167,41.12664275,0
                </coordinates>
            </LineString>
        </Placemark>
        

        <Placemark>
            <name>Route WZZ521</name>
            <Style>
                <LineStyle>
                    <color>ff00a5ff</color> <!-- naranja -->
                    <width>2</width>
                </LineStyle>
            </Style>
            <LineString>
                <tessellate>1</tessellate>
                <coordinates>
                    2.09702148,41.29016479,0 2.096398286165088,41.28994109759424,0 2.0957750965534325,41.28971740178299,0 2.0951519111650607,41.289493702594164,0 2.09452873,41.28927,0 2.093787013615554,41.2890063997037,0 2.0930453031540392,41.28874279459559,0 2.092303598615506,41.28847918470361,0 2.0915619,41.28821557,0 2.090717583101885,41.28790548932931,0 2.089873274135806,41.2875954024297,0 2.0890289731018234,41.28728530932917,0 2.08818468,41.28697521,0 2.087281055919397,41.28669302816532,0 2.0863774395591124,41.28641083921104,0 2.085473830919271,41.28612864316517,0 2.08457023,41.28584644,0 2.083615085734873,41.285517721922986,0 2.082659950979754,41.28518899588789,0 2.0817048257347577,41.28486026192277,0 2.08074971,41.28453152,0 2.079819168715738,41.28420550381981,0 2.078888636620917,41.28387948008366,0 2.0779581137156375,41.28355344881961,0 2.0770276,41.28322741,0 2.0760636354952116,41.28289621964295,0 2.0750996806602022,41.28256502118118,0 2.074135735495092,41.28223381464275,0 2.0731718,41.2819026,0 2.072208972438151,41.28155833211889,0 2.0712461549174663,41.2812140561491,0 2.0702833474380484,41.280869772118685,0 2.06932055,41.28052548,0 2.068404276679682,41.280145693496536,0 2.0674880139062246,41.27976589965263,0 2.0665717616796555,41.27938609849632,0 2.06565552,41.27900629,0 2.0648436589191643,41.278503466205684,0 2.064031810225679,41.27800063659816,0 2.063219973919354,41.27749780120546,0 2.06240815,41.27699496,0 2.061618156893586,41.276422108284585,0 2.0608281775249835,41.275849251036675,0 2.0600382118938896,41.27527638828434,0 2.05924826,41.27470352,0 2.0586375147335905,41.27406527755503,0 2.0580267813117055,41.27342703173064,0 2.0574160597339683,41.272788782554855,0 2.05680535,41.27215053,0 2.0562800074232017,41.27141704384702,0 2.055754676564582,41.27068355511995,0 2.0552293574236713,41.26995006384684,0 2.05470405,41.26921657,0 2.0543214782613677,41.268401859707986,0 2.053938916015456,41.26758714793457,0 2.053556363261816,41.26677243470781,0 2.05317382,41.26595772,0 2.0529969556966883,41.26511977071545,0 2.052820095929069,41.26428182094456,0 2.052643240696916,41.26344387071533,0 2.05246639,41.26260592,0 2.0523899067910953,41.26170340042074,0 2.052313425721538,41.26080088055163,0 2.0522369467912114,41.25989836042064,0 2.05216047,41.25899584,0 2.0521583648418735,41.25807420785131,0 2.0521562597891676,41.25715257545903,0 2.0521541548418782,41.25623094285118,0 2.05215205,41.25530931,0 2.05215859520983,41.254352127875684,0 2.0521651402797674,41.25339494549152,0 2.0521716852098213,41.252437762875545,0 2.05217823,41.25148058,0 2.0522320047665157,41.25052369540736,0 2.0522857780219628,41.249566810533764,0 2.052339549766428,41.248609925407216,0 2.05239332,41.24765304,0 2.0524570077982083,41.24665952044752,0 2.052520693730869,41.245666000587285,0 2.0525843777980954,41.24467248044737,0 2.05264806,41.24367896,0 2.052706127625116,41.2426525854631,0 2.052764193500081,41.24162621060806,0 2.052822257625006,41.24059983546294,0 2.05288032,41.23957346,0 2.0529490932427263,41.23850716800982,0 2.0530178643235413,41.23744087567031,0 2.0530866332425854,41.23637458300963,0 2.0531554,41.23530829,0 2.0532342362982576,41.23422210804284,0 2.053313070064232,41.23313592571435,0 2.05339190129809,41.23204974304266,0 2.05347073,41.23096356,0 2.0535523840017658,41.22985903806212,0 2.053634035335568,41.22875451574004,0 2.053715684001586,41.22764999306192,0 2.05379733,41.22654547,0 2.0538875344456344,41.225437160582146,0 2.0539777359273788,41.22432885076672,0 2.0540679344454347,41.22322054058192,0 2.05415813,41.22211223,0 2.054234426358577,41.220969015581275,0 2.0543107201446493,41.21982580076556,0 2.0543870113583975,41.21868258558103,0 2.0544633,41.21753937,0 2.0545594022881395,41.21641995810227,0 2.0546555013840417,41.21530054579357,0 2.0547515972879222,41.21418113310206,0 2.05484769,41.21306172,0 2.05490590051641,41.211878145583476,0 2.0549641090217827,41.21069457076849,0 2.055022315516265,41.20951099558323,0 2.05508052,41.20832742,0 2.055154053769512,41.20716638558708,0 2.055227585025897,41.20600535077329,0 2.0553011137693344,41.20484431558684,0 2.05537464,41.20368328,0 2.0554556541362485,41.20253013059316,0 2.055536665514869,41.2013769807814,0 2.055617674136055,41.20022383059293,0 2.05569868,41.19907068,0 2.055776641511018,41.1979069780947,0 2.055854600347898,41.19674327578344,0 2.055932556510829,41.195579573094456,0 2.05601051,41.19441587,0 2.056079138586736,41.193228263096906,0 2.0561477647821995,41.19204065578638,0 2.056216388586563,41.190853048096656,0 2.05628501,41.18966544,0 2.0563586437876444,41.1884996355855,0 2.056432275050073,41.18733383077118,0 2.0565059037874653,41.186168025585246,0 2.05657953,41.18500222,0 2.0566765126661295,41.18380262066181,0 2.0567734918880056,41.18260302087291,0 2.0568704676658784,41.181403420661546,0 2.05696744,41.18020382,0 2.057203657104316,41.17906594369496,0 2.05743986613872,41.17792806658376,0 2.0576760671037633,41.176790188694696,0 2.05791226,41.17565231,0 2.058503440247927,41.174522449956555,0 2.0590946003296966,41.173392586599086,0 2.0596857402466187,41.17226271995607,0 2.06027686,41.17113285,0 2.0607936192159118,41.17009770382488,0 2.06131036228724,41.169062555090264,0 2.0618270892149475,41.168027403824524,0 2.0623438,41.16699225,0 2.06323011575162,41.16597851049546,0 2.064116404334543,41.164964763984166,0 2.0650026657501943,41.1639510104948,0 2.0658889,41.16293725,0 2.066892249849576,41.1620621957696,0 2.067895573132063,41.16118713268299,0 2.0688988698485193,41.16031206076892,0 2.06990214,41.15943698,0 2.071050230269513,41.1586166122665,0 2.072198292025423,41.15779623301213,0 2.073346325268622,41.156975842265716,0 2.07449433,41.15615544,0 2.0757616957420684,41.15544798094392,0 2.077029034322454,41.154740507915356,0 2.0782963457416126,41.15403302094314,0 2.07956363,41.15332552,0 2.0809013644425325,41.15267691079433,0 2.0822390725899096,41.15202828604923,0 2.083576754442332,41.15137964579353,0 2.08491441,41.15073099,0 2.0862747079436947,41.15007693658281,0 2.0876349789247977,41.14942286710052,0 2.088995222943502,41.14876878158198,0 2.09035544,41.14811468,0 2.091731099983033,41.14747534212097,0 2.0931067333106266,41.146835987818065,0 2.094482339982906,41.14619661712016,0 2.09585792,41.14555723,0
                </coordinates>
            </LineString>
        </Placemark>
        

        <Placemark>
            <name>Route AEA68NT</name>
            <Style>
                <LineStyle>
                    <color>ff00a5ff</color> <!-- naranja -->
                    <width>2</width>
                </LineStyle>
            </Style>
            <LineString>
                <tessellate>1</tessellate>
                <coordinates>
                    2.0949041,41.28934973,0 2.0942755415733116,41.289142167677554,0 2.093646987097724,41.288934601894084,0 2.0930184365732747,41.28872703267749,0 2.09238989,41.28851946,0 2.091635305803921,41.288251264954766,0 2.0908807277385275,41.28798306493033,0 2.09012615580387,41.28771485995463,0 2.08937159,41.28744665,0 2.0885640618688637,41.28715693853415,0 2.087756540825112,41.28686722136952,0 2.0869490268688042,41.28657749853404,0 2.08614152,41.28628777,0 2.0852864267379663,41.28601069205629,0 2.0844313406505557,41.28573360773235,0 2.0835762617378677,41.285456517056154,0 2.08272119,41.28517942,0 2.0817976015858797,41.28485975615049,0 2.0808740221144375,41.28454008485791,0 2.0799504515857774,41.2842204061503,0 2.07902689,41.28390072,0 2.0781411250529307,41.28359144275881,0 2.0772553684038484,41.28328215866903,0 2.0763696200528425,41.28297286775865,0 2.07548388,41.28266357,0 2.0745678106405774,41.28231867097929,0 2.073651750854057,41.28197376462965,0 2.0727357006405085,41.281628850979104,0 2.07181966,41.28128393,0 2.0709460596070413,41.28095917998579,0 2.0700724678093456,41.280634423304996,0 2.0691988846069775,41.28030965998562,0 2.06832531,41.27998489,0 2.067480638718893,41.27956116187717,0 2.066635978291903,41.27913742749347,0 2.0657913287189604,41.278713686876976,0 2.06494669,41.27828994,0 2.06424331556111,41.277761126582355,0 2.0635399524149727,41.27723230876705,0 2.0628366005613494,41.27670348658215,0 2.06213326,41.27617466,0 2.0615313012220766,41.275581282393006,0 2.060929353296311,41.27498790151461,0 2.06032741622239,41.274394517392835,0 2.05972549,41.27380113,0 2.0592613635663684,41.27314305801469,0 2.058797246422048,41.2724849840102,0 2.0583331385667027,41.27182690801454,0 2.05786904,41.27116883,0 2.0575108659082235,41.27046022940688,0 2.057152699544508,41.26975162753315,0 2.056794540908539,41.26904302440676,0 2.05643639,41.26833442,0 2.056250258737282,41.267600475695914,0 2.0560641316498316,41.266866530918534,0 2.055878008737465,41.26613258569583,0 2.05569189,41.26539864,0 2.055606319571551,41.264658480338035,0 2.055520751095459,41.26391832044139,0 2.0554351845716377,41.26317816033798,0 2.05534962,41.262438,0 2.0553242740480506,41.261656762770826,0 2.0552989287307537,41.26087552535174,0 2.0552735840480802,41.26009428777076,0 2.05524824,41.25931305,0 2.055280421081301,41.25854116776575,0 2.0553126014417122,41.25776928534499,0 2.0553447810812666,41.25699740276568,0 2.05537696,41.25622552,0 2.055410088618088,41.25545102776759,0 2.0554432164907612,41.254676535347414,0 2.055476343618053,41.253902042767486,0 2.05550947,41.25312755,0 2.0555210978796334,41.25230379278603,0 2.0555327255061693,41.251480035372026,0 2.05554435287962,41.25065627778596,0 2.05555598,41.24983252,0 2.055583513486799,41.24899895279849,0 2.0556110463157093,41.24816538538863,0 2.0556385784867652,41.247331817798404,0 2.05566611,41.24649825,0 2.055710884164688,41.24565203032073,0 2.0557556572195455,41.24480581041828,0 2.0558004291646306,41.24395959032064,0 2.0558452,41.24311337,0 2.055863035658641,41.24222011033123,0 2.055880870878172,41.24132685043225,0 2.0558987056586164,41.240433590331115,0 2.05591654,41.23954033,0 2.055938928381847,41.23860291286285,0 2.0559613161757735,41.2376654954744,0 2.055983703381813,41.23672807786272,0 2.05600609,41.23579066,0 2.056030030953678,41.234847102867214,0 2.056053971271546,41.233903545480224,0 2.0560779109536416,41.23295998786708,0 2.05610185,41.23201643,0 2.0561208682597183,41.231048185381766,0 2.0561398860129376,41.230079940499614,0 2.056158903259688,41.22911169538162,0 2.05617792,41.22814345,0 2.0561912630274963,41.22713499790867,0 2.0562046057033134,41.22612654553548,0 2.056217948027474,41.225118092908524,0 2.05623129,41.22410964,0 2.0562626988720987,41.22308837542613,0 2.056294106829427,41.22206711055876,0 2.056325513872041,41.22104584542597,0 2.05635692,41.22002458,0 2.056376340831389,41.218980555435834,0 2.056395761108495,41.21793653057169,0 2.0564151808313533,41.21689250543567,0 2.0564346,41.21584848,0 2.056450418172963,41.214781095451734,0 2.0564662358972634,41.21371371059287,0 2.0564820531729326,41.212646325451544,0 2.05649787,41.21157894,0 2.056515580772458,41.21049918796104,0 2.0565332910299214,41.20941943560527,0 2.0565510007724237,41.20833968296085,0 2.05656871,41.20725993,0 2.056586800786073,41.206187840453964,0 2.056604891048073,41.20511575059583,0 2.0566229807860372,41.20404366045378,0 2.05664107,41.20297157,0 2.0566604408436446,41.201906162948084,0 2.0566798111248343,41.200840755588004,0 2.056699180843607,41.19977534794791,0 2.05671855,41.19870994,0 2.0567138746700113,41.197620972963435,0 2.056709199560024,41.196532005608475,0 2.056704524670025,41.19544303796326,0 2.05669985,41.19435407,0 2.0566909319530775,41.19325313297304,0 2.0566820142707853,41.192152195621254,0 2.0566730969531006,41.19105125797283,0 2.05666418,41.18995032,0 2.0566738653749845,41.188883007943524,0 2.056683550499968,41.187815695581925,0 2.056693235374967,41.186748382943335,0 2.05670292,41.18568107,0 2.056787131535125,41.18460109553536,0 2.0568713403800487,41.183521120704356,0 2.056955546534948,41.18244114553518,0 2.05703975,41.18136117,0 2.0572736159298306,41.180324163603956,0 2.0575074745728053,41.17928715646247,0 2.0577413259293773,41.17825014860376,0 2.05797517,41.17721314,0 2.0586377419051822,41.176150551060644,0 2.059300292539397,41.17508795807121,0 2.059962821903914,41.17402536106016,0 2.06062533,41.17296276,0 2.061212856879147,41.17204710475412,0 2.0618003675049748,41.171131446329284,0 2.0623878618783156,41.17021578475381,0 2.06297534,41.16930012,0 2.0638454665819403,41.1684369500398,0 2.0647155704419475,41.167573773376695,0 2.065585651580981,41.16671059003926,0 2.06645571,41.1658474,0 2.0674167927259637,41.16504000716237,0 2.068377851967392,41.16423260620681,0 2.0693388877251238,41.16342519716182,0 2.0702999,41.16261778,0 2.0713628161152484,41.16186963479887,0 2.0724257081532156,41.16112147972207,0 2.0734885761145754,41.160373314798264,0 2.07455142,41.15962514,0 2.0756509813791997,41.158896720814354,0 2.0767505185051944,41.15816829107605,0 2.0778500313785915,41.15743985081371,0 2.07894952,41.1567114,0 2.080061412492316,41.15596894867177,0 2.0811732799893243,41.155226486552586,0 2.0822851224916703,41.15448401367112,0 2.08339694,41.15374153,0 2.084513390601613,41.15299002130582,0 2.085629815801702,41.15223850173132,0 2.086746215600941,41.15148697130515,0 2.08786259,41.15073543,0 2.0889934266172685,41.14997364672712,0 2.0901242371558912,41.149211852293014,0 2.091255021616568,41.148450046726424,0 2.09238578,41.14768823,0 2.0935221216760485,41.14692896188632,0 2.094658437234271,41.146169682505274,0 2.095794726675358,41.14541039188562,0 2.09693099,41.14465109,0 2.0984651943811508,41.143623600514154,0 2.0999993510472463,41.142596090513585,0 2.10153346,41.14156856,0 2.1026783207637147,41.14078422214589,0 2.1038231543511072,41.13999987285133,0 2.104967960762946,41.13921551214514,0 2.10611274,41.13843114,0
                </coordinates>
            </LineString>
        </Placemark>
        

        <Placemark>
            <name>Route RYR2VW</name>
            <Style>
                <LineStyle>
                    <color>ff00a5ff</color> <!-- naranja -->
                    <width>2</width>
                </LineStyle>
            </Style>
            <LineString>
                <tessellate>1</tessellate>
                <coordinates>
                    2.09582936,41.28960758,0 2.095197826702229,41.289405462725,0 2.094566297269612,41.28920334195734,0 2.0939347717021883,41.28900121772494,0 2.09330325,41.28879909,0 2.092576471586828,41.28854432691656,0 2.0918496987824056,41.28828955921276,0 2.09112293158678,41.28803478691648,0 2.09039617,41.28778001,0 2.089593922232313,41.28749833842147,0 2.088791681309708,41.28721666121928,0 2.087989447232249,41.286934978421364,0 2.08718722,41.28665329,0 2.086282991980008,41.286336393190645,0 2.0853787726399493,41.28601948924481,0 2.084474561979916,41.28570257819048,0 2.08357036,41.28538566,0 2.0826798699103044,41.285012957890395,0 2.0817893898803925,41.28464024884444,0 2.0808989199102848,41.28426753289018,0 2.08000846,41.28389481,0 2.0788758792196567,41.28363625170479,0 2.077743307292629,41.28337768226364,0 2.0766107442192876,41.283119101704585,0 2.07547819,41.28286051,0 2.074477835610316,41.28248900058519,0 2.073477492480356,41.282117482437464,0 2.0724771606102186,41.281745955584945,0 2.07147684,41.28137442,0 2.0704856445677584,41.281031737837445,0 2.069494459423593,41.280689047107145,0 2.0685032845676314,41.2803463478372,0 2.06751212,41.28000364,0 2.0665042030960494,41.27963457828066,0 2.065496297461328,41.27926550769811,0 2.0644884030959427,41.27889642828042,0 2.06348052,41.27852734,0 2.062477403288687,41.27816073065416,0 2.061474297718178,41.27779411252942,0 2.0604712032885812,41.2774274856539,0 2.05946812,41.27706085,0 2.0585231780746494,41.27666685419369,0 2.057578247432849,41.27627285058217,0 2.056633328074624,41.27587883919346,0 2.05568842,41.27548482,0 2.0548424672906855,41.27495992944903,0 2.053996528054391,41.27443503258925,0 2.0531506022909016,41.273910129448765,0 2.05230469,41.27338522,0 2.0516147194265413,41.27273078890338,0 2.050924762569007,41.27207635352841,0 2.050234819426969,41.27142191390317,0 2.04954489,41.27076747,0 2.049075459386534,41.27003851561888,0 2.048606039182327,41.26930955914909,0 2.048136629386957,41.268580600618705,0 2.04766723,41.26785164,0 2.0473624490363886,41.26706482649061,0 2.0470576753820766,41.266278011978116,0 2.0467529090367265,41.26549119649048,0 2.04644815,41.26470438,0 2.0464233639834286,41.26385511781318,0 2.0463985786445944,41.26300585540823,0 2.0463737939834625,41.262156592813106,0 2.04634901,41.26130733,0 2.0465014033564346,41.26045475559386,0 2.046653792808446,41.25960218078246,0 2.0468061783562344,41.25874960559375,0 2.04695856,41.25789703,0 2.047242045677593,41.257065443810546,0 2.0475255242365566,41.256233856738014,0 2.047808995677242,41.255402268810414,0 2.04809246,41.25457068,0 2.0483953869324583,41.253701018979726,0 2.048698305909671,41.252831356963576,0 2.0490012169320484,41.25196169397957,0 2.04930412,41.25109203,0 2.0495864364827616,41.25019341384302,0 2.049868745310076,41.249294796781285,0 2.050151046482352,41.248396178842846,0 2.05043334,41.24749756,0 2.0506600793730976,41.246582673491076,0 2.050886812497235,41.24566778631206,0 2.051113539372755,41.24475289849096,0 2.05134026,41.24383801,0 2.051509607258024,41.242886568225806,0 2.0516789496771803,41.241935125958335,0 2.051848287257746,41.24098368322565,0 2.05201762,41.24003224,0 2.052133132576739,41.239051263052175,0 2.052248641768851,41.238070285726835,0 2.052364147576538,41.237089308052035,0 2.05247965,41.23610833,0 2.0525891097968954,41.23512923553286,0 2.0526985663957342,41.234150140701054,0 2.052808019796706,41.23317104553271,0 2.05291747,41.23219195,0 2.052987793234498,41.23115302548916,0 2.0530581143125732,41.23011410064277,0 2.053128433234362,41.229075175488965,0 2.05319875,41.22803625,0 2.0532579902963777,41.226963185497304,0 2.053317228728422,41.225890120653645,0 2.0533764652962554,41.22481705549712,0 2.0534357,41.22374399,0 2.0534944903268246,41.222649768012474,0 2.0535532787690154,41.22155554567386,0 2.053612065326699,41.22046132301227,0 2.05367085,41.2193671,0 2.053735960659372,41.218266245526124,0 2.053801069212402,41.21716539069205,0 2.053866175659231,41.21606453552591,0 2.05393128,41.21496368,0 2.0540012959742087,41.21383957805198,0 2.0540713096321728,41.21271547572652,0 2.05414132097405,41.211591373051775,0 2.05421133,41.21046727,0 2.0542843036471994,41.20933604056176,0 2.054357274862821,41.208204810739524,0 2.0544302436470323,41.20707358056152,0 2.05450321,41.20594235,0 2.0545702458615156,41.20480406305612,0 2.0546372794819168,41.20366577573202,0 2.05470431086136,41.20252748805589,0 2.05477134,41.2013892,0 2.054857651719481,41.20028808306076,0 2.0549439606258493,41.199186965738235,0 2.055030266719293,41.19808584806057,0 2.05511657,41.19698473,0 2.0551905737457368,41.1958386605719,0 2.0552645749942,41.19469259075305,0 2.0553385737455625,41.19354652057165,0 2.05541257,41.19240045,0 2.0555001070156016,41.191237068111825,0 2.0555876410206597,41.19007368580629,0 2.055675172015388,41.188910303111584,0 2.0557627,41.18774692,0 2.0558554298451748,41.18656967563363,0 2.0559481564600786,41.185392430835336,0 2.0560408798449434,41.184215185633384,0 2.0561336,41.18303794,0 2.056223674943098,41.181798850679805,0 2.056313746590632,41.180559760896884,0 2.0564038149428496,41.1793206706795,0 2.05649388,41.17808158,0 2.056559536078231,41.17683874813497,0 2.0566251897708545,41.17559591583709,0 2.0566908410780504,41.17435308313468,0 2.05675649,41.17311025,0 2.0567330684949385,41.17182449313416,0 2.0567096479933027,41.170538735836,0 2.056686228495015,41.169252978133834,0 2.05666281,41.16796722,0 2.0565832153313837,41.16671169568626,0 2.0565036237753342,41.165456170905486,0 2.0564240353316188,41.16420064568597,0 2.05634445,41.16294512,0 2.0562559172660153,41.16167620571722,0 2.056167388021531,41.16040729094673,0 2.0560788622662813,41.15913837571689,0 2.05599034,41.15786946,0 2.0559190357012347,41.15658375319297,0 2.05584773426846,41.1552980459144,0 2.055776435701455,41.154012338192636,0 2.05570514,41.15272663,0 2.0556316130198113,41.151426173209146,0 2.05555808902657,41.15012571593595,0 2.055484568020044,41.148825258208795,0 2.05541105,41.1475248,0 2.0553630771455875,41.1462733156192,0 2.0553151061942114,41.14502183081604,0 2.0552671371457296,41.14377034561889,0 2.05521917,41.14251886,0 2.0551559061305507,41.14121963318458,0 2.055092644840868,41.13992040590322,0 2.055029386130751,41.138621178184245,0 2.05496613,41.13732195,0 2.0549014484998027,41.136007555699145,0 2.0548367696665437,41.134693160922616,0 2.054772093500013,41.133378765698794,0 2.05470742,41.13206437,0 2.0546698251738413,41.130780353129964,0 2.0546322318985344,41.129496335830375,0 2.0545946401739603,41.12821231812965,0 2.05455705,41.1269283,0
                </coordinates>
            </LineString>
        </Placemark>
        

        <Placemark>
            <name>Route VLG7KT</name>
            <Style>
                <LineStyle>
                    <color>ff00a5ff</color> <!-- naranja -->
                    <width>2</width>
                </LineStyle>
            </Style>
            <LineString>
                <tessellate>1</tessellate>
                <coordinates>
                    2.09684653,41.29007424,0 2.0962119787545475,41.28985761027789,0 2.095577431672707,41.289640977027894,0 2.0949428887545127,41.28942434027785,0 2.09430835,41.2892077,0 2.0936022017215943,41.28894973653389,0 2.092896058962101,41.2886917687025,0 2.092189921721557,41.2884337965338,0 2.09148379,41.28817582,0 2.0906995631647773,41.28791379304485,0 2.0899153425529904,41.28765176071711,0 2.089131128164708,41.28738972304473,0 2.08834692,41.28712768,0 2.0874572573405348,41.28681452035044,0 2.0865676031206553,41.286501353791195,0 2.0856779573404483,41.28618818035028,0 2.08478832,41.285875,0 2.083847891385635,41.28555634905756,0 2.0829074718474363,41.28523769040067,0 2.0819670613855195,41.28491902405736,0 2.08102666,41.28460035,0 2.080086671270755,41.28427886904754,0 2.0791466916942656,41.283957380387314,0 2.0782067212706425,41.283635884047364,0 2.07726676,41.28331438,0 2.0763253034977978,41.282987036585155,0 2.0753838563303257,41.28265968543746,0 2.074442418497691,41.28233232658497,0 2.07350099,41.28200496,0 2.072584056993466,41.28169273348846,0 2.0716671326578844,41.28138049964188,0 2.0707502169933605,41.28106825848827,0 2.06983331,41.28075601,0 2.068886267355738,41.28040413423019,0 2.0679392348075964,41.280052250630845,0 2.0669922123556566,41.27970035923,0 2.0660452,41.27934846,0 2.0651770894179644,41.27895375238657,0 2.064308989223966,41.27855903817269,0 2.063440899417984,41.27816431738639,0 2.06257282,41.27776959,0 2.0618882338530757,41.27725166873814,0 2.0612036584709177,41.27673374330809,0 2.060519093853301,41.27621581373794,0 2.05983454,41.27569788,0 2.0592359728765217,41.275070242357835,0 2.058637417168934,41.27444260146771,0 2.05803887287688,41.273814957357665,0 2.05744034,41.27318731,0 2.056993783595987,41.27250495281953,0 2.05654723646155,41.27182259375001,0 2.0561006985963384,41.2711402328194,0 2.05565417,41.27045787,0 2.0553388866203797,41.26970293655685,0 2.0550236104940534,41.26894800206642,0 2.0547083416207,41.268193066556734,0 2.05439308,41.26743813,0 2.0542323391922928,41.266651338111366,0 2.054071602256512,41.2658645458058,0 2.0539108691924755,41.26507775311128,0 2.05375014,41.26429096,0 2.053643655841444,41.263445147956375,0 2.0535371744553528,41.26259933559915,0 2.053430695841585,41.26175352295629,0 2.05332422,41.26090771,0 2.053262927571483,41.26005851035619,0 2.0532016367620325,41.25920931046555,0 2.0531403475715657,41.25836011035608,0 2.05307906,41.25751091,0 2.053009242061975,41.25660743790726,0 2.052939426082704,41.255703965533655,0 2.0528696120620813,41.25480049290715,0 2.0527998,41.25389702,0 2.0527924596348543,41.25300158533334,0 2.0527851195131475,41.25210615043509,0 2.052777779634867,41.251210715333244,0 2.05277044,41.25031528,0 2.0527611295334562,41.24938299035882,0 2.052751819377953,41.248450700469036,0 2.052742509533473,41.24751841035868,0 2.0527332,41.24658612,0 2.052753985821474,41.24563961786996,0 2.052774771095277,41.2446931154839,0 2.0527955558214415,41.24374661286984,0 2.05281634,41.24280011,0 2.0528466537873875,41.241807945407864,0 2.052876966716482,41.240815780534405,0 2.0529072787873353,41.23982361540771,0 2.05293759,41.23883145,0 2.0529825017677847,41.23745757718102,0 2.0530274117677347,41.23608370384755,0 2.05307232,41.23470983,0 2.0531098792286455,41.2336432104689,0 2.0531474373048106,41.23257659061577,0 2.05318499422857,41.23150997046873,0 2.05322255,41.23044335,0
                </coordinates>
            </LineString>
        </Placemark>
        
</Document>
</kml>