CAT;SAC;SIC;Time;LAT;LON;H(m);H(ft);RHO;THETA;Mode3/A;FL;TA;TI;BP;RA;TTA;GS;TAR;TAS;HDG;IAS;MACH;BAR;IVV;TN;GS(kt);HDG.1;STAT;x;y
CAT048;20;129;00:05:58:406;41,44481796;2,45747679;1821,02553484868;5974,49341575295;18,261719;61,589355;1000;59,75;4CA891;RYR4QJ;1014,2;-0,352;-125,684;228,0;0;226,0;-126,914062;202,0;0,34;-928,0;-896;986;227,92;234,2834;No alert, no SPI, aircraft airbone;34,51838710898848;19,887324073641093
CAT048;20;129;00:06:02:398;41,44234343;2,45295596;1805,78922236431;5924,50551230174;18,011719;61,699219;1000;59,25;4CA891;RYR4QJ;1014,2;;;;;;-126,914062;202,0;0,34;-992,0;-960;986;227,92;234,2834;No alert, no SPI, aircraft airbone;34,31568725011072;19,737142186231136
CAT048;20;129;00:06:06:391;41,43993416;2,44839334;1782,93292886298;5849,51767033082;17,761719;61,798096;1000;58,5;4CA891;RYR4QJ;1014,2;;;;;;-127,089844;201,0;0,34;-992,0;-992;986;227,92;234,2834;No alert, no SPI, aircraft airbone;34,11105215878298;19,590868209161677
CAT048;20;129;00:06:10:391;41,43748178;2,44376179;1760,07664297242;5774,52985332963;17,507812;61,902466;1000;57,75;4CA891;RYR4QJ;1014,2;;;;;;-127,089844;201,0;0,336;-1056,0;-1024;986;227,26;234,1351;No alert, no SPI, aircraft airbone;33,90331346827278;19,441992959805695
CAT048;20;129;00:06:14:391;41,43502221;2,43922612;1744,84021682013;5724,54157695215;17,257812;62,017822;1000;57,25;4CA891;RYR4QJ;1014,2;-0,352;-125,859;228,0;0;224,0;-127,089844;201,0;0,336;-1056,0;-1056;986;227,26;234,1351;No alert, no SPI, aircraft airbone;33,69988984079239;19,29273474747645
CAT048;20;129;00:06:18:383;41,43253045;2,43471703;1721,98371172976;5649,55304079146;17,007812;62,144165;1000;56,5;4CA891;RYR4QJ;1014,2;;;;;;-127,089844;202,0;0,336;-1088,0;-1088;986;227,26;234,1351;No alert, no SPI, aircraft airbone;33,49766683601862;19,141567030727106
CAT048;20;129;00:06:22:383;41,4300304;2,43021175;1699,12715770584;5574,56434408761;16,757812;62,276001;1000;55,75;4CA891;RYR4QJ;1014,2;;;;;;-127,089844;202,0;0,336;-1120,0;-1120;986;227,26;234,1351;No alert, no SPI, aircraft airbone;33,29560447535312;18,9899142053136
CAT048;20;129;00:06:26:375;41,42756987;2,4256772;1676,27059961855;5499,57563405254;16,507812;62,402344;1000;55,0;4CA891;RYR4QJ;1014,2;;;;;;-127,089844;202,0;0,336;-1120,0;-1120;986;227,26;234,1351;No alert, no SPI, aircraft airbone;33,092185520894176;18,84063083576832
CAT048;20;129;00:06:30:375;41,42505563;2,42117753;1653,41395039484;5424,5866250134;16,257812;62,545166;1000;54,25;4CA891;RYR4QJ;1014,2;0,0;-125,859;228,0;0;224,0;-127,089844;202,0;0,336;-1088,0;-928;986;227,92;234,2834;No alert, no SPI, aircraft airbone;32,89035244612361;18,68815036080063
CAT048;20;129;00:06:34:367;41,42263234;2,41670519;1638,17726054974;5374,59748350201;16,011719;62,677002;1000;53,75;4CA891;RYR4QJ;1014,2;;;;;;-126,914062;201,0;0,336;-960,0;-736;986;227,26;234,1351;No alert, no SPI, aircraft airbone;32,689692082079155;18,541144902305287
CAT048;20;129;00:06:38:359;41,42017299;2,41215798;1622,94058356807;5324,60838419346;15,761719;62,814331;1000;53,25;4CA891;RYR4QJ;1014,2;;;;;;-126,914062;200,0;0,332;-928,0;-928;986;225,28;234,3988;No alert, no SPI, aircraft airbone;32,485654950572155;18,39195945976415
CAT048;20;129;00:06:42:359;41,41776914;2,40777139;1600,08373865578;5249,61873313144;15,519531;62,957153;1000;52,5;4CA891;RYR4QJ;1014,2;;;;;;-126,914062;199,0;0,332;-1216,0;-1216;986;224,4;234,2505;No alert, no SPI, aircraft airbone;32,288825769765346;18,246172553867066
CAT048;20;129;00:06:46:352;41,41532547;2,40322095;1569,60698193405;5149,6293706085;15,269531;63,099976;1000;51,5;4CA891;RYR4QJ;1014,2;-0,352;-125,684;224,0;0;220,0;-126,914062;199,0;0,332;-1376,0;-1344;986;224,4;234,2505;No alert, no SPI, aircraft airbone;32,08460471941719;18,097947388679916
CAT048;20;129;00:06:50:352;41,41290539;2,39874369;1546,75012547895;5074,63968167637;15,023438;63,248291;1000;50,75;4CA891;RYR4QJ;1014,2;;;;;;-126,914062;198,0;0,328;-1248,0;-1024;986;223,08;234,3109;No alert, no SPI, aircraft airbone;31,883660586966272;17,951174433575492
CAT048;20;129;00:06:54:352;41,41051124;2,39434369;1523,89316888247;4999,64966419635;14,78125;63,4021;1000;50,0;4CA891;RYR4QJ;1014,2;;;;;;-127,089844;197,0;0,328;-1184,0;-1216;986;222,2;234,1571;No alert, no SPI, aircraft airbone;31,686177028723215;17,805994989490724
CAT048;20;129;00:06:58:344;41,4081147;2,38994273;1501,03617120534;4924,65951193733;14,539062;63,561401;1000;49,25;4CA891;RYR4QJ;1014,2;;;;;;-127,089844;197,0;0,328;-1536,0;-1536;986;221,32;234,0088;No alert, no SPI, aircraft airbone;31,488636728872958;17,66068195055304
CAT048;20;129;00:07:02:344;41,40573898;2,38553132;1470,55914580915;4824,6692679365;14,296875;63,720703;1000;48,25;4CA891;RYR4QJ;1014,2;-0,352;-126,035;220,0;0,031;218,0;-127,089844;198,0;0,328;-1472,0;-1472;986;220,66;233,855;No alert, no SPI, aircraft airbone;31,290600124938027;17,51662380608168
CAT048;20;129;00:07:06:336;41,40337056;2,38120888;1440,08201008756;4724,67866197566;14,058594;63,890991;1000;47,25;4CA891;RYR4QJ;1014,2;;;;;;-127,089844;197,0;0,324;-1216,0;-1088;986;220,66;233,855;No alert, no SPI, aircraft airbone;31,096562753471517;17,373045288907115
CAT048;20;129;00:07:10:328;41,40092246;2,37673072;1424,84493709728;4674,68826342624;13,8125;64,072266;1000;46,75;4CA891;RYR4QJ;1014,2;;;;;;-126,914062;196,0;0,324;-896,0;-736;986;219,12;233,9099;No alert, no SPI, aircraft airbone;30,89551743983425;17,22464298047328
CAT048;20;129;00:07:14:328;41,39862011;2,3724447;1409,6077079922;4624,69735268912;13,578125;64,242554;1000;46,25;4CA891;RYR4QJ;1014,2;;;;;;-126,738281;194,0;0,316;-640,0;-576;986;216,48;234,0308;No alert, no SPI, aircraft airbone;30,70306497116077;17,085059256065257
CAT048;20;129;00:07:18:320;41,39633766;2,36814323;1394,37045553606;4574,70636534093;13,34375;64,412842;1000;45,75;4CA891;RYR4QJ;1014,2;0,0;-125,859;214,0;0;210,0;-126,5625;190,0;0,312;-640,0;-480;986;213,62;234,1461;No alert, no SPI, aircraft airbone;30,509891964802264;16,946673075944535
CAT048;20;129;00:07:22:320;41,39402556;2,36394742;1386,75307812355;4549,71496883088;13,113281;64,605103;1000;45,5;4CA891;RYR4QJ;1014,2;;;;;;-126,5625;188,0;0,308;-544,0;-448;986;210,76;234,2725;No alert, no SPI, aircraft airbone;30,321490516668728;16,806555170473235
CAT048;20;129;00:07:26:320;41,39174452;2,35982428;1379,13561710808;4524,72329803289;12,886719;64,802856;1000;45,25;4CA891;RYR4QJ;1014,2;;;;;;-126,738281;185,0;0,304;-512,0;-448;986;207,9;234,3933;No alert, no SPI, aircraft airbone;30,136343195394648;16,668334181146996
CAT048;20;129;00:07:30:313;41,38952253;2,35566103;1371,51816142816;4499,73164473997;12,660156;64,989624;1000;45,0;4CA891;RYR4QJ;1014,2;;;;;;-126,738281;182,0;0,3;-544,0;-480;986;205,26;234,5251;No alert, no SPI, aircraft airbone;29,949344544288905;16,533649447380533
CAT048;20;129;00:07:34:313;41,38735068;2,35156516;1356,28063096013;4449,73974527923;12,4375;65,176392;1000;44,5;4CA891;RYR4QJ;1014,2;-0,176;-125,508;202,0;0,031;198,0;-126,738281;180,0;0,296;-512,0;-480;986;203,06;234,4263;No alert, no SPI, aircraft airbone;29,765353483847424;16,402003576748132
CAT048;20;129;00:07:38:305;41,38523434;2,3476169;1348,66297254525;4424,74742684536;12,222656;65,368652;1000;44,25;4CA891;RYR4QJ;1014,2;;;;;;-126,738281;178,0;0,292;-608,0;-448;986;199,32;234,3933;No alert, no SPI, aircraft airbone;29,58799186000594;16,273745383987055
CAT048;20;129;00:07:42:305;41,38310554;2,34367874;1333,42527124286;4374,75496690441;12,007812;65,571899;1000;43,75;4CA891;RYR4QJ;1014,2;;;;;;-126,738281;176,0;0,288;-768,0;-832;986;198,0;234,4592;No alert, no SPI, aircraft airbone;29,41108045760244;16,144751498528326
CAT048;20;129;00:07:46:297;41,38099871;2,33972388;1318,18755213358;4324,76244854192;11,792969;65,775146;1000;43,25;4CA891;RYR4QJ;1014,2;;;;;;-126,738281;176,0;0,288;-960,0;-992;986;196,68;234,5251;No alert, no SPI, aircraft airbone;29,23339341686014;16,017077609989826
CAT048;20;129;00:07:50:297;41,37892511;2,33584672;1295,32975389529;4249,76966976982;11,582031;65,983887;1000;42,5;4CA891;RYR4QJ;1014,2;-0,352;-125,684;196,0;0;192,0;-126,738281;175,0;0,288;-992,0;-1024;986;195,8;234,3549;No alert, no SPI, aircraft airbone;29,05918979136085;15,89143051414618
CAT048;20;129;00:07:50:727;41,25522921;2,33392133;1828,72613823973;5999,75786338242;10,882812;104,49646;4202;60,0;348204;VLG6151;1014,0;-0,176;26,543;256,0;0,062;254,0;27,070312;227,0;0,384;-1120,0;-1120;2802;256,52;26,6638;No alert, no SPI, aircraft airbone;29,026731969837506;8,472998679744101
CAT048;20;129;00:07:54:297;41,37678894;2,33199616;1280,09189469181;4199,77669178068;11,371094;66,220093;1000;42,0;4CA891;RYR4QJ;1014,2;;;;;;-126,738281;175,0;0,284;-1056,0;-1056;986;195,8;234,3549;No alert, no SPI, aircraft airbone;28,886204104943396;15,762047797349105
CAT048;20;129;00:07:54:703;41,25940885;2,33674862;1805,86384235136;5924,75032854004;10,945312;103,051758;4202;59,25;348204;VLG6151;1014,0;;;;;;27,070312;225,0;0,376;-1216,0;-1120;2802;253,88;26,4606;No alert, no SPI, aircraft airbone;29,152828427719484;8,72458097529532
CAT048;20;129;00:07:58:289;41,37466998;2,32804271;1257,23407317419;4124,7838366328;11,15625;66,450806;1000;41,25;4CA891;RYR4QJ;1014,2;;;;;;-126,738281;175,0;0,284;-1056,0;-1056;986;194,92;234,1846;No alert, no SPI, aircraft airbone;28,70855183930486;15,633671005841594
CAT048;20;129;00:07:58:680;41,26359475;2,33933424;1783,0017277142;5849,74338835387;11,003906;101,634521;4202;58,5;348204;VLG6151;1014,0;;;;;;26,894531;222,0;0,372;-1056,0;-992;2802;250,58;26,5649;No alert, no SPI, aircraft airbone;29,267970717062237;8,976462025580744
CAT048;20;129;00:08:02:289;41,37255363;2,32417765;1234,37616283074;4049,79069006161;10,945312;66,697998;1000;40,5;4CA891;RYR4QJ;1014,2;;;;;;-127,089844;175,0;0,284;-1088,0;-1024;986;194,92;234,1846;No alert, no SPI, aircraft airbone;28,534879732219757;15,50548778066702
CAT048;20;129;00:08:02:664;41,26770174;2,34209571;1767,75952214003;5799,73615061788;11,078125;100,250244;4202;58,0;348204;VLG6151;1014,0;;;;;;26,894531;220,0;0,368;-928,0;-864;2802;247,94;26,3562;No alert, no SPI, aircraft airbone;29,39108959630207;9,223673933946383
CAT048;20;129;00:08:06:289;41,37044787;2,32030172;1211,51822923217;3974,79746719407;10,734375;66,950684;1000;39,75;4CA891;RYR4QJ;1014,2;-0,703;-126,211;194,0;-0,062;192,0;-127,441406;175,0;0,284;-1024,0;-1024;986;194,7;233,7726;No alert, no SPI, aircraft airbone;28,360700722127703;15,37794387236526
CAT048;20;129;00:08:06:641;41,27177124;2,34480257;1744,89737523254;5724,72910455793;11,15625;98,898926;4202;57,25;348204;VLG6151;1014,0;0,0;26,367;244,0;-0,031;244,0;26,894531;217,0;0,364;-832,0;-896;2802;244,86;26,4551;No alert, no SPI, aircraft airbone;29,511738923755047;9,468623383588556
CAT048;20;129;00:08:10:281;41,36832104;2,31642636;1196,2802598523;3924,80412773381;10,523438;67,219849;1000;39,25;4CA891;RYR4QJ;1014,2;;;;;;-127,441406;175,0;0,284;-1056,0;-1024;986;194,04;233,6023;No alert, no SPI, aircraft airbone;28,186545238821306;15,24914442923101
CAT048;20;129;00:08:10:625;41,27575917;2,34753328;1722,03523503989;5649,72208052827;11,242188;97,591553;4202;56,5;348204;VLG6151;1014,0;;;;;;26,894531;216,0;0,36;-1184,0;-1088;2802;242,22;26,2463;No alert, no SPI, aircraft airbone;29,63348869127249;9,70869340579708
CAT048;20;129;00:08:14:281;41,36620383;2,31263984;1173,42220711056;3849,81051397661;10,316406;67,505493;1000;38,5;4CA891;RYR4QJ;1014,2;;;;;;-127,265625;175,0;0,284;-1056,0;-1056;986;193,38;233,8385;No alert, no SPI, aircraft airbone;28,01638785181181;15,120958235614928
CAT048;20;129;00:08:14:602;41,27973314;2,34995941;1699,17332658451;5574,71581679153;11,320312;96,317139;4202;55,75;348204;VLG6151;1014,0;;;;;;26,894531;214,0;0,356;-1248,0;-1280;2802;239,8;26,2408;No alert, no SPI, aircraft airbone;29,74145148701797;9,947826586874186
CAT048;20;129;00:08:18:273;41,36410706;2,30874266;1150,56419224758;3774,81702449354;10,105469;67,785645;1000;37,75;4CA891;RYR4QJ;1014,2;;;;;;-126,210938;175,0;0,284;-1088,0;-1056;986;193,6;234,2505;No alert, no SPI, aircraft airbone;27,841211246604747;14,993969957484909
CAT048;20;129;00:08:18:578;41,28367994;2,35260761;1676,31128222309;5499,7091071688;11,414062;95,064697;4202;55,0;348204;VLG6151;1014,0;;;;;;26,71875;212,0;0,352;-1344,0;-1408;2802;238,48;26,131;No alert, no SPI, aircraft airbone;29,8594584145471;10,185409640897578
CAT048;20;129;00:08:22:273;41,36205003;2,30491183;1127,7061123671;3699,82332169848;9,898438;68,071289;1000;37,0;4CA891;RYR4QJ;1014,2;9,492;-123,75;194,0;0,938;190,0;-123,398438;175,0;0,284;-1248,0;-1344;986;193,38;236,3873;No alert, no SPI, aircraft airbone;27,669004358791483;14,869393786299291
CAT048;20;129;00:08:22:563;41,28759381;2,35514097;1645,82933843788;5399,70272672053;11,507812;93,845215;4202;54,0;348204;VLG6151;1014,0;0,352;26,191;236,0;-0,062;234,0;26,71875;211,0;0,352;-1888,0;-1952;2802;235,4;26,2354;No alert, no SPI, aircraft airbone;29,972271514473505;10,420982377392294
CAT048;20;129;00:08:26:273;41,36012066;2,30082801;1097,22816142999;3599,83004114596;9,683594;68,302002;1000;36,0;4CA891;RYR4QJ;1014,2;;;;;;-119,53125;177,0;0,284;-1440,0;-1664;986;194,7;239,7382;No alert, no SPI, aircraft airbone;27,485302690604165;14,752401147188445
CAT048;20;129;00:08:26:539;41,29144816;2,35765699;1600,10742662288;5249,69644956142;11,605469;92,664185;4202;52,5;348204;VLG6151;1014,0;;;;;;26,894531;210,0;0,348;-2016,0;-2080;2802;234,52;26,3452;No alert, no SPI, aircraft airbone;30,08431383956726;10,65298339858644
CAT048;20;129;00:08:30:266;41,35834791;2,2965661;1066,75029156543;3499,83702657954;9,464844;68,47229;1000;35,0;4CA891;RYR4QJ;1014,2;;;;;;-117,597656;178,0;0,288;-1504,0;-1600;986;196,46;242,3859;No alert, no SPI, aircraft airbone;27,293478487007583;14,644753755234877
CAT048;20;129;00:08:30:523;41,29529679;2,3602309;1562,00548979267;5124,6900911314;11,710938;91,505127;4202;51,25;348204;VLG6151;1014,0;;;;;;26,894531;210,0;0,348;-1952,0;-2016;2802;233,64;26,4551;No alert, no SPI, aircraft airbone;30,19896352860559;10,884664903567542
CAT048;20;129;00:08:34:258;41,3567558;2,29230187;1036,27240282297;3399,84395007772;9,25;68,587646;1000;34,0;4CA891;RYR4QJ;1014,2;;;;;;-117,246094;178,0;0,288;-1376,0;-1280;986;196,46;243,0396;No alert, no SPI, aircraft airbone;27,10146456618799;14,547947813629388
CAT048;20;129;00:08:34:508;41,29908807;2,36270553;1516,2836428741;4974,68402688706;11,816406;90,384521;4202;49,75;348204;VLG6151;1014,0;;;;;;26,894531;211,0;0,348;-2112,0;-2176;2802;233,64;26,4551;No alert, no SPI, aircraft airbone;30,309136143705352;11,112876421418322
CAT048;20;129;00:08:38:258;41,35518865;2,28801808;1013,41448210459;3324,85076946803;9,035156;68,69751;1000;33,25;4CA891;RYR4QJ;1014,2;1,934;-116,719;196,0;0,156;192,0;-116,894531;177,0;0,284;-1280,0;-1056;986;195,14;243,1714;No alert, no SPI, aircraft airbone;26,90854724337233;14,452642092733406
CAT048;20;129;00:08:38:484;41,30297036;2,36524648;1478,18176379148;4849,67785791764;11,929688;89,258423;4202;48,5;348204;VLG6151;1014,0;-8,086;26,191;232,0;-0,531;234,0;25,488281;212,0;0,348;-2080,0;-2208;2802;232,76;26,5649;No alert, no SPI, aircraft airbone;30,422252786157145;11,346572070709037
CAT048;20;129;00:08:42:250;41,35361047;2,28364641;990,556559087709;3249,85758131732;8,816406;68,807373;1000;32,5;4CA891;RYR4QJ;1014,2;;;;;;-116,542969;176,0;0,28;-1216,0;-1056;986;194,26;243,6987;No alert, no SPI, aircraft airbone;26,711654181364693;14,35665753434334
CAT048;20;129;00:08:42:469;41,30684475;2,36743299;1432,46016896889;4699,67262075988;12,03125;88,154297;4202;47,0;348204;VLG6151;1014,0;;;;;;17,753906;212,0;0,348;-2016,0;-2112;2802;232,76;23,0328;No alert, no SPI, aircraft airbone;30,519332322735576;11,579673570201248
CAT048;20;129;00:08:46:250;41,35204266;2,27936149;967,698545504361;3174,86409603253;8,601562;68,928223;1000;31,75;4CA891;RYR4QJ;1014,2;;;;;;-116,015625;175,0;0,28;-1248,0;-1280;986;192,5;244,0997;No alert, no SPI, aircraft airbone;26,51866741428147;14,261331128944608
CAT048;20;129;00:08:46:453;41,31085743;2,36889986;1394,3591450043;4574,66925729591;12,105469;87,022705;4202;45,75;348204;VLG6151;1014,0;;;;;;6,152344;210,0;0,344;-2080,0;-1984;2802;231,0;10,481;No alert, no SPI, aircraft airbone;30,583796977120763;11,820818427064784
CAT048;20;129;00:08:50:250;41,35054004;2,27504865;937,220507097431;3074,87052850553;8,386719;69,0271;1000;30,75;4CA891;RYR4QJ;1014,2;;;;;;-115,3125;175,0;0,28;-1408,0;-1376;986;192,06;245,0336;No alert, no SPI, aircraft airbone;26,324383622907508;14,16991517933113
CAT048;20;129;00:08:50:438;41,31514181;2,36937017;1356,25891945232;4449,66851329594;12,140625;85,814209;4202;44,5;348204;VLG6151;1014,0;;;;;;-4,921875;208,0;0,34;-1536,0;-1408;2802;230,34;1,7413;No alert, no SPI, aircraft airbone;30,60306997163715;12,077908246893424
CAT048;20;129;00:08:54:242;41,34904589;2,27081776;914,362383119762;2999,87668103464;8,175781;69,136963;1000;30,0;4CA891;RYR4QJ;1014,2;0,0;-114,609;192,0;0,125;190,0;-115,136719;176,0;0,28;-1376,0;-1344;986;191,62;245,3082;No alert, no SPI, aircraft airbone;26,1337907912221;14,079041354635374
CAT048;20;129;00:08:54:414;41,31947721;2,3684869;1333,3997641094;4374,67128208069;12,121094;84,572754;4202;43,75;348204;VLG6151;1014,0;-29,707;-12,305;226,0;-2,781;226,0;-16,347656;205,0;0,336;-1504,0;-1376;2802;227,48;350,3705;No alert, no SPI, aircraft airbone;30,56112167257056;12,337583617002256
CAT048;20;129;00:08:58:234;41,34757811;2,26648631;883,88426352106;2899,88284713044;7,960938;69,230347;1000;29,0;4CA891;RYR4QJ;1014,2;;;;;;-114,609375;176,0;0,28;-1344,0;-1248;986;191,18;245,5774;No alert, no SPI, aircraft airbone;25,93863449637767;13,98972829253735
CAT048;20;129;00:08:58:398;41,32332256;2,36677141;1302,9212492127;4274,67615126699;12,066406;83,446655;4202;42,75;348204;VLG6151;1014,0;;;;;;-26,191406;202,0;0,332;-1088,0;-1088;2802;224,62;339,3842;No alert, no SPI, aircraft airbone;30,48178378737065;12,567581558680798
CAT048;20;129;00:09:02:234;41,34618826;2,26238725;861,025998702273;2824,88853758236;7,757812;69,32373;1000;28,25;4CA891;RYR4QJ;1014,2;;;;;;-114,257812;175,0;0,28;-1344,0;-1152;986;190,3;245,451;No alert, no SPI, aircraft airbone;25,75394092870153;13,905166882646727
CAT048;20;129;00:09:02:375;41,32704698;2,36418086;1280,06340434961;4199,68321952638;11,976562;82,320557;4202;42,0;348204;VLG6151;1014,0;;;;;;-33,75;200,0;0,328;-1056,0;-960;2802;221,32;327,7441;No alert, no SPI, aircraft airbone;30,36295428471958;12,790024720868887
CAT048;20;129;00:09:06:227;41,34472895;2,25813734;838,167750402354;2749,89428223006;7,546875;69,433594;1000;27,5;4CA891;RYR4QJ;1014,2;;;;;;-113,730469;173,0;0,276;-1152,0;-1088;986;188,54;245,8795;No alert, no SPI, aircraft airbone;25,562449252169127;13,816404579237393
CAT048;20;129;00:09:06:359;41,33026881;2,36088019;1264,82605866343;4149,69192630532;11,855469;81,298828;4202;41,5;348204;VLG6151;1014,0;;;;;;-42,539062;198,0;0,32;-864,0;-800;2802;220,66;321,2567;No alert, no SPI, aircraft airbone;30,212270108582874;12,982086277981688
CAT048;20;129;00:09:10:219;41,34334855;2,25394031;815,309441148303;2674,899826897;7,339844;69,521484;1000;26,75;4CA891;RYR4QJ;1014,2;-0,352;-113,73;186,0;-0,062;184,0;-113,554688;171,0;0,272;-1376,0;-1344;986;186,78;246,3135;No alert, no SPI, aircraft airbone;25,37330839859189;13,732399134892379
CAT048;20;129;00:09:10:344;41,3331901;2,35712119;1249,58901446592;4099,70162222037;11,714844;80,326538;4202;41,0;348204;VLG6151;1014,0;-24,434;-49,57;218,0;-2,094;214,0;-51,152344;196,0;0,32;-896,0;-896;2802;217,36;312,572;No alert, no SPI, aircraft airbone;30,041021266104533;13,155973023156198
CAT048;20;129;00:09:14:219;41,34195658;2,24966203;784,831119382754;2574,90532971571;7,128906;69,609375;1000;25,75;4CA891;RYR4QJ;1014,2;;;;;;-113,378906;171,0;0,272;-1472,0;-1472;986;185,9;246,1926;No alert, no SPI, aircraft airbone;25,18049195498688;13,647685544522215
CAT048;20;129;00:09:14:328;41,33554254;2,35281249;1226,73229346145;4024,71237768006;11,546875;79,475098;4202;40,25;348204;VLG6151;1014,0;;;;;;-58,710938;194,0;0,316;-1056,0;-960;2802;216,04;305,3815;No alert, no SPI, aircraft airbone;29,845200167890873;13,295566270154069
CAT048;20;129;00:09:18:219;41,34057622;2,24546991;754,352716416121;2474,91056612666;6,921875;69,708252;1000;24,75;4CA891;RYR4QJ;1014,2;;;;;;-113,027344;169,0;0,268;-1600,0;-1568;986;185,9;246,1926;No alert, no SPI, aircraft airbone;24,991556902780292;13,563702353782814
CAT048;20;129;00:09:18:320;41,33738764;2,34839536;1211,49556359649;3974,7231048699;11,371094;78,744507;4202;39,75;348204;VLG6151;1014,0;;;;;;-61,347656;192,0;0,312;-992,0;-864;2802;214,72;299,9103;No alert, no SPI, aircraft airbone;29,64472091627334;13,4047081235656
CAT048;20;129;00:09:22:211;41,33922913;2,2413533;723,874241382815;2374,91556609839;6,71875;69,807129;1000;23,75;4CA891;RYR4QJ;1014,2;;;;;;-112,5;168,0;0,264;-1728,0;-1664;986;185,02;246,0663;No alert, no SPI, aircraft airbone;24,806014081303335;13,481744891074769
CAT048;20;129;00:09:22:305;41,33926726;2,34375377;1188,63894327823;3899,73419066495;11,1875;77,969971;4202;39,0;348204;VLG6151;1014,0;;;;;;-61,875;191,0;0,308;-768,0;-800;2802;213,18;298,0042;No alert, no SPI, aircraft airbone;29,434092687507235;13,515854549731406
CAT048;20;129;00:09:26:211;41,33784514;2,23725939;685,775710680522;2249,92038262908;6,515625;69,933472;1000;22,5;4CA891;RYR4QJ;1014,2;0,527;-113,73;186,0;0,094;178,0;-112,148438;168,0;0,264;-1568,0;-1696;986;185,9;246,1926;No alert, no SPI, aircraft airbone;24,62150339818263;13,397589786696836
CAT048;20;129;00:09:26:289;41,34098658;2,33919506;1173,40219886322;3849,74487011839;11,007812;77,2229;4202;38,5;348204;VLG6151;1014,0;2,461;-62,051;210,0;0,125;204,0;-61,171875;188,0;0,304;-672,0;-512;2802;208,56;298,0371;No alert, no SPI, aircraft airbone;29,227293377283388;13,617427054389214
CAT048;20;129;00:09:30:203;41,33642914;2,23299049;655,297199327499;2149,92526344163;6,304688;70,059814;1000;21,5;4CA891;RYR4QJ;1014,2;;;;;;-111,972656;167,0;0,264;-1888,0;-1504;986;185,46;246,4728;No alert, no SPI, aircraft airbone;24,429087590847907;13,311474795248122
CAT048;20;129;00:09:30:273;41,34276884;2,33473928;1173,40534071438;3849,75517802937;10,835938;76,437378;4202;38,5;348204;VLG6151;1014,0;;;;;;-59,765625;183,0;0,296;-192,0;-320;2802;205,48;298,8062;No alert, no SPI, aircraft airbone;29,02512879743121;13,722819038624692
CAT048;20;129;00:09:34:258;41,34464911;2,33057598;1150,54825443123;3774,76473506814;10,679688;75,613403;4202;37,75;348204;VLG6151;1014,0;;;;;;-58,710938;180,0;0,292;-1120,0;-1184;2802;199,98;300,0256;No alert, no SPI, aircraft airbone;28,836149969451398;13,834195515589272
CAT048;20;129;00:09:34:195;41,33505852;2,22879116;624,818619768135;2049,92992048009;6,097656;70,180664;1000;20,5;4CA891;RYR4QJ;1014,2;;;;;;-112,324219;169,0;0,264;-1760,0;-1344;986;186,78;246,3135;No alert, no SPI, aircraft airbone;24,239791220363728;13,228109945006214
CAT048;20;129;00:09:38:242;41,34646398;2,32638371;1127,69113846123;3699,77419470915;10,523438;74,783936;4202;37,0;348204;VLG6151;1014,0;;;;;;-58,007812;178,0;0,288;-1472,0;-1504;2802;197,12;300,8606;No alert, no SPI, aircraft airbone;28,64590117014382;13,941649606379045
CAT048;20;129;00:09:38:195;41,33370416;2,22467013;601,959968729876;1974,93434380773;5,894531;70,3125;1000;19,75;4CA891;RYR4QJ;1014,2;;;;;;-112,5;170,0;0,268;-1056,0;-1088;986;186,78;246,3135;No alert, no SPI, aircraft airbone;24,05402012170636;13,145750907003226
CAT048;20;129;00:09:42:227;41,34836075;2,3222934;1097,21392584685;3599,78333647539;10,375;73,910522;4202;36,0;348204;VLG6151;1014,0;0,0;-58,711;196,0;0;194,0;-57,65625;178,0;0,288;-1568,0;-1600;2802;195,36;301,1627;No alert, no SPI, aircraft airbone;28,460234893547444;14,054057548361763
CAT048;20;129;00:09:42:188;41,33228519;2,22038995;586,721322516911;1924,93878376638;5,683594;70,466309;1000;19,25;4CA891;RYR4QJ;1014,2;-1,758;-113,73;184,0;-0,062;180,0;-112,5;171,0;0,268;-992,0;-640;986;184,58;246,3519;No alert, no SPI, aircraft airbone;23,86107104809908;13,059482602287547
CAT048;20;129;00:09:46:211;41,35024099;2,3182478;1059,11664474476;3474,7922527444;10,230469;73,02063;4202;34,75;348204;VLG6151;1014,0;;;;;;-57,832031;177,0;0,284;-1664,0;-1696;2802;194,48;301,3165;No alert, no SPI, aircraft airbone;28,27660672727546;14,165497447577147
CAT048;20;129;00:09:46:180;41,33095274;2,2162572;563,862587611191;1849,9429319383;5,480469;70,603638;1000;18,5;4CA891;RYR4QJ;1014,2;;;;;;-113,378906;170,0;0,264;-960,0;-736;986;182,38;245,6818;No alert, no SPI, aircraft airbone;23,67474657575676;12,978452250768388
CAT048;20;129;00:09:50:195;41,35207823;2,31406477;1028,63940276299;3374,80129816092;10,082031;72,108765;4202;33,75;348204;VLG6151;1014,0;;;;;;-58,535156;178,0;0,284;-1760,0;-1792;2802;194,7;300,91;No alert, no SPI, aircraft airbone;28,086797279039665;14,274323015365335
CAT048;20;129;00:09:50:180;41,32961316;2,21230505;548,62375160493;1799,94674921552;5,285156;70,784912;1000;18,0;4CA891;RYR4QJ;1014,2;;;;;;-113,730469;169,0;0,264;-1056,0;-1184;986;180,4;245,4236;No alert, no SPI, aircraft airbone;23,496580671395947;12,897051796883616
CAT048;20;129;00:09:54:180;41,35379878;2,30987745;990,542106786743;3249,81016563022;9,933594;71,207886;4202;32,5;348204;VLG6151;1014,0;;;;;;-66,09375;177,0;0,284;-1536,0;-1536;2802;193,82;297,356;No alert, no SPI, aircraft airbone;27,896854023753345;14,376158619120146
CAT048;20;129;00:09:54:180;41,32820537;2,20820493;525,76491570659;1724,95056604681;5,082031;70,999146;1000;17,25;4CA891;RYR4QJ;1014,2;;;;;;-113,203125;170,0;0,264;-1152,0;-1088;986;179,96;245,7092;No alert, no SPI, aircraft airbone;23,311742852029088;12,811529478442848
CAT048;20;129;00:09:58:172;41,35510832;2,30526235;967,684961487539;3174,81952904678;9,761719;70,378418;4202;31,75;348204;VLG6151;1014,0;-28,477;-74,883;194,0;-3,031;192,0;-78,222656;177,0;0,284;-1344,0;-1312;2802;193,6;284,9689;No alert, no SPI, aircraft airbone;27,68776456767018;14,453219881061573
CAT048;20;129;00:09:58:180;41,32685543;2,20425982;502,905995529145;1649,95410637184;4,886719;71,218872;1000;16,5;4CA891;RYR4QJ;1014,2;-1,23;-113,906;180,0;0;178,0;-113,554688;168,0;0,264;-1440,0;-1152;986;179,52;246,0004;No alert, no SPI, aircraft airbone;23,13388391186396;12,729526130061332
CAT048;20;129;00:10:02:156;41,35551359;2,30058257;937,20767803397;3074,82843840097;9,570312;69,818115;4202;30,75;348204;VLG6151;1014,0;;;;;;-88,769531;178,0;0,284;-1376,0;-1344;2802;194,48;273,5376;No alert, no SPI, aircraft airbone;27,47613879722799;14,476044016076859
CAT048;20;129;00:10:02:172;41,32549369;2,20022696;480,047059288248;1574,95759399526;4,6875;71,449585;1000;15,75;4CA891;RYR4QJ;1014,2;;;;;;-114,785156;170,0;0,264;-1216,0;-1216;986;179,08;245,5774;No alert, no SPI, aircraft airbone;22,952054957777165;12,646800153553828
CAT048;20;129;00:10:06:148;41,35522982;2,29584757;914,350273876451;2999,83695254482;9,363281;69,466553;4202;30,0;348204;VLG6151;1014,0;;;;;;-97,03125;179,0;0,284;-1344,0;-1376;2802;195,8;265,3088;No alert, no SPI, aircraft airbone;27,262306245410873;14,457541459442915
CAT048;20;129;00:10:06:172;41,32413058;2,19628891;449,568055936135;1474,96086063751;4,492188;71,71875;1000;14,75;4CA891;RYR4QJ;1014,2;;;;;;-115,3125;169,0;0,26;-1376,0;-1376;986;179,08;245,5774;No alert, no SPI, aircraft airbone;22,774504938197826;12,564025195667515
CAT048;20;129;00:10:10:133;41,35457227;2,29111133;883,872759317979;2899,8451036808;9,148438;69,230347;4202;29,0;348204;VLG6151;1014,0;;;;;;-103,535156;181,0;0,288;-1408,0;-1312;2802;196,46;257,9425;No alert, no SPI, aircraft airbone;27,048569570092166;14,416635052147448
CAT048;20;129;00:10:10:164;41,32275502;2,19225781;426,70903618075;1399,96407426325;4,292969;72,004395;1000;14,0;4CA891;RYR4QJ;1014,2;;;;;;-115,3125;172,0;0,268;-1600,0;-1120;986;179,08;245,5774;No alert, no SPI, aircraft airbone;22,592745240137198;12,480487592317054
CAT048;20;129;00:10:14:133;41,35351143;2,28656955;861,015030103736;2824,85255136554;8,933594;69,147949;4202;28,25;348204;VLG6151;1014,0;-8,613;-107,227;196,0;-0,688;196,0;-107,578125;182,0;0,288;-1376,0;-1344;2802;196,9;252,8503;No alert, no SPI, aircraft airbone;26,84378010680985;14,351615329761382
CAT048;20;129;00:10:14:164;41,32137907;2,18822423;403,849975422025;1324,9671533636;4,09375;72,317505;1000;13,25;4CA891;RYR4QJ;1014,2;-1,055;-114,609;178,0;-0,062;184,0;-115,488281;175,0;0,272;-1024,0;-960;986;178,2;245,4456;No alert, no SPI, aircraft airbone;22,410865915233753;12,396934396345415
CAT048;20;129;00:10:18:125;41,35223954;2,28195352;830,537257262506;2724,85985511712;8,710938;69,13147;4202;27,25;348204;VLG6151;1014,0;;;;;;-109,335938;183,0;0,292;-1408,0;-1408;2802;198,44;249,6423;No alert, no SPI, aircraft airbone;26,63571435862262;14,273927251825151
CAT048;20;129;00:10:18:164;41,32001468;2,18427341;380,990854258649;1249,97003428595;3,898438;72,669067;1000;12,5;4CA891;RYR4QJ;1014,2;;;;;;-114,785156;173,0;0,268;-1504,0;-1024;986;176,44;245,1764;No alert, no SPI, aircraft airbone;22,232716562681006;12,314103953919682
CAT048;20;129;00:10:22:117;41,35079028;2,27733403;800,059408602305;2624,86691011879;8,484375;69,180908;4202;26,25;348204;VLG6151;1014,0;;;;;;-110,566406;184,0;0,292;-1440,0;-1312;2802;199,1;248,4613;No alert, no SPI, aircraft airbone;26,427555448840916;14,185612539755558
CAT048;20;129;00:10:22:156;41,31865455;2,18040288;365,751675593667;1199,97272735473;3,707031;73,070068;1000;12,0;4CA891;RYR4QJ;1014,2;;;;;;-114,433594;176,0;0,272;-1024,0;-1056;986;175,12;245,3357;No alert, no SPI, aircraft airbone;22,058188288355804;12,231557364816469
CAT048;20;129;00:10:26:109;41,349381;2,27278201;777,201476424001;2549,87369191092;8,261719;69,224854;4202;25,5;348204;VLG6151;1014,0;;;;;;-110,917969;185,0;0,292;-1312,0;-1248;2802;200,2;247,6648;No alert, no SPI, aircraft airbone;26,222420268146102;14,099726710001525
CAT048;20;129;00:10:26:156;41,317294;2,17653268;342,892458744347;1124,9752943468;3,515625;73,515015;1000;11,25;4CA891;RYR4QJ;1014,2;;;;;;-113,378906;174,0;0,268;-1056,0;-1152;986;172,26;244,9182;No alert, no SPI, aircraft airbone;21,883667818460825;12,148993446907658
CAT048;20;129;00:10:30:109;41,34789271;2,26826936;754,343462894671;2474,88020680335;8,039062;69,307251;4202;24,75;348204;VLG6151;1014,0;-0,703;-112,5;202,0;-0,188;196,0;-111,09375;184,0;0,288;-1280,0;-1152;2802;201,52;247,511;No alert, no SPI, aircraft airbone;26,019086633633332;14,009125246671623
CAT048;20;129;00:10:30:164;41,31593894;2,172655;320,03320549801;1049,97774192609;3,324219;74,003906;1000;10,5;4CA891;RYR4QJ;1014,2;1,406;-114,434;170,0;0,125;180,0;-111,972656;172,0;0,264;-1216,0;-1088;986;170,28;245,6927;No alert, no SPI, aircraft airbone;21,708800094183623;12,066764667939392
CAT048;20;129;00:10:34:102;41,3464375;2,26373996;731,485408168286;2399,88658653484;7,816406;69,378662;4202;24,0;348204;VLG6151;1014,0;;;;;;-110,917969;184,0;0,288;-1056,0;-1024;2802;201,74;247,2473;No alert, no SPI, aircraft airbone;25,814973796909715;13,920513148419932
CAT048;20;129;00:10:34:164;41,3146822;2,1690043;297,173874172382;974,979933339718;3,144531;74,498291;1000;9,75;4CA891;RYR4QJ;1014,2;;;;;;-111,09375;170,0;0,26;-1056,0;-928;986;167,2;246,3464;No alert, no SPI, aircraft airbone;21,544155414430637;11,990495771511304
CAT048;20;129;00:10:38:102;41,34497933;2,25921182;708,627299471758;2324,89278919892;7,59375;69,455566;4202;23,25;348204;VLG6151;1014,0;;;;;;-110,917969;182,0;0,288;-864,0;-928;2802;201,74;247,2473;No alert, no SPI, aircraft airbone;25,610909963162566;13,831734551788182
CAT048;20;129;00:10:38:164;41,31345635;2,16524277;281,934529596008;924,982082079768;2,960938;74,992676;1000;9,25;4CA891;RYR4QJ;1014,2;;;;;;-111,796875;166,0;0,256;-896,0;-640;986;163,9;245,4675;No alert, no SPI, aircraft airbone;21,37448332288483;11,916059066106138
CAT048;20;129;00:10:42:094;41,343518;2,25468016;693,389138923027;2274,89882254422;7,371094;69,537964;4202;22,75;348204;VLG6151;1014,0;;;;;;-111,09375;181,0;0,284;-864,0;-864;2802;200,86;247,1375;No alert, no SPI, aircraft airbone;25,406679162984886;13,742776062876342
CAT048;20;129;00:10:42:164;41,31220531;2,16166276;266,695117128082;874,984008078495;2,785156;75,62439;1000;8,75;4CA891;RYR4QJ;1014,2;;;;;;-111,445312;162,0;0,248;-704,0;-544;986;158,84;245,0446;No alert, no SPI, aircraft airbone;21,213020374274627;11,84016320760897
CAT048;20;129;00:10:46:086;41,34208899;2,25013719;670,530933155678;2199,90470673448;7,148438;69,609375;4202;22,0;348204;VLG6151;1014,0;-0,176;-113,027;200,0;0,188;192,0;-110,742188;180,0;0,284;-960,0;-832;2802;199,98;247,0221;No alert, no SPI, aircraft airbone;25,201915697870707;13,655763139061145
CAT048;20;129;00:10:46:164;41,31098859;2,1582366;259,075648368336;849,985750192772;2,617188;76,333008;1000;8,5;4CA891;RYR4QJ;1014,2;-0,352;-114,785;154,0;0,062;164,0;-111,09375;157,0;0,24;-832,0;-544;986;153,12;245,2753;No alert, no SPI, aircraft airbone;21,058496695787277;11,766369215966593
CAT048;20;129;00:10:50:086;41,3406361;2,24560088;655,292668783106;2149,91039945037;6,925781;69,697266;4202;21,5;348204;VLG6151;1014,0;;;;;;-110,917969;178,0;0,28;-992,0;-832;2802;199,98;247,0221;No alert, no SPI, aircraft airbone;24,997453354563003;13,56733077797612
CAT048;20;129;00:10:50:164;41,30981465;2,15488043;243,836140259169;799,987362407892;2,453125;77,096558;1000;8,0;4CA891;RYR4QJ;1014,2;;;;;;-111,09375;152,0;0,232;-896,0;-832;986;148,06;244,8193;No alert, no SPI, aircraft airbone;20,90711838278358;11,695163514917118
CAT048;20;129;00:10:54:078;41,33921835;2,24123146;640,054288491607;2099,9157118548;6,710938;69,796143;4202;21,0;348204;VLG6151;1014,0;;;;;;-111,269531;178,0;0,28;-256,0;-768;2802;198,44;246,5332;No alert, no SPI, aircraft airbone;24,800511453418167;13,481063801551253
CAT048;20;129;00:10:54:172;41,30868634;2,15176549;228,596570395865;749,988772017568;2,300781;77,958984;1000;7,5;4CA891;RYR4QJ;1014,2;;;;;;-110,917969;148,0;0,228;-928,0;-768;986;143,66;244,8578;No alert, no SPI, aircraft airbone;20,766627992268887;11,626757376070564
CAT048;20;129;00:10:58:070;41,33772833;2,23671235;624,815909712575;2049,92102922141;6,488281;69,916992;4202;20,5;348204;VLG6151;1014,0;;;;;;-111,621094;173,0;0,272;-480,0;-640;2802;193,6;246,2146;No alert, no SPI, aircraft airbone;24,59682248398599;13,39043061158069
CAT048;20;129;00:10:58:172;41,30757117;2,14854569;213,356990079395;699,990147332084;2,144531;78,898315;1000;7,0;4CA891;RYR4QJ;1014,2;;;;;;-111,621094;144,0;0,22;-864,0;-704;986;140,14;245,9949;No alert, no SPI, aircraft airbone;20,621387088520137;11,559119481722314
CAT048;20;129;00:11:02:078;41,33629914;2,23243448;617,197394338436;2024,92589924132;6,277344;70,048828;4202;20,25;348204;VLG6151;1014,0;0,703;-114,082;190,0;-0,531;180,0;-111,445312;169,0;0,264;-608,0;-608;2802;189,42;246,0059;No alert, no SPI, aircraft airbone;24,404005265187088;13,303523338519037
CAT048;20;129;00:11:02:188;41,30651167;2,14538578;198,117376705632;649,991414190904;1,992188;79,903564;1000;6,5;4CA891;RYR4QJ;1014,2;-1,23;-114,785;140,0;-0,062;148,0;-112,5;144,0;0,22;-736,0;-736;986;141,02;245,2478;No alert, no SPI, aircraft airbone;20,47883206736772;11,494839439258893
CAT048;20;129;00:11:06:070;41,33494294;2,22840184;601,958750076592;1974,93034560129;6,078125;70,186157;4202;19,75;348204;VLG6151;1014,0;;;;;;-111,269531;169,0;0,264;-576,0;-832;2802;185,02;246,0663;No alert, no SPI, aircraft airbone;24,22223691542018;13,221070700815698
CAT048;20;129;00:11:06:195;41,30542895;2,14230228;182,877728693187;599,992567405756;1,84375;81,134033;1000;6,0;4CA891;RYR4QJ;1014,2;;;;;;-112,148438;143,0;0,22;-1088,0;-672;986;141,46;245,7861;No alert, no SPI, aircraft airbone;20,339734823257533;11,429189921783147
CAT048;20;129;00:11:10:070;41,33354534;2,22430112;579,100084472448;1899,93472114059;5,875;70,345459;4202;19,0;348204;VLG6151;1014,0;;;;;;-111,621094;166,0;0,26;-1120,0;-992;2802;182,82;246,0992;No alert, no SPI, aircraft airbone;24,037398937534935;13,13612505544393
CAT048;20;129;00:11:10:203;41,3043572;2,13910748;167,638068291359;549,993679973021;1,691406;82,53479;1000;5,5;4CA891;RYR4QJ;1014,2;;;;;;-112,324219;145,0;0,22;-864,0;-640;986;142,56;246,8518;No alert, no SPI, aircraft airbone;20,195596609638834;11,364177437827577
CAT048;20;129;00:11:14:063;41,33216387;2,22018681;563,861381584778;1849,9389751586;5,671875;70,504761;4202;18,5;348204;VLG6151;1014,0;;;;;;-111,972656;169,0;0,264;-1120,0;-1056;2802;181,94;245,9729;No alert, no SPI, aircraft airbone;23,85193292782946;13,052151709956222
CAT048;20;129;00:11:14:211;41,30331393;2,13579511;152,398393102922;499,994744027789;1,535156;84,127808;1000;5,0;4CA891;RYR4QJ;1014,2;;;;;;-112,851562;145,0;0,22;-768,0;-768;986;143,88;246,6431;No alert, no SPI, aircraft airbone;20,04612838523963;11,300851139641088
CAT048;20;129;00:11:18:055;41,3307762;2,21607935;541,002632581629;1774,94307707911;5,46875;70,680542;4202;17,75;348204;VLG6151;1014,0;-0,352;-114,082;180,0;-0,219;178,0;-112,675781;168,0;0,264;-1088,0;-1056;2802;179,52;246,0004;No alert, no SPI, aircraft airbone;23,666770945522096;12,967817199783646
CAT048;20;129;00:11:18:227;41,30224986;2,13253912;137,158684418537;449,995698187712;1,382812;86,138306;1000;4,5;4CA891;RYR4QJ;1014,2;-0,176;-114,258;146,0;0,188;152,0;-113,378906;147,0;0,224;-800,0;-672;986;144,98;245,5554;No alert, no SPI, aircraft airbone;19,899211281013063;11,236296049414735
CAT048;20;129;00:11:22:055;41,32944772;2,21221817;518,143767491914;1699,94679813817;5,277344;70,872803;4202;17,0;348204;VLG6151;1014,0;;;;;;-113,027344;169,0;0,264;-1088,0;-992;2802;176,88;245,6049;No alert, no SPI, aircraft airbone;23,492712536752684;12,887107245908753
CAT048;20;129;00:11:22:258;41,30112892;2,12932442;121,91894508712;399,996551799627;1,234375;88,80249;1000;4,0;4CA891;RYR4QJ;1014,2;;;;;;-113,554688;149,0;0,228;-704,0;-640;986;146,96;245,874;No alert, no SPI, aircraft airbone;19,754173699086543;11,168345422478419
CAT048;20;129;00:11:26:055;41,32807949;2,20828212;495,284884309396;1624,95045983764;5,082031;71,092529;4202;16,25;348204;VLG6151;1014,0;;;;;;-112,851562;163,0;0,256;-896,0;-896;2802;175,12;245,3357;No alert, no SPI, aircraft airbone;23,31527673758893;12,804001284317378
CAT048;20;129;00:11:26:281;41,30001124;2,12585808;114,299196482636;374,997375788092;1,078125;92,197266;1000;3,75;4CA891;RYR4QJ;1014,2;;;;;;-113,90625;150,0;0,228;-672,0;-736;986;146,96;245,874;No alert, no SPI, aircraft airbone;19,597750226946236;11,100539150651679
CAT048;20;129;00:11:30:047;41,32677017;2,20431307;480,045974835753;1574,95403608013;4,886719;71,28479;4202;15,75;348204;VLG6151;1014,0;;;;;;-113,554688;163,0;0,256;-864,0;-608;2802;172,48;245,6653;No alert, no SPI, aircraft airbone;23,13632104177923;12,724427346853783
CAT048;20;129;00:11:30:328;41,29886873;2,12262769;99,0594031615183;324,998052268436;0,9375;96,734619;1000;3,25;4CA891;RYR4QJ;1014,2;;;;;;-115,3125;151,0;0,228;-896,0;-736;986;148,06;244,8193;No alert, no SPI, aircraft airbone;19,451999340135863;11,031302666256234
CAT048;20;129;00:11:34:047;41,32547181;2,20061143;464,806950775906;1524,95723638362;4,703125;71,531982;4202;15,25;348204;VLG6151;1014,0;1,23;-114,785;166,0;-0,375;166,0;-113,90625;157,0;0,244;-608,0;-672;2802;166,54;245,127;No alert, no SPI, aircraft airbone;22,969442786315554;12,645589190265717
CAT048;20;129;00:11:34:391;41,29767708;2,11929501;76,1995886890218;249,99865855449;0,800781;103,095703;1000;2,5;4CA891;RYR4QJ;1014,2;-0,352;-114,609;148,0;-0,031;152,0;-114,082031;149,0;0,224;-992,0;-928;986;147,4;245,5225;No alert, no SPI, aircraft airbone;19,30163173768165;10,959102156332046
CAT048;20;129;00:11:38:047;41,32421108;2,19707341;449,567849902436;1474,96018467391;4,527344;71,801147;4202;14,75;348204;VLG6151;1014,0;;;;;;-114,433594;154,0;0,24;-1088,0;-928;2802;161,7;245,495;No alert, no SPI, aircraft airbone;22,80994154700613;12,56905750427438
CAT048;20;129;00:11:38:492;41,29648555;2,11590973;60,9597481330857;199,999180064953;0,675781;111,978149;1000;2,0;4CA891;RYR4QJ;1014,2;;;;;;-114,609375;147,0;0,224;-896,0;-800;986;147,4;245,5225;No alert, no SPI, aircraft airbone;19,148879764649394;10,886903071556482
CAT048;20;129;00:11:42:039;41,32298889;2,19342557;434,328747801483;1424,96312893702;4,347656;72,042847;4202;14,25;348204;VLG6151;1014,0;;;;;;-114,785156;151,0;0,236;-896,0;-960;2802;158,18;245,7037;No alert, no SPI, aircraft airbone;22,64545622590645;12,494814995708154
CAT048;20;129;00:11:42:625;41,29526134;2,11250399;45,7198794437572;149,999609274257;0,574219;124,628906;1000;1,5;4CA891;RYR4QJ;1014,2;;;;;;-113,554688;146,0;0,22;-896,0;-800;986;146,3;245,3577;No alert, no SPI, aircraft airbone;18,995206331630335;10,81274573277331
CAT048;20;129;00:11:46:039;41,32181245;2,19003375;411,469550010748;1349,96575845726;4,179688;72,317505;4202;13,5;348204;VLG6151;1014,0;;;;;;-114,433594;150,0;0,232;-1056,0;-928;2802;154,88;245,5829;No alert, no SPI, aircraft airbone;22,492523312018584;12,423388897310954
CAT048;20;129;00:11:46:797;41,29416285;2,10905513;30,4799802871421;99,9999385252673;0,503906;141,097412;1000;1,0;4CA891;RYR4QJ;1014,2;;;;;;-113,90625;146,0;0,22;-640,0;-704;986;145,42;245,1929;No alert, no SPI, aircraft airbone;18,839540986298807;10,746124278091994
CAT048;20;129;00:11:50:031;41,32065483;2,18663171;388,610326216556;1274,96830266433;4,011719;72,597656;4202;12,75;348204;VLG6151;1014,0;1,23;-114,258;152,0;0,156;158,0;-113,730469;149,0;0,228;-992,0;-960;2802;151,36;245,8026;No alert, no SPI, aircraft airbone;22,339116473982553;12,353094755543864
CAT048;20;129;00:11:51:016;41,29295316;2,10564142;15,2400518991053;50,0001718726607;0,492188;160,773926;1000;0,5;4CA891;RYR4QJ;1014,2;0,703;-114,258;146,0;0,125;148,0;-113,378906;144,0;0,216;-704,0;-640;986;144,76;245,9125;No alert, no SPI, aircraft airbone;18,685491740099096;10,672848086917387
CAT048;20;129;00:11:54:031;41,31953497;2,18329771;373,371058788151;1224,97070451452;3,847656;72,883301;4202;12,25;348204;VLG6151;1014,0;;;;;;-112,675781;146,0;0,224;-864,0;-800;2802;146,96;245,874;No alert, no SPI, aircraft airbone;22,18876754475431;12,28508831487126
CAT048;20;129;00:11:55:211;41,29184749;2,10220791;9,17259603738785e-05;0,000300938199833;0,53125;179,269409;1000;0,0;4CA891;RYR4QJ;1014,2;;;;;;-113,027344;141,0;0,212;-928,0;-448;986;144,98;245,5554;No alert, no SPI, aircraft airbone;18,5305120040793;10,605811603638397
CAT048;20;129;00:11:58:031;41,31841805;2,17996019;358,131763712503;1174,97301565853;3,683594;73,190918;4202;11,75;348204;VLG6151;1014,0;;;;;;-111,796875;145,0;0,224;-864,0;-736;2802;142,78;245,5884;No alert, no SPI, aircraft airbone;22,038253344335104;12,217263059451568
CAT048;20;129;00:11:59:367;41,29063375;2,09885545;0,0001042922958731;0,0003421663359925;0,621094;193,491211;1000;-0,5;4CA891;RYR4QJ;1014,2;;;;;;-114,960938;139,0;0,208;-448,0;-160;986;143,66;245,7532;No alert, no SPI, aircraft airbone;18,37922305680693;10,532317569466667
CAT048;20;129;00:12:02:023;41,31737543;2,17695174;342,892373185605;1124,97501364226;3,535156;73,526001;4202;11,25;348204;VLG6151;1014,0;;;;;;-112,148438;141,0;0,216;-800,0;-800;2802;139,26;245,8246;No alert, no SPI, aircraft airbone;21,9025869379193;12,153981765354626
CAT048;20;129;00:12:03:469;41,28961245;2,09559633;8,5093080997467e-05;0,0002791767838597;0,726562;203,724976;1000;-0,5;4CA891;RYR4QJ;1014,2;;;;;;-115,136719;128,0;0,192;-256,0;-128;986;137,5;245,484;No alert, no SPI, aircraft airbone;18,232097039380303;10,470389075537037
CAT048;20;129;00:12:06:023;41,31635988;2,17392996;327,652963284403;1074,976948062;3,386719;73,861084;4202;10,75;348204;VLG6151;1014,0;0,879;-114,609;136,0;0,125;146,0;-110,917969;140,0;0,216;-768,0;-704;2802;135,3;245,517;No alert, no SPI, aircraft airbone;21,766304580846665;12,092325183077119
CAT048;20;129;00:12:07:531;41,28860473;2,09288076;5,24036586284637e-05;0,0001719280193746;0,835938;209,778442;1000;-0,5;4CA891;RYR4QJ;1014,2;-0,176;-114,609;120,0;-0,031;110,0;-114,785156;108,0;0,164;-64,0;-64;986;119,9;245,3577;No alert, no SPI, aircraft airbone;18,109548030475295;10,409393118515219
CAT048;20;129;00:12:10:023;41,31529819;2,17082809;320,033543970436;1049,97885239996;3,234375;74,256592;4202;10,5;348204;VLG6151;1014,0;;;;;;-110,390625;135,0;0,208;-512,0;-640;2802;132,0;245,3741;No alert, no SPI, aircraft airbone;21,626412081188917;12,027886562648982
CAT048;20;129;00:12:11:570;41,2878702;2,09052758;4,87267971038818e-06;1,598648250103e-05;0,929688;214,129028;1000;-0,5;4CA891;RYR4QJ;1014,2;;;;;;-114,960938;90,0;0,152;-160,0;-64;986;101,2;245,462;No alert, no SPI, aircraft airbone;18,003312093116268;10,364858293974931
CAT048;20;129;00:12:14:023;41,31429818;2,16797367;304,794055840001;999,980530162107;3,09375;74,679565;4202;10,0;348204;VLG6151;1014,0;;;;;;-109,160156;133,0;0,204;-704,0;-672;2802;128,92;245,2203;No alert, no SPI, aircraft airbone;21,497682938542063;11,967212697806765
CAT048;20;129;00:12:18:023;41,31333828;2,16519046;289,554535425268;949,982102004637;2,957031;75,113525;4202;9,5;348204;VLG6151;1014,0;;;;;;-108,457031;133,0;0,204;-672,0;-608;2802;127,16;245,8521;No alert, no SPI, aircraft airbone;21,37215652607025;11,908965818064985
CAT048;20;129;00:12:22:023;41,31236854;2,1623171;274,315010369755;899,983658621508;2,816406;75,580444;4202;9,0;348204;VLG6151;1014,0;0,703;-114,258;126,0;-0,125;136,0;-108,28125;131,0;0,2;-672,0;-704;2802;126,28;245,6653;No alert, no SPI, aircraft airbone;21,24255350936727;11,850110931610823
CAT048;20;129;00:12:26:023;41,31141241;2,1595192;266,695452182554;874,98510733861;2,679688;76,096802;4202;8,75;348204;VLG6151;1014,0;;;;;;-107,753906;130,0;0,2;-672,0;-640;2802;125,4;245,4785;No alert, no SPI, aircraft airbone;21,116354233595956;11,792094748393454
CAT048;20;129;00:12:30:023;41,31046438;2,15671786;251,455874674954;824,986491868574;2,542969;76,657104;4202;8,25;348204;VLG6151;1014,0;;;;;;-108,105469;132,0;0,204;-704,0;-608;2802;124,96;245,896;No alert, no SPI, aircraft airbone;20,989993145774484;11,734567542350984
CAT048;20;129;00:12:34:023;41,30952867;2,15390674;236,216278732754;774,98781591757;2,40625;77,261353;4202;7,75;348204;VLG6151;1014,0;;;;;;-108,28125;129,0;0,2;-512,0;-480;2802;124,08;245,7037;No alert, no SPI, aircraft airbone;20,8631822752414;11,677780878359389
CAT048;20;129;00:12:38:023;41,30858782;2,15117434;228,596651398577;749,989037774507;2,273438;77,964478;4202;7,5;348204;VLG6151;1014,0;-0,527;-113,906;124,0;-0,219;132,0;-109,160156;127,0;0,196;-608,0;-672;2802;123,64;246,1267;No alert, no SPI, aircraft airbone;20,739928901215535;11,620708780117278
CAT048;20;129;00:12:42:023;41,3076566;2,14834704;213,357017613016;699,990237665488;2,136719;78,717041;4202;7,0;348204;VLG6151;1014,0;;;;;;-110,917969;127,0;0,196;-672,0;-544;2802;125,4;245,4785;No alert, no SPI, aircraft airbone;20,612377791627672;11,564195639094192
CAT048;20;129;00:12:46:031;41,30667936;2,14542922;205,737373699434;674,991405128051;1,996094;79,628906;4202;6,75;348204;VLG6151;1014,0;;;;;;-111,269531;129,0;0,196;-672,0;-640;2802;126,28;245,6653;No alert, no SPI, aircraft airbone;20,480744191893372;11,50490567603357
CAT048;20;129;00:12:50:039;41,30572538;2,14267307;190,497689587064;624,992439904823;1,863281;80,672607;4202;6,25;348204;VLG6151;1014,0;;;;;;-112,675781;128,0;0,196;-736,0;-672;2802;127,16;245,8521;No alert, no SPI, aircraft airbone;20,35641006441281;11,447052680501224
CAT048;20;129;00:12:54:047;41,30474872;2,13973062;175,258005820215;574,993475815193;1,722656;81,881104;4202;5,75;348204;VLG6151;1014,0;-1,406;-114,961;128,0;-0,062;132,0;-113,027344;128,0;0,196;-640,0;-576;2802;128,04;245,0336;No alert, no SPI, aircraft airbone;20,22365481941829;11,387800384762704
CAT048;20;129;00:12:58:063;41,30375209;2,13694105;167,638284510933;549,994389354849;1,589844;83,375244;4202;5,5;348204;VLG6151;1014,0;;;;;;-112,851562;128,0;0,196;-640,0;-640;2802;128,04;245,0336;No alert, no SPI, aircraft airbone;20,097815032229988;11,327390210043761
CAT048;20;129;00:13:02:070;41,30276167;2,13412685;152,398545750417;499,995244839798;1,457031;85,12207;4202;5,0;348204;VLG6151;1014,0;;;;;;-113,378906;130,0;0,2;-480,0;-512;2802;128,04;246,0333;No alert, no SPI, aircraft airbone;19,970855731668234;11,267350842074006
CAT048;20;129;00:13:06:086;41,30179359;2,13110213;137,158804307692;449,996091524847;1,316406;87,138062;4202;4,5;348204;VLG6151;1014,0;;;;;;-113,730469;131,0;0,2;-608,0;-640;2802;127,16;245,8521;No alert, no SPI, aircraft airbone;19,834365737207303;11,208607429863008
CAT048;20;129;00:13:10:109;41,30083168;2,12820164;129,539029940031;424,996830988453;1,183594;89,615479;4202;4,25;348204;VLG6151;1014,0;-0,352;-114,434;128,0;-0,344;136,0;-113,554688;132,0;0,2;-608,0;-640;2802;127,6;245,4401;No alert, no SPI, aircraft airbone;19,703487865576953;11,150266801323907
CAT048;20;129;00:13:14:133;41,29985516;2,12550295;114,299220560119;374,997454782459;1,0625;92,735596;4202;3,75;348204;VLG6151;1014,0;;;;;;-113,730469;131,0;0,2;-864,0;-736;2802;127,6;245,4401;No alert, no SPI, aircraft airbone;19,581736549264825;11,091099659195086
CAT048;20;129;00:13:18:180;41,29886427;2,12262699;99,0594032229856;324,9980524701;0,9375;96,751099;4202;3,25;348204;VLG6151;1014,0;;;;;;-113,730469;130,0;0,196;-608,0;-672;2802;127,6;245,4401;No alert, no SPI, aircraft airbone;19,451969001082272;11,03103505311454
CAT048;20;129;00:13:22:234;41,29787495;2,11979266;83,8195626409724;274,998573895008;0,820312;101,931152;4202;2,75;348204;VLG6151;1014,0;;;;;;-113,378906;130,0;0,2;-736,0;-672;2802;126,72;245,2533;No alert, no SPI, aircraft airbone;19,3240797683841;10,971078104132712
CAT048;20;129;00:13:26:305;41,29686756;2,11701657;68,5796992778778;224,999020578833;0,714844;108,770142;4202;2,25;348204;VLG6151;1014,0;-0,352;-114,434;126,0;0;132,0;-113,027344;127,0;0,192;-640,0;-672;2802;126,28;245,6653;No alert, no SPI, aircraft airbone;19,198825864914305;10,910054511003127
CAT048;20;129;00:13:30:398;41,29595666;2,11396623;60,9598247297108;199,999431366224;0,609375;117,850342;4202;2,0;348204;VLG6151;1014,0;;;;;;-111,972656;128,0;0,196;-672,0;-576;2802;125,84;246,0828;No alert, no SPI, aircraft airbone;19,06113694071117;10,854761330623997
CAT048;20;129;00:13:34:523;41,29502015;2,11106776;45,7199222398922;149,999749681528;0,53125;129,902344;4202;1,5;348204;VLG6151;1014,0;;;;;;-112,851562;130,0;0,196;-672,0;-608;2802;126,28;245,6653;No alert, no SPI, aircraft airbone;18,930320112957524;10,797970121596848
CAT048;20;129;00:13:38:688;41,29400445;2,10819746;30,4799987403676;99,9999990673476;0,488281;145,343628;4202;1,0;348204;VLG6151;1014,0;;;;;;-113,027344;129,0;0,196;-672,0;-704;2802;126,72;245,2533;No alert, no SPI, aircraft airbone;18,800796208746842;10,736440478675833
CAT048;20;129;00:13:42:875;41,29293255;2,10528383;15,2400557305664;50,0001844430714;0,488281;162,614136;4202;0,5;348204;VLG6151;1014,0;2,637;-114,434;128,0;0,062;130,0;-111,269531;127,0;0,192;-576,0;-608;2802;127,6;245,4401;No alert, no SPI, aircraft airbone;18,669324494257797;10,67153565114078
CAT048;20;129;00:13:47:047;41,29191389;2,10230401;9,02898609638214e-05;0,0002962265874445;0,527344;178,791504;4202;0,0;348204;VLG6151;1014,0;;;;;;-111,09375;126,0;0,192;-832,0;-544;2802;127,6;245,4401;No alert, no SPI, aircraft airbone;18,534839800822645;10,609813870207766
CAT048;20;129;00:13:51:188;41,29094835;2,0993644;0,0001011947169899;0,0003320036752894;0,597656;191,766357;4202;-0,5;348204;VLG6151;1014,0;;;;;;-111,972656;124,0;0,188;-544,0;-192;2802;128,48;245,6268;No alert, no SPI, aircraft airbone;18,40215475887062;10,551290666840323
CAT048;20;129;00:13:55:281;41,28995551;2,09653057;9,21497121453285e-05;0,0003023284615948;0,691406;201,203613;4202;-0,5;348204;VLG6151;1014,0;;;;;;-114,609375;116,0;0,172;-960,0;-32;2802;124,96;245,896;No alert, no SPI, aircraft airbone;18,2742578209194;10,491156962444716
CAT048;20;129;00:13:59:352;41,28907708;2,09389202;6,40694051980972e-05;0,0002102014673501;0,789062;207,91626;4202;-0,25;348204;VLG6151;1014,0;0,0;-114,434;108,0;-4,875;106,0;-113,203125;103,0;0,156;288,0;-32;2802;111,98;245,7202;No alert, no SPI, aircraft airbone;18,15515813335663;10,437928945429732
CAT048;20;129;00:21:02:719;41,28956633;2,09551704;7,62008483987302;25,000279146049;0,730469;203,895264;1411;0,25;46B8B6;AEE713;1014,0;;;;;;-115,136719;110,0;0,168;-32,0;64;1405;108,68;245,5554;No alert, no SPI, aircraft airbone;18,228523492867755;10,467606802239581
CAT048;20;129;00:21:06:781;41,28858098;2,09276227;4,99766319990158e-05;0,0001639653333276;0,839844;210,047607;1411;0,0;46B8B6;AEE713;1014,0;;;;;;-114,960938;128,0;0,192;-96,0;64;1405;126,28;245,6653;No alert, no SPI, aircraft airbone;18,104195135808215;10,407944309540705
CAT048;20;129;00:21:10:836;41,28752405;2,08967352;-1,34846195578575e-05;-4,42408792302012e-05;0,96875;215,332031;1411;0,0;46B8B6;AEE713;1014,0;;;;;;-115,488281;144,0;0,216;-448,0;64;1405;141,9;245,4181;No alert, no SPI, aircraft airbone;17,96477607824472;10,343924514013919
CAT048;20;129;00:21:14:875;41,28631721;2,08622967;-0,0001120883971452;-0,00036774409689;1,121094;219,693604;1411;-0,5;46B8B6;AEE713;1014,0;0,703;-114,609;156,0;0,594;156,0;-114,433594;154,0;0,232;-544,0;96;1405;157,08;245,5554;No alert, no SPI, aircraft airbone;17,809331004512586;10,270847433183842
CAT048;20;129;00:21:18:906;41,28503226;2,08254918;7,61974895279855;24,9991771542996;1,289062;223,203735;1411;0,25;46B8B6;AEE713;1014,0;;;;;;-113,378906;165,0;0,248;1632,0;1216;1405;168,3;245,4126;No alert, no SPI, aircraft airbone;17,643197093904902;10,193044594294912
CAT048;20;129;00:21:22:938;41,28380675;2,07854894;45,7195518920198;149,998534629414;1,46875;226,389771;1411;1,5;46B8B6;AEE713;1014,0;;;;;;-112,675781;166,0;0,252;2464,0;2496;1405;170,28;245,6927;No alert, no SPI, aircraft airbone;17,462577223198288;10,118749300241067
CAT048;20;129;00:21:26:953;41,28250889;2,07486552;99,0593406548724;324,997847194131;1,644531;228,433228;1411;3,25;46B8B6;AEE713;1014,0;;;;;;-114,609375;165,0;0,252;2944,0;3008;1405;167,86;245,7202;No alert, no SPI, aircraft airbone;17,29630100854964;10,040186371890151
CAT048;20;129;00:21:30:961;41,28120627;2,07113875;160,019091307186;524,997035524267;1,824219;230,114136;1411;5,25;46B8B6;AEE713;1014,0;-1,406;-114,961;166,0;-0,281;176,0;-115,664062;171,0;0,26;3328,0;3488;1405;165,66;244,9786;No alert, no SPI, aircraft airbone;17,128058464600826;9,96133653825746
CAT048;20;129;00:21:34:969;41,27988748;2,06748874;236,218814876862;774,996136600603;2,003906;231,410522;1411;7,75;46B8B6;AEE713;1014,0;;;;;;-117,421875;169,0;0,26;3488,0;3424;1405;162,8;243,7482;No alert, no SPI, aircraft airbone;16,963285795143562;9,881539148218227
CAT048;20;129;00:21:38:977;41,27840183;2,06403145;297,178534335457;974,99522258914;2,183594;232,146606;1411;9,75;46B8B6;AEE713;1014,0;;;;;;-125,859375;163,0;0,252;3200,0;3168;1405;162,14;237,0905;No alert, no SPI, aircraft airbone;16,80726732839224;9,791779547363774
CAT048;20;129;00:21:42:969;41,27627056;2,06125368;358,138341139071;1174,99459514271;2,363281;231,569824;1411;11,75;46B8B6;AEE713;1014,0;;;;;;-140,449219;157,0;0,244;3072,0;2912;1405;161,48;221,9843;No alert, no SPI, aircraft airbone;16,68214614080106;9,663439513048148
CAT048;20;129;00:21:46:953;41,27398497;2,05887662;419,09819580242;1374,99412471641;2,535156;230,652466;1411;13,75;46B8B6;AEE713;1014,0;-29,883;-148,184;160,0;-3,625;160,0;-154,511719;153,0;0,24;2816,0;2784;1405;159,94;211,701;No alert, no SPI, aircraft airbone;16,575184144608315;9,525925342138654
CAT048;20;129;00:21:50:922;41,27116914;2,05745789;472,438206000254;1549,99416377387;2,695312;228,735352;1411;15,5;46B8B6;AEE713;1014,0;;;;;;-167,34375;151,0;0,236;2656,0;2560;1405;160,82;197,7539;No alert, no SPI, aircraft airbone;16,511704952080724;9,356797896934694
CAT048;20;129;00:21:54:891;41,26835302;2,05683739;525,778332608752;1724,9945847561;2,832031;226,532593;1411;17,25;46B8B6;AEE713;1014,0;;;;;;-176,308594;149,0;0,232;2656,0;2656;1405;160,16;186,8115;No alert, no SPI, aircraft airbone;16,484336205584324;9,18780472571105
CAT048;20;129;00:21:58:859;41,26537826;2,05655468;579,118533883244;1899,9952507055;2,96875;224,192505;1411;19,0;46B8B6;AEE713;1014,0;;;;;;-178,59375;145,0;0,228;2400,0;2336;1405;160,38;182,8619;No alert, no SPI, aircraft airbone;16,472288642562486;9,009362305564919
CAT048;20;129;00:22:02:828;41,26241335;2,0565099;617,218785840087;2024,99608133559;3,101562;221,918335;1411;20,25;46B8B6;AEE713;1014,0;-3,164;-179,824;162,0;-0,188;152,0;-179,472656;143,0;0,224;2080,0;1920;1405;162,14;180,3516;No alert, no SPI, aircraft airbone;16,471003544533467;8,831555597838356
CAT048;20;129;00:22:06:797;41,25941377;2,05655442;662,939073544927;2174,99703004914;3,238281;219,754028;1411;21,75;46B8B6;AEE713;1014,0;;;;;;177,890625;143,0;0,224;1984,0;1824;1405;164,12;178,5992;No alert, no SPI, aircraft airbone;16,47376782847412;8,651686795590773
CAT048;20;129;00:22:10:766;41,25629522;2,05664043;693,419400399551;2274,99810560686;3,382812;217,666626;1411;22,75;46B8B6;AEE713;1014,0;;;;;;176,835938;148,0;0,232;1760,0;1664;1405;167,2;177,5995;No alert, no SPI, aircraft airbone;16,47843957027355;8,464691638302288
CAT048;20;129;00:22:14:742;41,25324715;2,0569173;731,519766897894;2399,99931202929;3,523438;215,678101;1411;24,0;46B8B6;AEE713;1014,0;;;;;;176,132812;150,0;0,236;2080,0;2048;1405;168,3;177,2699;No alert, no SPI, aircraft airbone;16,491731462857157;8,281959159336754
CAT048;20;129;00:22:18:719;41,25014722;2,05715781;777,240156788379;2550,00059599759;3,671875;213,837891;1411;25,5;46B8B6;AEE713;1014,0;0,703;177,012;168,0;0,062;162,0;176,132812;151,0;0,24;2368,0;2368;1405;168,3;176,9293;No alert, no SPI, aircraft airbone;16,503391913791496;8,096110088214987
CAT048;20;129;00:22:22:695;41,24699488;2,05734678;830,580569445156;2725,00195545844;3,828125;212,145996;1411;27,25;46B8B6;AEE713;1014,0;;;;;;176,308594;153,0;0,244;2528,0;2656;1405;166,32;177,2369;No alert, no SPI, aircraft airbone;16,51273381205595;7,907108566362043
CAT048;20;129;00:22:26:672;41,24397172;2,05755115;883,920990193263;2900,00334146566;3,980469;210,635376;1411;29,0;46B8B6;AEE713;1014,0;;;;;;176,660156;153,0;0,244;2752,0;2752;1405;165,22;177,9126;No alert, no SPI, aircraft airbone;16,522741160582;7,725856690448914
CAT048;20;129;00:22:30:648;41,24100848;2,05775278;944,881423726678;3100,00477021943;4,132812;209,262085;1411;31,0;46B8B6;AEE713;1014,0;;;;;;177,1875;152,0;0,244;2816,0;2784;1405;163,24;178,2422;No alert, no SPI, aircraft airbone;16,532610286817288;7,5481976887513555
CAT048;20;129;00:22:34:633;41,23796751;2,05783535;990,601874626242;3250,00625434876;4,292969;208,02063;1411;32,5;46B8B6;AEE713;1014,0;0,352;178,77;164,0;0,031;164,0;176,660156;152,0;0,244;2048,0;1824;1405;163,24;178,5938;No alert, no SPI, aircraft airbone;16,537110362450104;7,365855055278575
CAT048;20;129;00:22:38:609;41,23488616;2,05787281;1021,08234812692;3350,00781102872;4,457031;206,878052;1411;33,5;46B8B6;AEE713;1014,0;;;;;;177,1875;156,0;0,252;1440,0;1312;1405;168,08;178,9728;No alert, no SPI, aircraft airbone;16,539578851234445;7,181082553452378
CAT048;20;129;00:22:42:594;41,23175477;2,05793087;1051,56285496149;3450,00947707186;4,625;205,790405;1411;34,5;46B8B6;AEE713;1014,0;;;;;;177,539062;160,0;0,256;1472,0;1408;1405;173,14;179,3353;No alert, no SPI, aircraft airbone;16,54299258886444;6,9933133459515116
CAT048;20;129;00:22:46:578;41,22845213;2,05793968;1082,04340822715;3550,01129544797;4,804688;204,752197;1411;35,5;46B8B6;AEE713;1014,0;;;;;;177,890625;164,0;0,264;1536,0;1440;1405;178,2;179,6759;No alert, no SPI, aircraft airbone;16,544219848793098;6,795265616283892
CAT048;20;129;00:22:50:563;41,22510623;2,05794299;1112,52399452124;3650,01322218506;4,988281;203,779907;1411;36,5;46B8B6;AEE713;1014,0;0,879;0,0;182,0;0,094;182,0;178,242188;168,0;0,272;1504,0;1376;1405;183,04;180,0;No alert, no SPI, aircraft airbone;16,545208960941125;6,5946228390364885
CAT048;20;129;00:22:54:547;41,22165464;2,05790683;1143,00462232064;3750,01528509446;5,179688;202,868042;1411;37,5;46B8B6;AEE713;1014,0;;;;;;178,417969;173,0;0,28;1408,0;1344;1405;188,1;180,3021;No alert, no SPI, aircraft airbone;16,544437484933894;6,387634855765273
CAT048;20;129;00:22:58:531;41,21820519;2,05790723;1165,86528268177;3825,01745403366;5,371094;202,005615;1411;38,25;46B8B6;AEE713;1014,0;;;;;;178,59375;177,0;0,288;1376,0;1344;1405;193,16;180,5933;No alert, no SPI, aircraft airbone;16,54532068445892;6,180782301823193
CAT048;20;129;00:23:02:516;41,21452385;2,0578377;1196,34600995295;3925,01984329403;5,578125;201,181641;1411;39,25;46B8B6;AEE713;1014,0;;;;;;178,59375;182,0;0,296;1344,0;1312;1405;199,1;180,8624;No alert, no SPI, aircraft airbone;16,543095443888845;5,960010990154428
CAT048;20;129;00:23:06:500;41,21079529;2,05775536;1226,82677799836;4025,02236632813;5,789062;200,412598;1411;40,25;46B8B6;AEE713;1014,0;0,703;-179,121;204,0;0,094;204,0;178,945312;187,0;0,304;1312,0;1280;1405;204,16;180,8405;No alert, no SPI, aircraft airbone;16,540301559661227;5,736405828299938
CAT048;20;129;00:23:10:484;41,20694204;2,05765297;1249,68760439288;4100,02507999633;6,007812;199,682007;1411;41,0;46B8B6;AEE713;1014,0;;;;;;179,121094;191,0;0,312;1184,0;1248;1405;210,1;181,0876;No alert, no SPI, aircraft airbone;16,536630458401284;5,505319838400108
CAT048;20;129;00:23:14:477;41,20296848;2,05754322;1272,54849317297;4175,02799834162;6,234375;198,984375;1411;41,75;46B8B6;AEE713;1014,0;;;;;;179,296875;197,0;0,32;1088,0;1152;1405;216,26;181,3239;No alert, no SPI, aircraft airbone;16,532655582009554;5,2670180985598645
CAT048;20;129;00:23:18:461;41,19894027;2,05743782;1295,40943339746;4250,03108546774;6,464844;198,325195;1411;42,5;46B8B6;AEE713;1014,0;;;;;;179,121094;202,0;0,328;1344,0;1440;1405;222,2;181,2854;No alert, no SPI, aircraft airbone;16,528890774175622;5,025440247830992
CAT048;20;129;00:23:22:445;41,19474742;2,05728251;1333,51044742391;4375,03441632625;6,707031;197,704468;1411;43,75;46B8B6;AEE713;1014,0;-4,219;-178,945;226,0;-0,344;226,0;179,121094;206,0;0,336;1888,0;1888;1405;227,26;181,0052;No alert, no SPI, aircraft airbone;16,522905858877493;4,773980322951523
CAT048;20;129;00:23:26:438;41,1906;2,05728188;1371,61151127703;4500,03791065815;6,945312;197,078247;1411;45,0;46B8B6;AEE713;1014,0;;;;;;175,253906;210,0;0,344;1888,0;2016;1405;231,22;178,0115;No alert, no SPI, aircraft airbone;16,523915384218707;4,52527417883152
CAT048;20;129;00:23:30:422;41,18632336;2,05765008;1417,33269813098;4650,04180933604;7,1875;196,347656;1411;46,5;46B8B6;AEE713;1014,0;;;;;;167,34375;212,0;0,348;2336,0;2400;1405;233,64;171,6229;No alert, no SPI, aircraft airbone;16,541665666294154;4,268889202987966
CAT048;20;129;00:23:34:406;41,1821187;2,05873692;1463,05399733502;4800,04607661664;7,417969;195,430298;1411;48,0;46B8B6;AEE713;1014,0;;;;;;159,257812;213,0;0,352;2560,0;2688;1405;234,3;163,8831;No alert, no SPI, aircraft airbone;16,591957382559006;4,016957223232453
CAT048;20;129;00:23:38:391;41,17805468;2,06139835;1516,39548001718;4975,05094665956;7,625;194,0625;1411;49,75;46B8B6;AEE713;1014,0;-27,246;155,391;234,0;-2,25;236,0;150,46875;213,0;0,352;2688,0;2752;1405;234,74;155,2917;No alert, no SPI, aircraft airbone;16,713559723740655;3,773760206430653
CAT048;20;129;00:23:42:367;41,17436722;2,06383909;1569,73684501741;5150,05543060692;7,816406;192,875977;1411;51,5;46B8B6;AEE713;1014,0;;;;;;140,800781;214,0;0,356;2752,0;2752;1405;235,62;145,9039;No alert, no SPI, aircraft airbone;16,825081530349667;3,5531054905411206
CAT048;20;129;00:23:46:344;41,17101227;2,0675598;1630,6982508814;5350,06004942172;7,980469;191,365356;1411;53,5;46B8B6;AEE713;1014,0;;;;;;130,78125;214,0;0,356;2784,0;2784;1405;235,62;135,8569;No alert, no SPI, aircraft airbone;16,99452807899375;3,352641825804601
CAT048;20;129;00:23:50:320;41,16824969;2,07195594;1684,03951581102;5525,06420505342;8,109375;189,744873;1411;55,25;46B8B6;AEE713;1014,0;;;;;;120,761719;214,0;0,356;2784,0;2784;1405;235,18;128,0841;No alert, no SPI, aircraft airbone;17,194443997009767;3,1878403591037108
CAT048;20;129;00:23:54:297;41,16610986;2,0770854;1737,38059708662;5700,06775814568;8,203125;187,981567;1411;57,0;46B8B6;AEE713;1014,0;-30,234;115,312;236,0;-2,656;240,0;110,742188;214,0;0,36;2816,0;2784;1405;234,96;115,4718;No alert, no SPI, aircraft airbone;17,427443049379157;3,0605389432043504
CAT048;20;129;00:23:58:273;41,16460318;2,08257503;1798,34142918512;5900,07049452772;8,265625;186,174316;1411;59,0;46B8B6;AEE713;1014,0;;;;;;101,601562;214,0;0,36;2880,0;2976;1405;234,74;108,1219;No alert, no SPI, aircraft airbone;17,67660938893062;2,9712915248456677
CAT048;20;129;00:30:48:750;41,27026229;2,31508476;1805,87669861224;5924,79250787497;9,855469;100,656738;6450;59,25;3444CA;VLG7575;1014,0;;;;;;41,308594;214,0;0,36;-2720,0;-2848;2229;239,36;42,2864;No alert, no SPI, aircraft airbone;28,167880932466648;9,368321434720059
CAT048;20;129;00:30:52:727;41,27351781;2,31901232;1744,91408405174;5724,7839235203;9,992188;99,360352;6450;57,25;3444CA;VLG7575;1014,0;;;;;;41,484375;216,0;0,36;-2944,0;-3008;2229;240,24;42,4622;No alert, no SPI, aircraft airbone;28,344176428122243;9,564816974708757
CAT048;20;129;00:30:56:703;41,27673731;2,3230726;1691,57136981655;5549,77501294893;10,140625;98,10791;6450;55,5;3444CA;VLG7575;1014,0;;;;;;41,484375;218,0;0,364;-2944,0;-2912;2229;242,22;42,6544;No alert, no SPI, aircraft airbone;28,52647400180087;9,759203955148541
CAT048;20;129;00:31:00:688;41,28002022;2,3269561;1630,608743391;5349,76638966693;10,285156;96,877441;6450;53,5;3444CA;VLG7575;1014,0;0,0;42,715;242,0;-0,062;242,0;41,660156;219,0;0,364;-2560,0;-2560;2229;242,88;42,8247;No alert, no SPI, aircraft airbone;28,70072897754329;9,957344010667965
CAT048;20;129;00:31:04:664;41,28331672;2,33098166;1584,88600710128;5199,75740753815;10,441406;95,674438;6450;52,0;3444CA;VLG7575;1014,0;;;;;;41,484375;219,0;0,364;-2432,0;-2336;2229;242,22;42,6544;No alert, no SPI, aircraft airbone;28,881386415356378;10,156353943575043
CAT048;20;129;00:31:08:648;41,28660851;2,33499241;1539,16326071788;5049,74839229364;10,601562;94,509888;6450;50,5;3444CA;VLG7575;1014,0;;;;;;41,308594;219,0;0,36;-2240,0;-2240;2229;242,22;42,3193;No alert, no SPI, aircraft airbone;29,061357745446568;10,355085017904743
CAT048;20;129;00:31:12:633;41,28987505;2,33899162;1493,44050291553;4899,73933958539;10,765625;93,389282;6450;49,0;3444CA;VLG7575;1014,0;;;;;;40,957031;218,0;0,36;-2240,0;-2208;2229;240,9;41,9678;No alert, no SPI, aircraft airbone;29,24080012868953;10,552306503003964
CAT048;20;129;00:31:16:609;41,29321928;2,34290479;1447,7177827144;4749,73041024073;10,929688;92,279663;6450;47,5;3444CA;VLG7575;1014,0;-0,527;41,836;240,0;-0,188;240,0;40,78125;218,0;0,36;-2176,0;-2176;2229;239,58;41,9513;No alert, no SPI, aircraft airbone;29,416298403562813;10,754166282998954
CAT048;20;129;00:31:20:594;41,29653054;2,34681356;1401,99504906777;4599,72143678351;11,097656;91,213989;6450;46,0;3444CA;VLG7575;1014,0;;;;;;40,429688;218,0;0,36;-2144,0;-2176;2229;238,92;41,77;No alert, no SPI, aircraft airbone;29,591594455788726;10,954055500010591
CAT048;20;129;00:31:24:578;41,29978696;2,35063162;1363,89236222208;4474,71261767267;11,265625;90,197754;6450;44,75;3444CA;VLG7575;1014,0;;;;;;40,253906;218,0;0,356;-2176,0;-2144;2229;238,26;41,5887;No alert, no SPI, aircraft airbone;29,76279526682593;11,150633203437453
CAT048;20;129;00:31:28:563;41,30307178;2,35446413;1318,16964914091;4324,70371168746;11,4375;89,203491;6450;43,25;3444CA;VLG7575;1014,0;;;;;;37,089844;217,0;0,352;-2176,0;-2080;2229;237,16;40,545;No alert, no SPI, aircraft airbone;29,934619454512823;11,348926617399306
CAT048;20;129;00:31:32:547;41,3064692;2,35795157;1280,06717240065;4199,69558189896;11,597656;88,203735;6450;42,0;3444CA;VLG7575;1014,0;-23,027;33,75;234,0;-2,031;236,0;29,003906;216,0;0,352;-1888,0;-1920;2229;235,4;33,5522;No alert, no SPI, aircraft airbone;30,090771239987784;11,553861155873074
CAT048;20;129;00:31:36:531;41,31016236;2,3607374;1241,96521096956;4074,68914275737;11,730469;87,138062;6450;40,75;3444CA;VLG7575;1014,0;;;;;;20,214844;214,0;0,348;-1824,0;-1920;2229;233,2;25,1312;No alert, no SPI, aircraft airbone;30,215046824780732;11,776294029474785
CAT048;20;129;00:31:40:508;41,31423629;2,36262557;1196,24393689632;3924,68495792694;11,828125;85,973511;6450;39,25;3444CA;VLG7575;1014,0;;;;;;12,128906;214,0;0,348;-2112,0;-2112;2229;232,1;16,7926;No alert, no SPI, aircraft airbone;30,298546652239057;12,02125326868825
CAT048;20;129;00:31:44:492;41,3184014;2,36369563;1158,14330381993;3799,68287690459;11,894531;84,786987;6450;38,0;3444CA;VLG7575;1014,0;;;;;;3,867188;213,0;0,344;-2240,0;-2208;2229;231,66;8,443;No alert, no SPI, aircraft airbone;30,345006763122896;12,271397870115972
CAT048;20;129;00:31:48:469;41,32265814;2,36412199;1112,42319218442;3649,68250584633;11,9375;83,572998;6450;36,5;3444CA;VLG7575;1014,0;-23,555;-0,527;230,0;-2,25;230,0;-5,449219;212,0;0,34;-1728,0;-1632;2229;230,12;359,5001;No alert, no SPI, aircraft airbone;30,36231838120397;12,526814158957691
CAT048;20;129;00:31:52:453;41,32696395;2,36353855;1081,94387588743;3549,68474576652;11,941406;82,32605;6450;35,5;3444CA;VLG7575;1014,0;;;;;;-13,886719;209,0;0,336;-1344,0;-1312;2229;227,26;350,6177;No alert, no SPI, aircraft airbone;30,333957380601788;12,78482222613876
CAT048;20;129;00:31:56:438;41,33110573;2,36215704;1059,08517956268;3474,68902051642;11,914062;81,101074;6450;34,75;3444CA;VLG7575;1014,0;;;;;;-21,972656;207,0;0,332;-1376,0;-1312;2229;225,5;344,295;No alert, no SPI, aircraft airbone;30,269601323342734;13,032717235949043
CAT048;20;129;00:32:00:422;41,3349089;2,35994503;1028,60709829442;3374,69531236827;11,851562;79,936523;6450;33,75;3444CA;VLG7575;1014,0;;;;;;-30,585938;206,0;0,332;-1344,0;-1312;2229;224,84;335,8301;No alert, no SPI, aircraft airbone;30,167870833690404;13,2600204280044
CAT048;20;129;00:32:04:398;41,3384395;2,3570703;1005,74949197564;3299,70316325337;11,761719;78,810425;6450;33,0;3444CA;VLG7575;1014,0;-22,852;-35,156;222,0;-2,094;222,0;-39,199219;205,0;0,328;-1152,0;-1024;2229;222,64;324,8767;No alert, no SPI, aircraft airbone;30,03632380782815;13,470752652853221
CAT048;20;129;00:32:08:383;41,34154743;2,3535919;982,892280846834;3224,71231069353;11,644531;77,76123;6450;32,25;3444CA;VLG7575;1014,0;;;;;;-46,40625;204,0;0,328;-1120,0;-1056;2229;221,98;318,4717;No alert, no SPI, aircraft airbone;29,87770037311273;13,655935806105298
CAT048;20;129;00:32:12:367;41,34431045;2,34941861;960,035509821959;3149,72290204428;11,496094;76,755981;6450;31,5;3444CA;VLG7575;1014,0;;;;;;-54,316406;202,0;0,324;-864,0;-832;2229;220,88;310,4022;No alert, no SPI, aircraft airbone;29,687843810200675;13,820205193243197
CAT048;20;129;00:32:16:352;41,34668312;2,34493088;944,79888083972;3099,73396021419;11,332031;75,822144;6450;31,0;3444CA;VLG7575;1014,0;;;;;;-62,578125;201,0;0,32;-768,0;-736;2229;219,34;301,9482;No alert, no SPI, aircraft airbone;29,48396833425326;13,960968823188445
CAT048;20;129;00:32:20:336;41,34828842;2,3401053;929,562348446809;3049,74533527823;11,144531;75,06958;6450;30,5;3444CA;VLG7575;1014,0;-19,16;-68,203;218,0;-1,688;214,0;-70,839844;199,0;0,316;-704,0;-704;2229;218,24;293,5052;No alert, no SPI, aircraft airbone;29,26518179254646;14,055611683385518
CAT048;20;129;00:32:24:320;41,34943356;2,33513368;914,325798980892;2999,75665432847;10,945312;74,421387;6450;30,0;3444CA;VLG7575;1014,0;;;;;;-75,585938;197,0;0,316;-704,0;-672;2229;215,82;287,254;No alert, no SPI, aircraft airbone;29,0400097368628;14,122622970184286
CAT048;20;129;00:32:25:727;41,28991051;2,09644579;9,19513404369354e-05;0,0003016776357591;0,695312;201,417847;420;0,0;20145;MAC644;1014,0;;;;;;-113,554688;100,0;0,152;0,0;64;1237;89,98;247,5;No alert, no SPI, aircraft airbone;18,270435698683894;10,488440665787689
CAT048;20;129;00:32:28:305;41,35046448;2,3300777;906,709223443642;2974,76788864284;10,742188;73,778687;6450;29,75;3444CA;VLG7575;1014,0;;;;;;-78,046875;196,0;0,312;-608,0;-608;2229;214,28;283,7714;No alert, no SPI, aircraft airbone;28,811083442148323;14,182769640453133
CAT048;20;129;00:32:29:789;41,28899115;2,09392295;6,71502202749252e-05;0,0002203091286867;0,792969;207,652588;420;0,0;20145;MAC644;1014,0;-0,176;-114,258;108,0;0,781;118,0;-113,90625;115,0;0,172;64,0;64;1237;108,68;245,5554;No alert, no SPI, aircraft airbone;18,156580810164474;10,432782339264362
CAT048;20;129;00:32:32:297;41,35121822;2,32492311;891,472606876865;2924,77898754589;10,53125;73,190918;6450;29,25;3444CA;VLG7575;1014,0;;;;;;-79,277344;195,0;0,312;-576,0;-544;2229;212,74;281,9421;No alert, no SPI, aircraft airbone;28,577828803043317;14,226275211695729
CAT048;20;129;00:32:33:852;41,28812448;2,09111176;1,58790498971939e-05;5,20966220647097e-05;0,902344;213,283081;420;0,0;20145;MAC644;1014,0;;;;;;-113,378906;129,0;0,196;32,0;32;1237;124,96;245,896;No alert, no SPI, aircraft airbone;18,029665832079264;10,380227459261404
CAT048;20;129;00:32:36:281;41,35197873;2,31982499;883,855882214382;2899,78973260423;10,324219;72,581177;6450;29,0;3444CA;VLG7575;1014,0;-1,582;-79,277;210,0;-0,25;208,0;-79,980469;193,0;0,308;-544,0;-512;2229;210,76;280,6677;No alert, no SPI, aircraft airbone;28,3471282731111;14,27021889726549
CAT048;20;129;00:32:37:898;41,28700232;2,0879961;-5,98784536123276e-05;-0,0001964516257494;1,039062;217,749023;420;0,0;20145;MAC644;1014,0;;;;;;-114,082031;144,0;0,216;0,0;32;1237;140,14;245,9949;No alert, no SPI, aircraft airbone;17,889045125577805;10,31229309367399
CAT048;20;129;00:32:40:273;41,35267332;2,31491289;868,618964873254;2849,79984471477;10,125;71,982422;6450;28,5;3444CA;VLG7575;1014,0;;;;;;-80,332031;191,0;0,304;-512,0;-512;2229;208,56;280,2283;No alert, no SPI, aircraft airbone;28,124866870987056;14,310282888813385
CAT048;20;129;00:32:41:930;41,28579011;2,08452426;-0,0001745903864502;-0,0005728031234815;1,195312;221,572266;420;-0,5;20145;MAC644;1014,0;;;;;;-112,675781;151,0;0,228;-32,0;448;1237;154,0;245,4291;No alert, no SPI, aircraft airbone;17,73233279643659;10,238891299495977
CAT048;20;129;00:32:44:258;41,35333445;2,30989291;861,002039610408;2824,80993163541;9,921875;71,361694;6450;28,25;3444CA;VLG7575;1014,0;;;;;;-82,265625;189,0;0,3;-608,0;-608;2229;206,58;278,9099;No alert, no SPI, aircraft airbone;27,897749626008714;14,34831835163766
CAT048;20;129;00:32:45:961;41,28447908;2,08081952;22,8596697738394;74,9989189808033;1,367188;224,642944;420;0,75;20145;MAC644;1014,0;-0,879;-114,961;162,0;-0,5;158,0;-112,675781;156,0;0,236;1984,0;1920;1237;162,14;245,1709;No alert, no SPI, aircraft airbone;17,565106076163126;10,159522879793919
CAT048;20;129;00:32:48:250;41,35385531;2,30482179;845,765055621043;2774,81982508374;9,714844;70,757446;6450;27,75;3444CA;VLG7575;1014,0;;;;;;-85,253906;188,0;0,296;-800,0;-864;2229;204,6;276,7401;No alert, no SPI, aircraft airbone;27,668385135400044;14,37793887146178
CAT048;20;129;00:32:49:977;41,28323523;2,0772495;68,5794859807938;224,998320785228;1,535156;226,977539;420;2,25;20145;MAC644;1014,0;;;;;;-111,972656;155,0;0,236;2304,0;2432;1237;162,58;244,8523;No alert, no SPI, aircraft airbone;17,403948945234404;10,084217070193752
CAT048;20;129;00:32:52:234;41,35415836;2,29982751;830,527928688563;2724,82924955859;9,507812;70,20813;6450;27,25;3444CA;VLG7575;1014,0;-15,117;-87,891;204,0;-1,438;200,0;-91,230469;187,0;0,296;-992,0;-992;2229;203,28;272,2522;No alert, no SPI, aircraft airbone;27,44258722175708;14,39453512569799
CAT048;20;129;00:32:53:992;41,28197484;2,07365357;114,299268317409;374,997611466488;1,707031;228,850708;420;3,75;20145;MAC644;1014,0;;;;;;-113,203125;156,0;0,236;2048,0;2080;1237;161,04;245,0226;No alert, no SPI, aircraft airbone;17,241617976505363;10,007920894870896
CAT048;20;129;00:32:56:227;41,3541411;2,294788;807,670715393499;2649,83838989161;9,292969;69,741211;6450;26,5;3444CA;VLG7575;1014,0;;;;;;-97,734375;187,0;0,296;-1088,0;-1024;2229;203,06;264,6222;No alert, no SPI, aircraft airbone;27,214880205367766;14,391921648536592
CAT048;20;129;00:32:58:008;41,28073152;2,0700885;160,019019697793;524,996800585307;1,878906;230,377808;420;5,25;20145;MAC644;1014,0;;;;;;-115,488281;158,0;0,24;2336,0;2528;1237;162,58;244,8523;No alert, no SPI, aircraft airbone;17,080672338841282;9,932661119617103
CAT048;20;129;00:33:00:219;41,35314605;2,29012418;784,813107793219;2574,84623657231;9,074219;69,636841;6450;25,75;3444CA;VLG7575;1014,0;;;;;;-103,886719;187,0;0,296;-960,0;-992;2229;202,4;259,7443;No alert, no SPI, aircraft airbone;27,004550509475465;14,330800849118111
CAT048;20;129;00:33:02:008;41,27927487;2,06656965;213,358754048124;699,995934631247;2,058594;231,333618;420;7,0;20145;MAC644;1014,0;-22,324;-119,004;162,0;-2,906;166,0;-121,640625;161,0;0,248;2848,0;2752;1237;162,14;241,2158;No alert, no SPI, aircraft airbone;16,92186627023661;9,844623983291383
CAT048;20;129;00:33:04:211;41,35226393;2,2852148;769,575582229532;2524,85435320194;8,847656;69,46106;6450;25,25;3444CA;VLG7575;1014,0;;;;;;-107,929688;186,0;0,292;-992,0;-992;2229;201,52;254,4434;No alert, no SPI, aircraft airbone;26,783072240024545;14,276388178943831
CAT048;20;129;00:33:06:000;41,27745556;2,06333832;266,698509702459;874,995138572216;2,242188;231,49292;420;8,75;20145;MAC644;1014,0;;;;;;-135,175781;156,0;0,24;2688,0;2720;1237;162,36;231,5039;No alert, no SPI, aircraft airbone;16,776152464522934;9,734900610457169
CAT048;20;129;00:33:08:211;41,35150226;2,28024771;746,718033835292;2449,86239412818;8,621094;69,224854;6450;24,5;3444CA;VLG7575;1014,0;-4,57;-108,633;202,0;-0,344;198,0;-109,863281;186,0;0,292;-960,0;-1024;2229;201,52;251,4716;No alert, no SPI, aircraft airbone;26,55893154860151;14,229193640078387
CAT048;20;129;00:33:09:992;41,27510815;2,06101259;320,03838174697;1049,99472437073;2,414062;230,432739;420;10,5;20145;MAC644;1014,0;;;;;;-148,359375;152,0;0,232;2496,0;2496;1237;162,14;218,9905;No alert, no SPI, aircraft airbone;16,671533513223917;9,593686435460189
CAT048;20;129;00:33:12:203;41,35018076;2,27564694;731,480171086267;2399,86940450667;8,398438;69,230347;6450;24,0;3444CA;VLG7575;1014,0;;;;;;-110,917969;185,0;0,292;-768,0;-800;2229;201,3;249,939;No alert, no SPI, aircraft airbone;26,351563313429367;14,148550255806947
CAT048;20;129;00:33:13:969;41,27262477;2,0592011;365,758323363028;1199,99453762236;2,574219;229,037476;420;12,0;20145;MAC644;1014,0;;;;;;-160,3125;149,0;0,228;2272,0;2208;1237;161,48;206,8781;No alert, no SPI, aircraft airbone;16,590206493875325;9,444418963244077
CAT048;20;129;00:33:16:195;41,34878643;2,27108264;716,242226767354;2349,8761472674;8,175781;69,268799;6450;23,5;3444CA;VLG7575;1014,0;;;;;;-112,148438;185,0;0,292;-640,0;-608;2229;201,96;249,4061;No alert, no SPI, aircraft airbone;26,145863707505267;14,06356125949326
CAT048;20;129;00:33:17:938;41,26964954;2,05838936;411,478431334719;1349,9948966602;2,722656;226,702881;420;13,5;20145;MAC644;1014,0;-20,742;-164,883;162,0;-2,375;156,0;-171,738281;148,0;0,228;2016,0;1888;1237;161,7;195,0677;No alert, no SPI, aircraft airbone;16,554229272292446;9,265847469252831
CAT048;20;129;00:33:20:188;41,34738436;2,26642516;708,624270614237;2324,88285200201;7,949219;69,301758;6450;23,25;3444CA;VLG7575;1014,0;;;;;;-112,851562;186,0;0,292;-384,0;-320;2229;203,94;248,7195;No alert, no SPI, aircraft airbone;25,935947527179426;13,978091209455897
CAT048;20;129;00:33:21:906;41,26683886;2,05784543;449,578578898683;1474,99538479396;2,859375;224,577026;420;14,75;20145;MAC644;1014,0;;;;;;-177,539062;147,0;0,228;1888,0;1792;1237;160,82;185,7074;No alert, no SPI, aircraft airbone;16,530324790432353;9,097194781052188
CAT048;20;129;00:33:24:180;41,34600903;2,2618467;701,006224744953;2299,88926239223;7,726562;69,334717;6450;23,0;3444CA;VLG7575;1014,0;-1,582;-112,148;204,0;-0,156;198,0;-113,378906;187,0;0,292;-320,0;-256;2229;205,26;247,934;No alert, no SPI, aircraft airbone;25,72958290260657;13,894259261649621
CAT048;20;129;00:33:25:875;41,26389891;2,05772402;480,058808961883;1574,9961427945;2,992188;222,275391;420;15,75;20145;MAC644;1014,0;;;;;;-177,539062;147,0;0,228;1792,0;1760;1237;161,26;182,1313;No alert, no SPI, aircraft airbone;16,525568760230982;8,920870268336069
CAT048;20;129;00:33:28:180;41,3444684;2,25716539;693,38815208897;2274,89558489958;7,496094;69,428101;6450;22,75;3444CA;VLG7575;1014,0;;;;;;-114,257812;188,0;0,296;-320,0;-288;2229;205,48;247,0551;No alert, no SPI, aircraft airbone;25,51862570068033;13,800495305569536
CAT048;20;129;00:33:29:844;41,26096178;2,05776158;518,159079220146;1699,99703346862;3,125;220,072632;420;17,0;20145;MAC644;1014,0;;;;;;-178,066406;147,0;0,228;1728,0;1632;1237;163,02;180,3461;No alert, no SPI, aircraft airbone;16,528004908097454;8,744745080425707
CAT048;20;129;00:33:32:172;41,34294011;2,25256978;685,769987645559;2249,90160626706;7,269531;69,532471;6450;22,5;3444CA;VLG7575;1014,0;;;;;;-114,257812;189,0;0,3;-768,0;-640;2229;207,02;246,6541;No alert, no SPI, aircraft airbone;25,311526888709928;13,707507582541913
CAT048;20;129;00:33:33:117;41,17317851;2,18257859;1813,5700659072;5950,03321503099;8,527344;154,489746;6464;59,5;3443D5;VLG7887;1014,0;;;;;;44,121094;250,0;0,42;-1536,0;-1504;296;280,28;44,7089;No alert, no SPI, aircraft airbone;22,205497932824322;3,508332248997746
CAT048;20;129;00:33:33:820;41,25787319;2,05777363;548,639382016845;1799,99803009615;3,269531;217,96875;420;18,0;20145;MAC644;1014,0;-1,23;179,297;164,0;0,125;156,0;-178,945312;148,0;0,232;1632,0;1632;1237;164,12;179,2969;No alert, no SPI, aircraft airbone;16,529324791114526;8,559532532084873
CAT048;20;129;00:33:36:164;41,34140297;2,24789053;670,531802630983;2199,90755934384;7,039062;69,636841;6450;22,0;3444CA;VLG7575;1014,0;;;;;;-114,609375;189,0;0,296;-512,0;-512;2229;207,02;246,6541;No alert, no SPI, aircraft airbone;25,10064169225154;13,613976033036748
CAT048;20;129;00:33:37:086;41,17685296;2,18738342;1783,08783584181;5850,02589534325;8,425781;152,495728;6464;58,5;3443D5;VLG7887;1014,0;;;;;;44,121094;250,0;0,42;-1568,0;-1504;296;278,74;44,7089;No alert, no SPI, aircraft airbone;22,421958127061068;3,7299010108401185
CAT048;20;129;00:33:37:789;41,25483811;2,05785307;586,739710093476;1924,99911046308;3,414062;216,035156;420;19,25;20145;MAC644;1014,0;;;;;;-179,296875;148,0;0,232;1728,0;1728;1237;166,1;178,9618;No alert, no SPI, aircraft airbone;16,53368096343102;8,377541738422838
CAT048;20;129;00:33:40:164;41,33986027;2,24330567;655,293522875756;2149,9132015917;6,8125;69,763184;6450;21,5;3444CA;VLG7575;1014,0;0,527;-113,203;204,0;0,062;196,0;-113,378906;185,0;0,292;-672,0;-800;2229;203,5;246,8353;No alert, no SPI, aircraft airbone;24,894014698980886;13,520149338741788
CAT048;20;129;00:33:41:055;41,18048496;2,1921531;1752,60559380334;5750,01853637375;8,335938;150,474243;6464;57,5;3443D5;VLG7887;1014,0;-0,352;44,824;278,0;0;278,0;44,121094;250,0;0,42;-1440,0;-1504;296;278,74;44,7089;No alert, no SPI, aircraft airbone;22,636816103307527;3,9489272233546346
CAT048;20;129;00:33:41:766;41,25177659;2,05797044;624,840067810379;2050,000288075;3,5625;214,222412;420;20,5;20145;MAC644;1014,0;;;;;;-179,472656;148,0;0,232;1728,0;1728;1237;167,2;178,6267;No alert, no SPI, aircraft airbone;16,53976064946449;8,193972734445104
CAT048;20;129;00:33:44:156;41,3383749;2,23878442;640,055169632658;2099,91860273761;6,589844;69,87854;6450;21,0;3444CA;VLG7575;1014,0;;;;;;-113,203125;187,0;0,296;-1152,0;-1152;2229;202,62;246,7255;No alert, no SPI, aircraft airbone;24,69023139446229;13,42978953538704
CAT048;20;129;00:33:45:031;41,18410247;2,19694566;1722,12331671454;5650,01106240973;8,257812;148,408813;6464;56,5;3443D5;VLG7887;1014,0;;;;;;44,121094;250,0;0,416;-1440,0;-1472;296;278,74;44,7089;No alert, no SPI, aircraft airbone;22,852691779595432;4,167102445736485
CAT048;20;129;00:33:45:742;41,24864375;2,05803278;655,320449637249;2150,00154398787;3,71875;212,55249;420;21,5;20145;MAC644;1014,0;;;;;;-179,296875;147,0;0,232;1728,0;1664;1237;168,08;178,6322;No alert, no SPI, aircraft airbone;16,543368130552924;8,006116590937852
CAT048;20;129;00:33:48:148;41,33689177;2,23417445;617,196797125973;2024,92393988278;6,363281;69,988403;6450;20,25;3444CA;VLG7575;1014,0;;;;;;-113,554688;187,0;0,292;-1184,0;-1280;2229;202,18;246,3519;No alert, no SPI, aircraft airbone;24,482428053815926;13,339549772551893
CAT048;20;129;00:33:49:000;41,18782623;2,20167416;1691,64099551085;5550,00344371183;8,183594;146,299438;6464;55,5;3443D5;VLG7887;1014,0;;;;;;43,945312;250,0;0,416;-1536,0;-1536;296;277,42;44,7034;No alert, no SPI, aircraft airbone;23,065604548526792;4,391644219376758
CAT048;20;129;00:33:49:719;41,245546;2,05815832;693,42085806001;2275,0028879576;3,875;210,997925;420;22,75;20145;MAC644;1014,0;0,352;179,121;170,0;0,156;158,0;-179,648438;148,0;0,236;1728,0;1696;1237;170,06;178,9838;No alert, no SPI, aircraft airbone;16,54982751826274;7,820376821403422
CAT048;20;129;00:33:52:156;41,33538985;2,22966981;586,718329972588;1924,92896570726;6,140625;70,131226;6450;19,25;3444CA;VLG7575;1014,0;;;;;;-113,730469;188,0;0,292;-1344,0;-1344;2229;201,52;245,9784;No alert, no SPI, aircraft airbone;24,279383003510276;13,248223525944832
CAT048;20;129;00:33:52:977;41,19145579;2,2064002;1661,15866926964;5449,99580848662;8,125;144,179077;6464;54,5;3443D5;VLG7887;1014,0;;;;;;43,945312;250,0;0,416;-1568,0;-1568;296;277,42;44,7034;No alert, no SPI, aircraft airbone;23,278414865987646;4,610548260032993
CAT048;20;129;00:33:53:703;41,24232187;2,05816972;731,521292467602;2400,00431717941;4,042969;209,575195;420;24,0;20145;MAC644;1014,0;;;;;;-179,648438;151,0;0,236;1856,0;1856;1237;171,16;179,3298;No alert, no SPI, aircraft airbone;16,551152850743115;7,627036923468293
CAT048;20;129;00:33:56:148;41,33387222;2,22525868;563,859776769765;1849,93371001731;5,921875;70,307007;6450;18,5;3444CA;VLG7575;1014,0;-0,879;-113,906;200,0;0,312;196,0;-114,609375;186,0;0,292;-1248,0;-1344;2229;200,2;246,1212;No alert, no SPI, aircraft airbone;24,080561007644963;13,155991501402617
CAT048;20;129;00:33:56:945;41,195088;2,2111679;1623,05629767757;5324,98802367248;8,078125;142,020264;6464;53,25;3443D5;VLG7887;1014,0;-0,527;44,824;276,0;-0,031;276,0;43,945312;250,0;0,416;-1568,0;-1600;296;276,76;44,8517;No alert, no SPI, aircraft airbone;23,493087624335793;4,829634132033685
CAT048;20;129;00:33:57:680;41,23919935;2,05822062;769,621741694398;2525,00579502065;4,207031;208,284302;420;25,25;20145;MAC644;1014,0;;;;;;-179,648438;152,0;0,24;1984,0;2016;1237;171,16;179,6649;No alert, no SPI, aircraft airbone;16,554240666278943;7,439797927407676
CAT048;20;129;00:34:00:141;41,33236202;2,22075102;541,001206927001;1774,93839973438;5,699219;70,477295;6450;17,75;3444CA;VLG7575;1014,0;;;;;;-114,082031;183,0;0,288;-992,0;-1088;2229;196,68;245,6488;No alert, no SPI, aircraft airbone;23,87736384726962;13,064188725029393
CAT048;20;129;00:34:00:914;41,19869098;2,21588334;1592,57391720172;5224,98021051209;8,042969;139,86145;6464;52,25;3443D5;VLG7887;1014,0;;;;;;43,945312;250,0;0,416;-1536,0;-1568;296;276,1;44,7034;No alert, no SPI, aircraft airbone;23,705380050929996;5,0469649378691726
CAT048;20;129;00:34:01:656;41,23604883;2,05824936;807,722215625457;2650,00735391263;4,375;207,092285;420;26,5;20145;MAC644;1014,0;;;;;;-179,296875;152,0;0,24;2112,0;2176;1237;171,16;180,0;No alert, no SPI, aircraft airbone;16,556332585411862;7,250875801276591
CAT048;20;129;00:34:04:141;41,33086943;2,21650418;525,762501614168;1724,94264579583;5,488281;70,691528;6450;17,25;3444CA;VLG7575;1014,0;;;;;;-114,785156;184,0;0,284;-768,0;-992;2229;192,94;245,8246;No alert, no SPI, aircraft airbone;23,68594051586551;12,97352329998261
CAT048;20;129;00:34:04:883;41,20229198;2,22060721;1562,09150238242;5124,97228467634;8,019531;137,686157;6464;51,25;3443D5;VLG7887;1014,0;;;;;;43,945312;250,0;0,416;-1536,0;-1472;296;276,1;44,7034;No alert, no SPI, aircraft airbone;23,91803160317211;5,264190984975646
CAT048;20;129;00:34:05:641;41,23288422;2,0582273;853,442709106021;2800,0089777434;4,546875;206,010132;420;28,0;20145;MAC644;1014,0;0,879;0,0;170,0;0,094;164,0;-178,945312;153,0;0,244;2272,0;2272;1237;170,06;180,0;No alert, no SPI, aircraft airbone;16,55612846008247;7,061099261171732
CAT048;20;129;00:34:08:141;41,32942607;2,21223776;502,903759902343;1649,946771638;5,277344;70,889282;6450;16,5;3444CA;VLG7575;1014,0;;;;;;-114,433594;180,0;0,28;-960,0;-928;2229;188,54;245,8795;No alert, no SPI, aircraft airbone;23,49360579221789;12,885814204559528
CAT048;20;129;00:34:08:852;41,20583828;2,22538824;1531,60904760566;5024,96422774654;8,011719;135,505371;6464;50,25;3443D5;VLG7887;1014,0;;;;;;43,945312;250,0;0,412;-1440,0;-1472;296;275,22;44,8517;No alert, no SPI, aircraft airbone;24,133268384133753;5,478164361426703
CAT048;20;129;00:34:09:625;41,22974768;2,05820444;899,163221601397;2950,01066395873;4,71875;205,015869;420;29,5;20145;MAC644;1014,0;;;;;;-178,945312;153,0;0,244;2304,0;2400;1237;168,08;180,3406;No alert, no SPI, aircraft airbone;16,555880949724244;6,873005992955533
CAT048;20;129;00:34:12:133;41,32799444;2,20805119;487,664948298596;1599,95066897597;5,070312;71,109009;6450;16,0;3444CA;VLG7575;1014,0;-0,352;-114,082;186,0;-0,469;186,0;-114,960938;177,0;0,276;-768,0;-832;2229;185,46;245,7861;No alert, no SPI, aircraft airbone;23,30486795251456;12,798839301209503
CAT048;20;129;00:34:12:820;41,20948107;2,23005808;1501,12657770514;4924,95612119815;8,007812;133,319092;6464;49,25;3443D5;VLG7887;1014,0;-0,527;44,824;274,0;-0,031;276,0;43,945312;250,0;0,412;-1440,0;-1504;296;274,56;44,7034;No alert, no SPI, aircraft airbone;24,343410956424155;5,6979049082301065
CAT048;20;129;00:34:13:609;41,2267112;2,05819244;952,503741320223;3125,01237467304;4,886719;204,11499;420;31,25;20145;MAC644;1014,0;;;;;;-178,945312;153,0;0,244;2496,0;2368;1237;167,2;180,6812;No alert, no SPI, aircraft airbone;16,556099871543704;6,6909152222610695
CAT048;20;129;00:34:16:133;41,32660678;2,20402575;472,426047999412;1549,95427531839;4,871094;71,345215;6450;15,5;3444CA;VLG7575;1014,0;;;;;;-114,609375;174,0;0,268;-928,0;-832;2229;182,38;245,6818;No alert, no SPI, aircraft airbone;23,123390252998906;12,71455298127909
CAT048;20;129;00:34:16:797;41,2130344;2,23474427;1470,64409012534;4824,94795664681;8,019531;131,160278;6464;48,25;3443D5;VLG7887;1014,0;;;;;;43,945312;250,0;0,412;-1504,0;-1536;296;273,9;44,8517;No alert, no SPI, aircraft airbone;24,55430376950414;5,912296892919372
CAT048;20;129;00:34:17:594;41,22362893;2,05811797;990,604283566587;3250,0141576966;5,058594;203,291016;420;32,5;20145;MAC644;1014,0;;;;;;-179,296875;155,0;0,248;1376,0;1280;1237;168,08;180,6812;No alert, no SPI, aircraft airbone;16,55350184173708;6,506066867875917
CAT048;20;129;00:34:20:125;41,32524556;2,19999148;449,567110309377;1474,95775818742;4,671875;71,581421;6450;14,75;3444CA;VLG7575;1014,0;;;;;;-114,257812;170,0;0,264;-832,0;-736;2229;178,64;245,874;No alert, no SPI, aircraft airbone;22,941496467277137;12,631858310147738
CAT048;20;129;00:34:20:766;41,2166526;2,23940211;1440,16156864446;4724,93968087148;8,039062;128,995972;6464;47,25;3443D5;VLG7887;1014,0;;;;;;43,769531;250,0;0,412;-1536,0;-1536;296;273,24;44,6979;No alert, no SPI, aircraft airbone;24,763865608249077;6,130582393916185
CAT048;20;129;00:34:21:578;41,22047888;2,05804056;1013,46486094687;3325,01605438893;5,234375;202,505493;420;33,25;20145;MAC644;1014,0;0,0;-179,121;172,0;-0,062;172,0;-179,472656;159,0;0,256;1024,0;960;1237;172,04;180,9943;No alert, no SPI, aircraft airbone;16,55078736050386;6,317153547201933
CAT048;20;129;00:34:24:125;41,32390177;2,19603397;434,328111370094;1424,96104090746;4,476562;71,8396;6450;14,25;3444CA;VLG7575;1014,0;;;;;;-113,90625;167,0;0,26;-672,0;-608;2229;174,68;245,6323;No alert, no SPI, aircraft airbone;22,763059147345942;12,55023734798055
CAT048;20;129;00:34:24:734;41,22023231;2,24403276;1409,67903525103;4624,93136601299;8,070312;126,864624;6464;46,25;3443D5;VLG7887;1014,0;;;;;;43,945312;249,0;0,408;-1568,0;-1536;296;273,24;44,6979;No alert, no SPI, aircraft airbone;24,972187705897685;6,346563396643334
CAT048;20;129;00:34:25:563;41,21720434;2,0579385;1028,70548349712;3375,01809847669;5,417969;201,75293;420;33,75;20145;MAC644;1014,0;;;;;;-179,296875;163,0;0,26;1120,0;1024;1237;177,1;180,9668;No alert, no SPI, aircraft airbone;16,546987590002885;6,120770440803465
CAT048;20;129;00:34:28:125;41,32259261;2,19224122;419,089031998068;1374,96405974054;4,289062;72,125244;6450;13,75;3444CA;VLG7575;1014,0;-1,23;-114,434;170,0;-0,469;174,0;-113,378906;165,0;0,26;-704,0;-640;2229;170,28;245,6927;No alert, no SPI, aircraft airbone;22,592051012161207;12,470743852448713
CAT048;20;129;00:34:28:711;41,22375398;2,24873493;1379,19645247981;4524,92288915386;8,117188;124,760742;6464;45,25;3443D5;VLG7887;1014,0;-0,527;44,648;272,0;-0,031;274,0;43,945312;249,0;0,408;-1632,0;-1600;296;271,7;44,6979;No alert, no SPI, aircraft airbone;25,183747227467975;6,559095802232654
CAT048;20;129;00:34:29:555;41,21387597;2,05786028;1051,56614566315;3450,02027333749;5,605469;201,027832;420;34,5;20145;MAC644;1014,0;;;;;;-179,296875;167,0;0,268;1152,0;1056;1237;181,06;180,9448;No alert, no SPI, aircraft airbone;16,544280360991475;5,921164001545499
CAT048;20;129;00:34:32:117;41,32131242;2,18843373;403,849920921028;1324,96697455454;4,101562;72,410889;6450;13,25;3444CA;VLG7575;1014,0;;;;;;-113,203125;163,0;0,252;-736,0;-768;2229;166,98;245,5829;No alert, no SPI, aircraft airbone;22,420359789209808;12,392991315320964
CAT048;20;129;00:34:32:680;41,22733856;2,25331035;1348,71388023347;4424,91444682517;8,167969;122,684326;6464;44,25;3443D5;VLG7887;1014,0;;;;;;43,945312;249,0;0,408;-1728,0;-1664;296;271,7;44,6979;No alert, no SPI, aircraft airbone;25,38952137743026;6,7753754681785665
CAT048;20;129;00:34:33:539;41,21055248;2,05781818;1074,42683773674;3525,02254632021;5,792969;200,335693;420;35,25;20145;MAC644;1014,0;;;;;;-179,296875;170,0;0,276;1024,0;1024;1237;186,12;180,9229;No alert, no SPI, aircraft airbone;16,543207203737797;5,721857204448782
CAT048;20;129;00:34:36:117;41,32008339;2,18487441;388,610716763884;1274,96958398762;3,925781;72,729492;6450;12,75;3444CA;VLG7575;1014,0;;;;;;-112,675781;159,0;0,244;-736,0;-672;2229;162,58;245,6433;No alert, no SPI, aircraft airbone;22,259864145849733;12,318377548875487
CAT048;20;129;00:34:36:648;41,23084685;2,25806685;1310,61121175718;4299,90568798141;8,238281;120,635376;6464;43,0;3443D5;VLG7887;1014,0;;;;;;43,945312;249,0;0,404;-1664,0;-1728;296;271,7;44,6979;No alert, no SPI, aircraft airbone;25,603500130488264;6,987144322389238
CAT048;20;129;00:34:37:523;41,20698234;2,05771227;1097,28760290612;3600,0250591185;5,996094;199,665527;420;36,0;20145;MAC644;1014,0;7,734;-178,945;190,0;0,562;190,0;-178,945312;175,0;0,28;1056,0;992;1237;190,08;181,203;No alert, no SPI, aircraft airbone;16,539305884092464;5,507747717387977
CAT048;20;129;00:34:40:117;41,31886007;2,1812194;373,371501998976;1224,97215861832;3,746094;73,053589;6450;12,25;3444CA;VLG7575;1014,0;;;;;;-111,445312;156,0;0,24;-800,0;-864;2229;158,4;245,3741;No alert, no SPI, aircraft airbone;22,095034395885943;12,2440885503244
CAT048;20;129;00:34:40:625;41,23439768;2,26268325;1280,1285658218;4199,89700389078;8,3125;118,630371;6464;42,0;3443D5;VLG7887;1014,0;;;;;;43,945312;249,0;0,404;-1920,0;-1792;296;271,7;44,6979;No alert, no SPI, aircraft airbone;25,81109718779464;7,201434623342058
CAT048;20;129;00:34:41:516;41,20337526;2,05753472;1120,14839795977;3675,02766996233;6,203125;199,061279;420;36,75;20145;MAC644;1014,0;;;;;;-174,199219;179,0;0,288;896,0;896;1237;194,48;183,8287;No alert, no SPI, aircraft airbone;16,53216872345705;5,291409702639337
CAT048;20;129;00:34:44:109;41,3176324;2,17765337;358,132233660668;1174,97455748327;3,570312;73,432617;6450;11,75;3444CA;VLG7575;1014,0;0,0;-114,258;154,0;-0,281;162,0;-111,972656;154,0;0,236;-1120,0;-1024;2229;154,88;245,5829;No alert, no SPI, aircraft airbone;21,93422280857074;12,169567979301355
CAT048;20;129;00:34:44:594;41,23793342;2,26734136;1242,02587226499;4074,88816276187;8,398438;116,663818;6464;40,75;3443D5;VLG7887;1014,0;-0,352;44,648;272,0;-0,031;272,0;43,769531;250,0;0,404;-1728,0;-1760;296;271,7;44,6979;No alert, no SPI, aircraft airbone;26,020565649249246;7,414843630634803
CAT048;20;129;00:34:45:508;41,19959189;2,05698142;1135,38921836205;3725,03036317094;6,425781;198,61084;420;37,25;20145;MAC644;1014,0;;;;;;-168,574219;183,0;0,296;832,0;896;1237;197,78;187,5531;No alert, no SPI, aircraft airbone;16,508056258277293;5,064429376217403
CAT048;20;129;00:34:48:109;41,31647546;2,17433123;335,272885556333;1099,97669384864;3,40625;73,833618;6450;11,0;3444CA;VLG7575;1014,0;;;;;;-112,675781;151,0;0,236;-1056,0;-1056;2229;151,8;245,462;No alert, no SPI, aircraft airbone;21,784408493223946;12,099356409862343
CAT048;20;129;00:34:48:563;41,24149264;2,27196808;1203,92315892875;3949,87925673981;8,492188;114,735718;6464;39,5;3443D5;VLG7887;1014,0;;;;;;43,769531;250,0;0,404;-1728,0;-1632;296;272,58;44,5496;No alert, no SPI, aircraft airbone;26,228581269771674;7,629662616174992
CAT048;20;129;00:34:49:500;41,19589367;2,05583841;1150,62997396383;3775,03284377951;6,652344;198,424072;420;37,75;20145;MAC644;1014,0;;;;;;-162,421875;188,0;0,304;832,0;864;1237;204,82;194,7107;No alert, no SPI, aircraft airbone;16,457208885076405;4,842444421920702
CAT048;20;129;00:34:52:109;41,31531943;2,17100447;312,413510259241;1024,97874099893;3,242188;74,273071;6450;10,25;3444CA;VLG7575;1014,0;;;;;;-112,324219;149,0;0,232;-928,0;-1056;2229;149,6;245,4895;No alert, no SPI, aircraft airbone;21,63437969998538;12,029203994240307
CAT048;20;129;00:34:52:539;41,24510481;2,27657886;1173,44041612931;3849,87025485367;8,59375;112,835083;6464;38,5;3443D5;VLG7887;1014,0;;;;;;43,769531;250,0;0,404;-1536,0;-1568;296;271,7;44,6979;No alert, no SPI, aircraft airbone;26,435831515164303;7,847663259413856
CAT048;20;129;00:34:53:492;41,19226182;2,05388775;1165,87063184101;3825,03500376926;6,886719;198,550415;420;38,25;20145;MAC644;1014,0;20,039;-158,73;210,0;1,562;210,0;-155,742188;192,0;0,312;768,0;800;1237;209,44;201,2915;No alert, no SPI, aircraft airbone;16,369754906133082;4,624288864498052
CAT048;20;129;00:34:56:109;41,31415444;2,16767158;297,174107593484;974,980699157007;3,078125;74,767456;6450;9,75;3444CA;VLG7575;1014,0;;;;;;-112,851562;147,0;0,228;-928,0;-928;2229;147,4;245,5225;No alert, no SPI, aircraft airbone;21,48407137398814;11,958518498941828
CAT048;20;129;00:34:56:516;41,24863412;2,28129931;1142,95759857539;3749,86100771009;8,710938;111,000366;6464;37,5;3443D5;VLG7887;1014,0;;;;;;43,59375;250,0;0,404;-1472,0;-1536;296;272,58;44,5496;No alert, no SPI, aircraft airbone;26,648055777851646;8,060739653987593
CAT048;20;129;00:34:57:484;41,18866902;2,05151849;1181,11124018859;3875,03700126034;7,125;198,81958;420;38,75;20145;MAC644;1014,0;;;;;;-148,359375;198,0;0,32;416,0;224;1237;214,72;206,5649;No alert, no SPI, aircraft airbone;16,26331910250015;4,40839920769628
CAT048;20;129;00:35:00:109;41,31306693;2,16448485;281,934653050266;924,982487113435;2,921875;75,261841;6450;9,25;3444CA;VLG7575;1014,0;-0,176;-114,258;146,0;-0,375;150,0;-113,378906;144,0;0,224;-704,0;-736;2229;146,08;245,7147;No alert, no SPI, aircraft airbone;21,340341083487658;11,892520827907896
CAT048;20;129;00:35:00:484;41,25227875;2,2857712;1120,094864171;3674,85203416678;8,824219;109,198608;6464;36,75;3443D5;VLG7887;1014,0;-18,633;42,188;270,0;-1,312;272,0;40,253906;250,0;0,404;-1376,0;-1216;296;271,48;42,1545;No alert, no SPI, aircraft airbone;26,848961319221342;8,280666707024615
CAT048;20;129;00:35:01:484;41,18522645;2,04827841;1181,11169021111;3875,03847771222;7,367188;199,385376;420;38,75;20145;MAC644;1014,0;;;;;;-139,921875;207,0;0,336;192,0;160;1237;222,42;213,6182;No alert, no SPI, aircraft airbone;16,11738491598749;4,2013605973807575
CAT048;20;129;00:35:04:109;41,31194288;2,1611265;266,695200326853;874,984281040351;2,757812;75,81665;6450;8,75;3444CA;VLG7575;1014,0;;;;;;-113,027344;143,0;0,22;-736,0;-704;2229;144,76;245,9125;No alert, no SPI, aircraft airbone;21,18885799925219;11,824295525212
CAT048;20;129;00:35:04:461;41,25610286;2,28984923;1097,23229613248;3599,84360644329;8,925781;107,41333;6464;36,0;3443D5;VLG7887;1014,0;;;;;;33,75;249,0;0,4;-928,0;-896;296;269,94;36,3977;No alert, no SPI, aircraft airbone;27,031947337708633;8,511245223701874
CAT048;20;129;00:35:05:492;41,18208991;2,04427088;1196,35192718357;3925,03925678094;7,605469;200,209351;420;39,25;20145;MAC644;1014,0;;;;;;-132,363281;213,0;0,348;800,0;896;1237;233,64;223,9563;No alert, no SPI, aircraft airbone;15,936592680041223;4,012538985203997
CAT048;20;129;00:35:08:109;41,31089068;2,15800552;251,455682744272;824,985862174718;2,605469;76,404419;6450;8,25;3444CA;VLG7575;1014,0;;;;;;-114,257812;144,0;0,22;-704,0;-608;2229;143,44;246,1157;No alert, no SPI, aircraft airbone;21,048079588384983;11,760442004934001
CAT048;20;129;00:35:08:430;41,26023374;2,29330849;1074,37002305221;3524,83614643061;9,003906;105,606079;6464;35,25;3443D5;VLG7887;1014,0;;;;;;27,246094;247,0;0,396;-704,0;-672;296;267,3;30,1135;No alert, no SPI, aircraft airbone;27,186785647645134;8,760035935263716
CAT048;20;129;00:35:09:492;41,17911706;2,03981228;1219,21201519296;4000,03954792566;7,84375;201,148682;420;40,0;20145;MAC644;1014,0;6,68;-131,309;242,0;0,531;238,0;-129,902344;219,0;0,356;1312,0;1312;1237;239,58;228,0432;No alert, no SPI, aircraft airbone;15,735307831955451;3,833460439533508
CAT048;20;129;00:35:12:117;41,30981678;2,15470676;236,216166282073;774,987446984875;2,445312;77,052612;6450;7,75;3444CA;VLG7575;1014,0;;;;;;-114,960938;141,0;0,216;-736,0;-640;2229;141,9;245,4181;No alert, no SPI, aircraft airbone;20,899264974577765;11,695249660160192
CAT048;20;129;00:35:12:414;41,264664;2,29620864;1066,74803987611;3499,82963914714;9,0625;103,760376;6464;35,0;3443D5;VLG7887;1014,0;;;;;;23,554688;245,0;0,392;-544,0;-448;296;264,66;25,3015;No alert, no SPI, aircraft airbone;27,31618183309894;9,026611081682773
CAT048;20;129;00:35:13:508;41,17612718;2,03508479;1249,69202179182;4100,03957277548;8,089844;202,109985;420;41,0;20145;MAC644;1014,0;;;;;;-128,496094;224,0;0,364;1408,0;1408;1237;247,5;230,5756;No alert, no SPI, aircraft airbone;15,521825825707152;3,6533233105071248
CAT048;20;129;00:35:16:117;41,30873801;2,15166677;220,97658528015;724,988820050528;2,296875;77,860107;6450;7,25;3444CA;VLG7575;1014,0;0,176;-114,434;142,0;-0,219;146,0;-114,785156;142,0;0,216;-800,0;-768;2229;141,46;245,7861;No alert, no SPI, aircraft airbone;20,76214785436385;11,629832445429885
CAT048;20;129;00:35:16:383;41,26913574;2,29882312;1059,1262361249;3474,823720528;9,117188;101,942139;6464;34,75;3443D5;VLG7887;1014,0;-5,449;22,852;260,0;-0,375;262,0;21,621094;242,0;0,388;-448,0;-352;296;260,92;23,0219;No alert, no SPI, aircraft airbone;27,43261809479374;9,29558852727452
CAT048;20;129;00:35:17:508;41,17321862;2,03020513;1272,55193053465;4175,03927577531;8,335938;203,071289;420;41,75;20145;MAC644;1014,0;;;;;;-128,144531;229,0;0,372;1440,0;1440;1237;253,44;231,4105;No alert, no SPI, aircraft airbone;15,301410677477078;3,478047677040066
CAT048;20;129;00:35:20:125;41,30767931;2,14852169;205,736995011568;674,990162713753;2,144531;78,722534;6450;6,75;3444CA;VLG7575;1014,0;;;;;;-113,378906;140,0;0,216;-864,0;-928;2229;141,46;245,7861;No alert, no SPI, aircraft airbone;20,62026798126106;11,565598760921631
CAT048;20;129;00:35:20:359;41,27358115;2,30122822;1051,50458057784;3449,81828814299;9,171875;100,167847;6464;34,5;3443D5;VLG7887;1014,0;;;;;;20,742188;239,0;0,384;-384,0;-384;296;257,4;21,676;No alert, no SPI, aircraft airbone;27,539576628498278;9,562924798628275
CAT048;20;129;00:35:21:516;41,17026869;2,02516095;1303,03176872991;4275,03874811984;8,589844;204,016113;420;42,75;20145;MAC644;1014,0;;;;;;-128,320312;234,0;0,38;1344,0;1440;1237;259,38;231,5808;No alert, no SPI, aircraft airbone;15,073530686207274;3,3002753074019986
CAT048;20;129;00:35:24:125;41,30660451;2,14528412;182,877390469424;599,991457747706;1,988281;79,72229;6450;6,0;3444CA;VLG7575;1014,0;;;;;;-112,675781;140,0;0,212;-608,0;-576;2229;140,36;246,9067;No alert, no SPI, aircraft airbone;20,474206259962187;11,500383029149676
CAT048;20;129;00:35:24:336;41,27794845;2,30342414;1043,8830792699;3424,81336179186;9,226562;98,453979;6464;34,25;3443D5;VLG7887;1014,0;;;;;;20,214844;236,0;0,38;-512,0;-448;296;254,98;20,9235;No alert, no SPI, aircraft airbone;27,63709025655137;9,825514064259705
CAT048;20;129;00:35:25:516;41,16722091;2,0201;1333,51158253942;4375,03814045862;8,851562;204,89502;420;43,75;20145;MAC644;1014,0;-1,582;-128,672;266,0;0,031;262,0;-128,671875;239,0;0,388;1216,0;1376;1237;264,88;231,438;No alert, no SPI, aircraft airbone;14,8448923101914;3,1166456943115697
CAT048;20;129;00:35:28:133;41,30558895;2,14209767;175,25775380712;574,992649000552;1,835938;80,793457;6450;5,75;3444CA;VLG7575;1014,0;;;;;;-113,378906;138,0;0,212;-448,0;-480;2229;138,82;246,2036;No alert, no SPI, aircraft airbone;20,330433061819967;11,438737148937449
CAT048;20;129;00:35:28:313;41,28233026;2,30562107;1028,64160834439;3374,80853432061;9,289062;96,756592;6464;33,75;3443D5;VLG7887;1014,0;;;;;;20,039062;234,0;0,376;-608,0;-512;296;251,46;20,7422;No alert, no SPI, aircraft airbone;27,734630201309955;10,088976538638295
CAT048;20;129;00:35:29:516;41,1640474;2,01486932;1356,37134456914;4450,03736211621;9,125;205,74646;420;44,5;20145;MAC644;1014,0;;;;;;-129,375;243,0;0,4;1504,0;1632;1237;269,72;231,1688;No alert, no SPI, aircraft airbone;14,608568969120245;2,9254615612440915
CAT048;20;129;00:35:32:141;41,30453841;2,13898802;167,638082429767;549,993726358876;1,6875;82,144775;6450;5,5;3444CA;VLG7575;1014,0;-0,879;-114,961;140,0;0,188;144,0;-114,960938;139,0;0,212;-704,0;-736;2229;140,14;245,0775;No alert, no SPI, aircraft airbone;20,19013903082946;11,375016614962957
CAT048;20;129;00:35:32:281;41,28663597;2,30771209;1021,02023352683;3349,80402296415;9,355469;95,114136;6464;33,5;3443D5;VLG7887;1014,0;-0,352;20,566;248,0;-0,031;250,0;19,6875;231,0;0,372;-480,0;-512;296;248,82;20,473;No alert, no SPI, aircraft airbone;27,827398456807817;10,347844491487052
CAT048;20;129;00:35:33:523;41,16084047;2,00965996;1394,47106962651;4575,03646407344;9,402344;206,537476;420;45,75;20145;MAC644;1014,0;;;;;;-129,726562;247,0;0,404;1888,0;1984;1237;275,22;230,4602;No alert, no SPI, aircraft airbone;14,373196280800347;2,732291167561367
CAT048;20;129;00:35:36:156;41,30343292;2,1359564;144,778378384188;474,994694937979;1,542969;83,891602;6450;4,75;3444CA;VLG7575;1014,0;;;;;;-115,488281;137,0;0,212;-768,0;-736;2229;140,14;244,1656;No alert, no SPI, aircraft airbone;20,05338581436931;11,308023778726511
CAT048;20;129;00:35:36:266;41,29088829;2,3098098;1005,77888748422;3299,79960521374;9,429688;93,515625;6464;33,0;3443D5;VLG7887;1014,0;;;;;;19,6875;229,0;0,368;-544,0;-480;296;245,74;20,5005;No alert, no SPI, aircraft airbone;27,920479479017544;10,603515435862144
CAT048;20;129;00:35:37:523;41,15753699;2,00440215;1432,57076155674;4700,03545734581;9,6875;207,279053;420;47,0;20145;MAC644;1014,0;;;;;;-130,078125;249,0;0,408;2208,0;2304;1237;278,52;230,246;No alert, no SPI, aircraft airbone;14,13562548774478;2,533337410823377
CAT048;20;129;00:35:40:172;41,30228538;2,13271302;129,538669470698;424,995648346244;1,390625;86,072388;6450;4,25;3444CA;VLG7575;1014,0;;;;;;-114,785156;139,0;0,212;-864,0;-736;2229;140,58;244,7095;No alert, no SPI, aircraft airbone;19,90706457901096;11,238465760040828
CAT048;20;129;00:35:40:234;41,29513504;2,31200219;998,157515490428;3274,79510312161;9,515625;91,94458;6464;32,75;3443D5;VLG7887;1014,0;;;;;;19,6875;226,0;0,364;-544,0;-448;296;243,54;20,4456;No alert, no SPI, aircraft airbone;28,017832559914808;10,85888527261219
CAT048;20;129;00:35:41:523;41,15422818;1,99907602;1485,91038285475;4875,03422048519;9,976562;207,993164;420;48,75;20145;MAC644;1014,0;-0,879;-130,254;280,0;-0,062;276,0;-130,429688;250,0;0,412;2624,0;2624;1237;281,38;229,9054;No alert, no SPI, aircraft airbone;13,894935458569588;2,334067634617304
CAT048;20;129;00:35:44:195;41,3011782;2,12966889;121,918918327428;399,99646400536;1,25;88,681641;6450;4,0;3444CA;VLG7575;1014,0;;;;;;-113,378906;138,0;0,212;-448,0;-512;2229;139,7;245,451;No alert, no SPI, aircraft airbone;19,769736656505522;11,17137862182933
CAT048;20;129;00:35:44:219;41,29931167;2,31403873;990,536266471259;3249,79100448957;9,601562;90,428467;6464;32,5;3443D5;VLG7887;1014,0;;;;;;19,863281;224,0;0,36;-576,0;-480;296;240,46;20,4675;No alert, no SPI, aircraft airbone;28,10815463629804;11,110002727769338
CAT048;20;129;00:35:45:523;41,15078922;1,99377201;1539,25000293367;5050,03297962489;10,273438;208,641357;420;50,5;20145;MAC644;1014,0;;;;;;-130,605469;250,0;0,412;2688,0;2784;1237;282,04;229,7516;No alert, no SPI, aircraft airbone;13,655250708057874;2,127011584953563
CAT048;20;129;00:35:48:195;41,30344495;2,316195;975,294973935001;3199,78676228491;9,699219;88,956299;6464;32,0;3443D5;VLG7887;1014,0;-2,285;20,391;238,0;-0,188;238,0;19,6875;221,0;0,352;-544,0;-512;296;239,36;20,5554;No alert, no SPI, aircraft airbone;28,2038977762874;11,358561649519313
CAT048;20;129;00:35:48:227;41,30009988;2,12638137;114,299160631374;374,997258165835;1,101562;91,873169;6450;3,75;3444CA;VLG7575;1014,0;0,352;-114,609;140,0;-0,125;140,0;-114,257812;137,0;0,208;-448,0;-480;2229;138,82;245,2808;No alert, no SPI, aircraft airbone;19,621388635939233;11,1059722534239
CAT048;20;129;00:35:49:531;41,14737328;1,98846963;1592,58956344612;5225,03154333657;10,570312;209,256592;420;52,25;20145;MAC644;1014,0;;;;;;-130,78125;250,0;0,416;2656,0;2752;1237;284,02;229,5703;No alert, no SPI, aircraft airbone;13,415610107377631;1,921350922635083
CAT048;20;129;00:35:52:180;41,30751458;2,31803798;967,67389959842;3174,78323675848;9,789062;87,533569;6464;31,75;3443D5;VLG7887;1014,0;;;;;;17,050781;219,0;0,352;-544,0;-608;296;236,06;18,2812;No alert, no SPI, aircraft airbone;28,285489671135387;11,603204725254322
CAT048;20;129;00:35:52:266;41,29902802;2,12326014;99,059365035966;324,997927184599;0,964844;95,971069;6450;3,25;3444CA;VLG7575;1014,0;;;;;;-112,675781;137,0;0,208;-640,0;-768;2229;140,14;245,9949;No alert, no SPI, aircraft airbone;19,48055409323692;11,040995985014652
CAT048;20;129;00:35:53:531;41,14397974;1,98318173;1653,54906847142;5425,02992580376;10,867188;209,838867;420;54,25;20145;MAC644;1014,0;;;;;;-130,605469;251,0;0,42;2752,0;2784;1237;284,68;229,4165;No alert, no SPI, aircraft airbone;13,176596539919336;1,7170503891454143
CAT048;20;129;00:35:56:156;41,31163791;2,31940331;952,433150960132;3124,78077899604;9,863281;86,11084;6464;31,25;3443D5;VLG7887;1014,0;;;;;;9,84375;217,0;0,348;-672,0;-736;296;233,64;12,3651;No alert, no SPI, aircraft airbone;28,345451110542903;11,850914907273445
CAT048;20;129;00:35:56:320;41,29797118;2,12008374;83,8195472462103;274,998523387257;0,832031;101,35437;6450;2,75;3444CA;VLG7575;1014,0;;;;;;-112,324219;138,0;0,212;-832,0;-864;2229;140,8;246,5332;No alert, no SPI, aircraft airbone;19,337215491263304;10,97691327166691
CAT048;20;129;00:35:57:531;41,14053671;1,97786629;1706,88853071164;5600,02816709999;11,167969;210,388184;420;56,0;20145;MAC644;1014,0;-0,176;-130,605;286,0;-0,031;280,0;-130,605469;252,0;0,42;2816,0;2912;1237;286,0;229,3945;No alert, no SPI, aircraft airbone;12,936319542393347;1,5097927073648667
CAT048;20;129;00:36:00:133;41,31581851;2,32019457;937,192794849165;3074,77960905293;9,917969;84,677124;6464;30,75;3443D5;VLG7887;1014,0;;;;;;1,933594;215,0;0,344;-768,0;-800;296;231,0;4,7186;No alert, no SPI, aircraft airbone;28,37942511190192;12,101873937194949
CAT048;20;129;00:36:00:398;41,2969019;2,11694351;60,9597020614892;199,999028911416;0,710938;108,69873;6450;2,0;3444CA;VLG7575;1014,0;;;;;;-113,378906;137,0;0,208;-800,0;-768;2229;141,02;245,2478;No alert, no SPI, aircraft airbone;19,195511691109374;10,91209774556847
CAT048;20;129;00:36:01:531;41,13703977;1,97255842;1767,84796479344;5800,02631681292;11,472656;210,899048;420;58,0;20145;MAC644;1014,0;;;;;;-130,78125;252,0;0,424;2976,0;3040;1237;287,54;229,3726;No alert, no SPI, aircraft airbone;12,69637094369879;1,2993181606789936
CAT048;20;129;00:36:04:109;41,32003036;2,32023478;921,952945062891;3024,78010028013;9,945312;83,226929;6464;30,25;3443D5;VLG7887;1014,0;-24,434;-3,516;230,0;-2,125;230,0;-6,152344;213,0;0,34;-832,0;-800;296;229,24;358,4949;No alert, no SPI, aircraft airbone;28,379426627842367;12,354463213458345
CAT048;20;129;00:36:04:516;41,295741;2,11371639;45,719835549593;149,999465264527;0,605469;119,432373;6450;1,5;3444CA;VLG7575;1014,0;2,285;-114,961;140,0;-0,062;140,0;-113,203125;137,0;0,208;-640,0;-640;2229;141,02;245,2478;No alert, no SPI, aircraft airbone;19,04990008321773;10,841774114271118
CAT048;20;129;00:36:05:531;41,13363819;1,96724647;1828,80730851088;6000,02417005483;11,773438;211,398926;420;60,0;20145;MAC644;1014,0;;;;;;-130,605469;252,0;0,424;3008,0;3072;1237;287,54;229,3726;No alert, no SPI, aircraft airbone;12,456193905405753;1,0945761106927039
CAT048;20;129;00:36:08:086;41,32414849;2,31945216;906,713639888912;2974,78237829314;9,941406;81,78772;6464;29,75;3443D5;VLG7887;1014,0;;;;;;-14,589844;211,0;0,336;-864,0;-800;296;227,48;350,3705;No alert, no SPI, aircraft airbone;28,342271099802595;12,601165188724703
CAT048;20;129;00:36:08:664;41,29468001;2,11043526;38,0999425305054;124,999815451783;0,523438;133,626709;6450;1,25;3444CA;VLG7575;1014,0;;;;;;-112,5;136,0;0,208;-608,0;-576;2229;140,14;245,9949;No alert, no SPI, aircraft airbone;18,901811930359894;10,777435591870924
CAT048;20;129;00:36:12:063;41,32822524;2,31783621;891,474880871363;2924,786448158;9,90625;80,326538;6464;29,25;3443D5;VLG7887;1014,0;;;;;;-23,027344;209,0;0,332;-896,0;-896;296;224,84;339,95;No alert, no SPI, aircraft airbone;28,26746823727854;12,845116195478514
CAT048;20;129;00:36:12:859;41,29357041;2,10708585;22,8600234249607;75,000079253548;0,484375;152,001343;6450;0,75;3444CA;VLG7575;1014,0;;;;;;-113,027344;137,0;0,208;-480,0;-512;2229;141,02;246,1597;No alert, no SPI, aircraft airbone;18,750644686761785;10,710172950664269
CAT048;20;129;00:36:16:055;41,33184698;2,31548582;876,236564519815;2874,79197033919;9,839844;78,97522;6464;28,75;3443D5;VLG7887;1014,0;;;;;;-31,992188;204,0;0,324;-608,0;-512;296;221,54;333,4296;No alert, no SPI, aircraft airbone;28,159671874388245;13,061545583115421
CAT048;20;129;00:36:17:070;41,29246691;2,1037797;15,2400750732049;50,0002479031737;0,5;171,040649;6450;0,5;3444CA;VLG7575;1014,0;;;;;;-113,378906;138,0;0,208;-864,0;-640;2229;141,46;245,7861;No alert, no SPI, aircraft airbone;18,601427180571733;10,643291152304936
CAT048;20;129;00:36:20:031;41,33534722;2,31250907;868,618627376854;2849,79873744308;9,75;77,612915;6464;28,5;3443D5;VLG7887;1014,0;-24,434;-37,617;216,0;-2,25;216,0;-40,605469;200,0;0,32;-416,0;-416;296;217,36;324,5526;No alert, no SPI, aircraft airbone;28,02362831501371;13,270490688245681
CAT048;20;129;00:36:21:250;41,29133444;2,1004924;9,93041321635246e-05;0,0003258009689673;0,566406;187,185059;6450;-0,25;3444CA;VLG7575;1014,0;0,703;-114,434;142,0;0,25;138,0;-113,730469;136,0;0,204;-736,0;-320;2229;142,78;245,5884;No alert, no SPI, aircraft airbone;18,45306533703554;10,574681741561514
CAT048;20;129;00:36:24:008;41,33821702;2,308894;861,001011888497;2824,80655984425;9,628906;76,404419;6464;28,25;3443D5;VLG7887;1014,0;;;;;;-49,21875;196,0;0,312;-384,0;-352;296;212,3;313,4674;No alert, no SPI, aircraft airbone;27,85901635686937;13,441430292183254
CAT048;20;129;00:36:25:375;41,29017565;2,09724033;9,7041018307209e-05;0,000318376054503;0,667969;199,0448;6450;-0,5;3444CA;VLG7575;1014,0;;;;;;-114,960938;130,0;0,196;-192,0;-128;2229;139,26;245,8246;No alert, no SPI, aircraft airbone;18,306299133697742;10,504506972649118
CAT048;20;129;00:36:27:992;41,34062443;2,30480193;853,383608910255;2799,81507945712;9,484375;75,2948;6464;28,0;3443D5;VLG7887;1014,0;;;;;;-58,007812;193,0;0,308;-256,0;-288;296;210,1;306,8646;No alert, no SPI, aircraft airbone;27,6730552703009;13,584496727792398
CAT048;20;129;00:36:29:453;41,2891137;2,09417255;6,94543123245239e-05;0,0002278684860467;0,78125;207,169189;6450;-0,5;3444CA;VLG7575;1014,0;;;;;;-114,960938;124,0;0,188;-512,0;-160;2229;132,0;245,3741;No alert, no SPI, aircraft airbone;18,167836597849348;10,440183320640863
CAT048;20;129;00:36:31:977;41,34260014;2,30051159;853,386240378022;2799,82371288183;9,328125;74,289551;6464;28,0;3443D5;VLG7887;1014,0;;;;;;-66,972656;191,0;0,304;-224,0;-320;296;206,8;297,6801;No alert, no SPI, aircraft airbone;27,47832755639238;13,701621149944666
CAT048;20;129;00:36:33:508;41,28811861;2,09128203;2,13002786040306e-05;6,98828060552478e-05;0,898438;212,860107;6450;-0,5;3444CA;VLG7575;1014,0;;;;;;-115,3125;110,0;0,168;96,0;-96;2229;118,58;245,5939;No alert, no SPI, aircraft airbone;18,037368982187946;10,379910615504837
CAT048;20;129;00:36:35:961;41,34400487;2,29565995;845,769078218378;2774,83302258198;9,140625;73,410645;6464;27,75;3443D5;VLG7887;1014,0;-14,766;-71,719;206,0;-1,344;206,0;-73,828125;191,0;0,304;-320,0;-256;296;206,14;289,5776;No alert, no SPI, aircraft airbone;27,258481653634654;13,784338991964276
CAT048;20;129;00:36:37:547;41,28732042;2,08886922;-3,62861901521683e-05;-0,0001190491840988;1,0;216,628418;6450;-0,25;3444CA;VLG7575;1014,0;-0,176;-114,785;106,0;-0,406;102,0;-115,3125;100,0;0,152;192,0;-64;2229;105,6;245,3741;No alert, no SPI, aircraft airbone;17,928451602750698;10,3315479455792
CAT048;20;129;00:36:39:945;41,34505587;2,29081178;838,151814707555;2749,84199976513;8,949219;72,625122;6464;27,5;3443D5;VLG7887;1014,0;;;;;;-77,167969;191,0;0,304;-576,0;-512;296;206,14;284,9084;No alert, no SPI, aircraft airbone;27,03894734150953;13,845857504146915
CAT048;20;129;00:36:43:930;41,34586915;2,28584802;822,91452184692;2699,85087985625;8,75;71,883545;6464;27,0;3443D5;VLG7887;1014,0;;;;;;-79,101562;191,0;0,304;-576,0;-608;296;205,92;282,3431;No alert, no SPI, aircraft airbone;26,81429326930168;13,893096989729003
CAT048;20;129;00:36:47:914;41,34652719;2,28091324;815,297129089013;2674,8594330004;8,550781;71,169434;6464;26,75;3443D5;VLG7887;1014,0;;;;;;-81,738281;190,0;0,304;-768,0;-704;296;206,36;280,0525;No alert, no SPI, aircraft airbone;26,591017122346983;13,931048577947475
CAT048;20;129;00:36:51:898;41,34698302;2,27586656;792,439701248892;2599,86786944541;8,34375;70,488281;6464;26,0;3443D5;VLG7887;1014,0;-24,434;-88,77;206,0;-2,375;204,0;-91,40625;190,0;0,3;-928,0;-928;296;205,48;273,6255;No alert, no SPI, aircraft airbone;26,36276964904732;13,95685274880452
CAT048;20;129;00:36:55:891;41,34632507;2,27095217;777,202016838826;2549,87546492549;8,121094;70,230103;6464;25,5;3443D5;VLG7887;1014,0;;;;;;-99,84375;188,0;0,296;-960,0;-1056;296;205,04;264,397;No alert, no SPI, aircraft airbone;26,140946312354018;13,915917991756672
CAT048;20;129;00:36:59:891;41,34591893;2,26591208;761,964350263588;2499,88311891879;7,898438;69,840088;6464;25,0;3443D5;VLG7887;1014,0;;;;;;-106,523438;185,0;0,292;-544,0;-672;296;204,16;257,2559;No alert, no SPI, aircraft airbone;25,91333868181004;13,890059081490712
CAT048;20;129;00:37:03:883;41,34481931;2,26120323;746,726389994845;2449,88980935069;7,675781;69,75769;6464;24,5;3443D5;VLG7887;1014,0;;;;;;-109,511719;183,0;0,288;-544,0;-672;296;200,86;252,0154;No alert, no SPI, aircraft airbone;25,700968555975635;13,822723882649537
CAT048;20;129;00:37:07:875;41,34347481;2,25661335;731,488292860799;2399,89605074942;7,453125;69,790649;6464;24,0;3443D5;VLG7887;1014,0;-2,988;-109,688;200,0;-0,438;194,0;-110,742188;182,0;0,288;-1088,0;-1248;296;199,1;250,0159;No alert, no SPI, aircraft airbone;25,4940628251441;13,740749837115446
CAT048;20;129;00:37:11:867;41,34218065;2,25210127;701,010112167336;2299,90201640308;7,234375;69,812622;6464;23,0;3443D5;VLG7887;1014,0;;;;;;-111,445312;182,0;0,288;-1376,0;-1440;296;198,88;249,3732;No alert, no SPI, aircraft airbone;25,290645322987018;13,66182807228133
CAT048;20;129;00:37:15:859;41,34078107;2,24745595;670,531922714785;2199,90795331957;7,007812;69,867554;6464;22,0;3443D5;VLG7887;1014,0;;;;;;-111,796875;183,0;0,288;-1440,0;-1440;296;199,54;248,8348;No alert, no SPI, aircraft airbone;25,081238192823772;13,576556684965258
CAT048;20;129;00:37:19:859;41,33946316;2,24295519;640,053626512177;2099,91354000621;6,789062;69,906006;6464;21,0;3443D5;VLG7887;1014,0;;;;;;-112,675781;185,0;0,288;-1440,0;-1440;296;201,08;247,7747;No alert, no SPI, aircraft airbone;24,878324735046693;13,496235315679376
CAT048;20;129;00:37:23:852;41,33803997;2,23850021;617,195250025019;2024,91886409208;6,570312;70,004883;6464;20,25;3443D5;VLG7887;1014,0;-1,23;-112,852;200,0;-0,25;198,0;-112,675781;187,0;0,292;-1376,0;-1216;296;200,86;247,1375;No alert, no SPI, aircraft airbone;24,677511707951737;13,409623915239477
CAT048;20;129;00:37:27:844;41,33654598;2,23389471;594,336872386746;1949,92418440133;6,34375;70,125732;6464;19,5;3443D5;VLG7887;1014,0;;;;;;-112,851562;187,0;0,292;-1504,0;-1152;296;199,1;246,9122;No alert, no SPI, aircraft airbone;24,4699130882731;13,318734832288445
CAT048;20;129;00:37:31:844;41,3351509;2,22951734;571,478365598246;1874,92908098935;6,128906;70,235596;6464;18,75;3443D5;VLG7887;1014,0;;;;;;-112,675781;185,0;0,288;-768,0;-960;296;196,24;246,5662;No alert, no SPI, aircraft airbone;24,27257972554695;13,233851661794647
CAT048;20;129;00:37:35:844;41,33372281;2,22515031;556,239802931435;1824,93379504957;5,914062;70,372925;6464;18,25;3443D5;VLG7887;1014,0;;;;;;-112,851562;181,0;0,284;-1024,0;-896;296;191,4;246,9177;No alert, no SPI, aircraft airbone;24,07571739047928;13,147001724683806
CAT048;20;129;00:37:39:836;41,33228478;2,22078715;541,001188999042;1774,93834091562;5,699219;70,526733;6464;17,75;3443D5;VLG7887;1014,0;-0,352;-113,203;188,0;-0,094;186,0;-113,378906;176,0;0,276;-928,0;-768;296;187,44;246,72;No alert, no SPI, aircraft airbone;23,879024991961053;13,059566652835725
CAT048;20;129;00:37:43:836;41,33094216;2,21674541;525,762428440154;1724,94240572359;5,5;70,686035;6464;17,25;3443D5;VLG7887;1014,0;;;;;;-113,554688;173,0;0,272;-704,0;-640;296;183,7;246,2256;No alert, no SPI, aircraft airbone;23,696818364378842;12,977950282513678
CAT048;20;129;00:37:47:828;41,3295553;2,21263142;510,523645488545;1674,94639706464;5,296875;70,872803;6464;16,75;3443D5;VLG7887;1014,0;;;;;;-114,609375;172,0;0,268;-832,0;-640;296;179,52;246,0004;No alert, no SPI, aircraft airbone;23,511354167632284;12,893669921994338
CAT048;20;129;00:37:51:828;41,32821561;2,20867758;495,284773799591;1624,95009727265;5,101562;71,070557;6464;16,25;3443D5;VLG7887;1014,0;;;;;;-114,609375;167,0;0,26;-512,0;-480;296;174,24;245,9344;No alert, no SPI, aircraft airbone;23,33310475377826;12,812269856910659
CAT048;20;129;00:37:55:820;41,32690903;2,20479387;487,665843669325;1599,95360654407;4,910156;71,273804;6464;16,0;3443D5;VLG7887;1014,0;-0,176;-114,082;172,0;-0,219;172,0;-114,433594;163,0;0,252;-576,0;-640;296;171,16;245,8301;No alert, no SPI, aircraft airbone;23,15800658389703;12,732882060115617
CAT048;20;129;00:37:59:820;41,32567326;2,20116075;464,806808667257;1524,95677014788;4,730469;71,488037;6464;15,25;3443D5;VLG7887;1014,0;;;;;;-113,90625;160,0;0,248;-768,0;-768;296;167,86;245,7202;No alert, no SPI, aircraft airbone;22,99420471918942;12,65781444693856
CAT048;20;129;00:38:03:813;41,32438847;2,19745147;449,567757722922;1474,95988224767;4,546875;71,740723;6464;14,75;3443D5;VLG7887;1014,0;;;;;;-113,730469;157,0;0,244;-736,0;-832;296;164,78;245,6104;No alert, no SPI, aircraft airbone;22,826970760075575;12,579794117090946
CAT048;20;129;00:38:07:813;41,32310862;2,19364699;434,328696682118;1424,96296122256;4,359375;71,993408;6464;14,25;3443D5;VLG7887;1014,0;;;;;;-113,378906;157,0;0,244;-928,0;-928;296;161,7;245,495;No alert, no SPI, aircraft airbone;22,655424802911668;12,502052457001295
CAT048;20;129;00:38:11:805;41,32189549;2,19017544;419,089518782683;1374,96565680298;4,1875;72,279053;6464;13,75;3443D5;VLG7887;1014,0;1,055;-114,434;160,0;0,062;164,0;-112,5;156,0;0,24;-928,0;-928;296;159,5;245,5225;No alert, no SPI, aircraft airbone;22,498900456784487;12,428405179356643
CAT048;20;129;00:38:15:813;41,32067215;2,18661978;396,230329891667;1299,96831552178;4,011719;72,581177;6464;13,0;3443D5;VLG7887;1014,0;;;;;;-112,324219;153,0;0,236;-992,0;-960;296;157,08;245,5554;No alert, no SPI, aircraft airbone;22,338571251707815;12,354130352159824
CAT048;20;129;00:38:19:805;41,31947911;2,18313948;373,371092727408;1224,97081586379;3,839844;72,89978;6464;12,25;3443D5;VLG7887;1014,0;;;;;;-111,445312;153,0;0,236;-992,0;-928;296;154,88;245,5829;No alert, no SPI, aircraft airbone;22,18163284480845;12,281698272461844
CAT048;20;129;00:38:23:805;41,31831111;2,17973186;358,131809622049;1174,9731662804;3,671875;73,240356;6464;11,75;3443D5;VLG7887;1014,0;;;;;;-110,566406;153,0;0,236;-832,0;-896;296;152,68;245,6158;No alert, no SPI, aircraft airbone;22,02796623663029;12,210792422742614
CAT048;20;129;00:38:27:805;41,3171474;2,17631938;342,892498011701;1124,97542317671;3,503906;73,608398;6464;11,25;3443D5;VLG7887;1014,0;0,0;-113,73;150,0;-0,094;158,0;-111,09375;151,0;0,232;-960,0;-896;296;150,92;246,1487;No alert, no SPI, aircraft airbone;21,87407299022343;12,140148644386265
CAT048;20;129;00:38:31:805;41,3160696;2,17305523;320,033129861578;1049,97749377506;3,34375;73,959961;6464;10,5;3443D5;VLG7887;1014,0;;;;;;-112,324219;147,0;0,224;-960,0;-864;296;148,72;246,1926;No alert, no SPI, aircraft airbone;21,726852225294767;12,074699690719157
CAT048;20;129;00:38:35:805;41,31495028;2,16970896;304,793748614378;999,979522203997;3,179688;74,371948;6464;10,0;3443D5;VLG7887;1014,0;;;;;;-113,203125;145,0;0,224;-640,0;-768;296;146,3;245,3577;No alert, no SPI, aircraft airbone;21,575927346788745;12,006746086638588
CAT048;20;129;00:38:39:797;41,31382753;2,16653897;289,554306278005;949,981350209131;3,023438;74,871826;6464;9,5;3443D5;VLG7887;1014,0;;;;;;-113,554688;142,0;0,22;-672,0;-736;296;144,98;245,5554;No alert, no SPI, aircraft airbone;21,432968682125455;11,938635877348782
CAT048;20;129;00:38:43:797;41,31272226;2,16326786;274,314856494777;899,983153782324;2,863281;75,38269;6464;9,0;3443D5;VLG7887;1014,0;0,176;-114,434;144,0;-0,156;148,0;-113,730469;142,0;0,22;-704,0;-704;296;144,1;245,3906;No alert, no SPI, aircraft airbone;21,285427379464707;11,871554466874334
CAT048;20;129;00:38:47:805;41,31160992;2,16007803;266,695365708321;874,984823630489;2,707031;75,981445;6464;8,75;3443D5;VLG7887;1014,0;;;;;;-113,730469;142,0;0,216;-800,0;-672;296;142,78;245,5884;No alert, no SPI, aircraft airbone;21,14155845372902;11,804074318119705
CAT048;20;129;00:38:51:805;41,31051501;2,15679084;251,455864524469;824,986458566458;2,546875;76,607666;6464;8,25;3443D5;VLG7887;1014,0;;;;;;-113,730469;141,0;0,216;-704,0;-672;296;141,9;245,4181;No alert, no SPI, aircraft airbone;20,99327685707083;11,737621277908376
CAT048;20;129;00:38:55:805;41,30944461;2,15366588;236,216312327422;774,9879261363;2,394531;77,321777;6464;7,75;3443D5;VLG7887;1014,0;;;;;;-114,082031;140,0;0,216;-608,0;-640;296;141,46;245,7861;No alert, no SPI, aircraft airbone;20,85231803671353;11,672682408924919
CAT048;20;129;00:38:59:813;41,30838476;2,15061688;220,976724883541;724,989278066918;2,246094;78,134766;6464;7,25;3443D5;VLG7887;1014,0;0,352;-114,434;142,0;0,062;144,0;-113,730469;139,0;0,212;-704,0;-640;296;141,46;245,7861;No alert, no SPI, aircraft airbone;20,71478600060951;11,608399295010758
CAT048;20;129;00:39:03:813;41,30731396;2,14737857;213,357137943618;699,99063245094;2,089844;79,035645;6464;7,0;3443D5;VLG7887;1014,0;;;;;;-114,433594;139,0;0,212;-704,0;-704;296;141,46;245,7861;No alert, no SPI, aircraft airbone;20,568692692626588;11,543419741103571
CAT048;20;129;00:39:07:820;41,30623627;2,14422068;198,117514274083;649,991865530983;1,9375;80,112305;6464;6,5;3443D5;VLG7887;1014,0;;;;;;-114,785156;140,0;0,212;-768,0;-704;296;141,46;245,7861;No alert, no SPI, aircraft airbone;20,426233245984335;11,478051264322259
CAT048;20;129;00:39:11:828;41,30516875;2,14104292;182,877867374569;599,993022397182;1,785156;81,348267;6464;6,0;3443D5;VLG7887;1014,0;;;;;;-113,90625;139,0;0,212;-672,0;-672;296;141,46;245,7861;No alert, no SPI, aircraft airbone;20,282867463588897;11,413293221504
CAT048;20;129;00:39:15:836;41,30409378;2,13793169;167,638187700883;549,994071736564;1,636719;82,842407;6464;5,5;3443D5;VLG7887;1014,0;-0,527;-114,258;142,0;-0,031;146,0;-114,257812;141,0;0,212;-672,0;-672;296;141,46;245,7861;No alert, no SPI, aircraft airbone;20,14250779642044;11,348109006764695
CAT048;20;129;00:39:19:852;41,30299026;2,13462075;152,398501653224;499,995100163964;1,480469;84,666138;6464;5,0;3443D5;VLG7887;1014,0;;;;;;-114,082031;140,0;0,216;-672,0;-672;296;141,9;245,4181;No alert, no SPI, aircraft airbone;19,993121089807214;11,281171981682123
CAT048;20;129;00:39:23:875;41,30189227;2,13135512;137,158783641644;449,996023722851;1,328125;86,907349;6464;4,5;3443D5;VLG7887;1014,0;;;;;;-114,082031;138,0;0,212;-736,0;-736;296;142,78;245,5884;No alert, no SPI, aircraft airbone;19,845776685624998;11,214582568347817
CAT048;20;129;00:39:27:898;41,30079767;2,12820599;121,919029606506;399,99682909421;1,183594;89,714355;6464;4,0;3443D5;VLG7887;1014,0;;;;;;-113,90625;140,0;0,212;-768,0;-736;296;142,78;245,5884;No alert, no SPI, aircraft airbone;19,703694762664657;11,148228271407712
CAT048;20;129;00:39:31:930;41,2996981;2,12497633;106,679255531169;349,997568716882;1,039062;93,317871;6464;3,5;3443D5;VLG7887;1014,0;0,176;-114,258;144,0;-0,125;144,0;-113,730469;139,0;0,212;-864,0;-736;296;142,78;245,5884;No alert, no SPI, aircraft airbone;19,55796772998596;11,08156303893954
CAT048;20;129;00:39:35:977;41,29859141;2,12179903;91,4394518295303;299,998211140396;0,902344;98,063965;6464;3,0;3443D5;VLG7887;1014,0;;;;;;-114,082031;140,0;0,212;-800,0;-800;296;143,66;245,7532;No alert, no SPI, aircraft airbone;19,41460584090611;11,014487891577799
CAT048;20;129;00:39:40:047;41,29750125;2,11843672;76,1996309030801;249,998797052061;0,765625;104,523926;6464;2,5;3443D5;VLG7887;1014,0;;;;;;-113,730469;139,0;0,212;-768,0;-768;296;144,1;245,3906;No alert, no SPI, aircraft airbone;19,262867213687763;10,948368425592543
CAT048;20;129;00:39:44:141;41,29637167;2,11519018;60,9597768196836;199,999274181091;0,648438;113,615112;6464;2,0;3443D5;VLG7887;1014,0;;;;;;-113,027344;140,0;0,212;-768,0;-704;296;144,1;245,3906;No alert, no SPI, aircraft airbone;19,11637075508036;10,879916235141005
CAT048;20;129;00:39:48:273;41,29525703;2,1118633;45,719897900708;149,999669828559;0,550781;126,364746;6464;1,5;3443D5;VLG7887;1014,0;-0,527;-114,258;144,0;0,25;144,0;-112,5;140,0;0,212;-736,0;-704;296;143,66;245,7532;No alert, no SPI, aircraft airbone;18,96623144962526;10,81234798261921
CAT048;20;129;00:39:52:461;41,29415008;2,10846783;30,4799916520715;99,9999758117822;0,488281;143,580322;6464;1,0;3443D5;VLG7887;1014,0;;;;;;-113,554688;140,0;0,212;-704,0;-736;296;144,1;245,3906;No alert, no SPI, aircraft airbone;18,81298270578511;10,745231847017767
CAT048;20;129;00:39:56:672;41,29297284;2,10516382;15,2400560704991;50,0001855583363;0,484375;163,141479;6464;0,5;3443D5;VLG7887;1014,0;;;;;;-112,851562;141,0;0,212;-736,0;-704;296;144,76;245,9125;No alert, no SPI, aircraft airbone;18,663885257643436;10,673926099757214
CAT048;20;129;00:40:00:875;41,29184948;2,1017678;9,15974378585815e-05;0,0003005165380239;0,53125;181,417236;6464;0,0;3443D5;VLG7887;1014,0;;;;;;-113,90625;139,0;0,212;-960,0;-576;296;144,76;245,9125;No alert, no SPI, aircraft airbone;18,51060580343581;10,60583758109683
CAT048;20;129;00:40:05:016;41,2907004;2,09850718;9,93777066469193e-05;0,0003260423550754;0,621094;194,990845;6464;-0,5;3443D5;VLG7887;1014,0;-1,406;-114,785;142,0;-0,031;138,0;-114,433594;135,0;0,208;-832,0;-160;296;142,34;245,0555;No alert, no SPI, aircraft airbone;18,363452350086966;10,536241147479991
CAT048;20;129;00:40:09:117;41,28949316;2,09531493;8,29603523015976e-05;0,0002721796422451;0,738281;204,406128;6464;-0,5;3443D5;VLG7887;1014,0;;;;;;-114,257812;129,0;0,196;-128,0;-160;296;138,82;245,2808;No alert, no SPI, aircraft airbone;18,219402228501163;10,463176768646044
CAT048;20;129;00:40:13:180;41,288544;2,09233574;3,9529986679554e-05;0,0001296915614977;0,851562;211,096802;6464;-0,5;3443D5;VLG7887;1014,0;;;;;;-114,609375;115,0;0,176;160,0;-64;296;127,16;245,8521;No alert, no SPI, aircraft airbone;18,084912896479025;10,405638304572497
CAT048;20;129;00:40:17:227;41,28763213;2,08977008;-1,34510919451714e-05;-4,4130880497396e-05;0,960938;215,343018;6464;-0,25;3443D5;VLG7887;1014,0;;;;;;-115,839844;102,0;0,156;352,0;-64;296;109,12;245,0775;No alert, no SPI, aircraft airbone;17,969114168032387;10,350425707624325
CAT048;20;129;00:41:51:367;41,47875972;2,50813899;1820,98379672784;5974,35647965658;21,246094;59,655762;1000;59,75;4CA1B2;ABR420;1014,2;0,527;-126,914;278,0;0,062;274,0;-127,089844;246,0;0,412;-1376,0;-1312;64;278,74;233,1683;No alert, no SPI, aircraft airbone;36,78537782178801;21,943536062873473
CAT048;20;129;00:41:55:359;41,47563348;2,50264676;1798,12876841053;5899,37278855202;20,9375;59,760132;1000;59,0;4CA1B2;ABR420;1014,2;;;;;;-126,914062;246,0;0,412;-1216,0;-1152;64;278,3;233,3331;No alert, no SPI, aircraft airbone;36,53942239574095;21,753744048535758
CAT048;20;129;00:41:59:352;41,47261221;2,49717279;1775,27369976882;5824,38896514953;20,632812;59,853516;1000;58,25;4CA1B2;ABR420;1014,2;;;;;;-126,914062;247,0;0,412;-992,0;-928;64;276,76;233,3771;No alert, no SPI, aircraft airbone;36,29420870761354;21,570270414321158
CAT048;20;129;00:42:03:352;41,46952004;2,4917516;1752,41848159768;5749,40465116492;20,328125;59,963379;1000;57,5;4CA1B2;ABR420;1014,2;;;;;;-127,792969;245,0;0,412;-1088,0;-1152;64;275,0;232,8333;No alert, no SPI, aircraft airbone;36,05139184970367;21,38258232142182
CAT048;20;129;00:42:07:344;41,46647616;2,48639194;1729,56315474119;5674,41998060109;20,027344;60,073242;1000;56,75;4CA1B2;ABR420;1014,2;-2,637;-127,969;274,0;-0,125;272,0;-128,671875;244,0;0,408;-1152,0;-1024;64;273,68;231,828;No alert, no SPI, aircraft airbone;35,811300952687155;21,1978307688049
CAT048;20;129;00:42:11:336;41,46334158;2,48119348;1714,32756091096;5624,4344349391;19,730469;60,210571;1000;56,25;4CA1B2;ABR420;1014,2;;;;;;-129,199219;242,0;0,404;-992,0;-864;64;271,26;231,438;No alert, no SPI, aircraft airbone;35,578508516396084;21,00772068349196
CAT048;20;129;00:42:15:336;41,46017238;2,47601825;1699,09187622368;5574,44859118971;19,433594;60,358887;1000;55,75;4CA1B2;ABR420;1014,2;;;;;;-129,550781;240,0;0,4;-896,0;-704;64;269,06;231,037;No alert, no SPI, aircraft airbone;35,346760185597695;20,815557941702384
CAT048;20;129;00:42:19:336;41,45706123;2,47099534;1683,85600173287;5524,46212472527;19,144531;60,512695;1000;55,25;4CA1B2;ABR420;1014,2;;;;;;-129,550781;237,0;0,396;-640,0;-640;64;266,86;230,9326;No alert, no SPI, aircraft airbone;35,1218299797823;20,626951792299327
CAT048;20;129;00:42:23:328;41,45391866;2,46599232;1668,62004686147;5474,47539454498;18,855469;60,67749;1000;54,75;4CA1B2;ABR420;1014,2;0,352;-129,023;264,0;0,062;260,0;-129,550781;234,0;0,392;-704,0;-576;64;264,0;230,9985;No alert, no SPI, aircraft airbone;34,89779227202835;20,436482508130606
CAT048;20;129;00:42:27:328;41,4508231;2,46094576;1661,00410523172;5449,48870860845;18,566406;60,836792;1000;54,5;4CA1B2;ABR420;1014,2;;;;;;-129,375;232,0;0,384;-736,0;-608;64;261,14;231,0645;No alert, no SPI, aircraft airbone;34,67174349684213;20,248828148114818
CAT048;20;129;00:42:31:320;41,44781402;2,45603553;1645,76800744608;5399,5015095494;18,285156;60,996094;1000;54,0;4CA1B2;ABR420;1014,2;;;;;;-129,023438;230,0;0,384;-736,0;-544;64;259,16;231,2677;No alert, no SPI, aircraft airbone;34,451779082063084;20,06642713720121
CAT048;20;129;00:42:35:320;41,44487523;2,45106562;1638,15194554161;5374,51442901074;18,003906;61,144409;1000;53,75;4CA1B2;ABR420;1014,2;;;;;;-128,671875;227,0;0,376;-672,0;-512;64;254,98;231,6907;No alert, no SPI, aircraft airbone;34,22906461554449;19,888230542998972
CAT048;20;129;00:42:39:313;41,4419893;2,44615854;1622,91579048429;5324,52704205247;17,726562;61,292725;1000;53,25;4CA1B2;ABR420;1014,2;1,23;-127,793;252,0;0,125;250,0;-128,320312;224,0;0,372;-832,0;-544;64;252,34;232,0807;No alert, no SPI, aircraft airbone;34,00913777975371;19,713241333307067
CAT048;20;129;00:42:43:305;41,43917703;2,44128893;1615,29957492929;5299,53945741101;17,453125;61,435547;1000;53,0;4CA1B2;ABR420;1014,2;;;;;;-127,96875;222,0;0,368;-576,0;-544;64;249,92;232,4872;No alert, no SPI, aircraft airbone;33,790844351392614;19,54269656557182
CAT048;20;129;00:42:47:305;41,43640784;2,43638596;1607,68335625064;5274,55186252134;17,179688;61,572876;1000;52,75;4CA1B2;ABR420;1014,2;;;;;;-127,265625;219,0;0,364;-480,0;-224;64;246,62;233,0804;No alert, no SPI, aircraft airbone;33,57100445365182;19,374734799601544
CAT048;20;129;00:42:51:297;41,43371826;2,43162055;1600,06698422506;5249,56376452496;16,914062;61,710205;1000;52,5;4CA1B2;ABR420;1014,2;;;;;;-126,5625;217,0;0,36;-448,0;-544;64;244,2;233,833;No alert, no SPI, aircraft airbone;33,35731353719382;19,211612364622916
CAT048;20;129;00:42:55:297;41,431088;2,42671834;1584,83070895914;5199,5759831815;16,644531;61,831055;1000;52,0;4CA1B2;ABR420;1014,2;-0,703;-126,035;242,0;-0,062;238,0;-126,738281;215,0;0,356;-960,0;-1056;64;241,34;233,9374;No alert, no SPI, aircraft airbone;33,13740079824128;19,052007155348402
CAT048;20;129;00:42:59:289;41,42846688;2,42200942;1561,97420974169;5124,58746628892;16,382812;61,968384;1000;51,25;4CA1B2;ABR420;1014,2;;;;;;-126,914062;215,0;0,356;-1024,0;-1056;64;240,68;233,7946;No alert, no SPI, aircraft airbone;32,9261897136233;18,893035558965327
CAT048;20;129;00:43:03:289;41,42581023;2,41722522;1539,11772070453;5049,59898279624;16,117188;62,111206;1000;50,5;4CA1B2;ABR420;1014,2;;;;;;-127,089844;213,0;0,352;-928,0;-928;64;239,8;233,6517;No alert, no SPI, aircraft airbone;32,711581429029856;18,73191654485755
CAT048;20;129;00:43:07:289;41,42323074;2,41257517;1523,88108788151;4999,61002836518;15,859375;62,254028;1000;50,0;4CA1B2;ABR420;1014,2;;;;;;-126,914062;212,0;0,352;-992,0;-736;64;238,26;233,3661;No alert, no SPI, aircraft airbone;32,50297266317017;18,575486700001118
CAT048;20;129;00:43:11:281;41,42061546;2,4078443;1516,26446944475;4974,62112193312;15,597656;62,402344;1000;49,75;4CA1B2;ABR420;1014,2;2,637;-125,859;236,0;0,281;232,0;-126,210938;210,0;0,348;-768,0;-416;64;236,5;233,9539;No alert, no SPI, aircraft airbone;32,290716732278916;18,416891873924428
CAT048;20;129;00:43:15:281;41,41809261;2,40314506;1508,64780238457;4949,63205597539;15,339844;62,539673;1000;49,5;4CA1B2;ABR420;1014,2;;;;;;-125,15625;208,0;0,344;-704,0;-448;64;233,42;234,9426;No alert, no SPI, aircraft airbone;32,0798263735241;18,26386331511871
CAT048;20;129;00:43:19:273;41,41561863;2,39851334;1493,41104439087;4899,64269087935;15,085938;62,677002;1000;49,0;4CA1B2;ABR420;1014,2;;;;;;-124,804688;206,0;0,34;-1056,0;-1024;64;231,88;235,5524;No alert, no SPI, aircraft airbone;31,871943998121868;18,113801633385282
CAT048;20;129;00:43:23:266;41,41322001;2,39374252;1462,93437501322;4799,65361491839;14,828125;62,792358;1000;48,0;4CA1B2;ABR420;1014,2;;;;;;-124,804688;207,0;0,34;-1600,0;-1728;64;231,22;235,7556;No alert, no SPI, aircraft airbone;31,657729774917197;17,968219906755138
CAT048;20;129;00:43:27:266;41,41084487;2,38905166;1432,45759593789;4699,66417905685;14,574219;62,913208;1000;47,0;4CA1B2;ABR420;1014,2;-1,406;-124,453;232,0;-0,125;230,0;-125,15625;208,0;0,344;-1600,0;-1600;64;231,88;235,5524;No alert, no SPI, aircraft airbone;31,44709843329296;17,824086930242043
CAT048;20;129;00:43:31:258;41,40844411;2,38437646;1401,98074888065;4599,67452015761;14,320312;63,045044;1000;46,0;4CA1B2;ABR420;1014,2;;;;;;-125,859375;207,0;0,34;-1056,0;-800;64;232,1;235,0031;No alert, no SPI, aircraft airbone;31,237170920699207;17,67843459246781
CAT048;20;129;00:43:35:258;41,40597463;2,37972868;1394,36381497607;4574,68457872608;14,066406;63,198853;1000;45,75;4CA1B2;ABR420;1014,2;;;;;;-126,386719;204,0;0,336;-736,0;-512;64;228,8;234,4318;No alert, no SPI, aircraft airbone;31,028498400070735;17,528682289460725
CAT048;20;129;00:43:39:250;41,40350532;2,3752774;1379,1266823709;4524,69398458975;13,820312;63,374634;1000;45,25;4CA1B2;ABR420;1014,2;;;;;;-126,738281;201,0;0,328;-768,0;-736;64;225,5;233,8385;No alert, no SPI, aircraft airbone;30,82868227226983;17,37902087607555
CAT048;20;129;00:43:43:250;41,40103795;2,37082168;1363,88951190375;4474,70326623429;13,574219;63,555908;1000;44,75;4CA1B2;ABR420;1014,2;-1,582;-126,562;224,0;-0,125;220,0;-127,265625;200,0;0,328;-1024,0;-992;64;223,96;233,5364;No alert, no SPI, aircraft airbone;30,62864958425151;17,22948456264039
CAT048;20;129;00:43:47:250;41,39856567;2,36646791;1341,03222213592;4399,71215567242;13,332031;63,753662;1000;44,0;4CA1B2;ABR420;1014,2;;;;;;-127,441406;199,0;0,324;-1184,0;-1120;64;222,86;233,0255;No alert, no SPI, aircraft airbone;30,43320756301971;17,079699712147978
CAT048;20;129;00:43:51:242;41,39608859;2,36201712;1318,17496350966;4324,72114728105;13,085938;63,951416;1000;43,25;4CA1B2;ABR420;1014,2;;;;;;-127,792969;199,0;0,324;-1184,0;-1184;64;221,32;232,7124;No alert, no SPI, aircraft airbone;30,23337177469377;16,929603251601872
CAT048;20;129;00:43:55:242;41,39361824;2,35775046;1295,31753144413;4249,72956986317;12,847656;64,171143;1000;42,5;4CA1B2;ABR420;1014,2;;;;;;-127,96875;198,0;0,324;-1248,0;-1184;64;221,1;232,3499;No alert, no SPI, aircraft airbone;30,041832738573113;16,779984114437422
CAT048;20;129;00:43:59:234;41,39111926;2,35349728;1272,46004653163;4174,73781906284;12,609375;64,407349;1000;41,75;4CA1B2;ABR420;1014,2;-0,703;-127,793;220,0;-0,031;216,0;-128,144531;198,0;0,324;-1184,0;-1184;64;220,44;232,1906;No alert, no SPI, aircraft airbone;29,85090092643677;16,628662163221858
CAT048;20;129;00:44:03:234;41,38864175;2,34932672;1241,98247172963;4074,74577254944;12,375;64,654541;1000;40,75;4CA1B2;ABR420;1014,2;;;;;;-128,320312;198,0;0,32;-1184,0;-1184;64;219,56;232,0312;No alert, no SPI, aircraft airbone;29,663676035113024;16,478665275516104
CAT048;20;129;00:44:07:227;41,38611873;2,34498207;1219,12497283891;3999,7539758888;12,132812;64,907227;1000;40,0;4CA1B2;ABR420;1014,2;;;;;;-128,320312;198,0;0,32;-1248,0;-1184;64;219,56;232,0312;No alert, no SPI, aircraft airbone;29,46859474838281;16,325889443866156
CAT048;20;129;00:44:11:227;41,38361886;2,34071285;1196,26738906745;3924,76190074805;11,894531;65,170898;1000;39,25;4CA1B2;ABR420;1014,2;;;;;;-128,496094;197,0;0,32;-1216,0;-1184;64;218,9;231,8719;No alert, no SPI, aircraft airbone;29,276894849898955;16,174537050001256
CAT048;20;129;00:44:15:219;41,38113634;2,3366172;1173,40965641942;3849,76933716709;11,664062;65,456543;1000;38,5;4CA1B2;ABR420;1014,2;0,0;-128,145;218,0;0,031;214,0;-128,496094;197,0;0,32;-1248,0;-1184;64;218,24;232,0752;No alert, no SPI, aircraft airbone;29,09301221023647;16,024292501644496
CAT048;20;129;00:44:19:227;41,37863324;2,33233694;1150,5520075215;3774,77704835685;11,425781;65,742188;1000;37,75;4CA1B2;ABR420;1014,2;;;;;;-128,496094;197,0;0,32;-1248,0;-1184;64;217,36;231,9159;No alert, no SPI, aircraft airbone;28,900785963414457;15,872761372035914
CAT048;20;129;00:44:23:219;41,37615781;2,32812819;1127,6942806663;3699,78450378122;11,191406;66,038818;1000;37,0;4CA1B2;ABR420;1014,2;;;;;;-128,496094;196,0;0,316;-1216,0;-1184;64;216,7;232,1246;No alert, no SPI, aircraft airbone;28,711762994400598;15,72292266912568
CAT048;20;129;00:44:27:219;41,37367054;2,32392435;1097,21651297715;3599,79182443594;10,957031;66,351929;1000;36,0;4CA1B2;ABR420;1014,2;;;;;;-128,496094;196,0;0,316;-1184,0;-1152;64;216,04;231,9598;No alert, no SPI, aircraft airbone;28,522952585639075;15,57238477660309
CAT048;20;129;00:44:31:219;41,37116551;2,31981139;1074,35865083802;3524,79883601543;10,726562;66,692505;1000;35,25;4CA1B2;ABR420;1014,2;-0,527;-128,32;216,0;-0,062;212,0;-128,671875;195,0;0,316;-1184,0;-1152;64;215,16;231,795;No alert, no SPI, aircraft airbone;28,33824082613334;15,420820572392882
CAT048;20;129;00:44:35:211;41,36873067;2,31564993;1051,50079621281;3449,80587224685;10,496094;67,022095;1000;34,5;4CA1B2;ABR420;1014,2;;;;;;-128,496094;195,0;0,312;-1248,0;-1248;64;215,16;231,795;No alert, no SPI, aircraft airbone;28,151293760702345;15,273458755435684
CAT048;20;129;00:44:39:211;41,36628869;2,31148393;1028,64290813357;3374,81279872093;10,265625;67,368164;1000;33,75;4CA1B2;ABR420;1014,2;;;;;;-128,144531;195,0;0,312;-1312,0;-1312;64;214,5;232,0038;No alert, no SPI, aircraft airbone;27,964130649274146;15,125676336134354
CAT048;20;129;00:44:43:211;41,36385871;2,30730762;998,164992766455;3274,8196348679;10,035156;67,72522;1000;32,75;4CA1B2;ABR420;1014,2;;;;;;-127,792969;195,0;0,312;-1376,0;-1344;64;214,72;232,3773;No alert, no SPI, aircraft airbone;27,77648263616089;14,9786193095774
CAT048;20;129;00:44:47:203;41,36143994;2,30311057;975,307055366226;3199,82639952773;9,804688;68,093262;1000;32,0;4CA1B2;ABR420;1014,2;7,559;-125,684;214,0;0,688;210,0;-125,15625;195,0;0,312;-1248,0;-1216;64;214,72;233,7122;No alert, no SPI, aircraft airbone;27,587878870166975;14,832237068273304
CAT048;20;129;00:44:51:211;41,35914965;2,29883678;952,449142412283;3124,83324439191;9,574219;68,428345;1000;31,25;4CA1B2;ABR420;1014,2;;;;;;-121,816406;195,0;0,312;-1248,0;-1248;64;214,28;237,2003;No alert, no SPI, aircraft airbone;27,39574025774159;14,69354468978263
CAT048;20;129;00:44:55:203;41,3570576;2,29436572;921,971324027516;3024,84039872244;9,339844;68,692017;1000;30,25;4CA1B2;ABR420;1014,2;;;;;;-118,476562;196,0;0,312;-1440,0;-1472;64;212,96;240,4193;No alert, no SPI, aircraft airbone;27,194592707150047;14,566688514575057
CAT048;20;129;00:44:59:203;41,35517787;2,28968927;891,493595929816;2924,84784927038;9,101562;68,873291;1000;29,25;4CA1B2;ABR420;1014,2;;;;;;-115,664062;196,0;0,312;-1504,0;-1440;64;212,96;243,1934;No alert, no SPI, aircraft airbone;26,984064515732403;14,45251174266846
CAT048;20;129;00:45:03:195;41,35351598;2,28499313;861,01585157495;2824,85524648116;8,867188;68,983154;1000;28,25;4CA1B2;ABR420;1014,2;4,043;-114,609;212,0;0,375;210,0;-113,730469;195,0;0,312;-1504,0;-1472;64;211,42;245,3741;No alert, no SPI, aircraft airbone;26,772545772858372;14,351403846866884
CAT048;20;129;00:45:07:188;41,35199521;2,28022;838,158107260242;2749,86264462369;8,632812;69,038086;1000;27,5;4CA1B2;ABR420;1014,2;;;;;;-112,851562;195,0;0,308;-1408,0;-1408;64;210,54;246,4783;No alert, no SPI, aircraft airbone;26,557480285986745;14,258746726354127
CAT048;20;129;00:45:11:188;41,35048435;2,27535423;807,680350572802;2649,87000137327;8,394531;69,082031;1000;26,5;4CA1B2;ABR420;1014,2;;;;;;-112,5;193,0;0,308;-1408,0;-1312;64;209,22;246,6211;No alert, no SPI, aircraft airbone;26,338214567761373;14,166667742452633
CAT048;20;129;00:45:15:180;41,34902389;2,27074068;777,202417471446;2549,87677933702;8,167969;69,136963;1000;25,5;4CA1B2;ABR420;1014,2;;;;;;-112,324219;190,0;0,3;-1248,0;-1280;64;205,7;246,7969;No alert, no SPI, aircraft airbone;26,13031634118326;14,077698962336905
CAT048;20;129;00:45:19:172;41,34755751;2,2660325;754,344472466968;2474,88351904853;7,9375;69,186401;1000;24,75;4CA1B2;ABR420;1014,2;0,352;-112,852;202,0;-0,031;200,0;-111,972656;187,0;0,296;-1344,0;-1184;64;203,06;247,0935;No alert, no SPI, aircraft airbone;25,91813479063105;13,988358095419873
CAT048;20;129;00:45:23:172;41,34616612;2,26156421;731,486369422637;2399,88974025656;7,71875;69,23584;1000;24,0;4CA1B2;ABR420;1014,2;;;;;;-111,796875;184,0;0,292;-1152,0;-1088;64;199,98;247,0221;No alert, no SPI, aircraft airbone;25,71675534470799;13,903596445612237
CAT048;20;129;00:45:27:172;41,34475797;2,25710421;708,628209012561;2324,89577325677;7,5;69,296265;1000;23,25;4CA1B2;ABR420;1014,2;;;;;;-112,675781;182,0;0,288;-1024,0;-928;64;196,9;246,9507;No alert, no SPI, aircraft airbone;25,515748469528145;13,817842499571842
CAT048;20;129;00:45:31:164;41,34334469;2,25264174;693,389997476712;2274,9016393215;7,28125;69,362183;1000;22,75;4CA1B2;ABR420;1014,2;;;;;;-113,554688;178,0;0,28;-960,0;-832;64;193,16;246,4893;No alert, no SPI, aircraft airbone;25,314623278918965;13,731790513183096
CAT048;20;129;00:45:35:156;41,34190898;2,24828258;678,151689263992;2224,90718820488;7,066406;69,455566;1000;22,25;4CA1B2;ABR420;1014,2;-2,109;-114,609;190,0;-0,188;188,0;-114,433594;176,0;0,276;-992,0;-736;64;190,3;245,451;No alert, no SPI, aircraft airbone;25,118166972729856;13,644433493721607
CAT048;20;129;00:45:39:156;41,34048006;2,24419655;662,913222776726;2174,91221781479;6,863281;69,587402;1000;21,75;4CA1B2;ABR420;1014,2;;;;;;-114,785156;173,0;0,272;-832,0;-832;64;188,54;245,1984;No alert, no SPI, aircraft airbone;24,934043637327036;13,55757153636359
CAT048;20;129;00:45:43:148;41,33901415;2,24004048;640,054737868719;2099,91718618921;6,65625;69,735718;1000;21,0;4CA1B2;ABR420;1014,2;;;;;;-114,609375;173,0;0,272;-864,0;-896;64;187,66;245,072;No alert, no SPI, aircraft airbone;24,746760624998156;13,468480145277914
CAT048;20;129;00:45:47:148;41,33752171;2,2357992;624,816239115782;2049,92210994062;6,445312;69,89502;1000;20,5;4CA1B2;ABR420;1014,2;;;;;;-114,433594;172,0;0,268;-992,0;-864;64;185,02;245,3741;No alert, no SPI, aircraft airbone;24,55562785792853;13,377782775667834
CAT048;20;129;00:45:51:141;41,33614774;2,23168396;609,577658258379;1999,92676432042;6,242188;70,021362;1000;20,0;4CA1B2;ABR420;1014,2;-1,055;-114,961;182,0;-0,094;182,0;-114,257812;171,0;0,268;-992,0;-928;64;182,16;244,9786;No alert, no SPI, aircraft airbone;24,370139264201185;13,294234391087384
CAT048;20;129;00:45:55:141;41,33470699;2,2276048;586,719015671872;1924,9312153769;6,039062;70,197144;1000;19,25;4CA1B2;ABR420;1014,2;;;;;;-113,90625;168,0;0,264;-992,0;-1056;64;180,4;244,7095;No alert, no SPI, aircraft airbone;24,18629821500245;13,20670010008956
CAT048;20;129;00:45:59:141;41,33329795;2,22378477;563,860243940726;1849,93524273049;5,847656;70,405884;1000;18,5;4CA1B2;ABR420;1014,2;;;;;;-113,554688;167,0;0,26;-992,0;-1088;64;177,32;245,3137;No alert, no SPI, aircraft airbone;24,014150218806932;13,121147326402449
CAT048;20;129;00:46:03:133;41,33197382;2,21983167;541,001486276276;1774,93931623466;5,652344;70,559692;1000;17,75;4CA1B2;ABR420;1014,2;;;;;;-113,378906;166,0;0,26;-1120,0;-864;64;176,0;245,473;No alert, no SPI, aircraft airbone;23,835949116230164;13,040657693126489
CAT048;20;129;00:46:07:125;41,33062351;2,21588488;525,762684584595;1724,94324609252;5,457031;70,740967;1000;17,25;4CA1B2;ABR420;1014,2;0,527;-114,258;172,0;0,062;174,0;-113,378906;164,0;0,256;-1088,0;-896;64;172,48;245,6653;No alert, no SPI, aircraft airbone;23,65803543668491;12,95860790555903
CAT048;20;129;00:46:11:125;41,32934264;2,21208809;510,523800979368;1674,94690720515;5,269531;70,916748;1000;16,75;4CA1B2;ABR420;1014,2;;;;;;-113,203125;161,0;0,252;-960,0;-896;64;170,28;245,6927;No alert, no SPI, aircraft airbone;23,486870064751127;12,880770762282324
CAT048;20;129;00:46:15:117;41,32807859;2,20837875;487,664855133742;1599,95036331699;5,085938;71,109009;1000;16,0;4CA1B2;ABR420;1014,2;;;;;;-113,378906;159,0;0,248;-896,0;-864;64;167,42;246,0333;No alert, no SPI, aircraft airbone;23,319645099470158;12,803973129017866
CAT048;20;129;00:46:19:117;41,32683985;2,20465194;472,425880711526;1549,9537264736;4,902344;71,295776;1000;15,5;4CA1B2;ABR420;1014,2;;;;;;-113,554688;155,0;0,24;-832,0;-704;64;163,46;245,7861;No alert, no SPI, aircraft airbone;23,151615038495237;12,728695798405385
CAT048;20;129;00:46:23:109;41,32563115;2,20108817;464,806826572865;1524,95682889332;4,726562;71,504517;1000;15,25;4CA1B2;ABR420;1014,2;-0,176;-114,434;160,0;-0,031;160,0;-113,378906;152,0;0,236;-736,0;-576;64;159,5;245,5225;No alert, no SPI, aircraft airbone;22,990938422109423;12,655270061672887
CAT048;20;129;00:46:27:109;41,32443611;2,19761283;449,56771670375;1474,95974767033;4,554688;71,735229;1000;14,75;4CA1B2;ABR420;1014,2;;;;;;-113,378906;150,0;0,232;-800,0;-768;64;156,2;245,4016;No alert, no SPI, aircraft airbone;22,834248722254443;12,5826932142673
CAT048;20;129;00:46:31:102;41,32325023;2,1941366;426,708576698788;1399,96256677645;4,382812;71,976929;1000;14,0;4CA1B2;ABR420;1014,2;;;;;;-113,027344;149,0;0,232;-928,0;-992;64;154,44;245,094;No alert, no SPI, aircraft airbone;22,677509906373075;12,510671712167293
CAT048;20;129;00:46:35:102;41,32203449;2,1906663;411,469402763993;1349,96527536422;4,210938;72,262573;1000;13,5;4CA1B2;ABR420;1014,2;;;;;;-112,675781;147,0;0,228;-960,0;-896;64;151,8;245,462;No alert, no SPI, aircraft airbone;22,521043711712785;12,436867358263552
CAT048;20;129;00:46:39:102;41,32087198;2,18735265;396,230162860826;1299,96776752031;4,046875;72,559204;1000;13,0;4CA1B2;ABR420;1014,2;-0,527;-114,785;150,0;-0,125;152,0;-111,972656;145,0;0,224;-864,0;-800;64;150,04;245,1434;No alert, no SPI, aircraft airbone;22,37163556428844;12,366301508265138
CAT048;20;129;00:46:43:102;41,31969297;2,18395257;380,990914369002;1249,9702314984;3,878906;72,877808;1000;12,5;4CA1B2;ABR420;1014,2;;;;;;-111,269531;145,0;0,224;-768,0;-736;64;149,16;244,9786;No alert, no SPI, aircraft airbone;22,218320215684802;12,294729878320043
CAT048;20;129;00:46:47:102;41,31853512;2,18072176;365,751599556766;1199,97247788982;3,71875;73,240356;1000;12,0;4CA1B2;ABR420;1014,2;;;;;;-110,390625;143,0;0,22;-768,0;-704;64;148,28;245,6818;No alert, no SPI, aircraft airbone;22,072645008672957;12,224475972375348
CAT048;20;129;00:46:51:094;41,3173884;2,17730267;350,512298985384;1149,97477100321;3,550781;73,586426;1000;11,5;4CA1B2;ABR420;1014,2;;;;;;-110,039062;142,0;0,22;-736,0;-800;64;145,64;246,0773;No alert, no SPI, aircraft airbone;21,918448578299643;12,154847642561522
CAT048;20;129;00:46:55:094;41,3163326;2,17411576;335,272924356163;1099,97682114467;3,394531;73,927002;1000;11,0;4CA1B2;ABR420;1014,2;-0,352;-114,082;146,0;0;148,0;-110,214844;141,0;0,216;-896,0;-768;64;146,08;245,7147;No alert, no SPI, aircraft airbone;21,77471397512234;12,090735591504613
CAT048;20;129;00:46:59:094;41,31522681;2,17076942;312,413552951999;1024,97888106704;3,230469;74,317017;1000;10,25;4CA1B2;ABR420;1014,2;;;;;;-110,742188;143,0;0,22;-832,0;-832;64;146,3;245,3577;No alert, no SPI, aircraft airbone;21,62378291071575;12,023591499290513
CAT048;20;129;00:47:03:094;41,3141184;2,16759493;297,174120705575;974,980742175678;3,074219;74,789429;1000;9,75;4CA1B2;ABR420;1014,2;;;;;;-110,742188;142,0;0,216;-704,0;-864;64;144,98;245,5554;No alert, no SPI, aircraft airbone;21,48061752963202;11,95633838252675
CAT048;20;129;00:47:07:094;41,31302785;2,16440902;281,93466532696;924,982527391305;2,917969;75,289307;1000;9,25;4CA1B2;ABR420;1014,2;;;;;;-110,917969;141,0;0,216;-800,0;-832;64;144,76;245,9125;No alert, no SPI, aircraft airbone;21,336925163785736;11,890158735649154
CAT048;20;129;00:47:11:094;41,31191415;2,16104691;266,695212890394;874,98432225932;2,753906;75,83313;1000;8,75;4CA1B2;ABR420;1014,2;-1,055;-113,906;144,0;-0,031;144,0;-111,269531;139,0;0,216;-672,0;-672;64;143,44;246,1157;No alert, no SPI, aircraft airbone;21,185268590695916;11,822553322934295
CAT048;20;129;00:47:15:094;41,31086328;2,15792532;251,455694803037;824,985901737595;2,601562;76,420898;1000;8,25;4CA1B2;ABR420;1014,2;;;;;;-111,796875;139,0;0,212;-736,0;-704;64;142,78;245,5884;No alert, no SPI, aircraft airbone;21,044462053551108;11,758779542126392
CAT048;20;129;00:47:19:094;41,3097718;2,1546317;236,216176517308;774,987480565044;2,441406;77,096558;1000;7,75;4CA1B2;ABR420;1014,2;;;;;;-112,148438;141,0;0,216;-736,0;-608;64;143,66;245,7532;No alert, no SPI, aircraft airbone;20,895885311643244;11,692534325659482
CAT048;20;129;00:47:23:102;41,30869211;2,15149856;228,59660803806;749,98889551559;2,289062;77,887573;1000;7,5;4CA1B2;ABR420;1014,2;;;;;;-112,5;142,0;0,216;-800,0;-512;64;144,32;246,275;No alert, no SPI, aircraft airbone;20,754556352032864;11,62703990998835
CAT048;20;129;00:47:27:102;41,30760781;2,14818355;213,35703824088;699,990305342208;2,128906;78,755493;1000;7,0;4CA1B2;ABR420;1014,2;-2,285;-114,082;146,0;-0,312;148,0;-113,203125;143,0;0,22;-608,0;-640;64;145,64;246,0773;No alert, no SPI, aircraft airbone;20,60500039222281;11,56123119960565
CAT048;20;129;00:47:31:109;41,30650208;2,14486098;198,117440680042;649,991624080709;1,96875;79,799194;1000;6,5;4CA1B2;ABR420;1014,2;;;;;;-113,90625;144,0;0,22;-704,0;-640;64;147,4;245,5225;No alert, no SPI, aircraft airbone;20,455104286160132;11,494141304105478
CAT048;20;129;00:47:35:117;41,30535875;2,14152911;182,877815324813;599,99285163026;1,808594;81,095581;1000;6,0;4CA1B2;ABR420;1014,2;;;;;;-114,082031;144,0;0,22;-672,0;-704;64;147,62;245,1654;No alert, no SPI, aircraft airbone;20,304794175598396;11,424800175254873
CAT048;20;129;00:47:39:133;41,30420471;2,13826172;167,638154868968;549,993964020304;1,652344;82,677612;1000;5,5;4CA1B2;ABR420;1014,2;;;;;;-114,257812;145,0;0,22;-640,0;-768;64;147,4;245,5225;No alert, no SPI, aircraft airbone;20,15739789889433;11,35483743801094
CAT048;20;129;00:47:43:148;41,30305486;2,13496012;152,398470498621;499,994997950697;1,496094;84,572754;1000;5,0;4CA1B2;ABR420;1014,2;-0,176;-114,961;148,0;-0,031;150,0;-114,082031;145,0;0,22;-896,0;-768;64;149,16;244,9786;No alert, no SPI, aircraft airbone;20,008448141847623;11,285123667763973
CAT048;20;129;00:47:47:172;41,3018861;2,13178848;137,158747343346;449,995904633945;1,347656;86,967773;1000;4,5;4CA1B2;ABR420;1014,2;;;;;;-113,378906;145,0;0,22;-864,0;-896;64;148,28;245,6818;No alert, no SPI, aircraft airbone;19,865375893401175;11,214311128900276
CAT048;20;129;00:47:51:195;41,30074474;2,12820623;121,919029580429;399,996829008655;1,183594;89,868164;1000;4,0;4CA1B2;ABR420;1014,2;;;;;;-112,675781;146,0;0,22;-928,0;-896;64;148,28;245,6818;No alert, no SPI, aircraft airbone;19,70372145744331;11,145054219347726
CAT048;20;129;00:47:55:234;41,29960764;2,12488602;99,0592616135255;324,997587872119;1,035156;93,630981;1000;3,25;4CA1B2;ABR420;1014,2;;;;;;-112,851562;144,0;0,22;-832,0;-768;64;148,28;245,6818;No alert, no SPI, aircraft airbone;19,55391047405122;11,076118105277432
CAT048;20;129;00:47:59:281;41,29845949;2,12160192;83,8194634877145;274,998248589033;0,894531;98,64624;1000;2,75;4CA1B2;ABR420;1014,2;-1,23;-114,961;146,0;-0,219;146,0;-113,027344;143,0;0,216;-704,0;-768;64;146,74;245,0061;No alert, no SPI, aircraft airbone;19,405730593923508;11,006533093224908
CAT048;20;129;00:48:03:352;41,29729372;2,11827622;68,57963993866;224,998825896353;0,761719;105,567627;1000;2,25;4CA1B2;ABR420;1014,2;;;;;;-112,324219;143,0;0,216;-736,0;-672;64;145,86;244,8358;No alert, no SPI, aircraft airbone;19,255669312632737;10,935887869028393
CAT048;20;129;00:48:07:453;41,29615542;2,11487025;60,9597908556461;199,999320230838;0,640625;115,197144;1000;2,0;4CA1B2;ABR420;1014,2;;;;;;-111,796875;142,0;0,216;-736,0;-736;64;145,42;245,1929;No alert, no SPI, aircraft airbone;19,10196444434084;10,866878141741173
CAT048;20;129;00:48:11:594;41,29498236;2,11158435;45,7199091669172;149,999706791189;0,550781;128,52356;1000;1,5;4CA1B2;ABR420;1014,2;;;;;;-111,09375;142,0;0,216;-768,0;-672;64;145,64;246,0773;No alert, no SPI, aircraft airbone;18,953694600030072;10,795816012771382
CAT048;20;129;00:48:15:781;41,29380966;2,10812415;30,4800031306222;100,000013471071;0,496094;146,425781;1000;1,0;4CA1B2;ABR420;1014,2;-1,406;-113,555;146,0;-0,219;146,0;-111,09375;142,0;0,216;-832,0;-768;64;145,2;246,4343;No alert, no SPI, aircraft airbone;18,797536202828073;10,724743543176713
CAT048;20;129;00:48:20:008;41,2926668;2,10465541;7,62006587162614;25,0002169142659;0,496094;166,300049;1000;0,25;4CA1B2;ABR420;1014,2;;;;;;-112,324219;142,0;0,216;-800,0;-672;64;146,08;245,7147;No alert, no SPI, aircraft airbone;18,64097752074012;10,655464907098558
CAT048;20;129;00:48:24:195;41,29147836;2,10120203;9,85870137810707e-05;0,0003234482182934;0,554688;184,004517;1000;-0,25;4CA1B2;ABR420;1014,2;;;;;;-112,148438;143,0;0,216;-992,0;-480;64;147,4;245,5225;No alert, no SPI, aircraft airbone;18,485120891504963;10,583462431350661
CAT048;20;129;00:48:28:336;41,29031152;2,09780112;0,0001009097322821;0,0003310686860606;0,652344;197,171631;1000;-0,5;4CA1B2;ABR420;1014,2;;;;;;-112,324219;139,0;0,212;-224,0;-32;64;146,08;245,7147;No alert, no SPI, aircraft airbone;18,331625808416316;10,51277246841455
CAT048;20;129;00:48:32:430;41,28930892;2,09461924;7,3874369263649e-05;0,0002423699856549;0,761719;206,218872;1000;-0,75;4CA1B2;ABR420;1014,2;-0,176;-114,434;134,0;0,062;126,0;-114,082031;124,0;0,188;-352,0;-64;64;132,88;245,5554;No alert, no SPI, aircraft airbone;18,187986769322087;10,45198324475863
CAT048;20;129;00:48:36:484;41,28836904;2,09188759;3,19350510835648e-05;0,000104773792997;0,871094;211,882324;1000;-0,5;4CA1B2;ABR420;1014,2;;;;;;-115,3125;108,0;0,164;-32,0;-64;64;116,38;245,6323;No alert, no SPI, aircraft airbone;18,064690587920822;10,395053556859121
CAT048;20;129;00:48:40:523;41,28755321;2,08947101;-2,15647742152214e-05;-7,0750573836267e-05;0,972656;215,831909;1000;-0,5;4CA1B2;ABR420;1014,2;;;;;;-114,960938;93,0;0,152;-128,0;-64;64;100,32;245,2203;No alert, no SPI, aircraft airbone;17,95560824299763;10,345631520133196
CAT048;20;129;01:08:29:438;41,32311642;2,59572385;1714,1550554242;5623,86847203793;22,382812;86,390991;1000;56,25;345116;VLG2691;1014,0;;;;;;-81,386719;250,0;0,416;-1664,0;-1536;2756;280,94;279,223;No alert, no SPI, aircraft airbone;40,83209640086708;12,648754792741599
CAT048;20;129;01:08:33:430;41,32395239;2,58892216;1676,06456049066;5498,89965264018;22,078125;86,21521;1000;55,0;345116;VLG2691;1014,0;;;;;;-81,386719;250,0;0,416;-1600,0;-1536;2756;279,84;279,256;No alert, no SPI, aircraft airbone;40,52409983399189;12,695715791724497
CAT048;20;129;01:08:37:422;41,32468709;2,58212003;1645,59393014945;5398,93038979152;21,773438;86,050415;1000;54,0;345116;VLG2691;1014,0;0,0;-80,859;280,0;0;278,0;-81,386719;250,0;0,416;-1568,0;-1472;2756;279,84;279,256;No alert, no SPI, aircraft airbone;40,2161530039842;12,736627673844259
CAT048;20;129;01:08:41:414;41,32546465;2,5753925;1622,74307225831;5323,96038118795;21,472656;85,874634;1000;53,25;345116;VLG2691;1014,0;;;;;;-81,386719;250,0;0,416;-1440,0;-1440;2756;278,96;279,2889;No alert, no SPI, aircraft airbone;39,911559256103786;12,780167878831675
CAT048;20;129;01:08:45:406;41,32634606;2,56865443;1592,27210792527;5223,99002256553;21,171875;85,67688;1000;52,25;345116;VLG2691;1014,0;;;;;;-81,386719;249,0;0,412;-1472,0;-1440;2756;278,96;279,2889;No alert, no SPI, aircraft airbone;39,6064336383249;12,829954416742757
CAT048;20;129;01:08:49:398;41,3271923;2,56191378;1561,80101745389;5124,01925010343;20,871094;85,479126;1000;51,25;345116;VLG2691;1014,0;;;;;;-81,386719;250,0;0,412;-1600,0;-1536;2756;277,86;279,3219;No alert, no SPI, aircraft airbone;39,30122048125477;12,877654287425306
CAT048;20;129;01:08:53:391;41,32803613;2,55516744;1531,32980675064;5024,04808317977;20,570312;85,275879;1000;50,25;345116;VLG2691;1014,0;0,0;-80,859;278,0;0,094;276,0;-81,386719;250,0;0,412;-1280,0;-1504;2756;277,64;279,1187;No alert, no SPI, aircraft airbone;38,9957593008847;12,925230666339385
CAT048;20;129;01:08:57:383;41,32884907;2,548505;1500,85836007446;4924,07614206669;20,273438;85,072632;1000;49,25;345116;VLG2691;1014,0;;;;;;-81,386719;249,0;0,412;-1472,0;-1472;2756;277,64;279,1187;No alert, no SPI, aircraft airbone;38,694116542288754;12,971015450600504
CAT048;20;129;01:09:01:375;41,32952546;2,54176501;1470,38687572535;4824,10407735476;19,972656;84,885864;1000;48,25;345116;VLG2691;1014,0;;;;;;-81,386719;250,0;0,412;-1504,0;-1536;2756;276,76;279,1516;No alert, no SPI, aircraft airbone;38,38905539586712;13,008600553397734
CAT048;20;129;01:09:05:367;41,33029955;2,53509532;1439,9151843451;4724,13133340677;19,675781;84,677124;1000;47,25;345116;VLG2691;1014,0;;;;;;-81,386719;250,0;0,412;-1472,0;-1536;2756;276,76;279,1516;No alert, no SPI, aircraft airbone;38,0871215616652;13,052098743336193
CAT048;20;129;01:09:09:359;41,33106783;2,52842011;1409,44337429199;4624,15820011214;19,378906;84,462891;1000;46,25;345116;VLG2691;1014,0;0,176;-80,859;276,0;0,094;274,0;-81,386719;250,0;0,408;-1376,0;-1504;2756;276,76;279,1516;No alert, no SPI, aircraft airbone;37,78494856988453;13,095269204752487
CAT048;20;129;01:09:13:352;41,33195021;2,52172387;1378,97147291899;4524,18476721153;19,082031;84,221191;1000;45,25;345116;VLG2691;1014,0;;;;;;-81,386719;250,0;0,408;-1472,0;-1504;2756;275,66;279,1846;No alert, no SPI, aircraft airbone;37,48176696176438;13,145296074538608
CAT048;20;129;01:09:17:336;41,33288626;2,51509929;1348,49936637934;4424,210661192;18,789062;83,963013;1000;44,25;345116;VLG2691;1014,0;;;;;;-81,386719;250,0;0,408;-1440,0;-1472;2756;275,66;279,1846;No alert, no SPI, aircraft airbone;37,181802098210426;13,198595211869314
CAT048;20;129;01:09:21:328;41,33380009;2,50838181;1318,0272424724;4324,23649819313;18,492188;83,699341;1000;43,25;345116;VLG2691;1014,0;;;;;;-81,386719;250,0;0,408;-1568,0;-1504;2756;274,78;279,2175;No alert, no SPI, aircraft airbone;36,87765910772116;13,250545375882844
CAT048;20;129;01:09:25:328;41,33464586;2,50175201;1287,5548873581;4224,26157663995;18,199219;83,441162;1000;42,25;345116;VLG2691;1014,0;0,0;-80,859;274,0;0;272,0;-81,386719;250,0;0,408;-1504,0;-1536;2756;274,78;279,2175;No alert, no SPI, aircraft airbone;36,57752535678927;13,298474283609407
CAT048;20;129;01:09:29:320;41,33530478;2,49514187;1257,08237132989;4124,28612715395;17,90625;83,210449;1000;41,25;345116;VLG2691;1014,0;;;;;;-81,386719;250,0;0,408;-1664,0;-1504;2756;273,9;279,2505;No alert, no SPI, aircraft airbone;36,278390891902006;13,335229156685749
CAT048;20;129;01:09:33:313;41,33611159;2,48841435;1226,60987365898;4024,31073789532;17,609375;82,941284;1000;40,25;345116;VLG2691;1014,0;;;;;;-81,210938;250,0;0,404;-1472,0;-1440;2756;273,9;279,2505;No alert, no SPI, aircraft airbone;35,973876112889265;13,380826958456078
CAT048;20;129;01:09:37:297;41,33703255;2,48192015;1196,13700790796;3924,33414102477;17,324219;82,644653;1000;39,25;345116;VLG2691;1014,0;;;;;;-81,210938;250,0;0,404;-1504,0;-1344;2756;273,9;279,2505;No alert, no SPI, aircraft airbone;35,679852243440685;13,433388961345104
CAT048;20;129;01:09:41:289;41,33777832;2,47526716;1173,2841766011;3849,35765795994;17,03125;82,369995;1000;38,5;345116;VLG2691;1014,0;0,0;-80,684;272,0;0;270,0;-81,210938;249,0;0,404;-1024,0;-1056;2756;272,8;279,2889;No alert, no SPI, aircraft airbone;35,378753979367836;13,47540266892808
CAT048;20;129;01:09:45:281;41,33851167;2,46869436;1150,43113646377;3774,38048975579;16,742188;82,089844;1000;37,75;345116;VLG2691;1014,0;;;;;;-81,210938;249,0;0,404;-992,0;-992;2756;271,92;279,3219;No alert, no SPI, aircraft airbone;35,081293376018735;13,516726762939912
CAT048;20;129;01:09:49:273;41,33925818;2,46219695;1127,57789923064;3699,40267491187;16,457031;81,798706;1000;37,0;345116;VLG2691;1014,0;;;;;;-81,386719;249,0;0,4;-992,0;-1024;2756;272,8;279,2889;No alert, no SPI, aircraft airbone;34,787239677316094;13,55889249253899
CAT048;20;129;01:09:53:266;41,33998754;2,45551445;1112,3447273504;3649,42507528028;16,164062;81,496582;1000;36,5;345116;VLG2691;1014,0;;;;;;-81,5625;250,0;0,404;-1056,0;-1024;2756;273,9;279,2505;No alert, no SPI, aircraft airbone;34,48483637405002;13,599978512403766
CAT048;20;129;01:09:57:258;41,34085988;2,44897107;1089,49130702764;3574,44665974856;15,878906;81,156006;1000;35,75;345116;VLG2691;1014,0;-0,352;-80,684;274,0;-0,031;270,0;-81,5625;250,0;0,404;-1056,0;-1024;2756;273,9;279,2505;No alert, no SPI, aircraft airbone;34,18865287160427;13,649716430408906
CAT048;20;129;01:10:01:250;41,34171367;2,44233073;1066,63785865158;3499,46815217844;15,589844;80,804443;1000;35,0;345116;VLG2691;1014,0;;;;;;-81,738281;250,0;0,4;-1024,0;-992;2756;272,8;279,2889;No alert, no SPI, aircraft airbone;33,88810468230794;13,698326494246151
CAT048;20;129;01:10:05:234;41,34256558;2,43576097;1051,40421984997;3449,48902065256;15,304688;80,441895;1000;34,5;345116;VLG2691;1014,0;;;;;;-81,914062;249,0;0,4;-640,0;-640;2756;270,82;279,3549;No alert, no SPI, aircraft airbone;33,59075493606071;13,74687385717139
CAT048;20;129;01:10:09:227;41,34346171;2,42925437;1036,17040621769;3399,50931553524;15,023438;80,057373;1000;34,0;345116;VLG2691;1014,0;;;;;;-81,914062;246,0;0,396;-416,0;-352;2756;268,62;279,212;No alert, no SPI, aircraft airbone;33,296244813409444;13,798119500723125
CAT048;20;129;01:10:13:219;41,34417679;2,42294664;1028,55627449602;3374,52856761752;14,75;79,705811;1000;33,75;345116;VLG2691;1014,0;-0,352;-80,859;266,0;-0,031;262,0;-82,089844;243,0;0,388;-320,0;-256;2756;265,54;279,1022;No alert, no SPI, aircraft airbone;33,01082092213141;13,83860508049867
CAT048;20;129;01:10:17:211;41,34491346;2,4165288;1028,56213152967;3374,54778360782;14,472656;79,332275;1000;33,75;345116;VLG2691;1014,0;;;;;;-81,914062;240,0;0,384;-416,0;-256;2756;262,46;278,9923;No alert, no SPI, aircraft airbone;32,72041633745022;13,880364716137143
CAT048;20;129;01:10:21:195;41,34572499;2,41025695;1020,94775349088;3349,56622756302;14,203125;78,931274;1000;33,5;345116;VLG2691;1014,0;;;;;;-81,914062;238,0;0,38;-352,0;-288;2756;258,5;279,1296;No alert, no SPI, aircraft airbone;32,43657876520749;13,926689197814976
CAT048;20;129;01:10:25:188;41,34649403;2,40397976;1013,33326527849;3324,58431005628;13,933594;78,52478;1000;33,25;345116;VLG2691;1014,0;;;;;;-82,089844;234,0;0,376;-352,0;-320;2756;255,42;279,0143;No alert, no SPI, aircraft airbone;32,1525275851244;13,970484061589419
CAT048;20;129;01:10:29:180;41,34711736;2,39790242;1005,71848289296;3299,60142741454;13,671875;78,145752;1000;33,0;345116;VLG2691;1014,0;-0,176;-80,859;252,0;-0,125;248,0;-82,265625;230,0;0,368;-416,0;-320;2756;252,34;279,1241;No alert, no SPI, aircraft airbone;31,877584916045155;14,005634374914685
CAT048;20;129;01:10:33:164;41,34781379;2,39196692;998,103488307446;3274,6178485786;13,417969;77,739258;1000;32,75;345116;VLG2691;1014,0;;;;;;-81,914062;228,0;0,364;-384,0;-320;2756;249,26;279,0033;No alert, no SPI, aircraft airbone;31,609022017974752;14,045238898345307
CAT048;20;129;01:10:37:156;41,34853733;2,38591868;990,488488718867;3249,63425332841;13,160156;77,305298;1000;32,5;345116;VLG2691;1014,0;;;;;;-81,914062;226,0;0,36;-384,0;-320;2756;247,06;278,8495;No alert, no SPI, aircraft airbone;31,335357161566183;14,086446943979375
CAT048;20;129;01:10:41:148;41,34922829;2,37994712;990,49332240317;3249,65011187322;12,90625;76,865845;1000;32,5;345116;VLG2691;1014,0;;;;;;-81,738281;225,0;0,36;-320,0;-320;2756;245,08;278,9209;No alert, no SPI, aircraft airbone;31,065178754118733;14,125747487430553
CAT048;20;129;01:10:45:141;41,34998197;2,37411922;982,877952618524;3224,66530206896;12,660156;76,398926;1000;32,25;345116;VLG2691;1014,0;0,176;-81,035;242,0;0;240,0;-81,738281;223,0;0,356;-384,0;-288;2756;243,1;278,9923;No alert, no SPI, aircraft airbone;30,801468377788193;14,168878446499157
CAT048;20;129;01:10:49:125;41,35066703;2,36829364;975,262477870099;3199,68014789534;12,414062;75,932007;1000;32,0;345116;VLG2691;1014,0;;;;;;-81,738281;222,0;0,356;-256,0;-320;2756;241,12;279,0692;No alert, no SPI, aircraft airbone;30,53790069640625;14,207912798947996
CAT048;20;129;01:10:53:117;41,35135886;2,36244589;967,646925116889;3174,69473780049;12,167969;75,443115;1000;31,75;345116;VLG2691;1014,0;;;;;;-81,386719;221,0;0,352;-256,0;-288;2756;239,14;279,1461;No alert, no SPI, aircraft airbone;30,27333352558;14,24736304385741
CAT048;20;129;01:10:57:102;41,35206681;2,35674593;967,651171775535;3174,70867040805;11,929688;74,937744;1000;31,75;345116;VLG2691;1014,0;;;;;;-81,386719;220,0;0,352;-288,0;-352;2756;238,04;278,9429;No alert, no SPI, aircraft airbone;30,015442716634723;14,287848546050597
CAT048;20;129;01:11:01:094;41,3527575;2,35103396;960,03533377219;3149,72232445315;11,691406;74,415894;1000;31,5;345116;VLG2691;1014,0;-0,176;-80,859;238,0;-0,094;236,0;-81,386719;219,0;0,348;-416,0;-320;2756;237,16;279,223;No alert, no SPI, aircraft airbone;29,757022528725436;14,32731174457908
CAT048;20;129;01:11:05:086;41,35337314;2,34514694;952,419515585527;3124,73604351362;11,445312;73,883057;1000;31,25;345116;VLG2691;1014,0;;;;;;-81,386719;218,0;0,348;-352,0;-320;2756;236,28;279,2615;No alert, no SPI, aircraft airbone;29,490731537719135;14,362232052224858
CAT048;20;129;01:11:09:070;41,35413912;2,33953759;944,803432213143;3099,74889254217;11,214844;73,300781;1000;31,0;345116;VLG2691;1014,0;;;;;;-81,386719;216,0;0,344;-352,0;-256;2756;235,18;279,2999;No alert, no SPI, aircraft airbone;29,23692537630964;14,406279018354208
CAT048;20;129;01:11:13:055;41,35485796;2,3339193;937,187260769308;3074,76145262238;10,984375;72,70752;1000;30,75;345116;VLG2691;1014,0;;;;;;-81,386719;213,0;0,34;-352,0;-288;2756;232,1;279,1736;No alert, no SPI, aircraft airbone;28,982741902930773;14,447512416418986
CAT048;20;129;01:11:17:047;41,3554818;2,32840337;929,570923001505;3049,77346702026;10,757812;72,125244;1000;30,5;345116;VLG2691;1014,0;-0,352;-80,859;228,0;-0,031;228,0;-81,386719;212,0;0,336;-320,0;-320;2756;229,24;279,2944;No alert, no SPI, aircraft airbone;28,733230570337884;14,483098874126208
CAT048;20;129;01:11:21:031;41,35612588;2,32293783;929,574470951222;3049,78510727561;10,535156;71,515503;1000;30,5;345116;VLG2691;1014,0;;;;;;-81,386719;210,0;0,336;-256,0;-256;2756;226,16;279,1681;No alert, no SPI, aircraft airbone;28,485991999207698;14,519931321606112
CAT048;20;129;01:11:25:016;41,3567729;2,31753759;921,957895656116;3024,79634238441;10,316406;70,883789;1000;30,25;345116;VLG2691;1014,0;;;;;;-81,386719;207,0;0,332;-128,0;-224;2756;221,98;279,0747;No alert, no SPI, aircraft airbone;28,241707476480574;14,556976700766755
CAT048;20;129;01:11:29:008;41,35734346;2,31223438;914,341170594096;2999,80708613193;10,101562;70,257568;1000;30,0;345116;VLG2691;1014,0;;;;;;-85,957031;204,0;0,324;-320,0;-320;2756;218,46;278,1628;No alert, no SPI, aircraft airbone;28,00184444276408;14,589483136756604
CAT048;20;129;01:11:32:992;41,35769041;2,30672903;914,344453662634;2999,81785735452;9,875;69,658813;1000;30,0;345116;VLG2691;1014,0;-21,27;-87,891;214,0;-2,031;216,0;-94,570312;201,0;0,32;-160,0;-320;2756;215,38;272,1259;No alert, no SPI, aircraft airbone;27,75294660469571;14,608530254718934
CAT048;20;129;01:11:36:992;41,35674639;2,30184524;906,727126779035;2974,82662662173;9,648438;69,521484;1000;29,75;345116;VLG2691;1014,0;;;;;;-100,546875;198,0;0,316;-512,0;-608;2756;211,2;264,2871;No alert, no SPI, aircraft airbone;27,532676034566443;14,550371378508947
CAT048;20;129;01:11:40:977;41,3563122;2,29661819;891,489990577102;2924,83602068498;9,417969;69,169922;1000;29,25;345116;VLG2691;1014,0;;;;;;-105,117188;196,0;0,312;-640,0;-736;2756;209,44;258,4204;No alert, no SPI, aircraft airbone;27,296677325082122;14,522691246770208
CAT048;20;129;01:11:44:977;41,35517817;2,29164498;876,252550494857;2874,84441776555;9,183594;69,071045;1000;28,75;345116;VLG2691;1014,0;;;;;;-107,753906;194,0;0,308;-704,0;-576;2756;207,46;253,7457;No alert, no SPI, aircraft airbone;27,072433308091096;14,453135549857226
CAT048;20;129;01:11:48:969;41,35395265;2,28699027;868,634865091182;2849,85201078575;8,960938;69,032593;1000;28,5;345116;VLG2691;1014,0;-3,164;-108,984;204,0;-0,281;204,0;-109,160156;190,0;0,3;-672,0;-736;2756;204,38;250,8508;No alert, no SPI, aircraft airbone;26,862610582696135;14,378204163691002
CAT048;20;129;01:11:52:961;41,35258426;2,28232525;845,777109622024;2774,85937233232;8,734375;69,043579;1000;27,75;345116;VLG2691;1014,0;;;;;;-110,039062;188,0;0,3;-1056,0;-1184;2756;202,62;249,7742;No alert, no SPI, aircraft airbone;26,652372023579755;14,294713139598471
CAT048;20;129;01:11:56:953;41,35121702;2,27765971;822,91929734312;2699,8665474952;8,507812;69,054565;1000;27,0;345116;VLG2691;1014,0;;;;;;-110,917969;187,0;0,296;-1152,0;-1312;2756;201,52;249,0436;No alert, no SPI, aircraft airbone;26,44210069575076;14,211302202083095
CAT048;20;129;01:12:00:945;41,3498123;2,27310574;800,061369415373;2624,87334323273;8,285156;69,093018;1000;26,25;345116;VLG2691;1014,0;;;;;;-111,972656;187,0;0,296;-1312,0;-1344;2756;201,3;248,4064;No alert, no SPI, aircraft airbone;26,236877232085696;14,125688469052626
CAT048;20;129;01:12:04:945;41,34838918;2,26856599;769,583378634416;2524,87993195894;8,0625;69,142456;1000;25,25;345116;VLG2691;1014,0;-0,879;-112,324;200,0;-0,094;200,0;-112,5;188,0;0,296;-1184,0;-1344;2756;201,08;247,7747;No alert, no SPI, aircraft airbone;26,032294825849892;14,038986308780908
CAT048;20;129;01:12:08:938;41,34694716;2,26403065;746,725330173969;2449,88633224797;7,839844;69,202881;1000;24,5;345116;VLG2691;1014,0;;;;;;-113,203125;188,0;0,296;-1152,0;-1152;2756;200,42;247,4011;No alert, no SPI, aircraft airbone;25,82791022177717;13,951162734218702
CAT048;20;129;01:12:12:930;41,34545529;2,25952006;723,867212052457;2374,89250399018;7,617188;69,290771;1000;23,75;345116;VLG2691;1014,0;;;;;;-112,675781;189,0;0,296;-1120,0;-1120;2756;199,1;246,9122;No alert, no SPI, aircraft airbone;25,624654517472138;13,860367662240735
CAT048;20;129;01:12:16:930;41,34395239;2,25510699;701,008998137899;2299,89836145074;7,398438;69,400635;1000;23,0;345116;VLG2691;1014,0;;;;;;-112,675781;188,0;0,296;-1216,0;-1184;2756;198,88;246,2695;No alert, no SPI, aircraft airbone;25,425801001110603;13,768950101509297
CAT048;20;129;01:12:20:930;41,34248372;2,25067644;678,150745136663;2224,90409067417;7,179688;69,499512;1000;22,25;345116;VLG2691;1014,0;-0,352;-113,73;196,0;-0,094;196,0;-112,324219;185,0;0,292;-1024,0;-1088;2756;196,68;246,3025;No alert, no SPI, aircraft airbone;25,226135218684153;13,679590311610536
CAT048;20;129;01:12:24:922;41,34105092;2,24641236;655,292376952246;2149,90944200001;6,96875;69,609375;1000;21,5;345116;VLG2691;1014,0;;;;;;-113,203125;181,0;0,284;-800,0;-736;2756;192,94;245,8246;No alert, no SPI, aircraft airbone;25,033970397811956;13,592439520618312
CAT048;20;129;01:12:28:922;41,33955717;2,24216771;647,673948794603;2124,91459816329;6,757812;69,75769;1000;21,25;345116;VLG2691;1014,0;;;;;;-113,203125;176,0;0,276;-672,0;-608;2756;188,1;244,7974;No alert, no SPI, aircraft airbone;24,842698328597013;13,501648614521013
CAT048;20;129;01:12:32:914;41,33811605;2,23808563;632,4354168633;2074,91941306179;6,554688;69,911499;1000;20,75;345116;VLG2691;1014,0;;;;;;-112,324219;173,0;0,272;-736,0;-640;2756;182,6;245,3961;No alert, no SPI, aircraft airbone;24,658745445542706;13,4140691251634
CAT048;20;129;01:12:36:906;41,3367519;2,23405757;617,196828956716;2024,92404431435;6,355469;70,043335;1000;20,25;345116;VLG2691;1014,0;0,703;-113,555;180,0;0,062;182,0;-111,621094;172,0;0,268;-896,0;-832;2756;179,3;246,297;No alert, no SPI, aircraft airbone;24,4771973960407;13,331129202542066
CAT048;20;129;01:12:40:906;41,33543998;2,23000881;594,338211266324;1949,92857705101;6,15625;70,153198;1000;19,5;345116;VLG2691;1014,0;;;;;;-112,148438;170,0;0,268;-928,0;-960;2756;177,54;246,7584;No alert, no SPI, aircraft airbone;24,294686864368213;13,251324084601912
CAT048;20;129;01:12:44:898;41,3341645;2,22612114;579,099497449584;1899,93279521249;5,964844;70,274048;1000;19,0;345116;VLG2691;1014,0;;;;;;-112,851562;170,0;0,264;-608,0;-1024;2756;176,0;246,1981;No alert, no SPI, aircraft airbone;24,11943685377651;13,173757231215
CAT048;20;129;01:12:48:898;41,33281999;2,22217842;556,240758161061;1824,93692900513;5,769531;70,43335;1000;18,25;345116;VLG2691;1014,0;;;;;;-113,027344;166,0;0,26;-800,0;-832;2756;173,36;245,7971;No alert, no SPI, aircraft airbone;23,941716843908942;13,092043497281761
CAT048;20;129;01:12:52:891;41,33154982;2,21837367;548,621939032339;1799,94080245486;5,582031;70,581665;1000;18,0;345116;VLG2691;1014,0;0,352;-114,434;170,0;0,812;172,0;-113,027344;163,0;0,256;-704,0;-800;2756;170,5;245,3851;No alert, no SPI, aircraft airbone;23,77019910776211;13,014833449670698
CAT048;20;129;01:12:56:891;41,33023879;2,21459179;533,383072542027;1749,94451971878;5,394531;70,768433;1000;17,5;345116;VLG2691;1014,0;;;;;;-112,675781;161,0;0,252;-704,0;-800;2756;166,98;245,5829;No alert, no SPI, aircraft airbone;23,599723142902846;12,93518678890749
CAT048;20;129;01:13:00:891;41,3289901;2,21096804;510,524124941789;1674,94797007402;5,214844;70,9552;1000;16,75;345116;VLG2691;1014,0;;;;;;-113,203125;159,0;0,248;-960,0;-576;2756;164,78;245,6104;No alert, no SPI, aircraft airbone;23,436366118385404;12,859328431810194
CAT048;20;129;01:13:04:883;41,3277232;2,20725977;487,665167876519;1599,951389376;5,03125;71,152954;1000;16,0;345116;VLG2691;1014,0;;;;;;-113,027344;157,0;0,244;-1120,0;-768;2756;163,9;245,4675;No alert, no SPI, aircraft airbone;23,269188652115208;12,782362329264242
CAT048;20;129;01:13:08:883;41,32646738;2,20354028;472,426179527305;1549,95470684036;4,847656;71,356201;1000;15,5;345116;VLG2691;1014,0;0,176;-114,434;166,0;-0,125;168,0;-113,203125;159,0;0,248;-832,0;-768;2756;166,1;245,4401;No alert, no SPI, aircraft airbone;23,101493619894566;12,70606484064204
CAT048;20;129;01:13:12:875;41,32518927;2,19982915;457,187152090482;1499,95789606454;4,664062;71,592407;1000;15,0;345116;VLG2691;1014,0;;;;;;-113,027344;158,0;0,244;-800,0;-896;2756;166,98;245,5829;No alert, no SPI, aircraft airbone;22,934177838799595;12,628440033275703
CAT048;20;129;01:13:16:875;41,32391416;2,19611481;441,948090499267;1449,96097323362;4,480469;71,845093;1000;14,5;345116;VLG2691;1014,0;;;;;;-113,554688;157,0;0,244;-992,0;-928;2756;165,66;245,7532;No alert, no SPI, aircraft airbone;22,766709368160377;12,55100143987975
CAT048;20;129;01:13:20:867;41,32267862;2,19247715;419,088976036757;1374,96387614043;4,300781;72,103271;1000;13,75;345116;VLG2691;1014,0;;;;;;-113,378906;155,0;0,24;-800,0;-928;2756;162,58;245,6433;No alert, no SPI, aircraft airbone;22,602687291484596;12,475962805104535
CAT048;20;129;01:13:24:867;41,32145542;2,18891814;403,849808919244;1324,96660709461;4,125;72,388916;1000;13,25;345116;VLG2691;1014,0;-0,527;-114,434;158,0;0,125;158,0;-113,730469;151,0;0,232;-768,0;-864;2756;158,4;245,3741;No alert, no SPI, aircraft airbone;22,442210450009203;12,401691265391458
CAT048;20;129;01:13:28:867;41,32028609;2,1855156;388,61057491973;1274,96911861965;3,957031;72,685547;1000;12,75;345116;VLG2691;1014,0;;;;;;-113,554688;149,0;0,232;-832,0;-864;2756;154,44;245,094;No alert, no SPI, aircraft airbone;22,288783246763476;12,330696736967687
CAT048;20;129;01:13:32:859;41,31908428;2,18203315;373,371328054927;1224,97158793573;3,785156;73,02063;1000;12,25;345116;VLG2691;1014,0;;;;;;-113,203125;148,0;0,228;-896,0;-896;2756;150,92;245,3027;No alert, no SPI, aircraft airbone;22,131748754328484;12,25774018506832
CAT048;20;129;01:13:36:867;41,31796703;2,17887982;350,511982109398;1149,9737313838;3,628906;73,377686;1000;11,5;345116;VLG2691;1014,0;;;;;;-112,675781;146,0;0,224;-864,0;-928;2756;147,62;245,1654;No alert, no SPI, aircraft airbone;21,989560026956983;12,189943723586929
CAT048;20;129;01:13:40:859;41,31682675;2,17554707;335,272647485137;1099,97591277514;3,464844;73,751221;1000;11,0;345116;VLG2691;1014,0;-0,176;-114,434;144,0;0,156;150,0;-112,851562;143,0;0,22;-832,0;-832;2756;143,66;245,7532;No alert, no SPI, aircraft airbone;21,83926223192016;12,120726456326368
CAT048;20;129;01:13:44:859;41,31577325;2,17244777;320,033240999095;1049,97785839947;3,3125;74,124756;1000;10,5;345116;VLG2691;1014,0;;;;;;-112,851562;139,0;0,216;-832,0;-864;2756;140,58;245,6213;No alert, no SPI, aircraft airbone;21,69948540838799;12,05677701225784
CAT048;20;129;01:13:48:859;41,31474112;2,16933715;304,793812767603;999,979732680461;3,160156;74,509277;1000;10,0;345116;VLG2691;1014,0;;;;;;-112,675781;136,0;0,208;-800,0;-736;2756;137,94;246,0333;No alert, no SPI, aircraft airbone;21,55918527344113;11,994111276608361
CAT048;20;129;01:13:52:859;41,31374243;2,16639021;289,554330823943;949,981430740425;3,015625;74,932251;1000;9,5;345116;VLG2691;1014,0;;;;;;-113,378906;133,0;0,204;-736,0;-672;2756;133,54;246,1212;No alert, no SPI, aircraft airbone;21,426270407763973;11,933496066708242
CAT048;20;129;01:13:56:859;41,31275114;2,16334277;281,934844302014;924,983114579818;2,867188;75,366211;1000;9,25;345116;VLG2691;1014,0;1,23;-114,434;132,0;0,344;136,0;-113,378906;130,0;0,2;-576,0;-640;2756;130,68;245,5884;No alert, no SPI, aircraft airbone;21,288805047968996;11,873304614756425
CAT048;20;129;01:14:00:859;41,31176472;2,16047247;266,695304596797;874,984623133354;2,726562;75,882568;1000;8,75;345116;VLG2691;1014,0;;;;;;-113,554688;127,0;0,196;-800,0;-704;2756;129,36;245,8081;No alert, no SPI, aircraft airbone;21,159343354833133;11,813452956168025
CAT048;20;129;01:14:04:859;41,31078614;2,15759412;251,455745282583;824,986067352909;2,585938;76,442871;1000;8,25;345116;VLG2691;1014,0;;;;;;-113,90625;127,0;0,196;-704,0;-640;2756;128,04;246,0333;No alert, no SPI, aircraft airbone;21,029511268879443;11,754073783999017
CAT048;20;129;01:14:08:859;41,30982059;2,1547056;236,216166537255;774,987447822088;2,445312;77,047119;1000;7,75;345116;VLG2691;1014,0;;;;;;-113,730469;125,0;0,192;-544,0;-512;2756;127,16;245,8521;No alert, no SPI, aircraft airbone;20,8992113138016;11,695477860936686
CAT048;20;129;01:14:12:859;41,30887928;2,15188739;228,596556871198;749,988727645302;2,308594;77,706299;1000;7,5;345116;VLG2691;1014,0;-0,352;-113,73;126,0;-0,031;130,0;-113,554688;126,0;0,192;-576,0;-544;2756;125,84;246,0828;No alert, no SPI, aircraft airbone;20,772079077690737;11,638356623496065
CAT048;20;129;01:14:16:867;41,30793773;2,14906591;213,356927209534;699,989941066127;2,171875;78,447876;1000;7,0;345116;VLG2691;1014,0;;;;;;-114,433594;126,0;0,192;-576,0;-544;2756;126,28;245,6653;No alert, no SPI, aircraft airbone;20,644795399931166;11,581224341808777
CAT048;20;129;01:14:20:867;41,30697219;2,14623684;205,737277660519;674,991090039737;2,035156;79,326782;1000;6,75;345116;VLG2691;1014,0;;;;;;-114,785156;127,0;0,192;-608,0;-640;2756;126,72;245,2533;No alert, no SPI, aircraft airbone;20,5171723323519;11,522655773139205
CAT048;20;129;01:14:24:875;41,30598173;2,14340551;190,497607568279;624,992170814312;1,898438;80,375977;1000;6,25;345116;VLG2691;1014,0;;;;;;-114,609375;127,0;0,192;-672,0;-608;2756;127,6;245,4401;No alert, no SPI, aircraft airbone;20,38945102535141;11,462596426311949
CAT048;20;129;01:14:28:883;41,30500202;2,14055568;175,257919188589;574,99319159069;1,761719;81,5625;1000;5,75;345116;VLG2691;1014,0;-1,406;-113,906;126,0;-0,281;130,0;-114,433594;126,0;0,192;-576,0;-544;2756;126,72;246,264;No alert, no SPI, aircraft airbone;20,2608859814555;11,403181603396243
CAT048;20;129;01:14:32:891;41,30405403;2,13767683;167,638213226572;549,994155482265;1,625;82,875366;1000;5,5;345116;VLG2691;1014,0;;;;;;-115,664062;125,0;0,192;-352,0;-352;2756;125,4;245,4785;No alert, no SPI, aircraft airbone;20,130995095333486;11,345666489785666
CAT048;20;129;01:14:36:898;41,30307834;2,13495288;160,018471305259;524,995001397145;1,496094;84,517822;1000;5,25;345116;VLG2691;1014,0;;;;;;-115,664062;125,0;0,192;-256,0;-448;2756;126,28;244,649;No alert, no SPI, aircraft airbone;20,008113605090085;11,286530057709134
CAT048;20;129;01:14:40:922;41,30205228;2,13203178;144,778727239929;474,995839477849;1,359375;86,572266;1000;4,75;345116;VLG2691;1014,0;;;;;;-114,609375;128,0;0,196;-864,0;-768;2756;128,48;244,6326;No alert, no SPI, aircraft airbone;19,876328200187682;11,224331992142929
CAT048;20;129;01:14:44:945;41,30103216;2,12914987;129,538958455436;424,996596458932;1,226562;89,066162;1000;4,25;345116;VLG2691;1014,0;0,0;-114,434;130,0;0,219;132,0;-113,554688;128,0;0,192;-768,0;-800;2756;129,8;245,4071;No alert, no SPI, aircraft airbone;19,746309153237185;11,162503429834143
CAT048;20;129;01:14:48:977;41,30003434;2,12620531;114,299172829837;374,997298187041;1,09375;92,092896;1000;3,75;345116;VLG2691;1014,0;;;;;;-113,730469;128,0;0,192;-960,0;-864;2756;128,48;245,6268;No alert, no SPI, aircraft airbone;19,61344618254916;11,10200238932116
CAT048;20;129;01:14:53:008;41,29905408;2,12326373;99,0593647174537;324,997926139611;0,964844;95,877686;1000;3,25;345116;VLG2691;1014,0;;;;;;-112,324219;125,0;0,188;-672,0;-640;2756;128,04;246,0333;No alert, no SPI, aircraft airbone;19,480708735959745;11,042559551602489
CAT048;20;129;01:14:57:055;41,29808744;2,12037802;83,8195313438773;274,998471214246;0,84375;100,71167;1000;2,75;345116;VLG2691;1014,0;;;;;;-112,5;126,0;0,192;-672,0;-608;2756;127,16;245,8521;No alert, no SPI, aircraft airbone;19,35049000707557;10,98395035080812
CAT048;20;129;01:15:01:125;41,29710338;2,11748149;68,5796771775931;224,998948071335;0,730469;107,18811;1000;2,25;345116;VLG2691;1014,0;0,527;-114,434;128,0;0,312;128,0;-111,972656;125,0;0,192;-608,0;-640;2756;128,48;245,6268;No alert, no SPI, aircraft airbone;19,219783185008446;10,924298448132435
CAT048;20;129;01:15:05:219;41,29610274;2,11454928;60,9598029432818;199,999359888437;0,628906;116,021118;1000;2,0;345116;VLG2691;1014,0;;;;;;-111,972656;126,0;0,192;-672,0;-704;2756;128,48;245,6268;No alert, no SPI, aircraft airbone;19,087463585477753;10,863648830743056
CAT048;20;129;01:15:09:344;41,29499752;2,11160032;45,7199085289612;149,999704698157;0,550781;128,40271;1000;1,5;345116;VLG2691;1014,0;;;;;;-111,796875;126,0;0,192;-704,0;-672;2756;129,36;244,8193;No alert, no SPI, aircraft airbone;18,954412505208165;10,796728593621017
CAT048;20;129;01:15:13:516;41,29396399;2,1085695;30,479992704466;99,9999792645202;0,5;143,915405;1000;1,0;345116;VLG2691;1014,0;;;;;;-110,566406;125,0;0,188;-736,0;-576;2756;128,92;245,2203;No alert, no SPI, aircraft airbone;18,817634135987134;10,73409432776613
CAT048;20;129;01:15:17:695;41,2929319;2,10555955;15,2400531088933;50,0001758417816;0,492188;161,229858;1000;0,5;345116;VLG2691;1014,0;-0,879;-114,082;128,0;-0,062;128,0;-111,445312;126,0;0,192;-704,0;-608;2756;129,36;245,8081;No alert, no SPI, aircraft airbone;18,681794953425822;10,671555649438815
CAT048;20;129;01:15:21:875;41,29191843;2,10250617;8,99983569979668e-05;0,0002952702095732;0,527344;177,797241;1000;0,0;345116;VLG2691;1014,0;;;;;;-111,972656;126,0;0,192;-736,0;-512;2756;129,36;245,8081;No alert, no SPI, aircraft airbone;18,543981964517503;10,610129051447569
CAT048;20;129;01:15:26:016;41,29086822;2,09945296;0,0001037111505866;0,0003402596912905;0,601562;191,299438;1000;-0,25;345116;VLG2691;1014,0;;;;;;-113,203125;124,0;0,188;-256,0;-192;2756;129,8;245,4071;No alert, no SPI, aircraft airbone;18,406182672158327;10,546504108331666
CAT048;20;129;01:15:30:125;41,28988514;2,09653231;9,39657911658287e-05;0,0003082867262884;0,695312;201,071777;1000;-0,25;345116;VLG2691;1014,0;;;;;;-112,851562;123,0;0,184;256,0;0;2756;128,48;245,6268;No alert, no SPI, aircraft airbone;18,2743560489741;10,48693738785988
CAT048;20;129;01:15:34:195;41,28892058;2,09373025;6,46049156785011e-05;0,0002119583915546;0,800781;208,064575;1000;-0,25;345116;VLG2691;1014,0;0,0;-113,906;124,0;1,344;118,0;-115,136719;115,0;0,172;64,0;0;2756;123,64;246,1267;No alert, no SPI, aircraft airbone;18,14788429085056;10,428510345251713
CAT048;20;129;01:15:38:250;41,28803752;2,09113029;1,90427526831627e-05;6,24762247130275e-05;0,90625;213,057861;1000;-0,25;345116;VLG2691;1014,0;;;;;;-114,433594;100,0;0,152;128,0;0;2756;111,1;245,5115;No alert, no SPI, aircraft airbone;18,03052777736798;10,375016482008858
CAT048;20;129;01:17:09:805;41,12759139;2,08338148;1805,97510860395;5925,11537531217;10,460938;184,663696;6476;59,25;345204;VLG878H;1014,0;;;;;;49,570312;251,0;0,42;-1440,0;-1536;3282;276,54;48,8123;No alert, no SPI, aircraft airbone;17,72307636696921;0,7520151140458975
CAT048;20;129;01:17:13:781;41,13096628;2,08843889;1775,49396068323;5825,11160596798;10,242188;183,47168;6476;58,25;345204;VLG878H;1014,0;;;;;;49,746094;250,0;0,42;-1472,0;-1504;3282;275,88;48,6749;No alert, no SPI, aircraft airbone;17,951470787560385;0,9554236446337466
CAT048;20;129;01:17:17:766;41,13435198;2,09351043;1745,01276354771;5725,10767515787;10,027344;182,224731;6476;57,25;345204;VLG878H;1014,0;-0,176;48,691;276,0;0;278,0;49,746094;250,0;0,416;-1696,0;-1504;3282;275,88;48,6749;No alert, no SPI, aircraft airbone;18,18047938598428;1,1594967258807218
CAT048;20;129;01:17:21:750;41,13768916;2,09856417;1714,53153959103;5625,10365635183;9,820312;180,928345;6476;56,25;345204;VLG878H;1014,0;;;;;;49,746094;250,0;0,416;-1600,0;-1568;3282;274,56;48,6914;No alert, no SPI, aircraft airbone;18,408670937901125;1,3606699882446198
CAT048;20;129;01:17:25:727;41,14104106;2,10357688;1676,43026444037;5500,09946878653;9,617188;179,588013;6476;55,0;345204;VLG878H;1014,0;;;;;;49,746094;250,0;0,416;-1632,0;-1568;3282;274,56;48,6914;No alert, no SPI, aircraft airbone;18,634975172314924;1,5627305627650567
CAT048;20;129;01:17:29:703;41,14429444;2,10860666;1645,94898131303;5400,09525585106;9,425781;178,187256;6476;54,0;345204;VLG878H;1014,0;;;;;;49,746094;250,0;0,416;-1536,0;-1504;3282;274,56;48,6914;No alert, no SPI, aircraft airbone;18,86205820525755;1,7589001484817504
CAT048;20;129;01:17:33:688;41,14764366;2,11360222;1615,46761792619;5300,09077959695;9,234375;176,737061;6476;53,0;345204;VLG878H;1014,0;-0,527;48,691;274,0;0;276,0;49,746094;250,0;0,416;-1504,0;-1472;3282;273,9;48,8507;No alert, no SPI, aircraft airbone;19,087539944649897;1,9608226092090513
CAT048;20;129;01:17:37:664;41,15096549;2,11862047;1584,98621932045;5200,08618779529;9,050781;175,220947;6476;52,0;345204;VLG878H;1014,0;;;;;;49,746094;250,0;0,412;-1504,0;-1504;3282;273,02;48,7134;No alert, no SPI, aircraft airbone;19,314035119300968;2,1611206789016424
CAT048;20;129;01:17:41:641;41,15419744;2,12361064;1554,5048087677;5100,08155679742;8,878906;173,655396;6476;51,0;345204;VLG878H;1014,0;;;;;;49,746094;250,0;0,412;-1504,0;-1536;3282;272,36;48,576;No alert, no SPI, aircraft airbone;19,539261274341705;2,356035919664526
CAT048;20;129;01:17:45:609;41,15753857;2,12854375;1524,02331965603;5000,07666806029;8,707031;172,040405;6476;50,0;345204;VLG878H;1014,0;;;;;;49,570312;249,0;0,412;-1504,0;-1536;3282;271,7;48,7299;No alert, no SPI, aircraft airbone;19,761846581235357;2,5574983557333693
CAT048;20;129;01:17:49:594;41,16081154;2,13355501;1493,54180395231;4900,07169207889;8,546875;170,343018;6476;49,0;345204;VLG878H;1014,0;-0,176;48,691;272,0;0;274,0;49,570312;249,0;0,408;-1664,0;-1600;3282;271,7;48,7299;No alert, no SPI, aircraft airbone;19,98797149531084;2,7549041188388523
CAT048;20;129;01:17:53:570;41,16414026;2,13850686;1463,06023069099;4800,06652726021;8,390625;168,596191;6476;48,0;345204;VLG878H;1014,0;;;;;;49,570312;249,0;0,408;-1760,0;-1696;3282;271,7;48,7299;No alert, no SPI, aircraft airbone;20,21136454690794;2,9556523802378876
CAT048;20;129;01:17:57:539;41,16747001;2,14344579;1432,57861560211;4700,06122521201;8,242188;166,78894;6476;47,0;345204;VLG878H;1014,0;;;;;;49,570312;248,0;0,408;-1472,0;-1376;3282;271,04;48,8892;No alert, no SPI, aircraft airbone;20,43414915111734;3,156472217603452
CAT048;20;129;01:18:01:516;41,17075351;2,14840706;1409,71696921159;4625,05582126814;8,105469;164,915771;6476;46,25;345204;VLG878H;1014,0;;;;;;49,570312;247,0;0,404;-1120,0;-960;3282;270,16;48,7518;No alert, no SPI, aircraft airbone;20,65793786670684;3,3545366702127537
CAT048;20;129;01:18:05:484;41,17392019;2,15337534;1386,85531298351;4550,0503850488;7,984375;162,993164;6476;45,5;345204;VLG878H;1014,0;-0,176;48,867;268,0;0,031;268,0;49,570312;245,0;0,4;-864,0;-768;3282;267,3;48,7903;No alert, no SPI, aircraft airbone;20,882058729620926;3,5456104365391017
CAT048;20;129;01:18:09:461;41,17717081;2,15828222;1371,61359589081;4500,04474994241;7,867188;161,021118;6476;45,0;345204;VLG878H;1014,0;;;;;;49,394531;243,0;0,4;-768,0;-736;3282;264,66;48,8342;No alert, no SPI, aircraft airbone;21,103349247155823;3,7417158343248635
CAT048;20;129;01:18:13:430;41,18041506;2,16306275;1356,37185954116;4450,03905165703;7,757812;159,032593;6476;44,5;345204;VLG878H;1014,0;;;;;;49,394531;241,0;0,392;-704,0;-704;3282;262,46;48,7079;No alert, no SPI, aircraft airbone;21,318895563711905;3,9374210202540327
CAT048;20;129;01:18:17:398;41,18355595;2,16786817;1341,13010765705;4400,03330240556;7,664062;157,000122;6476;44,0;345204;VLG878H;1014,0;;;;;;49,394531;239,0;0,392;-704,0;-640;3282;259,6;48,7463;No alert, no SPI, aircraft airbone;21,53558184437567;4,126946193123887
CAT048;20;129;01:18:21:375;41,18669261;2,17255888;1325,888338021;4350,02749491283;7,578125;154,956665;6476;43,5;345204;VLG878H;1014,0;-0,527;48,691;256,0;-0,031;258,0;49,394531;236,0;0,388;-672,0;-640;3282;256,74;48,7903;No alert, no SPI, aircraft airbone;21,74705228530418;4,3162012380116135
CAT048;20;129;01:18:25:344;41,18979469;2,17723719;1318,26654127333;4325,0215992712;7,503906;152,880249;6476;43,25;345204;VLG878H;1014,0;;;;;;49,394531;234,0;0,384;-736,0;-672;3282;254,54;48,6639;No alert, no SPI, aircraft airbone;21,95795227832359;4,50339104418252
CAT048;20;129;01:18:29:313;41,19283598;2,18186984;1303,02473138366;4275,01565971276;7,441406;150,792847;6476;42,75;345204;VLG878H;1014,0;;;;;;49,21875;231,0;0,376;-704,0;-672;3282;251,68;48,7024;No alert, no SPI, aircraft airbone;22,166784469239825;4,686935364159912
CAT048;20;129;01:18:33:297;41,19588396;2,18642654;1287,78289930243;4225,00964734739;7,386719;148,694458;6476;42,25;345204;VLG878H;1014,0;;;;;;49,21875;229,0;0,372;-736,0;-672;3282;248,82;48,7463;No alert, no SPI, aircraft airbone;22,372154880449084;4,870872636816335
CAT048;20;129;01:18:37:266;41,1988806;2,19095158;1272,54105094448;4175,00358158068;7,34375;146,590576;6476;41,75;345204;VLG878H;1014,0;-0,352;48,867;246,0;0;248,0;49,21875;227,0;0,368;-640,0;-672;3282;246,18;48,7903;No alert, no SPI, aircraft airbone;22,57608977788238;5,051733917491863
CAT048;20;129;01:18:41:234;41,20181931;2,19543808;1257,2991897976;4124,99747385557;7,3125;144,492188;6476;41,25;345204;VLG878H;1014,0;;;;;;49,21875;224,0;0,364;-768,0;-768;3282;244,64;48,8123;No alert, no SPI, aircraft airbone;22,778280511735346;5,22912200568537
CAT048;20;129;01:18:45:203;41,20477225;2,19987726;1242,05730212852;4074,99127911535;7,289062;142,388306;6476;40,75;345204;VLG878H;1014,0;;;;;;49,042969;223,0;0,364;-896,0;-896;3282;241,78;48,8562;No alert, no SPI, aircraft airbone;22,97830509382368;5,407361496962836
CAT048;20;129;01:18:49:172;41,20772939;2,2042545;1226,81539648119;4024,98502539136;7,273438;140,289917;6476;40,25;345204;VLG878H;1014,0;;;;;;48,867188;222,0;0,36;-1024,0;-1024;3282;240,46;48,8782;No alert, no SPI, aircraft airbone;23,17550511568086;5,585846725160882
CAT048;20;129;01:18:53:148;41,21063322;2,20863202;1203,95346869715;3949,97869824034;7,269531;138,202515;6476;39,5;345204;VLG878H;1014,0;-0,176;48,867;240,0;0;240,0;48,867188;221,0;0,36;-1184,0;-1152;3282;239,14;48,9001;No alert, no SPI, aircraft airbone;23,372718882480576;5,761145236320221
CAT048;20;129;01:18:57:117;41,21348885;2,21301156;1181,0915160384;3874,97228947943;7,277344;136,131592;6476;38,75;345204;VLG878H;1014,0;;;;;;48,691406;220,0;0,356;-1184,0;-1216;3282;239,14;48,9001;No alert, no SPI, aircraft airbone;23,57002383984752;5,933563924740062
CAT048;20;129;01:19:01:086;41,21636666;2,21737019;1158,22953089979;3799,96577415725;7,292969;134,066162;6476;38,0;345204;VLG878H;1014,0;;;;;;48,515625;221,0;0,356;-1152,0;-1184;3282;238,48;49,0814;No alert, no SPI, aircraft airbone;23,76635677546258;6,107317010998366
CAT048;20;129;01:19:05:055;41,21917618;2,22183395;1135,36748910416;3724,95907295249;7,324219;132,011719;6476;37,25;345204;VLG878H;1014,0;;;;;;48,339844;221,0;0,356;-1152,0;-1152;3282;237,6;48,9221;No alert, no SPI, aircraft airbone;23,96745738355535;6,277013744289892
CAT048;20;129;01:19:09:031;41,22203257;2,22619446;1112,50543735735;3649,95233909949;7,359375;129,984741;6476;36,5;345204;VLG878H;1014,0;-0,703;48,691;236,0;-0,031;238,0;48,164062;220,0;0,356;-1152,0;-1152;3282;236,94;48,7683;No alert, no SPI, aircraft airbone;24,163848744684387;6,449502964951749
CAT048;20;129;01:19:13:000;41,22498329;2,23039764;1089,64339166693;3574,94562511654;7,394531;127,979736;6476;35,75;345204;VLG878H;1014,0;;;;;;48,164062;219,0;0,352;-1216,0;-1184;3282;236,06;48,6035;No alert, no SPI, aircraft airbone;24,353065071375045;6,627614924132826
CAT048;20;129;01:19:16:977;41,22778153;2,23485155;1066,78124847542;3499,93859124811;7,453125;126,002197;6476;35,0;345204;VLG878H;1014,0;;;;;;48,164062;219,0;0,352;-1184,0;-1248;3282;236,06;48,6035;No alert, no SPI, aircraft airbone;24,553672268506006;6,796662853441406
CAT048;20;129;01:19:20:953;41,23071363;2,23899196;1036,29916762467;3399,93176110974;7,503906;124,068604;6476;34,0;345204;VLG878H;1014,0;;;;;;47,988281;219,0;0,352;-1248,0;-1312;3282;236,06;48,6035;No alert, no SPI, aircraft airbone;24,740019719093777;6,973659492397963
CAT048;20;129;01:19:24:922;41,23355186;2,2433373;1013,43699143082;3324,92461896589;7,574219;122,162476;6476;33,25;345204;VLG878H;1014,0;-0,176;48,516;236,0;0;236,0;47,988281;219,0;0,352;-1216,0;-1152;3282;235,4;48,4442;No alert, no SPI, aircraft airbone;24,935662841778317;7,145094506006717
CAT048;20;129;01:19:28:898;41,23639194;2,2476741;990,574784184806;3249,91737494488;7,652344;120,2948;6476;32,5;345204;VLG878H;1014,0;;;;;;47,988281;218,0;0,348;-960,0;-928;3282;234,74;48,6255;No alert, no SPI, aircraft airbone;25,130901697281132;7,316647870609481
CAT048;20;129;01:19:32:867;41,23930122;2,25185359;975,332599787042;3199,91020668532;7,730469;118,465576;6476;32,0;345204;VLG878H;1014,0;;;;;;47,988281;217,0;0,348;-896,0;-896;3282;233,2;48,6475;No alert, no SPI, aircraft airbone;25,31897641730477;7,492315173779117
CAT048;20;129;01:19:36:844;41,24210486;2,25616595;952,470342547633;3124,90279864398;7,824219;116,696777;6476;31,25;345204;VLG878H;1014,0;;;;;;48,164062;215,0;0,344;-928,0;-896;3282;231,88;48,6694;No alert, no SPI, aircraft airbone;25,513089325246515;7,661695515800664
CAT048;20;129;01:19:40:820;41,24487225;2,26046278;937,228063100018;3074,89531854106;7,925781;114,988403;6476;30,75;345204;VLG878H;1014,0;-0,176;48,516;230,0;0;230,0;48,164062;214,0;0,344;-1024,0;-896;3282;231,22;48,5101;No alert, no SPI, aircraft airbone;25,706496813745286;7,828907203128048
CAT048;20;129;01:19:44:797;41,24771339;2,26454261;921,985840549693;3024,88802510905;8,023438;113,323975;6476;30,25;345204;VLG878H;1014,0;;;;;;48,339844;213,0;0,34;-864,0;-864;3282;229,68;48,5321;No alert, no SPI, aircraft airbone;25,890037760249275;8,000486771564487
CAT048;20;129;01:19:48:773;41,25049214;2,26871751;899,123552476056;2949,88051590554;8,132812;111,714478;6476;29,5;345204;VLG878H;1014,0;;;;;;48,339844;212,0;0,34;-896,0;-896;3282;228,36;48,5541;No alert, no SPI, aircraft airbone;26,07789000150516;8,168362089769523
CAT048;20;129;01:19:52:750;41,25326405;2,27292046;883,881220584735;2899,87286374322;8,25;110,148926;6476;29,0;345204;VLG878H;1014,0;;;;;;48,515625;212,0;0,336;-928,0;-896;3282;227,48;48,3838;No alert, no SPI, aircraft airbone;26,266998392823282;8,335844781139794
CAT048;20;129;01:19:56:727;41,25602472;2,27707005;868,638884636573;2849,86519827106;8,371094;108,638306;6476;28,5;345204;VLG878H;1014,0;-0,176;48,516;226,0;0;228,0;48,515625;212,0;0,336;-896,0;-928;3282;226,82;48,576;No alert, no SPI, aircraft airbone;26,453680534457312;8,502646513080844
CAT048;20;129;01:20:00:703;41,2587874;2,28127587;845,776489266194;2774,8573370441;8,5;107,166138;6476;27,75;345204;VLG878H;1014,0;;;;;;48,867188;212,0;0,336;-928,0;-896;3282;226,16;48,4058;No alert, no SPI, aircraft airbone;26,642890561914133;8,669594933363166
CAT048;20;129;01:20:04:688;41,26159678;2,2852792;830,534163043834;2724,84970348073;8,625;105,737915;6476;27,25;345204;VLG878H;1014,0;;;;;;48,867188;210,0;0,332;-992,0;-864;3282;226,16;48,4058;No alert, no SPI, aircraft airbone;26,822903019575804;8,83929086520065
CAT048;20;129;01:20:08:664;41,26431598;2,28949459;807,671705135144;2649,84163707559;8,765625;104,370117;6476;26,5;345204;VLG878H;1014,0;;;;;;49,394531;208,0;0,332;-640,0;-640;3282;223,96;48,2574;No alert, no SPI, aircraft airbone;27,012532119705288;9,003652921602454
CAT048;20;129;01:20:12:641;41,2670844;2,29351742;800,049315315671;2624,83379566027;8,902344;103,040771;6476;26,25;345204;VLG878H;1014,0;0,352;48,34;220,0;0,062;220,0;49,570312;205,0;0,324;-576,0;-480;3282;221,1;48,3014;No alert, no SPI, aircraft airbone;27,193412613212132;9,170915879082544
CAT048;20;129;01:20:16:625;41,26979052;2,29741815;792,426970112138;2599,82610062271;9,039062;101,782837;6476;26,0;345204;VLG878H;1014,0;;;;;;49,570312;201,0;0,32;-480,0;-480;3282;218,24;48,3398;No alert, no SPI, aircraft airbone;27,36877938341911;9,334413070358242
CAT048;20;129;01:20:20:602;41,27248412;2,30140102;777,18455360271;2549,81817084192;9,183594;100,563354;6476;25,5;345204;VLG878H;1014,0;;;;;;49,921875;199,0;0,316;-544,0;-416;3282;215,6;48,7628;No alert, no SPI, aircraft airbone;27,547853008673965;9,497193342334871
CAT048;20;129;01:20:24:586;41,27507615;2,30535033;777,182134831324;2549,81023524;9,332031;99,420776;6476;25,5;345204;VLG878H;1014,0;;;;;;50,097656;196,0;0,312;-320,0;-256;3282;212,74;48,8123;No alert, no SPI, aircraft airbone;27,72543634011139;9,653880369345146
CAT048;20;129;01:20:28:570;41,27763091;2,30930372;769,559687475674;2524,80220505769;9,484375;98,327637;6476;25,25;345204;VLG878H;1014,0;0,527;49,043;208,0;0,031;206,0;50,273438;193,0;0,304;-288,0;-224;3282;208,56;48,8892;No alert, no SPI, aircraft airbone;27,90320592251753;9,808341865895144
CAT048;20;129;01:20:32:555;41,28011701;2,31290942;761,937422838062;2499,79477434403;9,625;97,305908;6476;25,0;345204;VLG878H;1014,0;;;;;;50,273438;190,0;0,3;-160,0;-224;3282;205,04;49,1528;No alert, no SPI, aircraft airbone;28,065262533096714;9,958582380932897
CAT048;20;129;01:20:36:539;41,28253964;2,31678366;761,934975220822;2499,78674410348;9,78125;96,328125;6476;25,0;345204;VLG878H;1014,0;;;;;;50,449219;188,0;0,296;-384,0;-192;3282;202,18;49,2133;No alert, no SPI, aircraft airbone;28,23948138351601;10,105110393889875
CAT048;20;129;01:20:40:523;41,28495135;2,32051244;754,312589645386;2474,77891661217;9,933594;95,388794;6476;24,75;345204;VLG878H;1014,0;;;;;;50,449219;186,0;0,292;-256,0;-128;3282;199,32;49,2737;No alert, no SPI, aircraft airbone;28,407112372694712;10,250944067497699
CAT048;20;129;01:20:44:508;41,28734336;2,32409143;754,310273527168;2474,77131779887;10,082031;94,487915;6476;24,75;345204;VLG878H;1014,0;0,0;49,395;196,0;0,062;196,0;50,449219;183,0;0,288;32,0;64;3282;196,46;49,3341;No alert, no SPI, aircraft airbone;28,56796426481468;10,395554627855635
CAT048;20;129;01:20:48:492;41,28966088;2,32778374;754,307864032686;2474,763412633;10,238281;93,636475;6476;24,75;345204;VLG878H;1014,0;;;;;;50,449219;182,0;0,288;-64,0;-64;3282;195,14;49,3616;No alert, no SPI, aircraft airbone;28,73396232121028;10,53574219185508
CAT048;20;129;01:20:52:477;41,29200835;2,3314298;754,305458229966;2474,7555195792;10,394531;92,801514;6476;24,75;345204;VLG878H;1014,0;;;;;;50,273438;181,0;0,288;-64,0;-64;3282;193,82;49,3945;No alert, no SPI, aircraft airbone;28,897843621658886;10,67771759277384
CAT048;20;129;01:20:56:461;41,29428683;2,33485228;754,303176569752;2474,74803381711;10,542969;92,015991;6476;24,75;345204;VLG878H;1014,0;;;;;;50,273438;181,0;0,284;-96,0;-64;3282;192,94;49,2023;No alert, no SPI, aircraft airbone;29,051631749503944;10,815488361452847
CAT048;20;129;01:21:00:445;41,29654251;2,33857743;754,300671329722;2474,7398145254;10,707031;91,257935;6476;24,75;345204;VLG878H;1014,0;-0,352;49,219;192,0;0;192,0;50,273438;180,0;0,284;-128,0;-96;3282;192,94;49,2023;No alert, no SPI, aircraft airbone;29,219107584029775;10,951999264192136
CAT048;20;129;01:21:04:430;41,2988735;2,34200446;754,298341697082;2474,73217137345;10,859375;90,499878;6476;24,75;345204;VLG878H;1014,0;;;;;;50,273438;180,0;0,284;-128,0;-128;3282;192,94;49,2023;No alert, no SPI, aircraft airbone;29,373056128172838;11,092933243845389
CAT048;20;129;01:21:08:422;41,3011843;2,34565354;746,675838318653;2449,72395738937;11,023438;89,769287;6476;24,5;345204;VLG878H;1014,0;;;;;;50,097656;180,0;0,284;-128,0;-96;3282;192,94;49,2023;No alert, no SPI, aircraft airbone;29,537044282756835;11,232737732012183
CAT048;20;129;01:21:12:406;41,30352724;2,34908748;746,673460993916;2449,71615776728;11,179688;89,049683;6476;24,5;345204;VLG878H;1014,0;;;;;;50,097656;180,0;0,284;-224,0;-96;3282;192,28;49,01;No alert, no SPI, aircraft airbone;29,69127757129411;11,374403350340074
CAT048;20;129;01:21:16:391;41,30586441;2,35257036;746,671028480865;2449,70817708116;11,339844;88,352051;6476;24,5;345204;VLG878H;1014,0;-16,699;47,461;192,0;-1,594;192,0;46,933594;179,0;0,284;-128,0;-128;3282;191,84;47,3236;No alert, no SPI, aircraft airbone;29,847715393447555;11,515745853208111
CAT048;20;129;01:21:20:375;41,30832933;2,35566806;739,048854327761;2424,70104323269;11,484375;87,632446;6476;24,25;345204;VLG878H;1014,0;;;;;;38,496094;180,0;0,284;-192,0;-128;3282;192,72;39,3091;No alert, no SPI, aircraft airbone;29,98666699908129;11,664623227474266
CAT048;20;129;01:21:24:359;41,31126294;2,35825858;739,047048408538;2424,69511830067;11,609375;86,786499;6476;24,25;345204;VLG878H;1014,0;;;;;;28,476562;180,0;0,284;-160,0;-128;3282;193,16;29,4818;No alert, no SPI, aircraft airbone;30,10246131511831;11,841436990317682
CAT048;20;129;01:21:28:344;41,31459803;2,36015129;739,045768861659;2424,69092031208;11,707031;85,830688;6476;24,25;345204;VLG878H;1014,0;;;;;;18,28125;180,0;0,284;-160,0;-128;3282;193,6;18,9954;No alert, no SPI, aircraft airbone;30,186510797020613;12,04208879115735
CAT048;20;129;01:21:32:328;41,318096;2,36108974;731,425214620307;2399,68910113489;11,765625;84,825439;6476;24,0;345204;VLG878H;1014,0;-26,191;8,262;194,0;-2,625;192,0;7,382812;180,0;0,284;-128,0;-96;3282;194,26;8,2947;No alert, no SPI, aircraft airbone;30,227334077039277;12,252179474331937
CAT048;20;129;01:21:36:313;41,32159877;2,36116246;731,425324128941;2399,68946041519;11,789062;83,809204;6476;24,0;345204;VLG878H;1014,0;;;;;;-3,164062;180,0;0,284;-192,0;-96;3282;195,36;357,6489;No alert, no SPI, aircraft airbone;30,229012599806573;12,46225861271649
CAT048;20;129;01:21:40:297;41,32530652;2,36042225;731,426071069203;2399,69191100669;11,78125;82,716064;6476;24,0;345204;VLG878H;1014,0;;;;;;-13,886719;181,0;0,284;-160,0;-96;3282;196,24;347,0251;No alert, no SPI, aircraft airbone;30,19384760733979;12,684348793583812
CAT048;20;129;01:21:44:281;41,32867574;2,35886759;723,807419781573;2374,69633511618;11,738281;81,694336;6476;23,75;345204;VLG878H;1014,0;;;;;;-24,609375;181,0;0,284;-64,0;-96;3282;196,02;339,0656;No alert, no SPI, aircraft airbone;30,122025760578158;12,885857217269193
CAT048;20;129;01:21:48:266;41,33185966;2,35630174;723,809504672885;2374,70317531099;11,652344;80,683594;6476;23,75;345204;VLG878H;1014,0;-26,719;-35,156;196,0;-2,719;192,0;-36,035156;180,0;0,284;-32,0;-96;3282;195,36;325,0031;No alert, no SPI, aircraft airbone;30,004588881412293;13,07590707994334
CAT048;20;129;01:21:52:250;41,33457;2,35323809;723,811910734512;2374,71106921422;11,542969;79,777222;6476;23,75;345204;VLG878H;1014,0;;;;;;-46,582031;180,0;0,284;-64,0;-64;3282;196,02;313,9618;No alert, no SPI, aircraft airbone;29,86487820989217;13,237390384139756
CAT048;20;129;01:21:56:234;41,33681731;2,34943389;723,814787202515;2374,7205064455;11,398438;78,95874;6476;23,75;345204;VLG878H;1014,0;;;;;;-56,074219;180,0;0,284;32,0;-32;3282;195,36;303,9313;No alert, no SPI, aircraft airbone;29,69191706104875;13,370859495724668
CAT048;20;129;01:22:00:219;41,33866841;2,34541914;723,817743577994;2374,73020584043;11,242188;78,228149;6476;23,75;345204;VLG878H;1014,0;;;;;;-60,117188;179,0;0,284;64,0;-32;3282;195,8;299,707;No alert, no SPI, aircraft airbone;29,509629352609604;13,480504970169603
CAT048;20;129;01:22:04:203;41,3402992;2,34124842;723,820747099817;2374,74005991496;11,078125;77,536011;6476;23,75;345204;VLG878H;1014,0;-1,23;-61,699;194,0;-0,094;192,0;-60,644531;180,0;0,284;32,0;0;3282;194,7;298,537;No alert, no SPI, aircraft airbone;29,32040096029358;13,57689484310043
CAT048;20;129;01:22:08:188;41,34194212;2,33712462;723,823677321896;2374,74967350477;10,917969;76,821899;6476;23,75;345204;VLG878H;1014,0;;;;;;-60,46875;180,0;0,284;-64,0;-32;3282;194,7;298,537;No alert, no SPI, aircraft airbone;29,13329701632217;13,674036870960249
CAT048;20;129;01:22:12:172;41,34364717;2,33294054;723,826611320488;2374,75929948471;10,757812;76,063843;6476;23,75;345204;VLG878H;1014,0;;;;;;-59,765625;180,0;0,284;-32,0;-96;3282;194,48;299,5972;No alert, no SPI, aircraft airbone;28,943450771449786;13,774893613672893
CAT048;20;129;01:22:16:164;41,34544045;2,32877417;716,209500337951;2349,76877708876;10,601562;75,256348;6476;23,5;345204;VLG878H;1014,0;;;;;;-58,535156;180,0;0,284;-128,0;-64;3282;195,14;300,509;No alert, no SPI, aircraft airbone;28,754376063030495;13,881056343214775
CAT048;20;129;01:22:20:148;41,34728171;2,32453669;716,212397687137;2349,77828282787;10,445312;74,404907;6476;23,5;345204;VLG878H;1014,0;0,527;-59,062;194,0;0,062;192,0;-58,183594;180,0;0,284;-128,0;-96;3282;194,7;300,91;No alert, no SPI, aircraft airbone;28,56207725031192;13,990082148996125
CAT048;20;129;01:22:24:133;41,34913763;2,32041863;716,215179703198;2349,78741017744;10,296875;73,531494;6476;23,5;345204;VLG878H;1014,0;;;;;;-58,359375;180,0;0,284;-96,0;-96;3282;195,36;301,1627;No alert, no SPI, aircraft airbone;28,375179292630225;14,100035303084203
CAT048;20;129;01:22:28:117;41,35104125;2,3164047;716,217864010483;2349,79621696015;10,15625;72,625122;6476;23,5;345204;VLG878H;1014,0;;;;;;-58,535156;180,0;0,284;-64,0;-32;3282;194,7;300,91;No alert, no SPI, aircraft airbone;28,19297676902315;14,21289146152632
CAT048;20;129;01:22:32:102;41,35283168;2,31238253;708,60050191544;2324,80487070425;10,015625;71,729736;6476;23,25;345204;VLG878H;1014,0;;;;;;-62,929688;180,0;0,284;-224,0;-192;3282;194,48;298,938;No alert, no SPI, aircraft airbone;28,010460597392846;14,3189655606972
CAT048;20;129;01:22:36:086;41,35438153;2,30785862;708,603363746777;2324,81425991498;9,851562;70,845337;6476;23,25;345204;VLG878H;1014,0;-29,707;-71,895;196,0;-3,188;192,0;-74,003906;180,0;0,284;-128,0;-160;3282;194,92;288,2483;No alert, no SPI, aircraft airbone;27,805384695361006;14,410460912562131
CAT048;20;129;01:22:40:070;41,355249;2,30314787;700,986191077158;2299,82353513358;9,667969;70,142212;6476;23,0;345204;VLG878H;1014,0;;;;;;-85,429688;181,0;0,284;-288,0;-224;3282;196,02;275,2734;No alert, no SPI, aircraft airbone;27,592162507509833;14,460986442591912
CAT048;20;129;01:22:44:063;41,35506937;2,2982655;700,988916876726;2299,83247804584;9,457031;69,752197;6476;23,0;345204;VLG878H;1014,0;;;;;;-95,273438;181,0;0,284;-32,0;-64;3282;194,26;267,3413;No alert, no SPI, aircraft airbone;27,371627306314995;14,44867649194902
CAT048;20;129;01:22:48:055;41,35450483;2,29365488;700,991378637031;2299,84055468752;9,25;69,505005;6476;23,0;345204;VLG878H;1014,0;;;;;;-101,425781;182,0;0,288;-32,0;-32;3282;192,5;257,6953;No alert, no SPI, aircraft airbone;27,16352900184161;14,413380941856987
CAT048;20;129;01:22:52:047;41,35353665;2,28914828;700,993675217032;2299,84808939905;9,039062;69,400635;6476;23,0;345204;VLG878H;1014,0;-8,262;-107,051;190,0;-0,688;192,0;-104,589844;180,0;0,284;64,0;-64;3282;190,52;252,8943;No alert, no SPI, aircraft airbone;26,96029285266237;14,353922803080644
CAT048;20;129;01:22:56:047;41,35243723;2,28470613;700,995867079124;2299,85528054787;8,828125;69,345703;6476;23,0;345204;VLG878H;1014,0;;;;;;-106,699219;178,0;0,28;-96,0;-32;3282;190,52;250,9937;No alert, no SPI, aircraft airbone;26,760016387779622;14,286624668620139
CAT048;20;129;01:23:00:039;41,35120235;2,28033108;700,997955834493;2299,86213342004;8,617188;69,345703;6476;23,0;345204;VLG878H;1014,0;;;;;;-107,578125;179,0;0,284;-192,0;-32;3282;189,86;250,6091;No alert, no SPI, aircraft airbone;26,562820003337734;14,21123383759736
CAT048;20;129;01:23:04:031;41,34999118;2,2760408;693,379954954609;2274,86869141328;8,410156;69,345703;6476;22,75;345204;VLG878H;1014,0;;;;;;-106,875;177,0;0,276;-160,0;-64;3282;188,1;250,4059;No alert, no SPI, aircraft airbone;26,369437299153653;14,137300397639187
CAT048;20;129;01:23:08:023;41,34877877;2,2717468;693,381907059811;2274,87509595811;8,203125;69,345703;6476;22,75;345204;VLG878H;1014,0;-2,461;-110,215;184,0;-0,25;182,0;-108,28125;172,0;0,268;-64,0;-64;3282;183,7;249,5874;No alert, no SPI, aircraft airbone;26,17587981334995;14,06330102054467
CAT048;20;129;01:23:12:016;41,3476119;2,2676148;693,383739477023;2274,8811078258;8,003906;69,345703;6476;22,75;345204;VLG878H;1014,0;;;;;;-108,457031;169,0;0,264;192,0;32;3282;179,3;248,7305;No alert, no SPI, aircraft airbone;25,98961797977637;13,992090411331105
CAT048;20;129;01:23:16:016;41,34642099;2,26358697;693,385476470925;2274,88680662487;7,808594;69,367676;6476;22,75;345204;VLG878H;1014,0;;;;;;-109,160156;164,0;0,256;128,0;32;3282;176,44;248,3789;No alert, no SPI, aircraft airbone;25,808066487041003;13,9194778138752
CAT048;20;129;01:23:20:008;41,34519806;2,25957483;693,387160493061;2274,89233163205;7,613281;69,406128;6476;22,75;345204;VLG878H;1014,0;;;;;;-109,160156;163,0;0,256;64,0;32;3282;174,68;248,1372;No alert, no SPI, aircraft airbone;25,627229916868487;13,844958042139968
CAT048;20;129;01:23:24:000;41,34398013;2,25574465;693,388723741286;2274,89746039936;7,425781;69,466553;6476;22,75;345204;VLG878H;1014,0;-1,23;-112,324;174,0;-0,125;174,0;-109,160156;163,0;0,256;-224,0;-288;3282;174,02;247,7087;No alert, no SPI, aircraft airbone;25,454607928800296;13,770799527834237
CAT048;20;129;01:23:28:000;41,34274559;2,25174254;685,770320281386;2249,90269759198;7,230469;69,515991;6476;22,5;345204;VLG878H;1014,0;;;;;;-109,335938;164,0;0,256;-704,0;-672;3282;174,9;247,099;No alert, no SPI, aircraft airbone;25,27421574391647;13,695602740721583
CAT048;20;129;01:23:32:000;41,34144204;2,24768685;670,531890532933;2199,90784773607;7,03125;69,592896;6476;22,0;345204;VLG878H;1014,0;;;;;;-109,863281;163,0;0,256;-800,0;-832;3282;174,46;246,6705;No alert, no SPI, aircraft airbone;25,09142155034397;13,61626042677345
CAT048;20;129;01:23:35:992;41,34018148;2,24379434;655,293356681243;2149,91265633409;6,839844;69,675293;6476;21,5;345204;VLG878H;1014,0;;;;;;-110,390625;163,0;0,256;-704,0;-768;3282;172,92;246,1047;No alert, no SPI, aircraft airbone;24,91597877602332;13,539551271202317
CAT048;20;129;01:23:39:984;41,33887948;2,2399217;640,054772150703;2099,91729866291;6,648438;69,785156;6476;21,0;345204;VLG878H;1014,0;-0,879;-114,082;172,0;-0,094;172,0;-110,566406;162,0;0,256;-672,0;-768;3282;172,04;245,9674;No alert, no SPI, aircraft airbone;24,74144287424158;13,46037051428741
CAT048;20;129;01:23:43:984;41,33761101;2,23612441;624,816123427823;2049,92173038694;6,460938;69,89502;6476;20,5;345204;VLG878H;1014,0;;;;;;-110,917969;161,0;0,252;-864,0;-896;3282;171,6;245,528;No alert, no SPI, aircraft airbone;24,570293105929803;13,383229491863204
CAT048;20;129;01:23:47:977;41,3362572;2,23228046;601,957447709516;1974,92607274329;6,269531;70,048828;6476;19,75;345204;VLG878H;1014,0;;;;;;-111,269531;161,0;0,252;-928,0;-928;3282;171,16;245,8301;No alert, no SPI, aircraft airbone;24,397059406478682;13,300965199123787
CAT048;20;129;01:23:51:977;41,33497105;2,22858223;586,718687687069;1924,93013931124;6,085938;70,197144;6476;19,25;345204;VLG878H;1014,0;;;;;;-111,09375;161,0;0,252;-928,0;-864;3282;170,28;245,6927;No alert, no SPI, aircraft airbone;24,23038001883518;13,222806488693752
CAT048;20;129;01:23:55:969;41,3336469;2,22471733;571,479947861284;1874,93427214121;5,894531;70,350952;6476;18,75;345204;VLG878H;1014,0;0,176;-113,906;170,0;0;172,0;-111,09375;162,0;0,252;-960,0;-896;3282;169,84;246,0004;No alert, no SPI, aircraft airbone;24,056174498116775;13,142330126696564
CAT048;20;129;01:23:59:961;41,33235274;2,22093404;548,621144595556;1799,93819603488;5,707031;70,510254;6476;18,0;345204;VLG878H;1014,0;;;;;;-111,09375;160,0;0,252;-960,0;-896;3282;169,84;246,0004;No alert, no SPI, aircraft airbone;23,885639874748254;13,063682300072484
CAT048;20;129;01:24:03:961;41,33111159;2,21721195;533,382288553752;1749,94194757869;5,523438;70,658569;6476;17,5;345204;VLG878H;1014,0;;;;;;-111,269531;160,0;0,248;-224,0;-928;3282;168,96;245,863;No alert, no SPI, aircraft airbone;23,717845735267314;12,988237453238582
CAT048;20;129;01:24:07:961;41,32983672;2,21350449;518,143389947712;1699,94555947605;5,339844;70,839844;6476;17,0;345204;VLG878H;1014,0;;;;;;-111,445312;158,0;0,244;-704,0;-896;3282;165,66;245,7532;No alert, no SPI, aircraft airbone;23,55071861153977;12,910781608401678
CAT048;20;129;01:24:11:961;41,32857194;2,2097912;502,904458675534;1649,94906420104;5,15625;71,026611;6476;16,5;345204;VLG878H;1014,0;-0,176;-114,434;162,0;0,062;164,0;-111,621094;154,0;0,24;-800,0;-768;3282;162,58;245,6433;No alert, no SPI, aircraft airbone;23,38331784938316;12,833936413865493
CAT048;20;129;01:24:15:953;41,32737498;2,20622881;487,665451827459;1599,9523209736;4,980469;71,207886;6476;16,0;345204;VLG878H;1014,0;;;;;;-111,621094;153,0;0,236;-960,0;-800;3282;160,38;245,6708;No alert, no SPI, aircraft airbone;23,222708007048944;12,761205569959426
CAT048;20;129;01:24:19:945;41,32613195;2,20259933;464,806428764947;1524,95552374919;4,800781;71,422119;6476;15,25;345204;VLG878H;1014,0;;;;;;-111,972656;151,0;0,236;-896,0;-832;3282;157,08;245,5554;No alert, no SPI, aircraft airbone;23,05907562257802;12,685700843977248
CAT048;20;129;01:24:23:945;41,32494951;2,19911909;449,567334439605;1474,95849352284;4,628906;71,636353;6476;14,75;345204;VLG878H;1014,0;;;;;;-112,148438;149,0;0,232;-832,0;-704;3282;154,88;245,5829;No alert, no SPI, aircraft airbone;22,902162471806776;12,613875586437588
CAT048;20;129;01:24:27:938;41,32379365;2,19571678;434,328189843334;1424,9612983656;4,460938;71,861572;6476;14,25;345204;VLG878H;1014,0;0,352;-114,434;152,0;0,031;156,0;-112,148438;149,0;0,232;-800,0;-800;3282;151,8;245,462;No alert, no SPI, aircraft airbone;22,748757422516025;12,543670880063479
CAT048;20;129;01:24:31:938;41,32264558;2,19240038;419,088994002901;1374,96393508448;4,296875;72,114258;6476;13,75;345204;VLG878H;1014,0;;;;;;-111,796875;145,0;0,224;-960,0;-672;3282;150,48;245,6488;No alert, no SPI, aircraft airbone;22,599228057879667;12,473961574747449
CAT048;20;129;01:24:35:938;41,32150105;2,18908046;403,849771139212;1324,96648314437;4,132812;72,383423;6476;13,25;345204;VLG878H;1014,0;;;;;;-111,269531;141,0;0,22;-576,0;-512;3282;144,1;245,3906;No alert, no SPI, aircraft airbone;22,449533104337156;12,404469359077698
CAT048;20;129;01:24:39:938;41,32042527;2,18591114;388,610487544909;1274,96883195684;3,976562;72,647095;6476;12,75;345204;VLG878H;1014,0;;;;;;-111,09375;136,0;0,212;-736,0;-736;3282;139,7;245,451;No alert, no SPI, aircraft airbone;22,30661810216815;12,339144161111687
CAT048;20;129;01:24:43:938;41,31936331;2,1829151;373,371139129624;1224,97096810203;3,828125;72,954712;6476;12,25;345204;VLG878H;1014,0;-0,352;-114,258;136,0;0;140,0;-111,09375;132,0;0,204;-768,0;-736;3282;137,06;245,863;No alert, no SPI, aircraft airbone;22,171527702220896;12,27469694360471
CAT048;20;129;01:24:47:930;41,31831299;2,17982142;358,131789960898;1174,97310177531;3,675781;73,256836;6476;11,75;345204;VLG878H;1014,0;;;;;;-110,566406;131,0;0,2;-672,0;-672;3282;132,88;245,5554;No alert, no SPI, aircraft airbone;22,032014662905315;12,210927766925645
CAT048;20;129;01:24:51:930;41,31731276;2,17688135;350,512385665439;1149,9750553866;3,53125;73,569946;6476;11,5;345204;VLG878H;1014,0;;;;;;-109,863281;130,0;0,2;-736,0;-704;3282;131,56;245,7697;No alert, no SPI, aircraft airbone;21,899425378172293;12,150205896827277
CAT048;20;129;01:24:55:922;41,31638469;2,17409588;335,272930344567;1099,97684079167;3,394531;73,87207;6476;11,0;345204;VLG878H;1014,0;;;;;;-109,6875;129,0;0,2;-576,0;-544;3282;127,6;245,4401;No alert, no SPI, aircraft airbone;21,773797927787733;12,093854375252844
CAT048;20;129;01:24:59:922;41,31543411;2,17131651;320,033453079872;1049,97855420257;3,257812;74,223633;6476;10,5;345204;VLG878H;1014,0;0,703;-114,434;126,0;0,094;134,0;-110,039062;128,0;0,196;-512,0;-608;3282;125,4;245,4785;No alert, no SPI, aircraft airbone;21,648450115823973;12,036158508650603
CAT048;20;129;01:25:03:922;41,31443306;2,16827875;312,414003030397;1024,98035770225;3,109375;74,602661;6476;10,25;345204;VLG878H;1014,0;;;;;;-111,09375;126,0;0,192;-576,0;-608;3282;124,08;245,7037;No alert, no SPI, aircraft airbone;21,511432526754046;11,975376363061159
CAT048;20;129;01:25:07:922;41,31354804;2,16564883;297,174459368922;974,981853275933;2,980469;74,981689;6476;9,75;345204;VLG878H;1014,0;;;;;;-111,445312;124,0;0,192;-704,0;-640;3282;122,76;245,9399;No alert, no SPI, aircraft airbone;21,392813069627096;11,921657019460511
CAT048;20;129;01:25:11:914;41,31261739;2,16285268;281,934925360605;924,983380520088;2,84375;75,410156;6476;9,25;345204;VLG878H;1014,0;;;;;;-111,621094;124,0;0,192;-768,0;-576;3282;122,1;245,3192;No alert, no SPI, aircraft airbone;21,266689154184363;11,86516441274913
CAT048;20;129;01:25:15:914;41,31169109;2,16022487;274,315343613736;899,984751941691;2,714844;75,915527;6476;9,0;345204;VLG878H;1014,0;-0,176;-114,785;122,0;0;128,0;-111,972656;124,0;0,188;-608,0;-576;3282;121,22;245,1215;No alert, no SPI, aircraft airbone;21,148171766351282;11,80897750068249
CAT048;20;129;01:25:19:914;41,31073404;2,15751726;259,075756142847;849,986103783699;2,582031;76,49231;6476;8,5;345204;VLG878H;1014,0;;;;;;-111,796875;123,0;0,188;-608,0;-576;3282;121,22;245,1215;No alert, no SPI, aircraft airbone;21,026052631655816;11,75093093022335
CAT048;20;129;01:25:23:914;41,30980008;2,15470283;251,456166508608;824,9874493281;2,445312;77,074585;6476;8,25;345204;VLG878H;1014,0;;;;;;-111,621094;123,0;0,188;-576,0;-544;3282;120,78;245,5554;No alert, no SPI, aircraft airbone;20,89909257670997;11,694247251842713
CAT048;20;129;01:25:27:922;41,30888458;2,15205837;236,216532768682;774,988649368801;2,316406;77,739258;6476;7,75;345204;VLG878H;1014,0;;;;;;-111,269531;123,0;0,188;-512,0;-608;3282;121,44;246,1761;No alert, no SPI, aircraft airbone;20,77980861457191;11,638715147475873
CAT048;20;129;01:25:31:922;41,30798299;2,14931405;220,97689481359;724,989835580218;2,183594;78,43689;6476;7,25;345204;VLG878H;1014,0;-0,703;-113,906;120,0;-0,188;128,0;-111,796875;124,0;0,188;-672,0;-640;3282;121,44;246,1761;No alert, no SPI, aircraft airbone;20,656001515132196;11,583997197069031
CAT048;20;129;01:25:35:930;41,30710012;2,14664483;205,737228212878;674,990927809939;2,054688;79,211426;6476;6,75;345204;VLG878H;1014,0;;;;;;-112,675781;123,0;0,188;-768,0;-672;3282;120,78;245,5554;No alert, no SPI, aircraft airbone;20,535581059580643;11,530423422079377
CAT048;20;129;01:25:39:930;41,30616439;2,14388611;198,117553194053;649,991993221178;1,921875;80,161743;6476;6,5;345204;VLG878H;1014,0;;;;;;-113,554688;123,0;0,188;-672,0;-576;3282;119,9;245,3577;No alert, no SPI, aircraft airbone;20,411126658184564;11,473662503850745
CAT048;20;129;01:25:43:938;41,30524348;2,14129025;182,877840733156;599,992934990966;1,796875;81,260376;6476;6,0;345204;VLG878H;1014,0;;;;;;-113,203125;123,0;0,188;-576,0;-512;3282;120,34;244,9237;No alert, no SPI, aircraft airbone;20,294028589288374;11,417832115075443
CAT048;20;129;01:25:47:945;41,30428976;2,1385044;175,258130576462;574,993885120478;1,664062;82,55127;6476;5,75;345204;VLG878H;1014,0;0,527;-114,258;120,0;0,062;126,0;-112,324219;123,0;0,188;-544,0;-544;3282;119,46;245,7916;No alert, no SPI, aircraft airbone;20,168345896228374;11,359993770580365
CAT048;20;129;01:25:51:961;41,30339604;2,13586656;160,018386772834;524,994724059784;1,539062;83,95752;6476;5,25;345204;VLG878H;1014,0;;;;;;-112,148438;123,0;0,188;-608,0;-608;3282;120,56;245,9839;No alert, no SPI, aircraft airbone;20,049334409881702;11,305791522742757
CAT048;20;129;01:25:55:977;41,30250286;2,13320023;152,398627641611;499,995513511702;1,414062;85,605469;6476;5,0;345204;VLG878H;1014,0;;;;;;-112,5;123,0;0,188;-576,0;-576;3282;119,46;245,7916;No alert, no SPI, aircraft airbone;19,92903115359368;11,251618764952832
CAT048;20;129;01:25:59:992;41,30159344;2,13042176;137,158859233372;449,996271727216;1,285156;87,60498;6476;4,5;345204;VLG878H;1014,0;;;;;;-112,675781;122,0;0,184;-448,0;-576;3282;119,9;245,3577;No alert, no SPI, aircraft airbone;19,803658300406923;11,196450374663423
CAT048;20;129;01:26:04:016;41,3006696;2,12785624;129,539055365138;424,996914404159;1,167969;90,087891;6476;4,25;345204;VLG878H;1014,0;0,176;-114,434;122,0;0,062;126,0;-112,324219;122,0;0,184;-544,0;-608;3282;121,88;245,7477;No alert, no SPI, aircraft airbone;19,687916451585373;11,140469263763876
CAT048;20;129;01:26:08:039;41,2997397;2,12497552;114,299255486578;374,997569370584;1,039062;93,180542;6476;3,75;345204;VLG878H;1014,0;;;;;;-111,445312;125,0;0,188;-704,0;-576;3282;124,52;245,2863;No alert, no SPI, aircraft airbone;19,557918741096813;11,084057525742878
CAT048;20;129;01:26:12:078;41,29876345;2,12226215;99,0594247700647;324,998123162619;0,921875;97,245483;6476;3,25;345204;VLG878H;1014,0;;;;;;-111,09375;124,0;0,188;-640,0;-704;3282;124,52;245,2863;No alert, no SPI, aircraft airbone;19,435499257337703;11,024907826423687
CAT048;20;129;01:26:16:133;41,29780326;2,11941833;83,8195817591622;274,99863661873;0,804688;102,480469;6476;2,75;345204;VLG878H;1014,0;;;;;;-110,214844;125,0;0,188;-704,0;-672;3282;123,42;245,094;No alert, no SPI, aircraft airbone;19,30717185464158;10,966696181979065
CAT048;20;129;01:26:20:203;41,29683613;2,11663303;76,1997156301513;249,999075028026;0,699219;109,37439;6476;2,5;345204;VLG878H;1014,0;0,0;-114,609;124,0;-0,062;128,0;-110,214844;124,0;0,188;-608,0;-640;3282;123,2;245,517;No alert, no SPI, aircraft airbone;19,18148929980337;10,908085413835327
CAT048;20;129;01:26:24:297;41,29588477;2,11381712;60,9598305467516;199,999450451005;0,605469;118,509521;6476;2,0;345204;VLG878H;1014,0;;;;;;-108,808594;124,0;0,188;-672,0;-608;3282;123,2;245,517;No alert, no SPI, aircraft airbone;19,054414102942545;10,850417686489225
CAT048;20;129;01:26:28:422;41,29489739;2,11104315;45,7199245309457;149,999757198108;0,535156;130,583496;6476;1,5;345204;VLG878H;1014,0;;;;;;-108,808594;123,0;0,188;-672,0;-704;3282;124,08;245,7037;No alert, no SPI, aircraft airbone;18,92924237760922;10,790603122723775
CAT048;20;129;01:26:32:594;41,2939687;2,1081283;30,4800005033612;100,000004851448;0,488281;145,788574;6476;1,0;345204;VLG878H;1014,0;;;;;;-108,984375;124,0;0,188;-640,0;-640;3282;124,52;245,2863;No alert, no SPI, aircraft airbone;18,797678494483662;10,734281733961186
CAT048;20;129;01:26:36:773;41,29299136;2,10524651;22,8600549949333;75,000182829577;0,484375;162,680054;6476;0,75;345204;VLG878H;1014,0;-0,352;-114,434;124,0;-0,125;126,0;-109,511719;123,0;0,188;-704,0;-672;3282;124,52;245,2863;No alert, no SPI, aircraft airbone;18,66761991154963;10,675054383741864
CAT048;20;129;01:26:40:938;41,29191355;2,10237556;7,62009024154395;25,0002968680671;0,527344;178,439941;6476;0,25;345204;VLG878H;1014,0;;;;;;-109,511719;122,0;0,184;-832,0;-608;3282;125,4;245,4785;No alert, no SPI, aircraft airbone;18,53807601293335;10,609808671758982
CAT048;20;129;01:26:45:078;41,29093081;2,09947857;0,0001024529337883;0,00033613168329;0,597656;191,260986;6476;-0,5;345204;VLG878H;1014,0;;;;;;-110,214844;117,0;0,176;-704,0;-128;3282;124,96;244,8688;No alert, no SPI, aircraft airbone;18,407323503081795;10,550262896955708
CAT048;20;129;01:26:49:172;41,28995431;2,09677841;9,59783792495728e-05;0,0003148897057771;0,6875;200,3302;6476;-0,5;345204;VLG878H;1014,0;;;;;;-113,554688;109,0;0,168;-704,0;-64;3282;117,92;246,4783;No alert, no SPI, aircraft airbone;18,285467979732225;10,491136889995
CAT048;20;129;01:26:53:234;41,28906787;2,0942921;7,33640044927597e-05;0,0002406955605;0,78125;206,724243;6476;-0,5;345204;VLG878H;1014,0;-0,352;-113,906;104,0;0,219;96,0;-112,675781;95,0;0,144;0,0;-96;3282;103,84;246,1487;No alert, no SPI, aircraft airbone;18,17325657173014;10,437459873465311
CAT048;20;129;02:06:36:352;41,43341946;2,42230492;1821,05545908399;5974,59159238112;16,542969;61,078491;1000;59,75;345082;BCS460;1014,3;;;;;;-128,671875;214,0;0,36;-1344,0;-1408;3088;242,0;231,3721;No alert, no SPI, aircraft airbone;32,93704083313917;19,19015163764513
CAT048;20;129;02:06:40:344;41,43065594;2,41761255;1798,19882857427;5899,60264473961;16,277344;61,2323;1000;59,0;345082;BCS460;1014,3;-0,703;-128,672;240,0;0;238,0;-128,671875;214,0;0,36;-1184,0;-1184;3088;240,68;231,4105;No alert, no SPI, aircraft airbone;32,7266473167179;19,022657230497664
CAT048;20;129;02:06:44:344;41,4279207;2,41299559;1775,34209584352;5824,61336172724;16,015625;61,391602;1000;58,25;345082;BCS460;1014,3;;;;;;-128,671875;212,0;0,356;-1056,0;-1088;3088;239,36;231,449;No alert, no SPI, aircraft airbone;32,51962549869281;18,856898364499436
CAT048;20;129;02:06:48:336;41,42524519;2,4085298;1752,48520678002;5749,62356581217;15,761719;61,556396;1000;57,5;345082;BCS460;1014,3;;;;;;-128,847656;211,0;0,352;-1056,0;-1088;3088;237,16;231,3391;No alert, no SPI, aircraft airbone;32,31938015095932;18,694788621106305
CAT048;20;129;02:06:52:336;41,42242344;2,40377151;1729,62848622072;5674,6343227324;15,492188;61,732178;1000;56,75;345082;BCS460;1014,3;;;;;;-128,847656;211,0;0,352;-1088,0;-1120;3088;235,62;231,3776;No alert, no SPI, aircraft airbone;32,105986802086086;18,523811605504903
CAT048;20;129;02:06:56:336;41,41975577;2,39939168;1706,77144506108;5599,64402781419;15,242188;61,913452;1000;56,0;345082;BCS460;1014,3;-0,703;-128,672;234,0;-0,062;232,0;-129,023438;209,0;0,348;-1088,0;-1120;3088;234,3;231,416;No alert, no SPI, aircraft airbone;31,909583929573778;18,362224954498995
CAT048;20;129;02:07:00:328;41,41702817;2,39485414;1683,91448076069;5524,65398505891;14,984375;62,10022;1000;55,25;345082;BCS460;1014,3;;;;;;-129,023438;208,0;0,348;-1184,0;-1216;3088;232,98;231,4545;No alert, no SPI, aircraft airbone;31,706074465611316;18,19699698753717
CAT048;20;129;02:07:04:328;41,41440508;2,39043584;1661,05740632117;5449,66358095474;14,734375;62,281494;1000;54,5;345082;BCS460;1014,3;;;;;;-129,023438;207,0;0,344;-1280,0;-1248;3088;232,1;231,3007;No alert, no SPI, aircraft airbone;31,507880754475277;18,038090242662737
CAT048;20;129;02:07:08:320;41,4116939;2,38598322;1630,58029741049;5349,67306295623;14,480469;62,484741;1000;53,5;345082;BCS460;1014,3;;;;;;-129,023438;207,0;0,344;-1152,0;-1120;3088;230,78;231,3391;No alert, no SPI, aircraft airbone;31,308163638990326;17,873898649130936
CAT048;20;129;02:07:12:320;41,40896348;2,38152651;1615,34314804338;5299,68241382664;14,226562;62,698975;1000;53,0;345082;BCS460;1014,3;-0,703;-128,672;230,0;0;228,0;-129,199219;206,0;0,344;-1088,0;-1088;3088;230,78;231,3391;No alert, no SPI, aircraft airbone;31,108254316521524;17,708562127371643
CAT048;20;129;02:07:16:320;41,40632246;2,37721176;1584,8658716511;5199,69134634779;13,980469;62,913208;1000;52,0;345082;BCS460;1014,3;;;;;;-129,199219;206,0;0,344;-1216,0;-1280;3088;230,78;231,3391;No alert, no SPI, aircraft airbone;30,914695574415717;17,54864754327799
CAT048;20;129;02:07:20:313;41,40363671;2,37281872;1562,00860819686;5124,70032211659;13,730469;63,138428;1000;51,25;345082;BCS460;1014,3;;;;;;-129,199219;207,0;0,344;-1312,0;-1344;3088;230,78;231,3391;No alert, no SPI, aircraft airbone;30,717607104089044;17,386032668021773
CAT048;20;129;02:07:24:313;41,40095127;2,36832982;1531,53137949575;5024,70941110483;13,476562;63,363647;1000;50,25;345082;BCS460;1014,3;;;;;;-129,199219;207,0;0,344;-1312,0;-1344;3088;230,78;231,3391;No alert, no SPI, aircraft airbone;30,51617378550743;17,223412906795105
CAT048;20;129;02:07:28:305;41,39826399;2,36392728;1508,67404628359;4949,71815800905;13,226562;63,605347;1000;49,5;345082;BCS460;1014,3;-0,527;-128,672;232,0;0;230,0;-129,199219;208,0;0,344;-1312,0;-1312;3088;231,22;231,1414;No alert, no SPI, aircraft airbone;30,3186242929281;17,060723329612905
CAT048;20;129;02:07:32:313;41,39560819;2,35950492;1478,19669672102;4849,72685047018;12,976562;63,847046;1000;48,5;345082;BCS460;1014,3;;;;;;-129,375;208,0;0,344;-1344,0;-1344;3088;232,1;231,3007;No alert, no SPI, aircraft airbone;30,12014901563261;16,899924848872327
CAT048;20;129;02:07:36:305;41,392897;2,35500984;1455,33934849873;4774,73554812858;12,722656;64,105225;1000;47,75;345082;BCS460;1014,3;;;;;;-129,375;209,0;0,344;-1376,0;-1376;3088;232,1;231,3007;No alert, no SPI, aircraft airbone;29,91839879318778;16,73578993144427
CAT048;20;129;02:07:40:305;41,39023002;2,35058272;1424,86192188971;4674,74398781263;12,472656;64,368896;1000;46,75;345082;BCS460;1014,3;;;;;;-129,375;210,0;0,344;-1472,0;-1504;3088;232,76;231,1084;No alert, no SPI, aircraft airbone;29,71968088392237;16,574339942588875
CAT048;20;129;02:07:44:297;41,38749718;2,34609451;1394,38448532764;4574,75239484233;12,21875;64,654541;1000;45,75;345082;BCS460;1014,3;-0,703;-128,672;234,0;0,031;232,0;-129,550781;212,0;0,348;-1536,0;-1536;3088;233,42;231,2622;No alert, no SPI, aircraft airbone;29,518217281795724;16,408929939186628
CAT048;20;129;02:07:48:297;41,3847828;2,34158744;1363,90702579543;4474,76072651068;11,964844;64,945679;1000;44,75;345082;BCS460;1014,3;;;;;;-129,199219;213,0;0,348;-1536,0;-1536;3088;234,96;231,2238;No alert, no SPI, aircraft airbone;29,315876708403483;16,244631134937734
CAT048;20;129;02:07:52:297;41,38203704;2,33709184;1333,42951247096;4374,76888169523;11,710938;65,258789;1000;43,75;345082;BCS460;1014,3;;;;;;-129,375;214,0;0,352;-1536,0;-1536;3088;234,96;231,2238;No alert, no SPI, aircraft airbone;29,11405121827966;16,078464928013883
CAT048;20;129;02:07:56:289;41,37933065;2,33256406;1302,95198802277;4274,77700038464;11,457031;65,571899;1000;42,75;345082;BCS460;1014,3;;;;;;-129,550781;215,0;0,352;-1504,0;-1504;3088;236,28;231,1853;No alert, no SPI, aircraft airbone;28,91073784977799;15,914659578776122
CAT048;20;129;02:08:00:289;41,37661481;2,32803345;1272,47442292422;4174,7849857067;11,203125;65,901489;1000;41,75;345082;BCS460;1014,3;-0,527;-128,848;238,0;0;236,0;-129,375;216,0;0,352;-1504,0;-1472;3088;237,16;231,3391;No alert, no SPI, aircraft airbone;28,70728386931358;15,750297284702453
CAT048;20;129;02:08:04:289;41,37386065;2,32351595;1241,99680225831;4074,79278872114;10,949219;66,258545;1000;40,75;345082;BCS460;1014,3;;;;;;-128,847656;217,0;0,352;-1472,0;-1472;3088;237,82;231,1469;No alert, no SPI, aircraft airbone;28,5044217409634;15,58365197359163
CAT048;20;129;02:08:08:289;41,37106325;2,31891836;1211,51918374188;3974,80059878772;10,691406;66,637573;1000;39,75;345082;BCS460;1014,3;;;;;;-128,847656;219,0;0,356;-1472,0;-1504;3088;238,48;231,3007;No alert, no SPI, aircraft airbone;28,297943072137127;15,414398277694167
CAT048;20;129;02:08:12:289;41,36829402;2,3143875;1181,04148818366;3874,80815609249;10,4375;67,033081;1000;38,75;345082;BCS460;1014,3;;;;;;-128,847656;219,0;0,356;-1536,0;-1504;3088;240,02;231,2622;No alert, no SPI, aircraft airbone;28,094449215461097;15,246866420657053
CAT048;20;129;02:08:16:289;41,36548032;2,30968138;1150,56384893414;3774,81589813707;10,175781;67,445068;1000;37,75;345082;BCS460;1014,3;5,801;-127,969;240,0;0,469;238,0;-127,265625;220,0;0,356;-1408,0;-1376;3088;240,02;231,5973;No alert, no SPI, aircraft airbone;27,883039028040198;15,076622444538925
CAT048;20;129;02:08:20:281;41,36276495;2,30518984;1120,08605658915;3674,82313789994;9,925781;67,868042;1000;36,75;345082;BCS460;1014,3;;;;;;-124,804688;221,0;0,356;-1376,0;-1408;3088;238,92;234,3768;No alert, no SPI, aircraft airbone;27,681263870682095;14,91235481664281
CAT048;20;129;02:08:24:281;41,36024602;2,3003023;1089,60847479012;3574,83106843041;9,664062;68,208618;1000;35,75;345082;BCS460;1014,3;;;;;;-121,464844;222,0;0,356;-1504,0;-1504;3088;238,7;236,1072;No alert, no SPI, aircraft airbone;27,4614978631707;14,759753284869703
CAT048;20;129;02:08:28:281;41,35783298;2,2952586;1059,13094014674;3474,83915367104;9,398438;68,516235;1000;34,75;345082;BCS460;1014,3;;;;;;-119,53125;221,0;0,356;-1504,0;-1472;3088;238,48;238,9087;No alert, no SPI, aircraft airbone;27,234615178097286;14,61346551817106
CAT048;20;129;02:08:32:273;41,35571179;2,2902387;1036,27337234374;3399,84713092024;9,140625;68,741455;1000;34,0;345082;BCS460;1014,3;4,219;-118,652;238,0;0,406;240,0;-117,421875;222,0;0,356;-1344,0;-1344;3088;237,82;241,062;No alert, no SPI, aircraft airbone;27,008671208408092;14,48470019553013
CAT048;20;129;02:08:36:266;41,35374165;2,2851447;1005,79580116365;3299,85509628975;8,882812;68,917236;1000;33,0;345082;BCS460;1014,3;;;;;;-116,542969;220,0;0,352;-1728,0;-1248;3088;235,84;242,4518;No alert, no SPI, aircraft airbone;26,77930273099909;14,364983477955374
CAT048;20;129;02:08:40:266;41,35181078;2,27993637;975,318228079006;3199,86305541073;8,621094;69,076538;1000;32,0;345082;BCS460;1014,3;;;;;;-115,136719;218,0;0,348;-1600,0;-1568;3088;232,76;243,4296;No alert, no SPI, aircraft airbone;26,544738276887728;14,247600411694105
CAT048;20;129;02:08:44:266;41,34997293;2,27486507;944,84053070005;3099,87060674195;8,367188;69,224854;1000;31,0;345082;BCS460;1014,3;;;;;;-113,730469;216,0;0,344;-1728,0;-1792;3088;229,68;244,4348;No alert, no SPI, aircraft airbone;26,316314934896837;14,135851021569332
CAT048;20;129;02:08:48:258;41,34822781;2,26984472;906,742754632607;2974,87789910884;8,117188;69,351196;1000;29,75;345082;BCS460;1014,3;1,582;-114,258;226,0;0,156;230,0;-113,027344;214,0;0,34;-1792,0;-1824;3088;227,48;245,5719;No alert, no SPI, aircraft airbone;26,09014437211282;14,029691093083533
CAT048;20;129;02:08:52:258;41,34655819;2,2647861;868,644940210506;2849,88506564024;7,867188;69,450073;1000;28,5;345082;BCS460;1014,3;;;;;;-112,324219;213,0;0,34;-1888,0;-1888;3088;225,28;246,1652;No alert, no SPI, aircraft airbone;25,862202568449455;13,928060521090922
CAT048;20;129;02:08:56:250;41,34490173;2,25962809;830,547105678357;2724,89216619378;7,613281;69,537964;1000;27,25;345082;BCS460;1014,3;;;;;;-111,972656;212,0;0,336;-2016,0;-2112;3088;224,62;246,6321;No alert, no SPI, aircraft airbone;25,629752334143568;13,827203212034922
CAT048;20;129;02:09:00:250;41,34332565;2,2546203;784,829145411961;2574,89885343338;7,367188;69,614868;1000;25,75;345082;BCS460;1014,3;;;;;;-111,972656;211,0;0,332;-2144,0;-2144;3088;221,98;246,9012;No alert, no SPI, aircraft airbone;25,40404820564401;13,731223693854705
CAT048;20;129;02:09:04:242;41,34177001;2,24968877;746,731090057641;2449,90522950471;7,125;69,697266;1000;24,5;345082;BCS460;1014,3;-0,527;-113,203;220,0;-0,031;224,0;-111,445312;209,0;0,332;-2144,0;-2144;3088;219,78;246,9342;No alert, no SPI, aircraft airbone;25,181771885944272;13,636504940034
CAT048;20;129;02:09:08:234;41,3401831;2,24468507;701,01299779769;2299,91148369457;6,878906;69,790649;1000;23,0;345082;BCS460;1014,3;;;;;;-111,445312;208,0;0,328;-2176,0;-2208;3088;217,8;246,731;No alert, no SPI, aircraft airbone;24,956235097287838;13,53990294321006
CAT048;20;129;02:09:12:234;41,33865293;2,23983731;655,294784761034;2149,91734163539;6,640625;69,884033;1000;21,5;345082;BCS460;1014,3;;;;;;-111,621094;206,0;0,324;-2080,0;-2048;3088;217,8;246,731;No alert, no SPI, aircraft airbone;24,73771396445692;13,446760737764233
CAT048;20;129;02:09:16:227;41,33702157;2,23484833;617,196555186063;2024,92314611664;6,394531;70,015869;1000;20,25;345082;BCS460;1014,3;;;;;;-111,972656;204,0;0,32;-1824,0;-1728;3088;215,16;246,4124;No alert, no SPI, aircraft airbone;24,512837514697036;13,347522841662917
CAT048;20;129;02:09:20:219;41,33545039;2,23000872;586,718212155625;1924,92857916866;6,15625;70,147705;1000;19,25;345082;BCS460;1014,3;-0,352;-113,555;212,0;-0,031;212,0;-112,148438;200,0;0,312;-1504,0;-1280;3088;212,96;246,4453;No alert, no SPI, aircraft airbone;24,294678951540448;13,25194833072951
CAT048;20;129;02:09:24:227;41,33390784;2,22524183;563,859785445966;1849,93373848254;5,921875;70,285034;1000;18,5;345082;BCS460;1014,3;;;;;;-111,972656;197,0;0,308;-1184,0;-1056;3088;210,54;246,4783;No alert, no SPI, aircraft airbone;24,07978635165086;13,158122926383106
CAT048;20;129;02:09:28:219;41,33242606;2,22062922;541,001252687536;1774,93854986738;5,695312;70,422363;1000;17,75;345082;BCS460;1014,3;;;;;;-112,5;193,0;0,3;-896,0;-768;3088;204,38;246,319;No alert, no SPI, aircraft airbone;23,871835145098007;13,067995780240665
CAT048;20;129;02:09:32:219;41,33092372;2,21611234;525,762632413767;1724,94307492838;5,472656;70,598145;1000;17,25;345082;BCS460;1014,3;;;;;;-113,027344;188,0;0,292;-704,0;-608;3088;201,08;246,2366;No alert, no SPI, aircraft airbone;23,668209081930158;12,976672678612953
CAT048;20;129;02:09:36:211;41,32945232;2,21175826;518,143911158666;1699,9472694858;5,257812;70,795898;1000;17,0;345082;BCS460;1014,3;-1,582;-114,082;194,0;-0,125;194,0;-113,203125;184,0;0,288;-640,0;-576;3088;194,04;245,9454;No alert, no SPI, aircraft airbone;23,47192165156548;12,887259357803142
CAT048;20;129;02:09:40:211;41,32797443;2,20741047;502,905138992704;1649,95129621282;5,042969;71,015625;1000;16,5;345082;BCS460;1014,3;;;;;;-113,203125;179,0;0,28;-672,0;-704;3088;189,86;245,7257;No alert, no SPI, aircraft airbone;23,27591201754235;12,797468355672443
CAT048;20;129;02:09:44:203;41,32656895;2,20339374;487,666227857582;1599,95486700427;4,84375;71,262817;1000;16,0;345082;BCS460;1014,3;;;;;;-113,90625;174,0;0,272;-576,0;-608;3088;183,7;245,528;No alert, no SPI, aircraft airbone;23,09483363839739;12,712117040180745
CAT048;20;129;02:09:48:203;41,32514124;2,19929343;472,427297433838;1549,95837451283;4,640625;71,531982;1000;15,5;345082;BCS460;1014,3;;;;;;-114,785156;169,0;0,264;-832,0;-864;3088;177,32;245,3137;No alert, no SPI, aircraft airbone;22,909976916556495;12,625419061398393
CAT048;20;129;02:09:52:203;41,32379154;2,19543488;449,568264486268;1474,96154485713;4,449219;71,812134;1000;14,75;345082;BCS460;1014,3;0,0;-114,961;174,0;0;176,0;-114,960938;167,0;0,26;-928,0;-992;3088;172,26;244,9182;No alert, no SPI, aircraft airbone;22,73601436752961;12,54347089372439
CAT048;20;129;02:09:56:203;41,32247722;2,19173541;434,329155042768;1424,96446503051;4,265625;72,119751;1000;14,25;345082;BCS460;1014,3;;;;;;-114,257812;163,0;0,252;-1056,0;-1088;3088;167,86;244,9622;No alert, no SPI, aircraft airbone;22,569224143777472;12,463693257400491
CAT048;20;129;02:10:00:195;41,32115003;2,18795255;411,470030584373;1349,96733514243;4,078125;72,449341;1000;13,5;345082;BCS460;1014,3;;;;;;-113,554688;162,0;0,252;-1024,0;-1024;3088;165,22;245,2972;No alert, no SPI, aircraft airbone;22,398661656960623;12,383129531538009
CAT048;20;129;02:10:04:195;41,3199007;2,1843155;388,610839258879;1274,9699858741;3,898438;72,773438;1000;12,75;345082;BCS460;1014,3;;;;;;-112,324219;158,0;0,244;-896,0;-960;3088;160,82;245,3467;No alert, no SPI, aircraft airbone;22,23465793835922;12,3072794963936
CAT048;20;129;02:10:08:195;41,31867988;2,18083985;373,371579313651;1224,9724122754;3,726562;73,135986;1000;12,25;345082;BCS460;1014,3;0,0;-114,961;156,0;0,031;160,0;-111,972656;154,0;0,236;-960,0;-960;3088;155,76;244,9127;No alert, no SPI, aircraft airbone;22,07793533495002;12,233186837070573
CAT048;20;129;02:10:12:188;41,31746123;2,17736443;350,512288679369;1149,97473719082;3,554688;73,531494;1000;11,5;345082;BCS460;1014,3;;;;;;-111,621094;150,0;0,232;-864,0;-896;3088;151,8;245,462;No alert, no SPI, aircraft airbone;21,92121655971232;12,159230636041235
CAT048;20;129;02:10:16:188;41,31634823;2,17410981;335,272926150821;1099,97682703266;3,394531;73,910522;1000;11,0;345082;BCS460;1014,3;;;;;;-111,09375;148,0;0,228;-736,0;-768;3088;148,28;245,6818;No alert, no SPI, aircraft airbone;21,774439792747415;12,09167140999957
CAT048;20;129;02:10:20:188;41,31523354;2,17085213;320,033537055366;1049,97882971273;3,234375;74,328003;1000;10,5;345082;BCS460;1014,3;;;;;;-111,796875;146,0;0,224;-736,0;-768;3088;144,98;245,5554;No alert, no SPI, aircraft airbone;21,627520238536725;12,02401557640084
CAT048;20;129;02:10:24:188;41,31412226;2,16758896;304,794121937826;999,980747018498;3,074219;74,783936;1000;10,0;345082;BCS460;1014,3;-0,527;-114,609;144,0;0,031;148,0;-112,5;143,0;0,22;-672,0;-704;3088;143,22;245,2203;No alert, no SPI, aircraft airbone;21,48034634560666;11,956568390513189
CAT048;20;129;02:10:28:188;41,31303901;2,16449001;289,554651321843;949,982482242756;2,921875;75,2948;1000;9,5;345082;BCS460;1014,3;;;;;;-112,5;143,0;0,22;-736,0;-736;3088;141,9;245,4181;No alert, no SPI, aircraft airbone;21,340583441691276;11,890847778712555
CAT048;20;129;02:10:32:195;41,31194742;2,16129421;281,93517231103;924,984190724921;2,765625;75,849609;1000;9,25;345082;BCS460;1014,3;;;;;;-111,621094;141,0;0,216;-640,0;-704;3088;140,58;245,6213;No alert, no SPI, aircraft airbone;21,19643953306114;11,82460849718812
CAT048;20;129;02:10:36:195;41,31086486;2,15800469;266,69568225462;874,985862168247;2,605469;76,437378;1000;8,75;345082;BCS460;1014,3;;;;;;-112,324219;140,0;0,216;-640,0;-608;3088;139,7;246,3684;No alert, no SPI, aircraft airbone;21,048050316397234;11,758893427895872
CAT048;20;129;02:10:40:195;41,30984445;2,15486682;251,456142942421;824,987372011213;2,453125;77,052612;1000;8,25;345082;BCS460;1014,3;-1,934;-114,082;140,0;-0,188;146,0;-113,554688;140,0;0,216;-576,0;-608;3088;140,14;245,9949;No alert, no SPI, aircraft airbone;20,906493522170766;11,696947304977833
CAT048;20;129;02:10:44:195;41,3087575;2,1517408;236,216575224884;774,988788660808;2,300781;77,849121;1000;7,75;345082;BCS460;1014,3;;;;;;-114,257812;140,0;0,216;-672,0;-704;3088;141,02;245,2478;No alert, no SPI, aircraft airbone;20,76548913056939;11,631018832385662
CAT048;20;129;02:10:48:203;41,30766048;2,14860606;220,976983572356;724,99012678353;2,148438;78,771973;1000;7,25;345082;BCS460;1014,3;;;;;;-114,433594;142,0;0,216;-768,0;-800;3088;141,9;244,5172;No alert, no SPI, aircraft airbone;20,62408891292283;11,5644894930264
CAT048;20;129;02:10:52:211;41,30649231;2,14538593;205,737376422621;674,991414062393;1,992188;79,936523;1000;6,75;345082;BCS460;1014,3;;;;;;-113,027344;143,0;0,22;-736,0;-736;3088;143,66;244,8578;No alert, no SPI, aircraft airbone;20,47884487322234;11,493678492634217
CAT048;20;129;02:10:56:219;41,30536275;2,14221947;198,117737403139;649,992597581716;1,839844;81,238403;1000;6,5;345082;BCS460;1014,3;-0,879;-114,258;144,0;-0,062;148,0;-112,148438;143,0;0,22;-704,0;-704;3088;143,66;245,7532;No alert, no SPI, aircraft airbone;20,336010653996787;11,425200744074894
CAT048;20;129;02:11:00:227;41,304276;2,13911266;182,878067052923;599,993677509912;1,691406;82,699585;1000;6,0;345082;BCS460;1014,3;;;;;;-111,972656;144,0;0,22;-736,0;-736;3088;143,66;245,7532;No alert, no SPI, aircraft airbone;20,1958557615648;11,35930923114477
CAT048;20;129;02:11:04:242;41,30316551;2,13571922;167,63839946501;549,994766500782;1,53125;84,446411;1000;5,5;345082;BCS460;1014,3;;;;;;-111,621094;145,0;0,22;-576,0;-608;3088;144,76;245,9125;No alert, no SPI, aircraft airbone;20,04274176009961;11,291933259915314
CAT048;20;129;02:11:08:258;41,30207806;2,13245852;152,398690782487;499,995720666816;1,378906;86,555786;1000;5,0;345082;BCS460;1014,3;;;;;;-111,445312;144,0;0,22;-672,0;-768;3088;144,32;246,275;No alert, no SPI, aircraft airbone;19,89561833919594;11,225975173880245
CAT048;20;129;02:11:12:281;41,30100957;2,12923255;137,158952074125;449,996576322874;1,230469;89,13208;1000;4,5;345082;BCS460;1014,3;-0,176;-113,555;144,0;0,031;148,0;-111,269531;143,0;0,216;-672,0;-768;3088;144,32;246,275;No alert, no SPI, aircraft airbone;19,750054922655924;11,161167455482799
CAT048;20;129;02:11:16:313;41,29992535;2,12584924;121,919197225012;399,997379023708;1,078125;92,471924;1000;4,0;345082;BCS460;1014,3;;;;;;-110,390625;144,0;0,22;-768,0;-768;3088;144,76;245,9125;No alert, no SPI, aircraft airbone;19,597376020856302;11,09538651559367
CAT048;20;129;02:11:20:359;41,29881111;2,1226145;106,679404185154;349,998056426819;0,9375;96,948853;1000;3,5;345082;BCS460;1014,3;;;;;;-111,09375;145,0;0,22;-736,0;-800;3088;144,98;245,5554;No alert, no SPI, aircraft airbone;19,451419859637166;11,027844372654938
CAT048;20;129;02:11:24:422;41,29761469;2,11935724;91,4395860917866;299,998651633377;0,804688;103,309937;1000;3,0;345082;BCS460;1014,3;;;;;;-110,742188;144,0;0,22;-800,0;-800;3088;145,42;245,1929;No alert, no SPI, aircraft airbone;19,304464367773427;10,955374514341075
CAT048;20;129;02:11:28:516;41,29644372;2,11597403;76,1997460182756;249,999174726599;0,679688;112,08252;1000;2,5;345082;BCS460;1014,3;0,0;-114,961;144,0;0,031;146,0;-110,039062;143,0;0,216;-832,0;-864;3088;144,54;245,0281;No alert, no SPI, aircraft airbone;19,151799937258875;10,884408716496864
CAT048;20;129;02:11:32:641;41,29528719;2,11262679;60,9598754514009;199,999597775974;0,578125;124,189453;1000;2,0;345082;BCS460;1014,3;;;;;;-110,039062;143,0;0,216;-672,0;-608;3088;144,76;245,9125;No alert, no SPI, aircraft airbone;19,000752678038086;10,814322625270798
CAT048;20;129;02:11:36:820;41,29414306;2,10915651;45,7199785662815;149,999934479399;0,507812;140,778809;1000;1,5;345082;BCS460;1014,3;;;;;;-110,390625;143,0;0,216;-576,0;-576;3088;144,76;245,9125;No alert, no SPI, aircraft airbone;18,844131782425688;10,744959391856277
CAT048;20;129;02:11:41:031;41,29291002;2,10574155;30,4800516562536;100,000172675903;0,496094;160,378418;1000;1,0;345082;BCS460;1014,3;;;;;;-110,742188;142,0;0,216;-800,0;-736;3088;144,76;245,9125;No alert, no SPI, aircraft airbone;18,690032666763198;10,670282503709089
CAT048;20;129;02:11:45:234;41,29178026;2,10226463;15,2400931064039;50,0003070672143;0,535156;179,000244;1000;0,5;345082;BCS460;1014,3;-2,109;-114,434;146,0;-0,344;146,0;-113,027344;143,0;0,216;-736,0;-608;3088;146,08;245,7147;No alert, no SPI, aircraft airbone;18,533096302253327;10,601792001483267
CAT048;20;129;02:11:49:391;41,29057179;2,09882757;0,000105514191091;0,0003461751786991;0,625;193,52417;1000;0,0;345082;BCS460;1014,3;;;;;;-111,972656;140,0;0,212;-320,0;-192;3088;144,1;245,3906;No alert, no SPI, aircraft airbone;18,377979346642988;10,528596091295633
CAT048;20;129;02:11:53:500;41,28954389;2,09558852;8,67480412125587e-05;0,0002846064435318;0,730469;203,620605;1000;0,0;345082;BCS460;1014,3;;;;;;-111,269531;133,0;0,2;-32,0;-64;3088;138,38;245,6543;No alert, no SPI, aircraft airbone;18,2317627714391;10,466276048053071
CAT048;20;129;02:11:57:570;41,28841815;2,09244684;4,62029129266739e-05;0,0001515843648463;0,855469;210,547485;1000;0,0;345082;BCS460;1014,3;;;;;;-113,027344;124,0;0,188;-64,0;-32;3088;128,92;246,2146;No alert, no SPI, aircraft airbone;18,089972637375414;10,39811436605808
CAT048;20;129;02:12:01:617;41,28756562;2,08974516;-1,22636556625366e-05;-4,02350920438766e-05;0,964844;215,26062;1000;0,0;345082;BCS460;1014,2;0,0;-114,961;116,0;-0,562;112,0;-116,191406;109,0;0,164;64,0;-32;3088;115,94;244,9786;No alert, no SPI, aircraft airbone;17,968005140337706;10,346432118329714
CAT048;20;129;02:12:05:648;41,28672742;2,08734112;-7,76462256908417e-05;-0,0002547448430955;1,070312;218,463135;1000;0,0;345082;BCS460;1014,2;;;;;;-113,554688;97,0;0,148;32,0;-32;3088;102,52;245,1819;No alert, no SPI, aircraft airbone;17,85949353478756;10,295673854598467
CAT048;20;129;02:27:18:930;41,32410519;2,59700059;1607,47332437802;5273,86278155239;22,441406;86,248169;2061;52,75;34538D;VLG6DZ;1014,0;;;;;;-81,914062;250,0;0,416;-1408,0;-1472;115;278,52;278,8824;No alert, no SPI, aircraft airbone;40,88919905211042;12,708646596937866
CAT048;20;129;02:27:22:922;41,32489608;2,59019448;1577,00285920966;5173,89406060943;22,136719;86,077881;2061;51,75;34538D;VLG6DZ;1014,0;;;;;;-81,914062;251,0;0,416;-1376,0;-1408;115;277,64;278,9154;No alert, no SPI, aircraft airbone;40,58103438092679;12,752897731835844
CAT048;20;129;02:27:26:914;41,32569966;2,58355586;1546,53203611728;5073,92416537501;21,839844;85,9021;2061;50,75;34538D;VLG6DZ;1014,0;;;;;;-81,914062;250,0;0,412;-1408,0;-1344;115;277,64;278,9154;No alert, no SPI, aircraft airbone;40,28044062021194;12,798011178824167
CAT048;20;129;02:27:30:906;41,326502;2,57682204;1523,6812174404;4998,95428542717;21,539062;85,720825;2061;50,0;34538D;VLG6DZ;1014,0;0,352;-81,035;276,0;0,031;276,0;-81,738281;251,0;0,412;-1504,0;-1408;115;276,54;278,9484;No alert, no SPI, aircraft airbone;39,9755514059885;12,84302952262321
CAT048;20;129;02:27:34:906;41,32733994;2,57008333;1493,21028035693;4898,98401620623;21,238281;85,528564;2061;49,0;34538D;VLG6DZ;1014,0;;;;;;-81,914062;250,0;0,412;-1408,0;-1344;115;276,54;278,9484;No alert, no SPI, aircraft airbone;39,67042701857217;12,890204014816458
CAT048;20;129;02:27:38:898;41,32808686;2,56352153;1462,73897821829;4799,01254929769;20,945312;85,34729;2061;48,0;34538D;VLG6DZ;1014,0;;;;;;-81,738281;250,0;0,412;-1440,0;-1408;115;275,66;278,9813;No alert, no SPI, aircraft airbone;39,373361685149334;12,932023611682899
CAT048;20;129;02:27:42:891;41,32892357;2,55677175;1432,26780387852;4699,04150167681;20,644531;85,144043;2061;47,0;34538D;VLG6DZ;1014,0;;;;;;-81,738281;250,0;0,412;-1344,0;-1408;115;275,66;278,9813;No alert, no SPI, aircraft airbone;39,067752464737474;12,979165885312511
CAT048;20;129;02:27:46:883;41,32963212;2,55011306;1409,41637677606;4624,06962558197;20,347656;84,957275;2061;46,25;34538D;VLG6DZ;1014,0;0,0;-81,035;274,0;0;274,0;-81,738281;250,0;0,412;-1440,0;-1376;115;274,56;279,0143;No alert, no SPI, aircraft airbone;38,766343910828866;13,018686790149825
CAT048;20;129;02:27:50:875;41,33037755;2,54353538;1378,94472629111;4524,09701580493;20,054688;84,759521;2061;45,25;34538D;VLG6DZ;1014,0;;;;;;-81,914062;250,0;0,408;-1408,0;-1376;115;274,56;278,8055;No alert, no SPI, aircraft airbone;38,468581991164484;13,06047800696415
CAT048;20;129;02:27:54:867;41,33114572;2,53686243;1348,47307342943;4424,1243982302;19,757812;84,550781;2061;44,25;34538D;VLG6DZ;1014,0;;;;;;-81,738281;250,0;0,408;-1472,0;-1408;115;273,46;278,8385;No alert, no SPI, aircraft airbone;38,166507215461415;13,103613666146307
CAT048;20;129;02:27:58:859;41,33192017;2,53035258;1325,62109797727;4349,15072308776;19,46875;84,336548;2061;43,5;34538D;VLG6DZ;1014,0;;;;;;-81,738281;250,0;0,408;-1440,0;-1408;115;273,46;278,8385;No alert, no SPI, aircraft airbone;37,871808027501835;13,147219789989213
CAT048;20;129;02:28:02:844;41,33276745;2,52365654;1295,14923196845;4249,17740621136;19,171875;84,100342;2061;42,5;34538D;VLG6DZ;1014,0;0,0;-81,035;272,0;0,031;272,0;-81,738281;250,0;0,408;-1440,0;-1408;115;272,58;279,0802;No alert, no SPI, aircraft airbone;37,568658273527184;13,195135193216272
CAT048;20;129;02:28:06:836;41,33351989;2,51705257;1264,67712431494;4149,20329653743;18,878906;83,875122;2061;41,5;34538D;VLG6DZ;1014,0;;;;;;-81,738281;250,0;0,408;-1504,0;-1408;115;272,58;278,8715;No alert, no SPI, aircraft airbone;37,26973149803035;13,237425821780072
CAT048;20;129;02:28:10:836;41,33426283;2,51044298;1234,20489989314;4049,22880376542;18,585938;83,644409;2061;40,5;34538D;VLG6DZ;1014,0;;;;;;-81,738281;250,0;0,404;-1440,0;-1440;115;272,58;278,8715;No alert, no SPI, aircraft airbone;36,970562796437505;13,279166994725022
CAT048;20;129;02:28:14:828;41,3348496;2,50384911;1203,7325217044;3949,25380650866;18,292969;83,435669;2061;39,5;34538D;VLG6DZ;1014,0;;;;;;-81,914062;249,0;0,404;-1408,0;-1472;115;271,48;278,9044;No alert, no SPI, aircraft airbone;36,672198360082774;13,311572242606804
CAT048;20;129;02:28:18:820;41,33564338;2,4973886;1180,87988913152;3874,27797545827;18,007812;83,182983;2061;38,75;34538D;VLG6DZ;1014,0;0,176;-81,035;272,0;0,031;270,0;-81,914062;249,0;0,404;-1568,0;-1504;115;271,48;278,9044;No alert, no SPI, aircraft airbone;36,379752325722706;13,356469583829528
CAT048;20;129;02:28:22:813;41,33640744;2,49075373;1150,40732912626;3774,3023816906;17,714844;82,924805;2061;37,75;34538D;VLG6DZ;1014,0;;;;;;-82,089844;249,0;0,404;-1600,0;-1568;115;271,48;278,9044;No alert, no SPI, aircraft airbone;36,0794489033733;13,39953423389676
CAT048;20;129;02:28:26:797;41,33733657;2,48426058;1112,3145066807;3649,32592609832;17,429688;82,628174;2061;36,5;34538D;VLG6DZ;1014,0;;;;;;-82,265625;250,0;0,404;-1632,0;-1568;115;271,48;278,9044;No alert, no SPI, aircraft airbone;35,78546790830399;13,45257874087648
CAT048;20;129;02:28:30:789;41,33811699;2,47760425;1081,84172675014;3549,34961079091;17,136719;82,348022;2061;35,5;34538D;VLG6DZ;1014,0;;;;;;-82,265625;250,0;0,404;-1472,0;-1504;115;271,48;278,9044;No alert, no SPI, aircraft airbone;35,48420020768496;13,496660921572177
CAT048;20;129;02:28:34:781;41,33891091;2,47102297;1051,36874521524;3449,37263405196;16,847656;82,056885;2061;34,5;34538D;VLG6DZ;1014,0;-0,176;-81,211;272,0;0;270,0;-82,265625;250,0;0,404;-1440,0;-1440;115;271,48;278,9044;No alert, no SPI, aircraft airbone;35,18632431218991;13,541605909631155
CAT048;20;129;02:28:38:781;41,33957607;2,4644521;1028,51561936922;3374,39518465132;16,558594;81,782227;2061;33,75;34538D;VLG6DZ;1014,0;;;;;;-82,265625;250,0;0,4;-1504,0;-1408;115;271,26;278,6957;No alert, no SPI, aircraft airbone;34,888994316004805;13,578856036287613
CAT048;20;129;02:28:42:766;41,34027177;2,45786948;998,042386787012;3274,4173842663;16,269531;81,491089;2061;32,75;34538D;VLG6DZ;1014,0;;;;;;-82,441406;250,0;0,4;-1440,0;-1408;115;271,26;278,6957;No alert, no SPI, aircraft airbone;34,59112315198994;13,617955318412132
CAT048;20;129;02:28:46:758;41,34111391;2,45142236;967,568912468851;3174,4387907843;15,988281;81,161499;2061;31,75;34538D;VLG6DZ;1014,0;;;;;;-82,441406;250,0;0,4;-1248,0;-1184;115;271,26;278,6957;No alert, no SPI, aircraft airbone;34,299305711644735;13,665912054059566
CAT048;20;129;02:28:50:750;41,34192967;2,44478681;952,335502302274;3124,46040937339;15,699219;80,820923;2061;31,25;34538D;VLG6DZ;1014,0;0,352;-81,211;270,0;0,031;268,0;-82,441406;249,0;0,396;-960,0;-736;115;270,38;278,7286;No alert, no SPI, aircraft airbone;33,99899340658986;13,712234967672579
CAT048;20;129;02:28:54:734;41,34270809;2,43832148;937,101802727208;3074,48107845953;15,417969;80,480347;2061;30,75;34538D;VLG6DZ;1014,0;;;;;;-82,441406;248,0;0,396;-640,0;-544;115;267,3;278,8275;No alert, no SPI, aircraft airbone;33,706400434293194;13,756407248482061
CAT048;20;129;02:28:58:727;41,34335815;2,43187215;921,867957778275;3024,50127059728;15,136719;80,15625;2061;30,25;34538D;VLG6DZ;1014,0;;;;;;-82,617188;245,0;0,392;-640,0;-512;115;265,32;278,6792;No alert, no SPI, aircraft airbone;33,414602621006566;13,792909817569797
CAT048;20;129;02:29:02:719;41,34409329;2,42556389;914,25387530867;2999,5206842677;14,863281;79,804688;2061;30,0;34538D;VLG6DZ;1014,0;;;;;;-82,441406;242,0;0,388;-640,0;-576;115;262,24;278,7781;No alert, no SPI, aircraft airbone;33,12914296139243;13,834589600431086
CAT048;20;129;02:29:06:711;41,34488645;2,41923144;899,019709066488;2949,5398222937;14,589844;79,425659;2061;29,5;34538D;VLG6DZ;1014,0;0,176;-81,211;260,0;0,031;258,0;-82,617188;240,0;0,384;-704,0;-608;115;260,26;278,844;No alert, no SPI, aircraft airbone;32,842567442345874;13,879760273137109
CAT048;20;129;02:29:10:695;41,34565266;2,41297862;883,785357399844;2899,5583519717;14,320312;79,041138;2061;29,0;34538D;VLG6DZ;1014,0;;;;;;-82,617188;238,0;0,38;-608,0;-576;115;257,18;278,7286;No alert, no SPI, aircraft airbone;32,55961070373292;13,9233653096224
CAT048;20;129;02:29:14:688;41,34635999;2,40689894;876,170740148053;2874,57601110734;14,058594;78,662109;2061;28,75;34538D;VLG6DZ;1014,0;;;;;;-82,617188;236,0;0,376;-608,0;-576;115;255,2;278,7946;No alert, no SPI, aircraft airbone;32,284513759019006;13,963523740656656
CAT048;20;129;02:29:18:398;41,54943149;2,53998861;1813,36106549483;5949,34751811805;24,785156;52,816772;1000;59,5;341119;BCS47H;1014,0;;;;;;-135,0;257,0;0,432;-1504,0;-1312;1977;288,86;223,8739;No alert, no SPI, aircraft airbone;38,18055505750641;26,195486875158565
CAT048;20;129;02:29:18:680;41,34710379;2,40070968;860,936116009019;2824,59364684703;13,792969;78,255615;2061;28,25;34538D;VLG6DZ;1014,0;;;;;;-82,792969;235,0;0,372;-576,0;-576;115;252,34;278,8989;No alert, no SPI, aircraft airbone;32,00445294287854;14,005848189766136
CAT048;20;129;02:29:22:398;41,54558085;2,53506696;1782,88490584027;5849,36011447699;24,46875;52,937622;1000;58,5;341119;BCS47H;1014,0;-0,176;-136,23;288,0;-0,031;286,0;-135,0;256,0;0,428;-1440,0;-1312;1977;288,86;223,8739;No alert, no SPI, aircraft airbone;37,96106379362796;25,96240693908952
CAT048;20;129;02:29:22:672;41,3477541;2,3946153;853,321295272559;2799,61063838202;13,53125;77,860107;2061;28,0;34538D;VLG6DZ;1014,0;0,176;-81,211;250,0;0,031;250,0;-82,792969;232,0;0,368;-512,0;-544;115;250,14;278,7451;No alert, no SPI, aircraft airbone;31,728731133967123;14,042620562251505
CAT048;20;129;02:29:26:391;41,54190767;2,53007004;1760,02890304662;5774,37322627148;24,15625;53,036499;1000;57,75;341119;BCS47H;1014,0;;;;;;-135,175781;256,0;0,428;-1184,0;-1280;1977;288,86;223,8739;No alert, no SPI, aircraft airbone;37,73805254726484;25,739949605544265
CAT048;20;129;02:29:26:664;41,34842669;2,38876788;838,086172056384;2749,62663672947;13,28125;77,453613;2061;27,5;34538D;VLG6DZ;1014,0;;;;;;-82,96875;231,0;0,368;-576,0;-544;115;248,16;278,811;No alert, no SPI, aircraft airbone;31,464164082529116;14,080837321541278
CAT048;20;129;02:29:30:383;41,53795792;2,5251332;1729,55263605528;5674,38547047559;23,835938;53,173828;1000;56,75;341119;BCS47H;1014,0;;;;;;-135,351562;256,0;0,428;-1312,0;-1280;1977;288,2;223,7311;No alert, no SPI, aircraft airbone;37,51788160231174;25,500944972043378
CAT048;20;129;02:29:30:648;41,34911099;2,38272034;830,471113501117;2724,642848019;13,023438;77,019653;2061;27,25;34538D;VLG6DZ;1014,0;;;;;;-82,792969;229,0;0,364;-480,0;-544;115;245,08;278,6902;No alert, no SPI, aircraft airbone;31,190553581473306;14,119702497122203
CAT048;20;129;02:29:34:383;41,53410278;2,52031075;1706,69625272788;5599,39733379974;23,523438;53,311157;1000;56,0;341119;BCS47H;1014,0;;;;;;-135,351562;256,0;0,428;-1152,0;-1312;1977;287,32;223,5883;No alert, no SPI, aircraft airbone;37,30278434951856;25,267676002602688
CAT048;20;129;02:29:34:641;41,34975414;2,37693756;815,235741269775;2674,65802938753;12,777344;76,591187;2061;26,75;34538D;VLG6DZ;1014,0;;;;;;-82,96875;226,0;0,36;-544,0;-544;115;243,1;278,7616;No alert, no SPI, aircraft airbone;30,928932224073368;14,156212764400413
CAT048;20;129;02:29:38:375;41,53019943;2,51542908;1676,21988157835;5499,40923627751;23,207031;53,453979;1000;55,0;341119;BCS47H;1014,0;-0,527;-136,582;286,0;-0,031;284,0;-135,351562;256,0;0,424;-1248,0;-1344;1977;286,66;223,4399;No alert, no SPI, aircraft airbone;37,085019973844325;25,031502819963276
CAT048;20;129;02:29:38:625;41,35043528;2,37103307;807,620372450911;2649,67322275185;12,527344;76,129761;2061;26,5;34538D;VLG6DZ;1014,0;0,352;-81,387;240,0;0,031;240,0;-82,792969;224,0;0,356;-672,0;-608;115;240,9;278,5968;No alert, no SPI, aircraft airbone;30,66179835124359;14,194975798791823
CAT048;20;129;02:29:42:375;41,52627259;2,51077649;1653,3632015055;5424,42012602732;22,898438;53,618774;1000;54,25;341119;BCS47H;1014,0;;;;;;-135,527344;255,0;0,424;-1376,0;-1344;1977;285,34;223,4344;No alert, no SPI, aircraft airbone;36,87756642069922;24,794030404790615
CAT048;20;129;02:29:42:617;41,35111823;2,36529017;792,384785485454;2599,6876996121;12,285156;75,657349;2061;26,0;34538D;VLG6DZ;1014,0;;;;;;-82,96875;223,0;0,352;-672,0;-736;115;238,92;278,6682;No alert, no SPI, aircraft airbone;30,40197101268374;14,233921748177275
CAT048;20;129;02:29:46:367;41,52244779;2,50591797;1622,88678408228;5324,4318766885;22,585938;53,761597;1000;53,25;341119;BCS47H;1014,0;;;;;;-135,527344;255,0;0,424;-1536,0;-1280;1977;284,68;223,2861;No alert, no SPI, aircraft airbone;36,6607492180504;24,562602143191192
CAT048;20;129;02:29:46:609;41,35176805;2,35962807;777,149043034762;2549,70166635017;12,046875;75,179443;2061;25,5;34538D;VLG6DZ;1014,0;;;;;;-82,792969;222,0;0,352;-832,0;-864;115;236,94;278,7451;No alert, no SPI, aircraft airbone;30,145815343456245;14,270925958263083
CAT048;20;129;02:29:50:367;41,51865003;2,50113216;1600,03026570473;5249,4432969347;22,277344;53,909912;1000;52,5;341119;BCS47H;1014,0;;;;;;-135,527344;256,0;0,424;-1184,0;-1280;1977;283,8;223,4235;No alert, no SPI, aircraft airbone;36,447168458922526;24,33283830718637
CAT048;20;129;02:29:50:594;41,3524422;2,35384742;761,913298239931;2499,7156253975;11,804688;74,668579;2061;25,0;34538D;VLG6DZ;1014,0;;;;;;-82,792969;222,0;0,352;-800,0;-800;115;235,84;278,7781;No alert, no SPI, aircraft airbone;29,88429672117356;14,309365218660517
CAT048;20;129;02:29:54:367;41,51487217;2,49632348;1577,17375159636;5174,45473118741;21,96875;54,058228;1000;51,75;341119;BCS47H;1014,0;-0,176;-136,582;282,0;0;282,0;-135,703125;255,0;0,42;-1408,0;-1344;1977;283,14;223,2806;No alert, no SPI, aircraft airbone;36,232520675434735;24,104270404943342
CAT048;20;129;02:29:54:586;41,35309585;2,3480517;746,677467662841;2449,72930300696;11,5625;74,141235;2061;24,5;34538D;VLG6DZ;1014,0;-0,879;-81,035;236,0;-0,062;236,0;-82,441406;222,0;0,348;-704,0;-608;115;236,06;279,0198;No alert, no SPI, aircraft airbone;29,622111685809234;14,346587335360962
CAT048;20;129;02:29:58:359;41,5110033;2,49160207;1546,69706447329;5074,46559700656;21,660156;54,228516;1000;50,75;341119;BCS47H;1014,0;;;;;;-135,527344;255,0;0,42;-1312,0;-1184;1977;282,48;223,418;No alert, no SPI, aircraft airbone;36,02183174101388;23,870292773122873
CAT048;20;129;02:29:58:578;41,35377854;2,34239782;739,061449863017;2424,74236716858;11,328125;73,591919;2061;24,25;34538D;VLG6DZ;1014,0;;;;;;-81,914062;220,0;0,348;-480,0;-480;115;233,86;278,6133;No alert, no SPI, aircraft airbone;29,366328022313056;14,385616086877265
CAT048;20;129;02:30:02:359;41,5072374;2,48676927;1531,46052006818;5024,4769326605;21,351562;54,382324;1000;50,25;341119;BCS47H;1014,0;;;;;;-135,703125;253,0;0,416;-960,0;-768;1977;280,28;223,5498;No alert, no SPI, aircraft airbone;35,80603974243306;23,642456268975593
CAT048;20;129;02:30:02:563;41,35441808;2,3367359;731,445342317224;2399,75513688804;11,09375;73,031616;2061;24,0;34538D;VLG6DZ;1014,0;;;;;;-81,738281;218,0;0,344;-512,0;-480;115;231,88;278,6847;No alert, no SPI, aircraft airbone;29,110205434843;14,422071089012961
CAT048;20;129;02:30:06:352;41,50362242;2,48200305;1516,22394272219;4974,48816024068;21,050781;54,525146;1000;49,75;341119;BCS47H;1014,0;;;;;;-135,703125;251,0;0,416;-64,0;-288;1977;277,42;223,5333;No alert, no SPI, aircraft airbone;35,59314216269881;23,423710006719624
CAT048;20;129;02:30:06:555;41,35505186;2,33123518;716,209039380774;2349,76726476202;10,867188;72,460327;2061;23,5;34538D;VLG6DZ;1014,0;;;;;;-81,5625;216,0;0,34;-384,0;-480;115;230,12;279,0088;No alert, no SPI, aircraft airbone;28,86137415030417;14,458250607865754
CAT048;20;129;02:30:10:352;41,49988747;2,47733624;1516,22717021964;4974,49874914342;20,75;54,695435;1000;49,75;341119;BCS47H;1014,0;0,176;-136,582;274,0;0,031;272,0;-135,703125;247,0;0,408;-128,0;-64;1977;273,9;223,3685;No alert, no SPI, aircraft airbone;35,38476748210494;23,197821339083553
CAT048;20;129;02:30:10:539;41,35567208;2,32571045;708,59266501572;2324,77915909017;10,640625;71,867065;2061;23,25;34538D;VLG6DZ;1014,0;0,0;-81,035;228,0;0;228,0;-81,5625;214,0;0,336;-416,0;-352;115;228,14;279,0857;No alert, no SPI, aircraft airbone;28,611468634226537;14,493624767679677
CAT048;20;129;02:30:14:344;41,49625116;2,47278912;1508,61028827913;4949,5089781977;20,457031;54,865723;1000;49,5;341119;BCS47H;1014,0;;;;;;-135,703125;244,0;0,404;192,0;64;1977;270,38;223,5004;No alert, no SPI, aircraft airbone;35,181712281324614;22,977907941280524
CAT048;20;129;02:30:14:523;41,35635872;2,32021925;700,976192978211;2299,79073297063;10,417969;71,229858;2061;23,0;34538D;VLG6DZ;1014,0;;;;;;-81,5625;211,0;0,332;-448,0;-192;115;224,84;278,9594;No alert, no SPI, aircraft airbone;28,36305416067792;14,533008766507908
CAT048;20;129;02:30:18:344;41,49261757;2,46833073;1516,23328799848;4974,51882059692;20,167969;55,046997;1000;49,75;341119;BCS47H;1014,0;;;;;;-135,703125;241,0;0,4;-96,0;96;1977;268,4;223,3356;No alert, no SPI, aircraft airbone;34,98263362169301;22,75820414504761
CAT048;20;129;02:30:18:516;41,35706371;2,31486748;700,979554893449;2299,80176287662;10,203125;70,570679;2061;23,0;34538D;VLG6DZ;1014,0;;;;;;-82,617188;206,0;0,324;-64,0;-96;115;220,66;278,6078;No alert, no SPI, aircraft airbone;28,12093695331782;14,573553758552093
CAT048;20;129;02:30:22:336;41,4889841;2,46387628;1508,61625830829;4949,52856490818;19,878906;55,233765;1000;49,5;341119;BCS47H;1014,0;;;;;;-135,527344;238,0;0,392;-160,0;-320;1977;265,54;223,3191;No alert, no SPI, aircraft airbone;34,78371015874699;22,53851956521932
CAT048;20;129;02:30:22:500;41,35758679;2,30948145;693,362832360901;2274,81251492294;9,984375;69,938965;2061;22,75;34538D;VLG6DZ;1014,0;;;;;;-90,351562;202,0;0,32;-128,0;-64;115;218,46;276,3062;No alert, no SPI, aircraft airbone;27,877354055873102;14,603193760838558
CAT048;20;129;02:30:26:336;41,48542766;2,45935103;1493,37930814084;4899,53856932078;19,589844;55,409546;1000;49,0;341119;BCS47H;1014,0;0,176;-136,406;262,0;0,031;262,0;-135,703125;237,0;0,392;-832,0;-864;1977;263,34;223,4564;No alert, no SPI, aircraft airbone;34,58153091028283;22,323436842963133
CAT048;20;129;02:30:26:492;41,35723535;2,30430935;693,365787922405;2274,82221164734;9,757812;69,587402;2061;22,75;34538D;VLG6DZ;1014,0;-19,512;-93,34;212,0;-1,812;212,0;-98,613281;198,0;0,312;-32,0;0;115;214,28;268,6597;No alert, no SPI, aircraft airbone;27,643808743556043;14,580472779527982
CAT048;20;129;02:30:30:336;41,48187931;2,45491847;1478,14224049449;4849,54818830394;19,304688;55,596313;1000;48,5;341119;BCS47H;1014,0;;;;;;-135,527344;236,0;0,388;-1088,0;-1120;1977;261,14;223,5992;No alert, no SPI, aircraft airbone;34,38350527044189;22,108886601347624
CAT048;20;129;02:30:30:484;41,35650441;2,29940938;693,368465680629;2274,83099694364;9,535156;69,373169;2061;22,75;34538D;VLG6DZ;1014,0;;;;;;-104,414062;193,0;0,304;32,0;0;115;209,44;259,8157;No alert, no SPI, aircraft airbone;27,422715095036008;14,535093055558027
CAT048;20;129;02:30:34:328;41,47841778;2,45051204;1455,28515703138;4774,55775459483;19,023438;55,777588;1000;47,75;341119;BCS47H;1014,0;;;;;;-135,527344;236,0;0,388;-1120,0;-1056;1977;259,82;223,5938;No alert, no SPI, aircraft airbone;34,18659106067641;21,899563559966577
CAT048;20;129;02:30:34:477;41,35568641;2,29436466;693,37114430964;2274,83978509684;9,304688;69,164429;2061;22,75;34538D;VLG6DZ;1014,0;;;;;;-107,753906;189,0;0,3;-32,0;-32;115;205,04;255,0092;No alert, no SPI, aircraft airbone;27,195112024033964;14,484459771400974
CAT048;20;129;02:30:38:328;41,47497722;2,44607724;1440,04808279406;4724,56735195407;18,742188;55,958862;1000;47,25;341119;BCS47H;1014,0;;;;;;-135,351562;235,0;0,388;-896,0;-960;1977;259,16;223,7476;No alert, no SPI, aircraft airbone;33,988365329933664;21,691497224269717
CAT048;20;129;02:30:38:469;41,35459908;2,28973065;693,373499840498;2274,8475132167;9,085938;69,082031;2061;22,75;34538D;VLG6DZ;1014,0;;;;;;-109,511719;185,0;0,292;-32,0;0;115;202,18;252,7295;No alert, no SPI, aircraft airbone;26,986171851822995;14,417815295089081
CAT048;20;129;02:30:42:320;41,47164624;2,4416495;1417,19101766311;4649,57697838983;18,464844;56,12915;1000;46,5;341119;BCS47H;1014,0;0,527;-135,879;260,0;0,031;260,0;-135,175781;236,0;0,388;-928,0;-864;1977;258,94;224,0607;No alert, no SPI, aircraft airbone;33,790380455698156;21,490015490588984
CAT048;20;129;02:30:42:461;41,35344761;2,28512439;700,995774966665;2299,85497834163;8,867188;69,021606;2061;23,0;34538D;VLG6DZ;1014,0;-2,461;-109,16;198,0;-0,344;194,0;-110,214844;183,0;0,288;64,0;0;115;197,78;251,1035;No alert, no SPI, aircraft airbone;26,778504764625907;14,347344071722498
CAT048;20;129;02:30:46:320;41,46816598;2,43713626;1401,95394549426;4599,58658253538;18,179688;56,321411;1000;46,0;341119;BCS47H;1014,0;;;;;;-135,0;237,0;0,388;-800,0;-864;1977;259,82;224,2145;No alert, no SPI, aircraft airbone;33,588595027764406;21,279558722486875
CAT048;20;129;02:30:46:461;41,35220966;2,2806582;700,997911730781;2299,86198872282;8,652344;69,005127;2061;23,0;34538D;VLG6DZ;1014,0;;;;;;-110,917969;180,0;0,284;64,0;-32;115;196,02;249,9884;No alert, no SPI, aircraft airbone;26,57719466654057;14,271740414763109
CAT048;20;129;02:30:50:313;41,46482958;2,43269951;1386,71682776418;4549,59603720182;17,902344;56,502686;1000;45,5;341119;BCS47H;1014,0;;;;;;-134,824219;238,0;0,392;-960,0;-832;1977;261,14;224,22;No alert, no SPI, aircraft airbone;33,390165049439844;21,077769255384286
CAT048;20;129;02:30:50:453;41,35093177;2,27621207;700,999980987981;2299,86877762461;8,4375;69,005127;2061;23,0;34538D;VLG6DZ;1014,0;;;;;;-111,972656;180,0;0,284;32,0;-32;115;193,82;249,1315;No alert, no SPI, aircraft airbone;26,376799431978984;14,193758013401222
CAT048;20;129;02:30:54:313;41,4612676;2,42814325;1371,47970571183;4499,60547768759;17,613281;56,716919;1000;45,0;341119;BCS47H;1014,0;;;;;;-134,824219;238,0;0,388;-832,0;-832;1977;261,8;224,3793;No alert, no SPI, aircraft airbone;33,18643748197028;20,862416534145908
CAT048;20;129;02:30:54:445;41,34960456;2,27179073;701,00198048912;2299,87533766792;8,222656;69,0271;2061;23,0;34538D;VLG6DZ;1014,0;;;;;;-112,675781;182,0;0,288;-96,0;-64;115;194,92;248,3075;No alert, no SPI, aircraft airbone;26,177536225672892;14,112835644734616
CAT048;20;129;02:30:58:305;41,45781686;2,42359298;1348,62259010971;4424,61493853553;17,328125;56,920166;1000;44,25;341119;BCS47H;1014,0;0,0;-135,527;262,0;0,031;262,0;-135,0;238,0;0,388;-992,0;-928;1977;261,8;224,3793;No alert, no SPI, aircraft airbone;32,98290176326854;20,65374804938513
CAT048;20;129;02:30:58:438;41,34820983;2,26731524;693,383946587332;2274,88178732158;8,003906;69,071045;2061;22,75;34538D;VLG6DZ;1014,0;-2,812;-112,852;196,0;-0,25;194,0;-113,203125;182,0;0,288;0,0;0;115;195,58;247,1045;No alert, no SPI, aircraft airbone;25,97584456590603;14,027858212220938
CAT048;20;129;02:31:02:305;41,45433414;2,4191625;1333,38532478176;4374,62390895699;17,046875;57,145386;1000;43,75;341119;BCS47H;1014,0;;;;;;-134,824219;237,0;0,388;-1024,0;-896;1977;260,48;224,3738;No alert, no SPI, aircraft airbone;32,784764862324245;20,443217631551292
CAT048;20;129;02:31:02:438;41,34678394;2,26294326;693,385809962638;2274,88790075782;7,789062;69,142456;2061;22,75;34538D;VLG6DZ;1014,0;;;;;;-113,730469;181,0;0,284;-64,0;-64;115;194,92;246,0663;No alert, no SPI, aircraft airbone;25,778834216752845;13,941053121681644
CAT048;20;129;02:31:06:305;41,45096005;2,4147361;1318,14806696214;4324,63290401206;16,769531;57,359619;1000;43,25;341119;BCS47H;1014,0;;;;;;-134,824219;236,0;0,384;-640,0;-832;1977;258,94;224,3738;No alert, no SPI, aircraft airbone;32,58673674672966;20,239213585099947
CAT048;20;129;02:31:06:438;41,34528687;2,2586064;693,38760092482;2274,89377661819;7,574219;69,252319;2061;22,75;34538D;VLG6DZ;1014,0;;;;;;-113,90625;178,0;0,28;-32,0;-96;115;192,94;245,8246;No alert, no SPI, aircraft airbone;25,583430099165433;13,849999680116253
CAT048;20;129;02:31:10:297;41,44749059;2,41028584;1295,2907683095;4249,64176430053;16,488281;57,595825;1000;42,5;341119;BCS47H;1014,0;;;;;;-134,824219;235,0;0,384;-672,0;-800;1977;257,62;224,3683;No alert, no SPI, aircraft airbone;32,38765849116108;20,029491616068736
CAT048;20;129;02:31:10:430;41,34380191;2,25435014;701,009310351685;2299,89938577422;7,363281;69,373169;2061;23,0;34538D;VLG6DZ;1014,0;;;;;;-113,378906;174,0;0,276;0,0;160;115;189,42;246,0059;No alert, no SPI, aircraft airbone;25,39165490317045;13,759705665345074
CAT048;20;129;02:31:14:297;41,44411857;2,40594702;1280,05337873567;4199,65032709113;16,214844;57,832031;1000;42,0;341119;BCS47H;1014,0;-0,352;-135,703;254,0;-0,062;256,0;-134,648438;233,0;0,38;-832,0;-992;1977;255,42;224,2035;No alert, no SPI, aircraft airbone;32,193539677245234;19,825664660491295
CAT048;20;129;02:31:14:422;41,3424319;2,2502305;693,390927623957;2274,90469098578;7,160156;69,466553;2061;22,75;34538D;VLG6DZ;1014,0;0,176;-113,906;184,0;0,031;182,0;-113,378906;170,0;0,268;-384,0;-544;115;183,7;246,2256;No alert, no SPI, aircraft airbone;25,206001333236983;13,676353884738953
CAT048;20;129;02:31:18:297;41,44067817;2,40156013;1257,19598080777;4124,65886167335;15,9375;58,084717;1000;41,25;341119;BCS47H;1014,0;;;;;;-134,648438;231,0;0,376;-1024,0;-928;1977;253,44;224,3573;No alert, no SPI, aircraft airbone;31,99726479010157;19,617729203001428
CAT048;20;129;02:31:18:422;41,34111854;2,24627211;678,152440766804;2224,90965376536;6,964844;69,559937;2061;22,25;34538D;VLG6DZ;1014,0;;;;;;-113,554688;168,0;0,264;-800,0;-992;115;180,84;245,8411;No alert, no SPI, aircraft airbone;25,027606088499866;13,59645436068497
CAT048;20;129;02:31:22:289;41,43743408;2,39730551;1241,95850858465;4074,66715330486;15,671875;58,320923;1000;40,75;341119;BCS47H;1014,0;;;;;;-134,648438;230,0;0,372;-576,0;-608;1977;251,24;224,1925;No alert, no SPI, aircraft airbone;31,806843023532746;19,4216247733294
CAT048;20;129;02:31:22:414;41,33974162;2,24225219;662,913932194002;2174,91454529937;6,765625;69,680786;2061;21,75;34538D;VLG6DZ;1014,0;;;;;;-114,433594;167,0;0,264;-1056,0;-1120;115;179,52;245,2917;No alert, no SPI, aircraft airbone;24,84644679432059;13,51273384855488
CAT048;20;129;02:31:26:289;41,43404427;2,39295409;1234,3410438709;4049,67547037339;15,398438;58,584595;1000;40,5;341119;BCS47H;1014,0;;;;;;-134,472656;227,0;0,368;-384,0;-608;1977;247,72;224,0167;No alert, no SPI, aircraft airbone;31,612103754857596;19,21675594475394
CAT048;20;129;02:31:26:414;41,33835631;2,23814854;640,055413888767;2099,91940410282;6,5625;69,801636;2061;21,0;34538D;VLG6DZ;1014,0;;;;;;-114,785156;167,0;0,26;-1056,0;-1152;115;179,52;245,2917;No alert, no SPI, aircraft airbone;24,661498693781446;13,428494921003153
CAT048;20;129;02:31:30:289;41,43078954;2,38879431;1219,10343822837;3999,68332427716;15,136719;58,848267;1000;40,0;341119;BCS47H;1014,0;-0,527;-136,055;246,0;-0,062;246,0;-134,648438;225,0;0,364;-544,0;-608;1977;246,4;224,0112;No alert, no SPI, aircraft airbone;31,42592871329876;19,020066829217033
CAT048;20;129;02:31:30:414;41,33692043;2,23416066;617,196804740466;2024,92396486471;6,363281;69,971924;2061;20,25;34538D;VLG6DZ;1014,0;0,176;-114,609;178,0;-0,219;176,0;-114,960938;166,0;0,26;-1056,0;-1024;115;179,52;245,2917;No alert, no SPI, aircraft airbone;24,481794109815695;13,341264599195785
CAT048;20;129;02:31:34:281;41,42759802;2,38467234;1211,48579702713;3974,69106231848;14,878906;59,111938;1000;39,75;341119;BCS47H;1014,0;;;;;;-134,648438;222,0;0,36;-736,0;-640;1977;244,2;223,8354;No alert, no SPI, aircraft airbone;31,241411438071804;18,827191027888805
CAT048;20;129;02:31:34:406;41,33553039;2,23014958;594,338167596608;1949,92843377766;6,164062;70,125732;2061;19,5;34538D;VLG6DZ;1014,0;;;;;;-115,488281;165,0;0,256;-992,0;-960;115;178,2;245,4456;No alert, no SPI, aircraft airbone;24,301016085805692;13,256785022003678
CAT048;20;129;02:31:38:281;41,42434584;2,3804939;1196,24815851543;3924,69880838377;14,617188;59,39209;1000;39,25;341119;BCS47H;1014,0;;;;;;-134,824219;220,0;0,356;-768,0;-672;1977;241,34;223,819;No alert, no SPI, aircraft airbone;31,054355788438283;18,630666273634933
CAT048;20;129;02:31:38:406;41,33421733;2,22627987;579,099445759319;1899,932625625;5,972656;70,268555;2061;19,0;34538D;VLG6DZ;1014,0;;;;;;-115,839844;164,0;0,256;-864,0;-864;115;178,2;245,4456;No alert, no SPI, aircraft airbone;24,126592008529713;13,176969236671045
CAT048;20;129;02:31:42:281;41,4211204;2,37638598;1181,01044818666;3874,70631882872;14,359375;59,683228;1000;38,75;341119;BCS47H;1014,0;;;;;;-135,0;219,0;0,356;-480,0;-544;1977;239,36;223,6432;No alert, no SPI, aircraft airbone;30,870452040221927;18,435779235957245
CAT048;20;129;02:31:42:398;41,3328232;2,2222638;563,860729319975;1849,93683518215;5,773438;70,444336;2061;18,5;34538D;VLG6DZ;1014,0;;;;;;-116,015625;163,0;0,256;-832,0;-832;115;176,0;245,473;No alert, no SPI, aircraft airbone;23,945574896198607;13,09225942007664
CAT048;20;129;02:31:46:281;41,41793415;2,37243352;1173,39260630123;3849,71339845734;14,109375;59,990845;1000;38,5;341119;BCS47H;1014,0;0,0;-136,406;236,0;0,031;236,0;-134,824219;217,0;0,352;-512,0;-512;1977;237,16;223,4564;No alert, no SPI, aircraft airbone;30,693529418713307;18,24330598008628
CAT048;20;129;02:31:46:398;41,33150051;2,21840152;541,001926256344;1774,94075973886;5,582031;70,614624;2061;17,75;34538D;VLG6DZ;1014,0;0,176;-114,609;174,0;0,062;172,0;-115,664062;163,0;0,252;-960,0;-832;115;175,12;245,3357;No alert, no SPI, aircraft airbone;23,771475785466137;13,011883994960172
CAT048;20;129;02:31:50:273;41,41478476;2,36844766;1158,15477908961;3799,72052542837;13,859375;60,298462;1000;38,0;341119;BCS47H;1014,0;;;;;;-134,648438;216,0;0,348;-544,0;-512;1977;235,84;223,4509;No alert, no SPI, aircraft airbone;30,515064458598378;18,053039721242538
CAT048;20;129;02:31:50:391;41,33016975;2,21453692;525,763085235842;1724,94456056516;5,390625;70,801392;2061;17,25;34538D;VLG6DZ;1014,0;;;;;;-115,488281;162,0;0,252;-1024,0;-864;115;173,8;245,5005;No alert, no SPI, aircraft airbone;23,597267656987228;12,931031737512209
CAT048;20;129;02:31:54:273;41,41159344;2,36447784;1150,53690731525;3774,72750699618;13,609375;60,628052;1000;37,75;341119;BCS47H;1014,0;;;;;;-134,648438;215,0;0,348;-608,0;-544;1977;233,64;223,2642;No alert, no SPI, aircraft airbone;30,33732568377499;17,86027286831291
CAT048;20;129;02:31:54:391;41,32885818;2,21066222;510,524210458621;1674,94825064106;5,199219;70,988159;2061;16,75;34538D;VLG6DZ;1014,0;;;;;;-115,136719;162,0;0,252;-1120,0;-896;115;173,8;245,5005;No alert, no SPI, aircraft airbone;23,422589053281293;12,851335311060453
CAT048;20;129;02:31:58:266;41,40847163;2,3605444;1142,91900582239;3749,73439106233;13,363281;60,957642;1000;37,5;341119;BCS47H;1014,0;;;;;;-134,824219;213,0;0,344;-416,0;-448;1977;232,32;223,2532;No alert, no SPI, aircraft airbone;30,161179979587182;17,671695351621153
CAT048;20;129;02:31:58:383;41,32752041;2,20679801;495,285292426124;1624,95179880333;5,007812;71,207886;2061;16,25;34538D;VLG6DZ;1014,0;;;;;;-114,785156;159,0;0,248;-768,0;-768;115;171,16;245,8301;No alert, no SPI, aircraft airbone;23,248386893784367;12,770078298029311
CAT048;20;129;02:32:02:266;41,4054002;2,35666177;1135,30105916876;3724,74112696325;13,121094;61,292725;1000;37,25;341119;BCS47H;1014,0;-0,176;-136,934;230,0;-0,062;228,0;-135,0;209,0;0,336;-480,0;-448;1977;230,12;223,0609;No alert, no SPI, aircraft airbone;29,987288407071933;17,4861646885941
CAT048;20;129;02:32:02:383;41,32627468;2,20316487;480,046275677159;1574,95502309265;4,828125;71,422119;2061;15,75;34538D;VLG6DZ;1014,0;0,176;-114,258;166,0;-1,156;164,0;-114,960938;156,0;0,244;-800,0;-800;115;167,86;245,7202;No alert, no SPI, aircraft airbone;23,084590857839746;12,694409618378534
CAT048;20;129;02:32:06:266;41,40232638;2,35287252;1120,06302508991;3674,74757523599;12,882812;61,64978;1000;36,75;341119;BCS47H;1014,0;;;;;;-135,0;209,0;0,336;-288,0;-448;1977;228,8;223,0444;No alert, no SPI, aircraft airbone;29,81759780227323;17,300530541401766
CAT048;20;129;02:32:06:375;41,3250081;2,19944813;464,807247081771;1524,95820851576;4,644531;71,652832;2061;15,25;34538D;VLG6DZ;1014,0;;;;;;-115,488281;154,0;0,24;-896,0;-768;115;164,78;245,6104;No alert, no SPI, aircraft airbone;22,917016632092704;12,617475496258415
CAT048;20;129;02:32:10:266;41,39930315;2,34912804;1112,44495295733;3649,75389946053;12,648438;62,012329;1000;36,5;341119;BCS47H;1014,0;;;;;;-134,824219;206,0;0,332;-480,0;-480;1977;225,28;222,8357;No alert, no SPI, aircraft airbone;29,64988984980898;17,117953007182717
CAT048;20;129;02:32:10:375;41,32374408;2,19572847;449,568184037693;1474,96128091822;4,460938;71,900024;2061;14,75;34538D;VLG6DZ;1014,0;;;;;;-115,488281;152,0;0,236;-736,0;-640;115;161,26;245,8191;No alert, no SPI, aircraft airbone;22,74930302845128;12,540701299515954
CAT048;20;129;02:32:14:266;41,39625433;2,3452907;1104,82692082878;3624,7603549319;12,410156;62,385864;1000;36,25;341119;BCS47H;1014,0;;;;;;-134,824219;203,0;0,328;-576,0;-544;1977;221,54;222,984;No alert, no SPI, aircraft airbone;29,477984497268437;16,933816843463184
CAT048;20;129;02:32:14:375;41,32253938;2,19225906;426,709024690092;1399,96403656424;4,289062;72,169189;2061;14,0;34538D;VLG6DZ;1014,0;;;;;;-115,488281;147,0;0,228;-1120,0;-576;115;158,18;245,7037;No alert, no SPI, aircraft airbone;22,5928757927611;12,467556359659408
CAT048;20;129;02:32:18:266;41,39323891;2,34161674;1089,58876529243;3574,76640472201;12,179688;62,781372;1000;35,75;341119;BCS47H;1014,0;-0,176;-137,109;218,0;-0,031;218,0;-135,0;201,0;0,324;-512,0;-544;1977;219,56;222,7808;No alert, no SPI, aircraft airbone;29,313426143268188;16,751746289058616
CAT048;20;129;02:32:18:375;41,32138451;2,18885231;411,469821658917;1349,96664969144;4,121094;72,432861;2061;13,5;34538D;VLG6DZ;1014,0;0,176;-114,434;152,0;-0,125;150,0;-115,488281;143,0;0,22;-800,0;-896;115;152,68;245,6158;No alert, no SPI, aircraft airbone;22,439258564902204;12,397421991849772
CAT048;20;129;02:32:22:266;41,39030613;2,33806176;1081,97053080704;3549,77219629297;11,957031;63,182373;1000;35,5;341119;BCS47H;1014,0;;;;;;-135,175781;199,0;0,32;-576,0;-704;1977;216,7;222,7533;No alert, no SPI, aircraft airbone;29,154189062189037;16,574678448455114
CAT048;20;129;02:32:22:367;41,32026092;2,18552115;396,230572443455;1299,96911129539;3,957031;72,70752;2061;13,0;34538D;VLG6DZ;1014,0;;;;;;-115,3125;142,0;0,22;-896,0;-864;115;149,6;245,4895;No alert, no SPI, aircraft airbone;22,28904268345385;12,329188753755066
CAT048;20;129;02:32:26:266;41,38738794;2,3343909;1066,73236002028;3499,77819604894;11,730469;63,583374;1000;35,0;341119;BCS47H;1014,0;;;;;;-135,0;197,0;0,32;-896,0;-736;1977;215,38;222,7368;No alert, no SPI, aircraft airbone;28,989697673086773;16,39845368836431
CAT048;20;129;02:32:26:367;41,31912805;2,18219632;373,37129291147;1224,97147263567;3,792969;73,015137;2061;12,25;34538D;VLG6DZ;1014,0;;;;;;-114,960938;139,0;0,216;-864,0;-864;115;147,4;245,5225;No alert, no SPI, aircraft airbone;22,13911094468436;12,260406373813094
CAT048;20;129;02:32:30:266;41,38447042;2,33089756;1051,49405618198;3449,78375928409;11,511719;64,017334;1000;34,5;341119;BCS47H;1014,0;;;;;;-135,0;195,0;0,316;-736,0;-672;1977;212,52;222,7094;No alert, no SPI, aircraft airbone;28,833208875538322;16,222334858771134
CAT048;20;129;02:32:30:367;41,31802553;2,17903255;358,1319511896;1174,97363074089;3,636719;73,355713;2061;11,75;34538D;VLG6DZ;1014,0;;;;;;-114,785156;136,0;0,212;-800,0;-896;115;143,66;245,7532;No alert, no SPI, aircraft airbone;21,99644551422072;12,193490346212991
CAT048;20;129;02:32:34:258;41,38159769;2,32735943;1036,25577492639;3399,78939660951;11,292969;64,451294;1000;34,0;341119;BCS47H;1014,0;-0,176;-137,285;210,0;-0,062;210,0;-135,175781;194,0;0,312;-704,0;-768;1977;210,98;222,6929;No alert, no SPI, aircraft airbone;28,67466343480484;16,04889373971481
CAT048;20;129;02:32:34:359;41,31695195;2,17585444;342,892588077113;1124,97571866692;3,480469;73,696289;2061;11,25;34538D;VLG6DZ;1014,0;0,352;-114,258;142,0;-0,375;142,0;-114,257812;136,0;0,208;-800,0;-800;115;141,46;245,7861;No alert, no SPI, aircraft airbone;21,853117333706184;12,128311402625425
CAT048;20;129;02:32:38:258;41,37873802;2,32379702;1021,01749528665;3349,79503923626;11,074219;64,89624;1000;33,5;341119;BCS47H;1014,0;;;;;;-134,824219;192,0;0,308;-896,0;-800;1977;209,66;222,6764;No alert, no SPI, aircraft airbone;28,51500159738688;15,87623446040915
CAT048;20;129;02:32:38:359;41,31587676;2,17267391;327,653199479915;1074,97772298169;3,324219;74,069824;2061;10,75;34538D;VLG6DZ;1014,0;;;;;;-114,082031;138,0;0,212;-864,0;-736;115;140,58;245,6213;No alert, no SPI, aircraft airbone;21,709675568693783;12,063040549425375
CAT048;20;129;02:32:42:258;41,37594741;2,32036644;1005,77912966814;3299,80039978042;10,863281;65,352173;1000;33,0;341119;BCS47H;1014,0;;;;;;-134,824219;192,0;0,308;-768,0;-800;1977;208,12;222,6599;No alert, no SPI, aircraft airbone;28,361250760687486;15,707766160263624
CAT048;20;129;02:32:42:359;41,31482163;2,16957227;312,413770504296;1024,97959482131;3,171875;74,476318;2061;10,25;34538D;VLG6DZ;1014,0;;;;;;-113,378906;139,0;0,212;-768,0;-736;115;138,38;245,6543;No alert, no SPI, aircraft airbone;21,56978936673011;11,998997399551504
CAT048;20;129;02:32:46:258;41,37315623;2,3169191;990,540759154595;3249,80574426476;10,652344;65,824585;1000;32,5;341119;BCS47H;1014,0;;;;;;-134,648438;191,0;0,308;-800,0;-800;1977;206,8;222,6434;No alert, no SPI, aircraft airbone;28,206729861993757;15,539264447234588
CAT048;20;129;02:32:46:359;41,3137987;2,16654474;297,174304330722;974,981344620404;3,023438;74,904785;2061;9,75;34538D;VLG6DZ;1014,0;;;;;;-113,730469;137,0;0,208;-800,0;-768;115;136,18;245,6927;No alert, no SPI, aircraft airbone;21,43323895377843;11,936908412137624
CAT048;20;129;02:32:50:258;41,37030598;2,31348796;975,302353903651;3199,81097478126;10,441406;66,335449;1000;32,0;341119;BCS47H;1014,0;-0,176;-137,461;204,0;-0,031;204,0;-134,648438;189,0;0,304;-864,0;-800;1977;205,48;222,627;No alert, no SPI, aircraft airbone;28,052952728342653;15,367231832010638
CAT048;20;129;02:32:50:359;41,31276178;2,16351784;281,934814133681;924,983015602347;2,875;75,393677;2061;9,25;34538D;VLG6DZ;1014,0;0,352;-114,258;134,0;0,156;140,0;-113,554688;135,0;0,208;-736,0;-736;115;133,98;245,7312;No alert, no SPI, aircraft airbone;21,29671728526835;11,873985380457025
CAT048;20;129;02:32:54:266;41,36754486;2,31017914;952,443876364268;3124,81596733095;10,238281;66,851807;1000;31,25;341119;BCS47H;1014,0;;;;;;-134,296875;188,0;0,3;-864,0;-832;1977;203,94;222,6105;No alert, no SPI, aircraft airbone;27,90465025963185;15,200589552154657
CAT048;20;129;02:32:54:359;41,31177527;2,16064729;266,695275866427;874,984528873607;2,734375;75,910034;2061;8,75;34538D;VLG6DZ;1014,0;;;;;;-113,730469;132,0;0,204;-736,0;-704;115;131,56;245,7697;No alert, no SPI, aircraft airbone;21,16724445744714;11,814128003915243
CAT048;20;129;02:32:58:266;41,36470911;2,30669849;937,205474170856;3074,82120787871;10,027344;67,39563;1000;30,75;341119;BCS47H;1014,0;;;;;;-130,957031;187,0;0,3;-736,0;-832;1977;201,74;225,1978;No alert, no SPI, aircraft airbone;27,748603676027155;15,029422907033663
CAT048;20;129;02:32:58:359;41,31077247;2,15768293;259,075730958022;849,986021156318;2,589844;76,481323;2061;8,5;34538D;VLG6DZ;1014,0;;;;;;-113,90625;131,0;0,2;-768,0;-704;115;130,68;245,5884;No alert, no SPI, aircraft airbone;21,03353124621856;11,753275416902085
CAT048;20;129;02:33:02:258;41,36211812;2,30306467;921,967179303057;3024,82680054464;9,816406;67,868042;1000;30,25;341119;BCS47H;1014,0;;;;;;-125,859375;186,0;0,296;-832,0;-832;1977;199,98;228,6475;No alert, no SPI, aircraft airbone;27,585520463460437;14,872892143470324
CAT048;20;129;02:33:02:367;41,30977418;2,15471526;243,836164098233;799,987440620047;2,445312;77,113037;2061;8,0;34538D;VLG6DZ;1014,0;;;;;;-113,730469;131,0;0,2;-672,0;-576;115;130,68;245,5884;No alert, no SPI, aircraft airbone;20,89966284063416;11,692697053752333
CAT048;20;129;02:33:06:258;41,35981904;2,29926137;906,728998271748;2974,83276668988;9,605469;68,24707;1000;29,75;341119;BCS47H;1014,0;10,195;-125,508;198,0;0,969;198,0;-121,289062;184,0;0,292;-832,0;-736;1977;198,0;234,4592;No alert, no SPI, aircraft airbone;27,41464506380289;14,733820497204679
CAT048;20;129;02:33:06:367;41,3087618;2,1517441;228,596574841067;749,988786601567;2,300781;77,843628;2061;7,5;34538D;VLG6DZ;1014,0;-0,527;-114,258;132,0;-0,219;136,0;-113,203125;132,0;0,2;-608,0;-576;115;131,56;245,7697;No alert, no SPI, aircraft airbone;20,765636990511524;11,631277480201828
CAT048;20;129;02:33:10:258;41,35781622;2,29520169;891,490969043225;2924,83923087577;9,390625;68,516235;1000;29,25;341119;BCS47H;1014,0;;;;;;-118,125;183,0;0,292;-832,0;-704;1977;196,02;237,9309;No alert, no SPI, aircraft airbone;27,232050742027923;14,612442680091165
CAT048;20;129;02:33:10:367;41,3077601;2,14875614;220,976965376176;724,990067084773;2,15625;78,651123;2061;7,25;34538D;VLG6DZ;1014,0;;;;;;-113,378906;133,0;0,204;-736,0;-640;115;132,88;245,5554;No alert, no SPI, aircraft airbone;20,63084398929868;11,570498976726201
CAT048;20;129;02:33:14:250;41,35602097;2,2910306;876,252989366651;2874,84585763368;9,175781;68,713989;1000;28,75;341119;BCS47H;1014,0;;;;;;-116,015625;182,0;0,292;-640,0;-672;1977;194,04;239,9963;No alert, no SPI, aircraft airbone;27,04432579652943;14,503486593164862
CAT048;20;129;02:33:14:375;41,30674739;2,14585231;205,737322364002;674,991236704714;2,015625;79,612427;2061;6,75;34538D;VLG6DZ;1014,0;;;;;;-113,027344;134,0;0,204;-736,0;-640;115;136,18;245,6927;No alert, no SPI, aircraft airbone;20,49985452614672;11,509084612318569
CAT048;20;129;02:33:18:250;41,35436484;2,28687882;861,014975529164;2824,8523723151;8,964844;68,873291;1000;28,25;341119;BCS47H;1014,0;;;;;;-113,730469;182,0;0,288;-864,0;-704;1977;193,38;242,2375;No alert, no SPI, aircraft airbone;26,857406227548317;14,402888323260674
CAT048;20;129;02:33:18:383;41,30567839;2,14268323;190,497687861323;624,992434242944;1,863281;80,760498;2061;6,25;34538D;VLG6DZ;1014,0;;;;;;-113,203125;137,0;0,208;-800,0;-640;115;138,82;245,2808;No alert, no SPI, aircraft airbone;20,35688402328059;11,44423715057124
CAT048;20;129;02:33:22:242;41,35279454;2,28258939;845,777000377886;2774,85901391978;8,75;68,994141;1000;27,75;341119;BCS47H;1014,0;3,164;-115,664;192,0;0,312;196,0;-112,148438;182,0;0,288;-960,0;-832;1977;192,94;243,8306;No alert, no SPI, aircraft airbone;26,66422240438089;14,307404038969906
CAT048;20;129;02:33:22:391;41,30458587;2,13949885;175,258028983139;574,99355180904;1,710938;82,155762;2061;5,75;34538D;VLG6DZ;1014,0;0,703;-114,785;140,0;-0,062;142,0;-112,148438;137,0;0,208;-768,0;-736;115;141,02;245,2478;No alert, no SPI, aircraft airbone;20,21322420940411;11,3779809097642
CAT048;20;129;02:33:26:234;41,35133756;2,27833459;830,538975182921;2724,86549133913;8,539062;69,082031;1000;27,25;341119;BCS47H;1014,0;;;;;;-111,269531;183,0;0,292;-768,0;-1056;1977;193,82;245,2863;No alert, no SPI, aircraft airbone;26,472548518657305;14,218735448611158
CAT048;20;129;02:33:26:406;41,30348422;2,13637589;160,01833813265;524,994564479122;1,5625;83,853149;2061;5,25;34538D;VLG6DZ;1014,0;;;;;;-111,972656;137,0;0,208;-608,0;-640;115;141,9;245,4181;No alert, no SPI, aircraft airbone;20,07233984560841;11,311196544969523
CAT048;20;129;02:33:30:234;41,34990712;2,27398362;800,060953698121;2624,87197933094;8,324219;69,153442;1000;26,25;341119;BCS47H;1014,0;;;;;;-110,742188;181,0;0,288;-1504,0;-1024;1977;194,04;245,9454;No alert, no SPI, aircraft airbone;26,276509674009315;14,131638851690099
CAT048;20;129;02:33:30:422;41,30238358;2,13312949;144,778633391485;474,995531576118;1,410156;85,88562;2061;4,75;34538D;VLG6DZ;1014,0;;;;;;-112,148438;137,0;0,208;-704,0;-672;115;142,78;245,5884;No alert, no SPI, aircraft airbone;19,925868292039436;11,244449632120283
CAT048;20;129;02:33:34:234;41,34849437;2,2696135;784,822894525714;2574,87834527574;8,109375;69,21936;1000;25,75;341119;BCS47H;1014,0;;;;;;-110,390625;180,0;0,284;-1088,0;-1024;1977;191,4;246,2476;No alert, no SPI, aircraft airbone;26,079589844561657;14,045607192630703
CAT048;20;129;02:33:34:445;41,30128523;2,12991675;137,158898963593;449,996402075714;1,261719;88,401489;2061;4,5;34538D;VLG6DZ;1014,0;;;;;;-112,5;137,0;0,208;-736,0;-704;115;142,34;245,9509;No alert, no SPI, aircraft airbone;19,78091331031841;11,177853142356959
CAT048;20;129;02:33:38:227;41,34713499;2,26540149;769,584718664177;2524,88432838218;7,902344;69,285278;1000;25,25;341119;BCS47H;1014,0;-0,527;-113,73;188,0;-0,062;190,0;-110,390625;178,0;0,28;-800,0;-1088;1977;188,98;246,2805;No alert, no SPI, aircraft airbone;25,889785583474104;13,962832862631952
CAT048;20;129;02:33:38:477;41,3001966;2,12664069;121,919142517261;399,997199536331;1,113281;91,554565;2061;4,0;34538D;VLG6DZ;1014,0;0,879;-114,609;144,0;0,375;144,0;-112,148438;139,0;0,212;-704,0;-704;115;143,22;245,2203;No alert, no SPI, aircraft airbone;19,633087046530147;11,11183065793775
CAT048;20;129;02:33:42:219;41,34577269;2,26110336;746,726535437629;2449,89028652519;7,691406;69,345703;1000;24,5;341119;BCS47H;1014,0;;;;;;-110,917969;175,0;0,276;-896,0;-1024;1977;186,78;246,3135;No alert, no SPI, aircraft airbone;25,696082666574064;13,879867262694109
CAT048;20;129;02:33:42:516;41,29907191;2,12343608;106,679354237393;349,997892556207;0,972656;95,767822;2061;3,5;34538D;VLG6DZ;1014,0;;;;;;-111,972656;139,0;0,212;-800,0;-832;115;143,22;245,2203;No alert, no SPI, aircraft airbone;19,488497783266435;11,04366724638148
CAT048;20;129;02:33:46:219;41,34441631;2,25688953;731,488267897628;2399,89596884925;7,484375;69,417114;1000;24,0;341119;BCS47H;1014,0;;;;;;-111,445312;173,0;0,272;-640,0;-864;1977;185,02;246,0663;No alert, no SPI, aircraft airbone;25,50617910630443;13,797290894225847
CAT048;20;129;02:33:46:570;41,29794786;2,12016568;83,819543197751;274,99851010491;0,835938;101,398315;2061;2,75;34538D;VLG6DZ;1014,0;;;;;;-112,675781;140,0;0,212;-832,0;-768;115;144,1;245,3906;No alert, no SPI, aircraft airbone;19,34092804253807;10,975532969597854
CAT048;20;129;02:33:50:211;41,34305905;2,25277328;708,629912638105;2324,9013625796;7,28125;69,505005;1000;23,25;341119;BCS47H;1014,0;;;;;;-111,269531;170,0;0,268;-1088,0;-768;1977;181,94;245,9729;No alert, no SPI, aircraft airbone;25,320677978661408;13,714699273231863
CAT048;20;129;02:33:50:656;41,29681441;2,11690097;68,5797046469525;224,999038193907;0,710938;109,14917;2061;2,25;34538D;VLG6DZ;1014,0;;;;;;-111,621094;139,0;0,212;-768,0;-736;115;144,1;245,3906;No alert, no SPI, aircraft airbone;19,193613311061135;10,906841796770093
CAT048;20;129;02:33:54:211;41,34172347;2,24882556;693,391445755027;2274,90639089092;7,085938;69,609375;1000;22,75;341119;BCS47H;1014,0;-0,176;-113,906;180,0;0,031;180,0;-111,09375;169,0;0,264;-640,0;-832;1977;179,3;246,297;No alert, no SPI, aircraft airbone;25,142777468227823;13,633465106238022
CAT048;20;129;02:33:54:766;41,29569445;2,11357681;60,9598406851292;199,999483713399;0,601562;119,959717;2061;2,0;34538D;VLG6DZ;1014,0;0,176;-114,258;142,0;0,031;142,0;-111,445312;139,0;0,212;-736,0;-736;115;142,78;245,5884;No alert, no SPI, aircraft airbone;19,04360088722964;10,83895215585395
CAT048;20;129;02:33:58:203;41,34042971;2,24485692;678,152951329947;2224,91132884134;6,890625;69,697266;1000;22,25;341119;BCS47H;1014,0;;;;;;-111,09375;166,0;0,26;-1024,0;-896;1977;176,88;246,33;No alert, no SPI, aircraft airbone;24,963908327138117;13,554740920202839
CAT048;20;129;02:33:58:922;41,2945493;2,11026654;38,0999483764172;124,999834631284;0,523438;134,824219;2061;1,25;34538D;VLG6DZ;1014,0;;;;;;-110,917969;139,0;0,212;-768,0;-736;115;141,46;245,7861;No alert, no SPI, aircraft airbone;18,894218765816223;10,76956066420453
CAT048;20;129;02:34:02:203;41,33912624;2,24089771;655,294411647134;2149,91611750838;6,695312;69,796143;1000;21,5;341119;BCS47H;1014,0;;;;;;-111,269531;164,0;0,256;-1152,0;-928;1977;176,0;246,1981;No alert, no SPI, aircraft airbone;24,785461964074244;13,475445287420754
CAT048;20;129;02:34:03:125;41,29337716;2,10696686;22,8600283963606;75,0000955639156;0,492188;153,187866;2061;0,75;34538D;VLG6DZ;1014,0;;;;;;-111,621094;139,0;0,208;-800,0;-736;115;141,46;245,7861;No alert, no SPI, aircraft airbone;18,745318068705924;10,698558600808036
CAT048;20;129;02:34:06:195;41,33777052;2,2368662;640,055854635313;2099,92085012172;6,496094;69,916992;1000;21,0;341119;BCS47H;1014,0;;;;;;-111,621094;163,0;0,256;-896,0;-864;1977;173,8;246,2366;No alert, no SPI, aircraft airbone;24,603760281251546;13,39300404907363
CAT048;20;129;02:34:07:328;41,29231965;2,1036318;7,62007864937186;25,0002588360052;0,507812;171,941528;2061;0,25;34538D;VLG6DZ;1014,0;;;;;;-111,445312;137,0;0,208;-672,0;-704;115;140,14;245,9949;No alert, no SPI, aircraft airbone;18,59477949000095;10,63442877485081
CAT048;20;129;02:34:10:195;41,33646374;2,23299963;617,197198855691;2024,9252578937;6,304688;70,043335;1000;20,25;341119;BCS47H;1014,0;-0,703;-113,906;174,0;-0,062;172,0;-112,148438;162,0;0,252;-704,0;-768;1977;172,92;246,1047;No alert, no SPI, aircraft airbone;24,429487850081017;13,313552261293843
CAT048;20;129;02:34:11:500;41,29114941;2,10036887;0,0001028636470437;0,0003374791677668;0,578125;187,597046;2061;0,0;34538D;VLG6DZ;1014,0;-0,703;-114,082;138,0;0,094;136,0;-112,5;134,0;0,2;-352,0;-192;115;138,82;246,2036;No alert, no SPI, aircraft airbone;18,447530015505432;10,56355977988167
CAT048;20;129;02:34:14:188;41,33519989;2,22919886;601,95848453138;1974,92947438993;6,117188;70,164185;1000;19,75;341119;BCS47H;1014,0;;;;;;-112,324219;161,0;0,252;-992,0;-800;1977;172,04;245,9674;No alert, no SPI, aircraft airbone;24,258166707839568;13,23670096197438
CAT048;20;129;02:34:15:617;41,29010672;2,09724042;9,87602397799492e-05;0,0003240165450796;0,671875;198,929443;2061;-0,25;34538D;VLG6DZ;1014,0;;;;;;-112,851562;131,0;0,196;-128,0;-224;115;134,2;245,3412;No alert, no SPI, aircraft airbone;18,306322366057227;10,500373406292894
CAT048;20;129;02:34:18:188;41,33388168;2,22533132;586,719752130099;1924,93363157851;5,925781;70,3125;1000;19,25;341119;BCS47H;1014,0;;;;;;-112,5;160,0;0,248;-1088,0;-960;1977;170,28;245,6927;No alert, no SPI, aircraft airbone;24,08384085739295;13,156578846984292
CAT048;20;129;02:34:19:695;41,28912383;2,09433683;7,28154554963112e-05;0,0002388958590105;0,777344;206,702271;2061;-0,25;34538D;VLG6DZ;1014,0;;;;;;-114,082031;119,0;0,18;-32,0;-32;115;128,92;246,2146;No alert, no SPI, aircraft airbone;18,175264296627617;10,440824985404863
CAT048;20;129;02:34:22:180;41,33256702;2,22155796;563,860949822702;1849,93755861631;5,738281;70,482788;1000;18,5;341119;BCS47H;1014,0;;;;;;-112,851562;158,0;0,248;-864,0;-864;1977;168,96;245,863;No alert, no SPI, aircraft airbone;23,913763689255045;13,076703183928917
CAT048;20;129;02:34:23:750;41,2883136;2,09167957;2,74879857897758e-05;9,01836832985282e-05;0,878906;212,288818;2061;0,0;34538D;VLG6DZ;1014,0;;;;;;-115,3125;107,0;0,16;64,0;0;115;116,38;245,6323;No alert, no SPI, aircraft airbone;18,05529679661185;10,391685911878795
CAT048;20;129;02:34:26:180;41,33128501;2,2177633;548,622120595537;1799,94139813466;5,550781;70,64209;1000;18,0;341119;BCS47H;1014,0;-0,527;-114,258;166,0;-0,094;166,0;-113,203125;156,0;0,244;-640,0;-832;1977;166,98;245,5829;No alert, no SPI, aircraft airbone;23,742705103698057;12,998787081117644
CAT048;20;129;02:34:27:789;41,28748897;2,0892942;-2,59252265095711e-05;-8,50565201416612e-05;0,980469;216,079102;2061;0,0;34538D;VLG6DZ;1014,0;0,176;-114,609;104,0;-1,562;96,0;-114,960938;93,0;0,14;256,0;32;115;103,4;245,4181;No alert, no SPI, aircraft airbone;17,947628324766804;10,341742834089247
CAT048;20;129;02:34:30:172;41,3300161;2,21405319;533,383228513412;1749,94503143594;5,367188;70,817871;1000;17,5;341119;BCS47H;1014,0;;;;;;-113,378906;157,0;0,244;-896,0;-832;1977;164,78;245,6104;No alert, no SPI, aircraft airbone;23,575456985329865;12,921686871461656
CAT048;20;129;02:34:34:172;41,32879352;2,21041228;518,144283045083;1699,94848958563;5,1875;70,988159;1000;17,0;341119;BCS47H;1014,0;;;;;;-113,027344;154,0;0,24;-864,0;-832;1977;163,9;245,4675;No alert, no SPI, aircraft airbone;23,4113139606079;12,847390697718701
CAT048;20;129;02:34:38:172;41,32757923;2,2068629;495,285276875831;1624,9517477853;5,011719;71,18042;1000;16,25;341119;BCS47H;1014,0;;;;;;-112,675781;152,0;0,236;-672,0;-768;1977;161,7;245,495;No alert, no SPI, aircraft airbone;23,25129940518236;12,77362292064991
CAT048;20;129;02:34:42:164;41,32636621;2,20330171;487,666241957806;1599,95491326485;4,835938;71,383667;1000;16,0;341119;BCS47H;1013,9;0,176;-114,258;158,0;-0,094;158,0;-112,5;149,0;0,232;-768,0;-800;1977;157,74;246,0333;No alert, no SPI, aircraft airbone;23,090744591895476;12,699934715422692
CAT048;20;129;02:34:46:164;41,32517471;2,19973952;464,807176087052;1524,95797559344;4,660156;71,586914;1000;15,25;341119;BCS47H;1014,0;;;;;;-112,5;147,0;0,228;-1024,0;-832;1977;155,54;246,0718;No alert, no SPI, aircraft airbone;22,93013111808788;12,627543345282907
CAT048;20;129;02:34:50:156;41,32402155;2,1963364;449,568037227727;1474,96079925822;4,492188;71,806641;1000;14,75;341119;BCS47H;1014,0;;;;;;-112,675781;144,0;0,224;-672,0;-768;1977;151,36;245,8026;No alert, no SPI, aircraft airbone;22,776689539052416;12,557499246428895
CAT048;20;129;02:34:54:156;41,32290183;2,19300828;434,328851096332;1424,96346783089;4,328125;72,03186;1000;14,25;341119;BCS47H;1014,0;;;;;;-113,027344;143,0;0,224;-896,0;-800;1977;149,6;245,4895;No alert, no SPI, aircraft airbone;22,626621605868397;12,4894859366435
CAT048;20;129;02:34:58:148;41,32175142;2,18969151;419,089632187039;1374,96602886452;4,164062;72,301025;1000;13,75;341119;BCS47H;1014,0;-0,176;-114,609;146,0;0,031;148,0;-113,027344;140,0;0,216;-864,0;-832;1977;144,98;245,5554;No alert, no SPI, aircraft airbone;22,477072132240973;12,419640870929848
CAT048;20;129;02:35:02:148;41,32064658;2,18653975;396,23034787178;1299,96837451165;4,007812;72,58667;1000;13,0;341119;BCS47H;1014,0;;;;;;-112,851562;137,0;0,212;-768,0;-800;1977;143,22;245,2203;No alert, no SPI, aircraft airbone;22,334961861971127;12,352576483842007
CAT048;20;129;02:35:06:148;41,3195462;2,18337406;388,611041690223;1274,97065001895;3,851562;72,888794;1000;12,75;341119;BCS47H;1014,0;;;;;;-112,675781;134,0;0,208;-800,0;-736;1977;140,58;245,6213;No alert, no SPI, aircraft airbone;22,192215517484176;12,285781168570798
CAT048;20;129;02:35:10:141;41,31847997;2,18028731;373,37169388961;1224,97278818079;3,699219;73,201904;1000;12,25;341119;BCS47H;1014,0;;;;;;-112,851562;134,0;0,208;-704,0;-704;1977;138,82;245,2808;No alert, no SPI, aircraft airbone;22,05302184014857;12,221058911388
CAT048;20;129;02:35:14:141;41,31738867;2,17711746;358,132338470779;1174,97490134847;3,542969;73,547974;1000;11,75;341119;BCS47H;1014,0;-0,176;-114,434;140,0;-0,125;142,0;-112,5;135,0;0,208;-704,0;-704;1977;139,26;245,8246;No alert, no SPI, aircraft airbone;21,91007492694008;12,154817335033034
CAT048;20;129;02:35:18:148;41,31633966;2,17401831;342,892944518477;1124,976888094;3,390625;73,899536;1000;11,25;341119;BCS47H;1014,0;;;;;;-112,148438;135,0;0,208;-704,0;-704;1977;138,38;245,6543;No alert, no SPI, aircraft airbone;21,770305739742817;12,091134659563057
CAT048;20;129;02:35:22:141;41,31530495;2,17091069;327,653528081253;1074,9788010701;3,238281;74,267578;1000;10,75;341119;BCS47H;1014,0;;;;;;-111,621094;136,0;0,208;-608,0;-704;1977;137,06;245,863;No alert, no SPI, aircraft airbone;21,630144421428827;12,028312414062022
CAT048;20;129;02:35:26:141;41,31427534;2,1678876;312,414071188308;1024,98058131745;3,089844;74,685059;1000;10,25;341119;BCS47H;1014,0;;;;;;-110,742188;134,0;0,208;-576,0;-640;1977;135,3;246,4673;No alert, no SPI, aircraft airbone;21,4937988886872;11,965821829529458
CAT048;20;129;02:35:30:141;41,31331456;2,16492571;297,174582022242;974,982255681853;2,945312;75,080566;1000;9,75;341119;BCS47H;1014,0;-0,703;-113,73;134,0;-0,156;140,0;-110,742188;135,0;0,208;-608,0;-672;1977;133,54;246,1212;No alert, no SPI, aircraft airbone;21,360193826499412;11,907478570283166
CAT048;20;129;02:35:34:141;41,31231939;2,16196735;289,555068621412;949,983851335873;2,800781;75,558472;1000;9,5;341119;BCS47H;1014,0;;;;;;-111,09375;132,0;0,204;-832,0;-768;1977;131,34;246,1652;No alert, no SPI, aircraft airbone;21,226755541904893;11,847078416563864
CAT048;20;129;02:35:38:141;41,31131946;2,15892601;266,695546015166;874,985415188396;2,652344;76,074829;1000;8,75;341119;BCS47H;1014,0;;;;;;-111,445312;131,0;0,2;-832,0;-832;1977;130,24;245,9894;No alert, no SPI, aircraft airbone;21,089562755454647;11,786377306512348
CAT048;20;129;02:35:42:141;41,31035601;2,15604085;251,455976495519;824,98682592556;2,511719;76,640625;1000;8,25;341119;BCS47H;1014,0;;;;;;-111,445312;131,0;0,2;-800,0;-768;1977;130,24;245,9894;No alert, no SPI, aircraft airbone;20,959416004575477;11,727906125870291
CAT048;20;129;02:35:46:141;41,30934469;2,15307516;236,216396247037;774,988201463128;2,367188;77,321777;1000;7,75;341119;BCS47H;1014,0;-0,879;-114,434;132,0;-0,125;138,0;-111,621094;132,0;0,204;-672,0;-704;1977;130,68;245,5884;No alert, no SPI, aircraft airbone;20,82563926965296;11,66654937789831
CAT048;20;129;02:35:50:141;41,30831427;2,15010181;228,596794174053;749,989506197999;2,222656;78,118286;1000;7,5;341119;BCS47H;1014,0;;;;;;-111,796875;132,0;0,204;-384,0;-544;1977;132,44;244,9786;No alert, no SPI, aircraft airbone;20,691518041085658;11,604049988264324
CAT048;20;129;02:35:54:148;41,30726963;2,14721375;213,357158401981;699,990699571555;2,082031;79,068604;1000;7,0;341119;BCS47H;1014,0;;;;;;-111,445312;132,0;0,204;-608,0;-672;1977;132,0;244,4019;No alert, no SPI, aircraft airbone;20,561253688778;11,540722528136783
CAT048;20;129;02:35:58:156;41,30619664;2,14422978;198,117512670346;649,991860269377;1,9375;80,183716;1000;6,5;341119;BCS47H;1014,0;;;;;;-110,390625;131,0;0,2;-640,0;-576;1977;131,12;245,1929;No alert, no SPI, aircraft airbone;20,426657035370255;11,475676859174182
CAT048;20;129;02:36:02:164;41,30518463;2,14138516;190,497829531319;624,992899039534;1,800781;81,392212;1000;6,25;341119;BCS47H;1014,0;-0,176;-114,082;132,0;0,125;136,0;-109,6875;131,0;0,2;-608,0;-544;1977;131,56;245,7697;No alert, no SPI, aircraft airbone;20,29833852358904;11,414325061165489
CAT048;20;129;02:36:06:180;41,3041706;2,13835031;175,258145478554;574,993934011859;1,65625;82,765503;1000;5,75;341119;BCS47H;1014,0;;;;;;-110,566406;131,0;0,2;-576,0;-576;1977;132,0;245,3741;No alert, no SPI, aircraft airbone;20,16141440914987;11,352812385788502
CAT048;20;129;02:36:10:188;41,30314036;2,13537488;167,638432029635;549,994873340107;1,515625;84,446411;1000;5,5;341119;BCS47H;1014,0;;;;;;-110,566406;132,0;0,2;-480,0;-448;1977;133,32;245,1599;No alert, no SPI, aircraft airbone;20,027178017790774;11,290346038916116
CAT048;20;129;02:36:14:203;41,30209827;2,13237026;152,398698450066;499,995745822915;1,375;86,495361;1000;5,0;341119;BCS47H;1014,0;;;;;;-109,863281;132,0;0,2;-512,0;-576;1977;132,88;245,5554;No alert, no SPI, aircraft airbone;19,891620962502337;11,227167015156882
CAT048;20;129;02:36:18:227;41,30107588;2,12948606;144,778932495043;474,996512887036;1,242188;88,956299;1000;4,75;341119;BCS47H;1014,0;-0,879;-114,258;134,0;-0,219;136,0;-109,6875;131,0;0,2;-448,0;-704;1977;133,98;245,7312;No alert, no SPI, aircraft airbone;19,761499366825326;11,165201301636305
CAT048;20;129;02:36:22:258;41,30005319;2,12628422;129,539167388342;424,997281934369;1,097656;92,026978;1000;4,25;341119;BCS47H;1014,0;;;;;;-109,863281;133,0;0,204;-704,0;-736;1977;133,98;245,7312;No alert, no SPI, aircraft airbone;19,617009124066417;11,103150515617454
CAT048;20;129;02:36:26:297;41,29895111;2,12332802;114,299361255951;374,997916382975;0,96875;96,223755;1000;3,75;341119;BCS47H;1014,0;;;;;;-109,863281;133,0;0,204;-704,0;-768;1977;135,3;245,517;No alert, no SPI, aircraft airbone;19,48364664740668;11,036398995609014
CAT048;20;129;02:36:30:352;41,29788615;2,12022952;99,0595403183252;324,998502257974;0,839844;101,607056;1000;3,25;341119;BCS47H;1014,0;;;;;;-109,6875;134,0;0,204;-736,0;-800;1977;135,52;245,1324;No alert, no SPI, aircraft airbone;19,343833310232682;10,97184649039363
CAT048;20;129;02:36:34:430;41,29685784;2,11718762;83,8196920659393;274,998998517616;0,722656;108,616333;1000;2,75;341119;BCS47H;1014,0;0,879;-114,434;136,0;0,125;138,0;-108,984375;134,0;0,204;-672,0;-640;1977;135,3;245,517;No alert, no SPI, aircraft airbone;19,206564492282993;10,90950924492005
CAT048;20;129;02:36:38:531;41,29573543;2,11400082;68,5798260923475;224,999436636817;0,617188;118,87207;1000;2,25;341119;BCS47H;1014,0;;;;;;-108,632812;134,0;0,204;-672,0;-608;1977;133,98;245,7312;No alert, no SPI, aircraft airbone;19,062765356100172;10,841502175627129
CAT048;20;129;02:36:42:680;41,2946558;2,11087284;53,3399322060868;174,999783179018;0,539062;132,286377;1000;1,75;341119;BCS47H;1014,0;;;;;;-108,28125;133,0;0,2;-672,0;-608;1977;132,88;245,5554;No alert, no SPI, aircraft airbone;18,921609245370796;10,7760785534779
CAT048;20;129;02:36:46:852;41,29356563;2,10777056;45,7200130745769;150,000047695595;0,5;148,881226;1000;1,5;341119;BCS47H;1014,0;;;;;;-108,28125;131,0;0,2;-704,0;-640;1977;131,56;245,7697;No alert, no SPI, aircraft airbone;18,781613839225578;10,710033477055863
CAT048;20;129;02:36:51:047;41,29252031;2,10459611;30,4800691055134;100,000229924133;0,503906;166,832886;1000;1,0;341119;BCS47H;1014,0;0,703;-114,434;132,0;0,125;136,0;-108,808594;134,0;0,204;-768,0;-864;1977;131,56;245,7697;No alert, no SPI, aircraft airbone;18,63833695070109;10,646667549502633
CAT048;20;129;02:36:55:219;41,29140039;2,10144993;7,62010080553591;25,0003315268344;0,558594;182,823486;1000;0,25;341119;BCS47H;1014,0;;;;;;-109,511719;129,0;0,196;-1152,0;-512;1977;132,66;245,9454;No alert, no SPI, aircraft airbone;18,496355071074113;10,57883923643544
CAT048;20;129;02:36:59:352;41,29038703;2,09838891;0,0001056753098964;0,0003467037837207;0,640625;195,018311;1000;0,0;341119;BCS47H;1014,0;;;;;;-111,445312;127,0;0,192;64,0;-96;1977;128,92;245,2203;No alert, no SPI, aircraft airbone;18,358190408415446;10,517424143358923
CAT048;20;129;02:37:03:438;41,28948419;2,09555392;8,76877456903458e-05;0,0002876894635707;0,734375;203,620605;1000;0,0;341119;BCS47H;1014,0;;;;;;-112,5;118,0;0,18;256,0;-192;1977;121,44;246,1761;No alert, no SPI, aircraft airbone;18,23021432707964;10,46268874210957
CAT048;20;129;02:37:07:500;41,28860009;2,09289153;5,28162345290184e-05;0,0001732816148921;0,835938;209,73999;1000;0,0;341119;BCS47H;1014,0;0,0;-114,434;110,0;0,125;106,0;-113,203125;103,0;0,156;288,0;-64;1977;109,78;245,7697;No alert, no SPI, aircraft airbone;18,110036444555163;10,409117101542334
CAT048;20;129;02:37:11:547;41,28777539;2,09055952;8,79634171724319e-06;2,88593897596002e-05;0,933594;213,859863;1000;0,0;341119;BCS47H;1014,0;;;;;;-113,378906;91,0;0,136;-64,0;-32;1977;96,58;245,5554;No alert, no SPI, aircraft airbone;18,00478270840937;10,359179329092369
CAT048;20;129;02:44:11:563;41,3001921;2,08739308;-0,0003054114058613;-0,0010020059568062;0,664062;267,363281;247;0,0;3E3E62;PAV553H;1014,0;;;;;;-111,972656;128,0;0,192;416,0;NV;1928;127,6;245,4401;No alert, no SPI, aircraft airbone;17,858191740099766;11,103133488231602
CAT048;20;129;02:44:15:516;41,29915658;2,08455685;30,4795676944777;99,9985848747503;0,796875;263,325806;247;1,0;3E3E62;PAV553H;1014,0;0,879;-115,664;134,0;NV;132,0;-110,917969;133,0;0,2;1312,0;NV;1928;132,0;244,4019;No alert, no SPI, aircraft airbone;17,73020758650189;11,040457307715334
CAT048;20;129;02:44:19:477;41,298075;2,081539;60,9594102595001;199,998071555778;0,941406;260,370483;247;2,0;3E3E62;PAV553H;1014,0;;;;;;-110,742188;138,0;0,212;1632,0;NV;1928;139,26;245,8246;No alert, no SPI, aircraft airbone;17,59401802456578;10,974986568588688
CAT048;20;129;02:44:23:445;41,29701888;2,07838689;99,059220531024;324,997453087005;1,09375;258,348999;247;3,25;3E3E62;PAV553H;1014,0;;;;;;-111,445312;142,0;0,216;1760,0;NV;1928;144,32;247,1649;No alert, no SPI, aircraft airbone;17,451745274957865;10,911020501419358
CAT048;20;129;02:44:27:430;41,29597357;2,07499339;137,158986668102;449,996689820177;1,257812;256,964722;247;4,5;3E3E62;PAV553H;1014,0;;;;;;-111,972656;147,0;0,224;1984,0;NV;1928;148,72;248,269;No alert, no SPI, aircraft airbone;17,298548001611262;10,847660002128599
CAT048;20;129;02:44:31:414;41,29496225;2,07152086;182,878715406172;599,995804653185;1,425781;256,014404;247;6,0;3E3E62;PAV553H;1014,0;-1,055;-111,094;152,0;NV;154,0;-112,148438;151,0;0,232;2240,0;NV;1928;151,14;249,0436;No alert, no SPI, aircraft airbone;17,141762728894236;10,786328271068939
CAT048;20;129;02:44:35:398;41,29395443;2,06805785;228,598413201049;749,994817966529;1,59375;255,267334;247;7,5;3E3E62;PAV553H;1014,0;;;;;;-114,082031;154,0;0,236;2336,0;NV;1928;152,46;247,6373;No alert, no SPI, aircraft airbone;16,98540228157063;10,725214535331359
CAT048;20;129;02:44:39:383;41,29286993;2,06463061;274,318084566854;899,993744570317;1,761719;254,503784;247;9,0;3E3E62;PAV553H;1014,0;;;;;;-115,136719;152,0;0,232;2624,0;NV;1928;152,9;246,4563;No alert, no SPI, aircraft airbone;16,830674434943898;10,659515573857885
CAT048;20;129;02:44:43:367;41,29169904;2,06116229;327,657722433098;1074,9925620674;1,933594;253,740234;247;10,75;3E3E62;PAV553H;1014,0;;;;;;-117,070312;151,0;0,232;2432,0;NV;1928;155,32;244,4238;No alert, no SPI, aircraft airbone;16,674105343871528;10,58863423272353
CAT048;20;129;02:44:47:352;41,29043015;2,05773438;373,377336832695;1224,99130177418;2,105469;252,932739;247;12,25;3E3E62;PAV553H;1014,0;0,352;-115,84;158,0;NV;158,0;-116,191406;153,0;0,236;2144,0;NV;1928;158,84;244,2371;No alert, no SPI, aircraft airbone;16,519382978631473;10,511889926009772
CAT048;20;129;02:44:51:344;41,28911745;2,05414344;411,476900745183;1349,98987504083;2,285156;252,240601;247;13,5;3E3E62;PAV553H;1014,0;;;;;;-115,488281;156,0;0,24;1824,0;NV;1928;162,58;244,8523;No alert, no SPI, aircraft airbone;16,35729155137704;10,43249397999019
CAT048;20;129;02:44:55:328;41,28781956;2,05045268;441,956417071633;1449,9882913853;2,46875;251,702271;247;14,5;3E3E62;PAV553H;1014,0;;;;;;-113,378906;160,0;0,248;1728,0;NV;1928;168,52;246,1707;No alert, no SPI, aircraft airbone;16,190674975541214;10,353974343507186
CAT048;20;129;02:44:59:320;41,28653425;2,04657757;472,435869317502;1549,98649749163;2,660156;251,312256;247;15,5;3E3E62;PAV553H;1014,0;;;;;;-111,621094;165,0;0,256;1248,0;NV;1928;176,66;247,3517;No alert, no SPI, aircraft airbone;16,015710137413343;10,276182352924094
CAT048;20;129;02:45:03:313;41,28527552;2,04250085;495,295247854665;1624,9844609715;2,859375;251,065063;247;16,25;3E3E62;PAV553H;1014,0;-1,406;-111,797;184,0;NV;178,0;-110,566406;172,0;0,268;1216,0;NV;1928;183,26;248,1976;No alert, no SPI, aircraft airbone;15,831612555059488;10,19995553763596
CAT048;20;129;02:45:07:305;41,28398575;2,03826477;525,774555365555;1724,98219222553;3,066406;250,861816;247;17,25;3E3E62;PAV553H;1014,0;;;;;;-112,851562;176,0;0,276;1632,0;NV;1928;187,44;246,72;No alert, no SPI, aircraft airbone;15,640306755149801;10,121847394076687
CAT048;20;129;02:45:11:297;41,28255275;2,03392127;563,873801204376;1849,97972194336;3,28125;250,570679;247;18,5;3E3E62;PAV553H;1014,0;;;;;;-114,960938;178,0;0,28;2016,0;NV;1928;191,18;244,9072;No alert, no SPI, aircraft airbone;15,444167861489072;10,035140369337642
CAT048;20;129;02:45:15:289;41,28100944;2,02964101;609,593016427942;1999,97715201745;3,496094;250,197144;247;20,0;3E3E62;PAV553H;1014,0;;;;;;-115,664062;182,0;0,284;2304,0;NV;1928;192,5;244,0997;No alert, no SPI, aircraft airbone;15,250906679062991;9,94183913538944
CAT048;20;129;02:45:19:273;41,27945911;2,02546902;662,93220915366;2174,97450907969;3,707031;249,834595;247;21,75;3E3E62;PAV553H;1014,0;0,0;-116,016;192,0;NV;192,0;-115,136719;183,0;0,288;2688,0;NV;1928;191,62;243,9679;No alert, no SPI, aircraft airbone;15,062535858052094;9,848145116996585
CAT048;20;129;02:45:23:266;41,27791723;2,02130603;723,891359737143;2374,97172868001;3,917969;249,515991;247;23,75;3E3E62;PAV553H;1014,0;;;;;;-114,433594;182,0;0,288;3040,0;NV;1928;190,3;244,1052;No alert, no SPI, aircraft airbone;14,874561373568891;9,754968401946567
CAT048;20;129;02:45:27:258;41,27638534;2,01715151;792,470468189567;2599,96881085506;4,128906;249,23584;247;26,0;3E3E62;PAV553H;1014,0;;;;;;-114,257812;182,0;0,288;3200,0;NV;1928;188,76;244,248;No alert, no SPI, aircraft airbone;14,686959006945324;9,662401192887732
CAT048;20;129;02:45:31:250;41,2748779;2,01297809;853,429526898079;2799,96572902829;4,339844;249,005127;247;28,0;3E3E62;PAV553H;1014,0;;;;;;-114,257812;179,0;0,284;3200,0;NV;1928;187,0;244,6655;No alert, no SPI, aircraft airbone;14,498487455690118;9,571306023462585
CAT048;20;129;02:45:35:242;41,2734251;2,00888247;922,008558575064;3024,96255931541;4,546875;248,818359;247;30,25;3E3E62;PAV553H;1014,0;0,176;-115,312;186,0;NV;188,0;-114,785156;176,0;0,28;2976,0;NV;1928;186,12;244,5337;No alert, no SPI, aircraft airbone;14,313515168341162;9,48350928729793
CAT048;20;129;02:45:39:242;41,27191558;2,00470399;975,347528557293;3199,95918559191;4,757812;248,626099;247;32,0;3E3E62;PAV553H;1014,0;;;;;;-115,136719;176,0;0,284;2656,0;NV;1928;188,1;244,7974;No alert, no SPI, aircraft airbone;14,12479805954692;9,392306493192295
CAT048;20;129;02:45:43:234;41,27043314;2,00050208;1021,06644564308;3349,95563752365;4,96875;248,47229;247;33,5;3E3E62;PAV553H;1014,0;;;;;;-114,960938;177,0;0,284;2432,0;NV;1928;188,98;244,9237;No alert, no SPI, aircraft airbone;13,93500648732151;9,302732954458085
CAT048;20;129;02:45:47:227;41,26895143;1,99631149;1074,4053211147;3524,95195372594;5,179688;248,329468;247;35,25;3E3E62;PAV553H;1013,3;;;;;;-114,785156;178,0;0,288;2432,0;NV;1928;189,86;245,0555;No alert, no SPI, aircraft airbone;13,745718360845089;9,213214144717226
CAT048;20;129;02:45:51:219;41,26745026;1,99202778;1120,12412434071;3674,94803210199;5,394531;248,203125;247;36,75;3E3E62;PAV553H;1013,3;0,352;-114,785;192,0;NV;192,0;-114,609375;178,0;0,288;2400,0;NV;1928;191,62;245,3082;No alert, no SPI, aircraft airbone;13,552212422890616;9,122523034154927
CAT048;20;129;02:45:55:211;41,265995;1,98782483;1173,46290320344;3849,94403134598;5,605469;248,098755;247;38,5;3E3E62;PAV553H;1013,3;;;;;;-114,257812;179,0;0,288;2432,0;NV;1928;192,5;245,4291;No alert, no SPI, aircraft airbone;13,362342447512631;9,034606922522569
CAT048;20;129;02:45:59:203;41,26449293;1,98344923;1219,18158279452;3999,93970409559;5,824219;248,005371;247;40,0;3E3E62;PAV553H;1013,3;;;;;;-114,257812;179,0;0,292;2432,0;NV;1928;193,82;245,2863;No alert, no SPI, aircraft airbone;13,1646614068367;8,943866870407195
CAT048;20;129;02:46:03:195;41,2630075;1,97916997;1272,52024545986;4174,93532211453;6,039062;247,911987;247;41,75;3E3E62;PAV553H;1013,3;;;;;;-114,257812;180,0;0,292;2400,0;NV;1928;194,7;245,4071;No alert, no SPI, aircraft airbone;12,971327307728544;8,854148928737825
CAT048;20;129;02:46:07:188;41,26150195;1,97479723;1318,23882941622;4324,93068110192;6,257812;247,82959;247;43,25;3E3E62;PAV553H;1013,3;0,0;-114,609;198,0;NV;196,0;-114,257812;181,0;0,296;2208,0;NV;1928;197,12;245,3851;No alert, no SPI, aircraft airbone;12,773758422128216;8,763220277159613
CAT048;20;129;02:46:11:180;41,25996836;1,97033521;1356,33733372111;4449,92577796556;6,480469;247,752686;247;44,5;3E3E62;PAV553H;1013,3;;;;;;-114,609375;182,0;0,3;1920,0;NV;1928;200,2;245,484;No alert, no SPI, aircraft airbone;12,572145842462543;8,670607213903356
CAT048;20;129;02:46:15:180;41,25839067;1,96580383;1394,4357645819;4574,92063387087;6,707031;247,670288;247;45,75;3E3E62;PAV553H;1013,3;;;;;;-114,609375;185,0;0,304;1728,0;NV;1928;203,72;245,3192;No alert, no SPI, aircraft airbone;12,367393458863114;8,575350102316206
CAT048;20;129;02:46:19:172;41,25681018;1,96126361;1424,91413973272;4674,91530620069;6,933594;247,593384;247;46,75;3E3E62;PAV553H;1013,3;;;;;;-114,609375;188,0;0,308;1696,0;NV;1928;207,9;245,528;No alert, no SPI, aircraft airbone;12,162231722568098;8,479934517052858
CAT048;20;129;02:46:23:172;41,25520445;1,95656071;1463,01239776053;4799,90959506864;7,167969;247,532959;247;48,0;3E3E62;PAV553H;1013,3;0,0;-114,434;210,0;NV;208,0;-114,609375;191,0;0,316;1760,0;NV;1928;210,1;245,506;No alert, no SPI, aircraft airbone;11,949702766844222;8,38299379730241
CAT048;20;129;02:46:27:164;41,25358016;1,95186848;1501,11060563195;4924,90371938154;7,402344;247,467041;247;49,25;3E3E62;PAV553H;1013,3;;;;;;-114,960938;192,0;0,32;1856,0;NV;1928;213,18;245,5994;No alert, no SPI, aircraft airbone;11,737649602472029;8,284953003929779
CAT048;20;129;02:46:31:156;41,25193057;1,94700254;1539,2086836528;5049,89741767546;7,644531;247,417603;247;50,5;3E3E62;PAV553H;1013,3;;;;;;-114,960938;194,0;0,32;1856,0;NV;1928;216,26;245,6873;No alert, no SPI, aircraft airbone;11,517728907882988;8,185383558101869
CAT048;20;129;02:46:35:148;41,25026287;1,94214704;1577,30670769792;5174,89093888365;7,886719;247,362671;247;51,75;3E3E62;PAV553H;1013,3;;;;;;-114,960938;196,0;0,324;1888,0;NV;1928;218,24;245,9015;No alert, no SPI, aircraft airbone;11,298272766046196;8,084741751685748
CAT048;20;129;02:46:39:141;41,2485983;1,93719608;1615,40462625399;5299,88411399915;8,132812;247,324219;247;53,0;3E3E62;PAV553H;1013,3;0,352;-114,082;220,0;NV;216,0;-114,785156;197,0;0,328;1984,0;NV;1928;220,44;245,874;No alert, no SPI, aircraft airbone;11,07448457738366;7,9842877847847715
CAT048;20;129;02:46:43:133;41,24692852;1,93224836;1653,50248390809;5424,87708930501;8,378906;247,285767;247;54,25;3E3E62;PAV553H;1013,3;;;;;;-114,960938;198,0;0,332;2048,0;NV;1928;222,2;246,0883;No alert, no SPI, aircraft airbone;10,850832555127084;7,883534522468584
CAT048;20;129;02:46:47:133;41,24528162;1,92729866;1699,22027459927;5574,86984571627;8,625;247,258301;247;55,75;3E3E62;PAV553H;1013,3;;;;;;-114,785156;199,0;0,332;2176,0;NV;1928;223,08;246,1926;No alert, no SPI, aircraft airbone;10,627075868132971;7,7841657876104575
CAT048;20;129;02:46:51:125;41,24363093;1,92235131;1744,93800376169;5724,86240026152;8,871094;247,230835;247;57,25;3E3E62;PAV553H;1013,3;;;;;;-114,609375;199,0;0,332;2272,0;NV;1928;224,4;246,0608;No alert, no SPI, aircraft airbone;10,403414936363953;7,684582781862741
CAT048;20;129;02:46:55:125;41,24192544;1,91724648;1790,65559475962;5874,85450151115;9,125;247,203369;247;58,75;3E3E62;PAV553H;1013,3;0,0;-113,906;224,0;NV;220,0;-114,433594;199,0;0,336;2336,0;NV;1928;224,4;246,0608;No alert, no SPI, aircraft airbone;10,172623190610292;7,5817079371962635
CAT048;20;129;02:51:30:438;41,10249842;1,88592776;1805,92027646862;5924,93547984931;15,429688;219,545288;4454;59,25;34718D;IBE2602;1013,0;;;;;;49,570312;251,0;0,424;-1920,0;-1920;244;280,06;50,5042;No alert, no SPI, aircraft airbone;8,77353841120494;-0,7826047854853544
CAT048;20;129;02:51:34:430;41,10581834;1,89114392;1767,82188912574;5799,9407667193;15,125;219,331055;4454;58,0;34718D;IBE2602;1013,0;-0,176;50,449;280,0;-0,062;280,0;49,394531;252,0;0,42;-1856,0;-1824;244;280,06;50,5042;No alert, no SPI, aircraft airbone;9,00968531496475;-0,5829945411361342
CAT048;20;129;02:51:38:422;41,10912627;1,89652483;1729,72355261166;5674,94622035043;14,816406;219,083862;4454;56,75;34718D;IBE2602;1013,0;;;;;;49,394531;251,0;0,42;-1888,0;-1856;244;279,4;50,3778;No alert, no SPI, aircraft airbone;9,253282245579939;-0,3840716177759263
CAT048;20;129;02:51:42:414;41,11237057;1,90160711;1691,62501830515;5549,95102505625;14,519531;218,858643;4454;55,5;34718D;IBE2602;1013,0;;;;;;49,394531;251,0;0,42;-1824,0;-1888;244;277,86;50,4053;No alert, no SPI, aircraft airbone;9,483320389584547;-0,1889815492398736
CAT048;20;129;02:51:46:406;41,1156452;1,90692473;1653,52655304316;5424,95605628614;14,214844;218,594971;4454;54,25;34718D;IBE2602;1013,0;;;;;;49,394531;251,0;0,416;-1856,0;-1888;244;277,86;50,4053;No alert, no SPI, aircraft airbone;9,724004072644526;0,00796694234219478
CAT048;20;129;02:51:50:398;41,11888754;1,91216844;1615,42800706066;5299,9608226849;13,914062;218,325806;4454;53,0;34718D;IBE2602;1013,0;-0,176;50,449;276,0;-0,031;278,0;49,394531;251,0;0,416;-1824,0;-1856;244;276,54;50,4327;No alert, no SPI, aircraft airbone;9,961317074222167;0,2029855196824368
CAT048;20;129;02:51:54:391;41,12208457;1,9173603;1577,32940004952;5174,96538885848;13,617188;218,045654;4454;51,75;34718D;IBE2602;1013,0;;;;;;49,394531;250,0;0,416;-1824,0;-1856;244;276,54;50,4327;No alert, no SPI, aircraft airbone;10,196262561723058;0,395295396197936
CAT048;20;129;02:51:58:383;41,12534107;1,92260394;1539,23074239586;5049,96978888202;13,316406;217,754517;4454;50,5;34718D;IBE2602;1013,0;;;;;;49,394531;250,0;0,412;-1824,0;-1888;244;275,22;50,4602;No alert, no SPI, aircraft airbone;10,433523748160239;0,5911917017164982
CAT048;20;129;02:52:02:375;41,12855585;1,92779083;1501,13202086929;4924,97397934881;13,019531;217,452393;4454;49,25;34718D;IBE2602;1013,0;;;;;;49,21875;250,0;0,412;-1920,0;-2016;244;275,22;50,4602;No alert, no SPI, aircraft airbone;10,668195120902611;0,784593701157106
CAT048;20;129;02:52:06:367;41,13171803;1,93294067;1463,03325088322;4799,97801082771;12,726562;217,133789;4454;48,0;34718D;IBE2602;1013,0;-0,176;50,449;274,0;-0,094;274,0;49,042969;249,0;0,412;-1984,0;-2080;244;275,22;50,4602;No alert, no SPI, aircraft airbone;10,901172467845106;0,9748509605289016
CAT048;20;129;02:52:10:352;41,13501906;1,93813882;1417,31439709011;4649,98176654913;12,425781;216,815186;4454;46,5;34718D;IBE2602;1013,0;;;;;;49,042969;251,0;0,412;-2080,0;-2016;244;275,22;50,4602;No alert, no SPI, aircraft airbone;11,136294275867499;1,1734544802546125
CAT048;20;129;02:52:14:344;41,13828138;1,94343124;1379,21555000637;4524,98554508289;12,125;216,45813;4454;45,25;34718D;IBE2602;1013,0;;;;;;48,691406;252,0;0,412;-1600,0;-1504;244;275,22;50,4602;No alert, no SPI, aircraft airbone;11,375672839912365;1,3697631270269344
CAT048;20;129;02:52:18:336;41,1414464;1,94849815;1356,35658717807;4449,98894547731;11,835938;216,106567;4454;44,5;34718D;IBE2602;1013,0;;;;;;48,867188;251,0;0,412;-1184,0;-1088;244;275,22;50,4602;No alert, no SPI, aircraft airbone;11,604821943234175;1,5602218088263278
CAT048;20;129;02:52:22:328;41,14469365;1,95372753;1333,49761329498;4374,99230960271;11,539062;215,722046;4454;43,75;34718D;IBE2602;1013,0;-0,176;50,449;274,0;0;272,0;48,867188;249,0;0,408;-1120,0;-1088;244;275,22;50,4602;No alert, no SPI, aircraft airbone;11,84129904345372;1,7556469069082452
CAT048;20;129;02:52:26:313;41,14787983;1,95879311;1310,63854236715;4299,99535533983;11,25;215,337524;4454;43,0;34718D;IBE2602;1013,0;;;;;;48,691406;250,0;0,408;-1312,0;-1344;244;274,34;50,3229;No alert, no SPI, aircraft airbone;12,070339302195828;1,947401572599279
CAT048;20;129;02:52:30:305;41,15114364;1,96402405;1280,15946003608;4199,99836286479;10,953125;214,914551;4454;42,0;34718D;IBE2602;1013,0;;;;;;48,691406;250,0;0,408;-1408,0;-1376;244;273,68;50,4877;No alert, no SPI, aircraft airbone;12,306837959168488;2,1438480853752835
CAT048;20;129;02:52:34:297;41,15439361;1,96915358;1249,68029185571;4100,00108873188;10,660156;214,486084;4454;41,0;34718D;IBE2602;1013,0;;;;;;48,515625;250,0;0,408;-1280,0;-1280;244;273,68;50,4877;No alert, no SPI, aircraft airbone;12,538719561297158;2,3394644350731864
CAT048;20;129;02:52:38:289;41,15758683;1,97427537;1226,8210905958;4025,00370687031;10,371094;214,024658;4454;40,25;34718D;IBE2602;1013,0;-0,176;50,449;274,0;0,031;272,0;48,691406;250,0;0,408;-1312,0;-1248;244;273,68;50,4877;No alert, no SPI, aircraft airbone;12,770238443497352;2,5316903496901793
CAT048;20;129;02:52:42:273;41,16082485;1,97949271;1203,96185750421;3950,00622057412;10,078125;213,52478;4454;39,5;34718D;IBE2602;1013,0;;;;;;48,515625;250,0;0,404;-1312,0;-1280;244;273,68;50,4877;No alert, no SPI, aircraft airbone;13,006056250694131;2,7266306759379506
CAT048;20;129;02:52:46:266;41,16397303;1,98459815;1173,48256391101;3850,00853498178;9,792969;213,00293;4454;38,5;34718D;IBE2602;1013,0;;;;;;48,515625;250,0;0,404;-1312,0;-1312;244;273,02;50,3503;No alert, no SPI, aircraft airbone;13,23679792038962;2,916180937412404
CAT048;20;129;02:52:50:250;41,16720574;1,98973501;1150,6232030727;3775,01062956903;9,503906;212,459106;4454;37,75;34718D;IBE2602;1013,0;;;;;;48,515625;250,0;0,404;-1248,0;-1312;244;272,36;50,5151;No alert, no SPI, aircraft airbone;13,468924050440442;3,1108186058346265
CAT048;20;129;02:52:54:242;41,17037022;1,99488048;1120,14381592255;3675,01263703134;9,21875;211,865845;4454;36,75;34718D;IBE2602;1013,0;-0,176;50,449;272,0;0;270,0;48,515625;250,0;0,404;-1216,0;-1280;244;272,36;50,5151;No alert, no SPI, aircraft airbone;13,701431651395346;3,3013799340579517
CAT048;20;129;02:52:58:227;41,17362308;2,00005586;1097,28435938619;3600,01441764859;8,929688;211,245117;4454;36,0;34718D;IBE2602;1013,0;;;;;;48,515625;250,0;0,404;-1344,0;-1312;244;272,36;50,5151;No alert, no SPI, aircraft airbone;13,935253452981662;3,497259686625785
CAT048;20;129;02:53:02:211;41,17671607;2,00511664;1066,80486747343;3500,01608140153;8,652344;210,580444;4454;35,0;34718D;IBE2602;1013,0;;;;;;48,515625;249,0;0,4;-1344,0;-1376;244;272,36;50,5151;No alert, no SPI, aircraft airbone;14,16389413218316;3,683548069475172
CAT048;20;129;02:53:06:195;41,17994401;2,01028044;1043,9453137368;3425,01754312023;8,367188;209,871826;4454;34,25;34718D;IBE2602;1013,0;;;;;;48,339844;250,0;0,4;-1440,0;-1408;244;272,36;50,5151;No alert, no SPI, aircraft airbone;14,397151276305898;3,8779592582824813
CAT048;20;129;02:53:10:188;41,18319453;2,01544019;1013,4657017719;3325,01881300132;8,082031;209,119263;4454;33,25;34718D;IBE2602;1013,0;0,0;50,449;272,0;-0,062;270,0;48,339844;250,0;0,4;-1376,0;-1440;244;272,36;50,5151;No alert, no SPI, aircraft airbone;14,630197027321584;4,07373775341976
CAT048;20;129;02:53:14:172;41,1863341;2,02057783;982,98606434837;3225,01999935671;7,804688;208,295288;4454;32,25;34718D;IBE2602;1013,0;;;;;;48,339844;250,0;0,4;-1440,0;-1408;244;272,36;50,5151;No alert, no SPI, aircraft airbone;14,862243087700787;4,262873142453374
CAT048;20;129;02:53:18:156;41,18952539;2,02567959;960,126353969797;3150,02094715827;7,527344;207,432861;4454;31,5;34718D;IBE2602;1013,0;;;;;;48,339844;251,0;0,4;-1248,0;-1216;244;272,36;50,5151;No alert, no SPI, aircraft airbone;15,09262981862567;4,4551175952502495
CAT048;20;129;02:53:22:141;41,19273869;2,03081378;937,266594839282;3075,02173501251;7,25;206,499023;4454;30,75;34718D;IBE2602;1013,0;;;;;;48,339844;250,0;0,4;-896,0;-864;244;272,36;50,5151;No alert, no SPI, aircraft airbone;15,324458035432865;4,648701206388353
CAT048;20;129;02:53:26:125;41,19593083;2,03592728;922,026786792092;3025,02236317897;6,976562;205,493774;4454;30,25;34718D;IBE2602;1013,0;0,0;50,449;272,0;0;268,0;48,164062;250,0;0,4;-864,0;-864;244;271,48;50,3833;No alert, no SPI, aircraft airbone;15,555331409560894;4,8410260269982395
CAT048;20;129;02:53:30:109;41,19909381;2,0410254;899,166933100671;2950,022840794;6,707031;204,406128;4454;29,5;34718D;IBE2602;1013,0;;;;;;48,164062;249,0;0,396;-928,0;-928;244;270,82;50,5426;No alert, no SPI, aircraft airbone;15,78549271543351;5,031613116428599
CAT048;20;129;02:53:34:086;41,20223532;2,0461338;883,927036054432;2900,02317696882;6,441406;203,219604;4454;29,0;34718D;IBE2602;1013,0;;;;;;47,988281;249,0;0,396;-928,0;-864;244;270,82;50,5426;No alert, no SPI, aircraft airbone;16,016102643147953;5,22092819467568
CAT048;20;129;02:53:38:070;41,20535978;2,05122636;861,067089944147;2825,02335137235;6,179688;201,934204;4454;28,25;34718D;IBE2602;1013,0;;;;;;47,988281;249,0;0,396;-928,0;-896;244;269,5;50,5756;No alert, no SPI, aircraft airbone;16,24597733503138;5,409231536589301
CAT048;20;129;02:53:42:047;41,20855029;2,05631761;845,827078805305;2775,0233132276;5,917969;200,549927;4454;27,75;34718D;IBE2602;1013,0;-0,352;50,625;270,0;0,094;266,0;47,8125;249,0;0,396;-896,0;-896;244;269,5;50,5756;No alert, no SPI, aircraft airbone;16,47575432995114;5,601508984757457
CAT048;20;129;02:53:46:023;41,21173327;2,06142852;830,587022133172;2725,02312569539;5,660156;199,02832;4454;27,25;34718D;IBE2602;1013,0;;;;;;47,8125;250,0;0,396;-896,0;-896;244;269,5;50,5756;No alert, no SPI, aircraft airbone;16,70640117133439;5,793352194791056
CAT048;20;129;02:53:50:008;41,21479939;2,06646425;807,726931579411;2650,022826203;5,414062;197,374878;4454;26,5;34718D;IBE2602;1013,0;;;;;;47,8125;250,0;0,396;-896,0;-928;244;269,5;50,5756;No alert, no SPI, aircraft airbone;16,93365135705479;5,978186773219373
CAT048;20;129;02:53:53:977;41,21795077;2,07152713;792,486777001992;2600,02231745922;5,167969;195,567627;4454;26,0;34718D;IBE2602;1013,0;;;;;;47,988281;249,0;0,392;-896,0;-896;244;268,62;50,4382;No alert, no SPI, aircraft airbone;17,162087467980754;6,168152704133644
CAT048;20;129;02:53:57:945;41,221135;2,07657302;777,246565834619;2550,02162305285;4,925781;193,595581;4454;25,5;34718D;IBE2602;1013,0;4,395;50,625;268,0;0,344;266,0;48,339844;250,0;0,396;-960,0;-864;244;268,84;50,7404;No alert, no SPI, aircraft airbone;17,389723709908512;6,360098563224212
CAT048;20;129;02:54:01:922;41,22421272;2,08168445;754,386329578236;2475,02084553346;4,695312;191,37085;4454;24,75;34718D;IBE2602;1013,0;;;;;;49,921875;250,0;0,396;-960,0;-928;244;269,5;51,9379;No alert, no SPI, aircraft airbone;17,620333634813708;6,54568387879102
CAT048;20;129;02:54:05:883;41,22715189;2,08689045;739,14606987033;2425,01999187337;4,480469;188,849487;4454;24,25;34718D;IBE2602;1013,0;;;;;;52,382812;249,0;0,392;-992,0;-928;244;269,28;53,7671;No alert, no SPI, aircraft airbone;17,8552409032267;6,722993750211672
CAT048;20;129;02:54:09:844;41,2298372;2,0922583;716,285800828598;2350,0191067905;4,289062;185,960083;4454;23,5;34718D;IBE2602;1013,0;;;;;;54,84375;249,0;0,392;-832,0;-896;244;269,72;56,1896;No alert, no SPI, aircraft airbone;18,097523922157134;6,8851280717316525
CAT048;20;129;02:54:13:805;41,23245776;2,09781685;701,045479923487;2300,01805235217;4,113281;182,686157;4454;23,0;34718D;IBE2602;1013,0;7,734;58,535;270,0;0,562;266,0;57,480469;250,0;0,392;-832,0;-864;244;269,94;58,4857;No alert, no SPI, aircraft airbone;18,34843802229407;7,04343458226541
CAT048;20;129;02:54:17:758;41,23486507;2,10354673;685,805120131001;2250,01687033059;3,964844;179,022217;4454;22,5;34718D;IBE2602;1013,0;;;;;;59,414062;250,0;0,392;-832,0;-864;244;270,16;60,4907;No alert, no SPI, aircraft airbone;18,60714797644083;7,189005692738054
CAT048;20;129;02:54:21:711;41,23716878;2,10937125;662,944694515318;2175,01547155364;3,839844;175,03418;4454;21,75;34718D;IBE2602;1013,0;;;;;;60,117188;250,0;0,392;-896,0;-896;244;269,94;61,9135;No alert, no SPI, aircraft airbone;18,870152594368086;7,328401727622918
CAT048;20;129;02:54:25:656;41,23948406;2,11522728;647,704182352871;2125,01378963059;3,734375;170,776978;4454;21,25;34718D;IBE2602;1013,0;;;;;;60,46875;250,0;0,392;-928,0;-864;244;269,06;62,287;No alert, no SPI, aircraft airbone;19,13456168073284;7,468516112698302
CAT048;20;129;02:54:29:602;41,24175996;2,12104644;632,463593060151;2075,01185465547;3,652344;166,333008;4454;20,75;34718D;IBE2602;1013,0;-0,879;62,051;268,0;0,062;264,0;60,644531;249,0;0,392;-768,0;-704;244;267,3;62,0892;No alert, no SPI, aircraft airbone;19,397294840245085;7,606278625683677
CAT048;20;129;02:54:33:547;41,24401005;2,12681479;617,222926991992;2025,00966779241;3,59375;161,757202;4454;20,25;34718D;IBE2602;1013,0;;;;;;60,292969;247,0;0,388;-416,0;-320;244;265,54;61,886;No alert, no SPI, aircraft airbone;19,657717724924193;7,742499546389714
CAT048;20;129;02:54:37:492;41,24636732;2,13243529;617,222177507356;2025,00720885323;3,550781;157,120972;4454;20,25;34718D;IBE2602;1013,0;;;;;;59,941406;245,0;0,384;-224,0;-160;244;262,9;61,5784;No alert, no SPI, aircraft airbone;19,911398672482402;7,885131326592283
CAT048;20;129;02:54:41:430;41,24863617;2,13803245;609,601364828646;2000,00454178442;3,535156;152,457275;4454;20,0;34718D;IBE2602;1013,0;;;;;;59,941406;242,0;0,38;-128,0;-160;244;259,38;61,6498;No alert, no SPI, aircraft airbone;20,164032098176868;8,022471841381384
CAT048;20;129;02:54:45:375;41,2508705;2,1435461;609,600489391014;2000,00166961361;3,542969;147,854004;4454;20,0;34718D;IBE2602;1013,0;-0,176;61,699;256,0;0;252,0;59,941406;239,0;0,372;-96,0;-64;244;256,96;61,6388;No alert, no SPI, aircraft airbone;20,412879331309803;8,157739050052514
CAT048;20;129;02:54:49:320;41,25311406;2,14896651;609,599550932646;1999,99859068186;3,570312;143,349609;4454;20,0;34718D;IBE2602;1013,0;;;;;;59,765625;236,0;0,368;-64,0;0;244;253,44;61,7102;No alert, no SPI, aircraft airbone;20,657487103408766;8,293553499854786
CAT048;20;129;02:54:53:273;41,25527762;2,15433161;609,598557855934;1999,99533255606;3,621094;139,020996;4454;20,0;34718D;IBE2602;1013,0;;;;;;59,941406;232,0;0,364;0,0;0;244;249,48;61,9904;No alert, no SPI, aircraft airbone;20,89960051254534;8,424572602587713
CAT048;20;129;02:54:57:219;41,25743366;2,15955407;609,597518303432;1999,99192195063;3,6875;134,912109;4454;20,0;34718D;IBE2602;1013,0;;;;;;59,941406;228,0;0,356;-96,0;-64;244;246,18;61,8695;No alert, no SPI, aircraft airbone;21,13524555438937;8,555121185256487
CAT048;20;129;02:55:01:172;41,25949558;2,16482506;609,596412919462;1999,98829536269;3,777344;131,011963;4454;20,0;34718D;IBE2602;1013,0;0,176;62,051;242,0;0,156;238,0;59,941406;225,0;0,352;-192,0;-128;244;242,66;61,9519;No alert, no SPI, aircraft airbone;21,37310164200059;8,68005169349718
CAT048;20;129;02:55:05:125;41,26155795;2,16996245;609,595264546573;1999,98452773498;3,878906;127,364502;4454;20,0;34718D;IBE2602;1013,0;;;;;;59,765625;222,0;0,348;32,0;32;244;238,7;62,2485;No alert, no SPI, aircraft airbone;21,604897279613898;8,804990565389659
CAT048;20;129;02:55:09:086;41,26357768;2,1749798;609,594080002978;1999,98064143697;3,992188;123,991699;4454;20,0;34718D;IBE2602;1013,0;;;;;;60,117188;217,0;0,34;128,0;96;244;234,08;62,2266;No alert, no SPI, aircraft airbone;21,831260870916346;8,927356130471313
CAT048;20;129;02:55:13:039;41,2655459;2,17992412;609,592854151502;1999,97661961441;4,117188;120,877075;4454;20,0;34718D;IBE2602;1013,0;;;;;;60,117188;212,0;0,332;32,0;-32;244;229,68;62,2046;No alert, no SPI, aircraft airbone;22,054323377504108;9,046627410328155
CAT048;20;129;02:55:17:000;41,26751929;2,18468477;609,591610875912;1999,97254062613;4,246094;118,00415;4454;20,0;34718D;IBE2602;1013,0;-0,176;62,227;224,0;0;220,0;60,117188;208,0;0,324;0,0;32;244;225,28;62,1771;No alert, no SPI, aircraft airbone;22,269060507953515;9,166174577320584
CAT048;20;129;02:55:20:969;41,26938979;2,18951913;609,590301861055;1999,96824595782;4,390625;115,361938;4454;20,0;34718D;IBE2602;1013,0;;;;;;59,589844;204,0;0,32;128,0;64;244;220,22;62,3859;No alert, no SPI, aircraft airbone;22,487154755675597;9,279582450489073
CAT048;20;129;02:55:24:938;41,27120943;2,19420966;609,588976041414;1999,96389615571;4,539062;112,961426;4454;20,0;34718D;IBE2602;1013,0;;;;;;59,765625;200,0;0,312;0,0;0;244;216,7;62,4847;No alert, no SPI, aircraft airbone;22,698746793179996;9,389915125992822
CAT048;20;129;02:55:28:906;41,27301817;2,19881127;609,587620825507;1999,95944990916;4,691406;110,742188;4454;20,0;34718D;IBE2602;1013,0;;;;;;59,765625;196,0;0,308;32,0;-32;244;211,64;62,7045;No alert, no SPI, aircraft airbone;22,90630797927106;9,499582255919915
CAT048;20;129;02:55:32:875;41,27478926;2,20324229;609,586264645681;1999,95500050014;4,84375;108,720703;4454;20,0;34718D;IBE2602;1013,0;0,176;62,754;208,0;0,062;204,0;60,117188;192,0;0,3;-96,0;-64;244;207,24;62,688;No alert, no SPI, aircraft airbone;23,106153349159385;9,606957461453778
CAT048;20;129;02:55:36:852;41,27649573;2,20769756;609,584856645204;1999,95038107585;5,003906;106,864014;4454;20,0;34718D;IBE2602;1013,0;;;;;;60,292969;187,0;0,292;-32,0;96;244;203,72;62,8033;No alert, no SPI, aircraft airbone;23,307107822024424;9,710474236859298
CAT048;20;129;02:55:40:828;41,27816394;2,2120204;617,203442641534;2024,94574275605;5,164062;105,166626;4454;20,25;34718D;IBE2602;1013,0;;;;;;60,117188;181,0;0,284;192,0;320;244;198,66;63,045;No alert, no SPI, aircraft airbone;23,502074595972427;9,811671314059135
CAT048;20;129;02:55:44:805;41,27982905;2,21616242;617,202041010372;2024,94114422847;5,320312;103,595581;4454;20,25;34718D;IBE2602;1013,0;;;;;;58,007812;175,0;0,276;96,0;96;244;192,5;62,1002;No alert, no SPI, aircraft airbone;23,688852807981842;9,912643132934003
CAT048;20;129;02:55:48:781;41,28152791;2,2199634;617,20071005635;2024,93677758127;5,464844;102,128906;4454;20,25;34718D;IBE2602;1013,0;-18,809;58,008;186,0;-2,031;182,0;51,855469;172,0;0,268;-128,0;-160;244;186,56;57,9254;No alert, no SPI, aircraft airbone;23,860182080045863;10,015554547996858
CAT048;20;129;02:55:52:758;41,28359075;2,22325133;617,199507058598;2024,93283073813;5,585938;100,563354;4454;20,25;34718D;IBE2602;1013,0;;;;;;42,539062;168,0;0,264;-32,0;-96;244;182,6;52,1246;No alert, no SPI, aircraft airbone;24,00816217353473;10,140159349167831
CAT048;20;129;02:55:56:734;41,28610439;2,22610719;617,198420233093;2024,92926503754;5,6875;98,827515;4454;20,25;34718D;IBE2602;1013,0;;;;;;32,871094;164,0;0,256;64,0;-64;244;176,0;40,8472;No alert, no SPI, aircraft airbone;24,136423923641903;10,291683723509237
CAT048;20;129;02:56:00:711;41,28878185;2,22835555;617,197538897395;2024,92637351613;5,765625;97,091675;4454;20,25;34718D;IBE2602;1013,0;;;;;;24,082031;161,0;0,252;-288,0;-320;244;171,6;31,6461;No alert, no SPI, aircraft airbone;24,237137726185836;10,45286757218846
CAT048;20;129;02:56:04:688;41,29155735;2,22999104;601,956881092861;1974,9242137647;5,820312;95,372314;4454;19,75;34718D;IBE2602;1013,0;-18,984;22,852;168,0;-2,188;168,0;15,820312;159,0;0,248;-512,0;-608;244;168,08;22,7472;No alert, no SPI, aircraft airbone;24,310087578184884;10,619762626029393
CAT048;20;129;02:56:08:664;41,29452959;2,23109131;594,336427419446;1949,92272453482;5,855469;93,587036;4454;19,5;34718D;IBE2602;1013,0;;;;;;7,910156;158,0;0,248;-736,0;-800;244;166,32;14,2822;No alert, no SPI, aircraft airbone;24,358752009132793;10,798307828353083
CAT048;20;129;02:56:12:633;41,29756664;2,23156059;571,476223098114;1874,92205178922;5,867188;91,796265;4454;18,75;34718D;IBE2602;1013,0;;;;;;0,175781;157,0;0,244;-992,0;-1120;244;165,0;6,2622;No alert, no SPI, aircraft airbone;24,37885153202061;10,9805639979546
CAT048;20;129;02:56:16:609;41,30065766;2,23147105;548,616245516576;1799,9221229406;5,859375;89,983521;4454;18,0;34718D;IBE2602;1013,0;;;;;;-7,910156;157,0;0,244;-1184,0;-1280;244;165,22;357,9126;No alert, no SPI, aircraft airbone;24,37365776032127;11,165900788396751
CAT048;20;129;02:56:20:586;41,30372007;2,23073745;518,136525884271;1699,92303958215;5,828125;88,17627;4454;17,0;34718D;IBE2602;1013,0;-17,578;-10,02;166,0;-2;168,0;-15,996094;159,0;0,248;-1408,0;-1376;244;166,54;349,9695;No alert, no SPI, aircraft airbone;24,339350202593156;11,349342375391979
CAT048;20;129;02:56:24:555;41,30668503;2,22953075;495,276996748522;1624,92458201242;5,78125;86,396484;4454;16,25;34718D;IBE2602;1013,0;;;;;;-24,609375;160,0;0,248;-1376,0;-1376;244;168,74;343,8171;No alert, no SPI, aircraft airbone;24,28368881795465;11,52680885284388
CAT048;20;129;02:56:28:531;41,30959347;2,22777061;472,417680705898;1549,92682356714;5,714844;84,60022;4454;15,5;34718D;IBE2602;1013,0;;;;;;-31,113281;161,0;0,248;-1056,0;-992;244;170,06;334,1876;No alert, no SPI, aircraft airbone;24,203028511976402;11,700733313891519
CAT048;20;129;02:56:32:508;41,312319;2,225738;449,558466304094;1474,92939858912;5,640625;82,858887;4454;14,75;34718D;IBE2602;1013,0;;;;;;-32,167969;161,0;0,248;-928,0;-896;244;169,84;330,7104;No alert, no SPI, aircraft airbone;24,110122620068953;11,863615493323799
CAT048;20;129;02:56:36:484;41,31498553;2,22359381;434,319294079207;1424,93211278683;5,566406;81,101074;4454;14,25;34718D;IBE2602;1013,0;-1,758;-30,586;170,0;-0,188;170,0;-32,695312;161,0;0,252;-832,0;-736;244;170,06;329,2053;No alert, no SPI, aircraft airbone;24,01220099762363;12,022931129553777
CAT048;20;129;02:56:40:461;41,31762236;2,22151171;419,080103255808;1374,93476596579;5,5;79,321289;4454;13,75;34718D;IBE2602;1013,0;;;;;;-36,035156;161,0;0,252;-704,0;-640;244;168,96;327,8101;No alert, no SPI, aircraft airbone;23,917105141789992;12,180485233420372
CAT048;20;129;02:56:44:438;41,32007185;2,21891832;403,841077601537;1324,93796103823;5,414062;77,563477;4454;13,25;34718D;IBE2602;1013,0;;;;;;-47,285156;159,0;0,248;-640,0;-608;244;168,74;323,1958;No alert, no SPI, aircraft airbone;23,798969564446658;12,326667791293948
CAT048;20;129;02:56:48:414;41,32200075;2,21583919;396,22217741143;1299,94156853851;5,304688;76,019897;4454;13,0;34718D;IBE2602;1013,0;;;;;;-62,753906;158,0;0,244;-288,0;-128;244;165,88;311,0834;No alert, no SPI, aircraft airbone;23,659070729517286;12,441503360317778
CAT048;20;129;02:56:52:391;41,32328137;2,21218293;396,223404609598;1299,94559477935;5,164062;74,750977;4454;13,0;34718D;IBE2602;1013,0;-30,586;-68,379;164,0;-4,062;162,0;-76,464844;156,0;0,24;-64,0;0;244;163,24;295,7794;No alert, no SPI, aircraft airbone;23,49332139568066;12,517312267419365
CAT048;20;129;02:56:56:375;41,3235496;2,20831468;396,22460576985;1299,94953559396;5,0;74,047852;4454;13,0;34718D;IBE2602;1013,0;;;;;;-91,582031;154,0;0,24;0,0;0;244;161,04;276,416;No alert, no SPI, aircraft airbone;23,318354003772946;12,532360220117964
CAT048;20;129;02:57:00:367;41,32347574;2,20438182;396,225764863193;1299,95333839376;4,828125;73,520508;4454;13,0;34718D;IBE2602;1013,0;;;;;;-99,84375;153,0;0,236;0,0;96;244;159,94;264,2487;No alert, no SPI, aircraft airbone;23,140587527529394;12,526884253461388
CAT048;20;129;02:57:04:359;41,32290595;2,20045653;396,22685169708;1299,95690412185;4,648438;73,306274;4454;13,0;34718D;IBE2602;1013,0;;;;;;-103,535156;153,0;0,236;-352,0;-224;244;160,82;259,5959;No alert, no SPI, aircraft airbone;22,963335932531074;12,491678230018906
CAT048;20;129;02:57:08:352;41,32211182;2,196533;388,60788374301;1274,96028929942;4,464844;73,240356;4454;12,75;34718D;IBE2602;1013,0;-4,57;-104,59;162,0;-0,562;160,0;-105,644531;153,0;0,236;-160,0;0;244;162,8;256,1298;No alert, no SPI, aircraft airbone;22,786238501808104;12,443027368428183
CAT048;20;129;02:57:12:352;41,32135785;2,19285093;403,848813516088;1324,96334133612;4,292969;73,179932;4454;13,25;34718D;IBE2602;1013,0;;;;;;-107,402344;153,0;0,236;736,0;256;244;162,8;253,5699;No alert, no SPI, aircraft airbone;22,620039000347465;12,396855367435618
CAT048;20;129;02:57:16:344;41,32042453;2,18907271;396,229721542448;1299,96631962532;4,113281;73,240356;4454;13,0;34718D;IBE2602;1013,0;;;;;;-108,984375;151,0;0,232;-288,0;-448;244;158,84;252,0209;No alert, no SPI, aircraft airbone;22,44955001613602;12,339910355383958
CAT048;20;129;02:57:20:344;41,31945553;2,18539872;388,610564965755;1274,96908596225;3,9375;73,355713;4454;12,75;34718D;IBE2602;1013,0;;;;;;-109,6875;151,0;0,232;-544,0;-640;244;157,96;250,7574;No alert, no SPI, aircraft airbone;22,283780460924717;12,280859682504296
CAT048;20;129;02:57:24:336;41,31841906;2,18184565;373,371342176571;1224,97163426658;3,765625;73,564453;4454;12,25;34718D;IBE2602;1013,0;-1,582;-110,391;156,0;-0,188;154,0;-111,269531;147,0;0,228;-672,0;-576;244;156,2;249,3567;No alert, no SPI, aircraft airbone;22,123495523548442;12,217800596132019
CAT048;20;129;02:57:28:336;41,31735265;2,17830287;358,132082731463;1174,97406230869;3,59375;73,822632;4454;11,75;34718D;IBE2602;1013,0;;;;;;-112,148438;144,0;0,224;-832,0;-672;244;153,56;248,6096;No alert, no SPI, aircraft airbone;21,963680725420705;12,152955197410323
CAT048;20;129;02:57:32:328;41,31631789;2,17483631;342,892775830813;1124,97633465676;3,425781;74,091797;4454;11,25;34718D;IBE2602;1013,0;;;;;;-112,851562;142,0;0,22;-896,0;-768;244;151,14;247,8461;No alert, no SPI, aircraft airbone;21,80729628534959;12,090033341811965
CAT048;20;129;02:57:36:328;41,31524522;2,17147167;327,653416038491;1074,97843347572;3,261719;74,448853;4454;10,75;34718D;IBE2602;1013,0;;;;;;-113,203125;139,0;0,216;-736,0;-768;244;148,5;247,4066;No alert, no SPI, aircraft airbone;21,655527446482225;12,024869607610324
CAT048;20;129;02:57:40:328;41,31417392;2,16819299;312,414010801353;1024,98038319751;3,101562;74,86084;4454;10,25;34718D;IBE2602;1013,0;-1,406;-112,852;146,0;-0,344;144,0;-113,378906;138,0;0,212;-768,0;-768;244;146,52;247,1045;No alert, no SPI, aircraft airbone;21,507639729086726;11,9598150806876
CAT048;20;129;02:57:44:328;41,31310252;2,16491035;297,174578498118;974,982244119764;2,941406;75,316772;4454;9,75;34718D;IBE2602;1013,0;;;;;;-113,730469;137,0;0,212;-800,0;-832;244;145,2;246,4343;No alert, no SPI, aircraft airbone;21,35956815580842;11,894759165210141
CAT048;20;129;02:57:48:328;41,31202261;2,16171509;281,935103354044;924,983964488083;2,785156;75,855103;4454;9,25;34718D;IBE2602;1013,0;;;;;;-114,257812;136,0;0,208;-832,0;-768;244;143,44;246,1157;No alert, no SPI, aircraft airbone;21,215445354404434;11,829219746668935
CAT048;20;129;02:57:52:336;41,31093153;2,1586107;259,075587180443;849,985549445085;2,632812;76,49231;4454;8,5;34718D;IBE2602;1013,0;;;;;;-113,554688;135,0;0,208;-864,0;-864;244;141,02;245,2478;No alert, no SPI, aircraft airbone;21,075430118450022;11,763037719363327
CAT048;20;129;02:57:56:336;41,30981309;2,15541306;243,836060026661;799,987099177869;2,476562;77,2229;4454;8,0;34718D;IBE2602;1013,0;0,703;-114,609;142,0;-0,125;140,0;-113,203125;135,0;0,208;-704,0;-768;244;141,02;245,2478;No alert, no SPI, aircraft airbone;20,931202488899185;11,695197605102665
CAT048;20;129;02:58:00:336;41,30870705;2,15220169;228,596509019844;749,988570652666;2,320312;78,030396;4454;7,5;34718D;IBE2602;1013,0;;;;;;-112,148438;137,0;0,208;-480,0;-672;244;141,02;246,1597;No alert, no SPI, aircraft airbone;20,786345184268608;11,628103132984654
CAT048;20;129;02:58:04:336;41,30768946;2,14913182;213,356914244592;699,989898530228;2,171875;78,848877;4454;7,0;34718D;IBE2602;1013,0;;;;;;-111,621094;137,0;0,212;-576,0;-704;244;140,36;246,9067;No alert, no SPI, aircraft airbone;20,6478535768041;11,566351653846786
CAT048;20;129;02:58:08:344;41,306685;2,14604312;205,73729772307;674,991155861756;2,023438;79,760742;4454;6,75;34718D;IBE2602;1013,0;;;;;;-112,148438;136,0;0,208;-736,0;-672;244;138,38;246,5826;No alert, no SPI, aircraft airbone;20,50850210895867;11,505388021897465
CAT048;20;129;02:58:12:352;41,30566242;2,14294944;190,497656898573;624,992332659114;1,875;80,848389;4454;6,25;34718D;IBE2602;1013,0;-0,352;-114,082;138,0;-0,031;140,0;-112,324219;136,0;0,208;-672,0;-704;244;137,06;245,863;No alert, no SPI, aircraft airbone;20,368926781643538;11,443341556757328
CAT048;20;129;02:58:16:359;41,30461589;2,13984254;175,25799259264;574,993432417638;1,726562;82,166748;4454;5,75;34718D;IBE2602;1013,0;;;;;;-112,324219;134,0;0,204;-672,0;-672;244;136,18;245,6927;No alert, no SPI, aircraft airbone;20,228756647641926;11,379860759976138
CAT048;20;129;02:58:20:367;41,30357929;2,13679711;160,018297513016;524,994431212602;1,582031;83,721313;4454;5,25;34718D;IBE2602;1013,0;;;;;;-113,027344;133,0;0,204;-608,0;-704;244;135,74;246,0773;No alert, no SPI, aircraft airbone;20,0913587204295;11,316994601317342
CAT048;20;129;02:58:24:383;41,30256499;2,13371846;144,778581749648;474,995362147515;1,4375;85,528564;4454;4,75;34718D;IBE2602;1013,0;;;;;;-113,554688;134,0;0,204;-576,0;-672;244;134,86;245,907;No alert, no SPI, aircraft airbone;19,952447430322657;11,255462950408559
CAT048;20;129;02:58:28:406;41,30154406;2,13077055;137,158830896951;449,996178759954;1,300781;87,764282;4454;4,5;34718D;IBE2602;1013,0;0,527;-114,609;134,0;0,062;138,0;-114,433594;134,0;0,204;-512,0;-704;244;135,3;245,517;No alert, no SPI, aircraft airbone;19,819446171406437;11,19356830684703
CAT048;20;129;02:58:32:430;41,30049936;2,12768606;121,919067821465;399,996954471377;1,160156;90,593262;4454;4,0;34718D;IBE2602;1013,0;;;;;;-113,90625;132,0;0,2;-512,0;-576;244;135,3;245,517;No alert, no SPI, aircraft airbone;19,68027134165214;11,13022194102374
CAT048;20;129;02:58:36:469;41,29944584;2,12469435;106,679274418391;349,997630682835;1,027344;94,202271;4454;3,5;34718D;IBE2602;1013,0;;;;;;-113,554688;130,0;0,2;-576,0;-672;244;134,2;245,3412;No alert, no SPI, aircraft airbone;19,545290531865795;11,066372364884819
CAT048;20;129;02:58:40:516;41,29838906;2,1216716;91,439459996298;299,998237934254;0,898438;98,882446;4454;3,0;34718D;IBE2602;1013,0;;;;;;-113,027344;131,0;0,2;-928,0;-704;244;133,98;245,7312;No alert, no SPI, aircraft airbone;19,40890258041255;11,002325038701201
CAT048;20;129;02:58:44:578;41,2973393;2,11864817;76,1996222669259;249,998768718221;0,777344;105,040283;4454;2,5;34718D;IBE2602;1013,0;0,879;-114,961;134,0;-0,031;134,0;-113,027344;131,0;0,2;-640,0;-672;244;133,32;245,1599;No alert, no SPI, aircraft airbone;19,27247742138226;10,938703280699281
CAT048;20;129;02:58:48:664;41,2962175;2,11556924;68,5797640942037;224,999233230827;0,667969;113,752441;4454;2,25;34718D;IBE2602;1013,0;;;;;;-112,148438;131,0;0,196;-896,0;-704;244;132,88;245,5554;No alert, no SPI, aircraft airbone;19,13355879771256;10,870754013289327
CAT048;20;129;02:58:52:789;41,29512748;2,11248287;53,3398818066344;174,999617826478;0,578125;125,337524;4454;1,75;34718D;IBE2602;1013,0;;;;;;-111,09375;130,0;0,196;-576,0;-640;244;132,66;245,9454;No alert, no SPI, aircraft airbone;18,99428976415771;10,804713830587424
CAT048;20;129;02:58:56:953;41,29414407;2,10943049;38,0999729260802;124,999915174801;0,515625;139,707642;4454;1,25;34718D;IBE2602;1013,0;;;;;;-110,039062;130,0;0,196;-672,0;-736;244;132,22;246,3409;No alert, no SPI, aircraft airbone;18,85652284247214;10,74507911385866
CAT048;20;129;02:59:01:141;41,29303532;2,10617787;22,8600445436314;75,0001485405276;0,496094;157,939453;4454;0,75;34718D;IBE2602;1013,0;-1,758;-113,906;132,0;0,125;132,0;-111,445312;129,0;0,196;-992,0;-704;244;132,66;245,9454;No alert, no SPI, aircraft airbone;18,709730969033785;10,677889933939023
CAT048;20;129;02:59:05:336;41,29193778;2,10295125;8,8750384747982e-05;0,0002911758122965;0,527344;175,605469;4454;0,0;34718D;IBE2602;1013,0;;;;;;-112,148438;131,0;0,196;-1024,0;-608;244;135,52;245,1324;No alert, no SPI, aircraft airbone;18,56410691582514;10,611384013824445
CAT048;20;129;02:59:09:484;41,29082001;2,09979633;0,0001072026789188;0,000351714837104;0,601562;189,794312;4454;-0,5;34718D;IBE2602;1013,0;;;;;;-111,796875;125,0;0,188;-832,0;-256;244;135,52;245,1324;No alert, no SPI, aircraft airbone;18,42172659871739;10,543685474569692
CAT048;20;129;02:59:13:594;41,28977802;2,09666339;9,87416133284569e-05;0,0003239554346725;0,699219;200,429077;4454;-0,5;34718D;IBE2602;1013,0;;;;;;-115,839844;121,0;0,184;288,0;-128;244;132,66;245,9454;No alert, no SPI, aircraft airbone;18,280314551018492;10,480541069866119
CAT048;20;129;02:59:17:672;41,28877955;2,09371409;6,81653618812561e-05;0,0002236396458745;0,808594;207,828369;4454;-0,5;34718D;IBE2602;1013,0;-0,176;-114,434;122,0;0,156;114,0;-115,488281;112,0;0,168;64,0;-128;244;123,2;245,517;No alert, no SPI, aircraft airbone;18,147192223518346;10,420049720135221
CAT048;20;129;02:59:21:719;41,28794733;2,09115604;2,25435942411423e-05;7,39619257301092e-05;0,910156;212,810669;4454;-0,5;34718D;IBE2602;1013,0;;;;;;-115,488281;103,0;0,156;-32,0;-64;244;113,3;245,4675;No alert, no SPI, aircraft airbone;18,031717180456706;10,369613299977003
CAT048;20;129;02:59:25:758;41,28718707;2,08881767;-3,39886173605919e-05;-0,0001115112153813;1,007812;216,463623;4454;-0,25;34718D;IBE2602;1013,0;;;;;;-114,960938;90,0;0,136;384,0;-32;244;102,96;245,9235;No alert, no SPI, aircraft airbone;17,926156195053316;10,32354065067428
CAT048;20;129;03:10:11:430;41,32367558;2,59702993;1432,21325744782;4698,86254356509;22,4375;86,314087;2005;47,0;3443D1;VLG53NB;1013,0;;;;;;-81,386719;250,0;0,412;-1280,0;-1312;2061;277,64;279,1187;No alert, no SPI, aircraft airbone;40,890792393600336;12,682897695333738
CAT048;20;129;03:10:15:430;41,32447233;2,59022447;1401,74279157724;4598,89382031828;22,132812;86,143799;2005;46,0;3443D1;VLG53NB;1013,0;;;;;;-81,386719;250,0;0,408;-1376,0;-1344;2061;276,76;279,1516;No alert, no SPI, aircraft airbone;40,58265146902665;12,727500426412249
CAT048;20;129;03:10:19:422;41,32525508;2,58375869;1378,89173096046;4523,92314660431;21,84375;85,973511;2005;45,25;3443D1;VLG53NB;1013,0;0,176;-80,859;276,0;0;274,0;-81,386719;250,0;0,408;-1472,0;-1312;2061;276,76;279,1516;No alert, no SPI, aircraft airbone;40,289881782279174;12,771444413642985
CAT048;20;129;03:10:23:406;41,32602555;2,57694612;1348,42101937626;4423,95361721039;21,539062;85,797729;2005;44,25;3443D1;VLG53NB;1013,0;;;;;;-81,386719;250,0;0,408;-1376,0;-1312;2061;276,76;279,1516;No alert, no SPI, aircraft airbone;39,981449903903574;12,814514792497796
CAT048;20;129;03:10:27:406;41,32673954;2,57030404;1325,56994732097;4348,98290596852;21,242188;85,627441;2005;43,5;3443D1;VLG53NB;1013,0;;;;;;-81,386719;250,0;0,408;-1472,0;-1312;2061;275,66;278,9813;No alert, no SPI, aircraft airbone;39,68076607698895;12,854299780433523
CAT048;20;129;03:10:31:391;41,32759065;2,56364721;1295,09877976775;4249,01188061323;20,945312;85,429688;2005;42,5;3443D1;VLG53NB;1013,0;;;;;;-81,386719;250,0;0,408;-1440,0;-1344;2061;275,66;278,9813;No alert, no SPI, aircraft airbone;39,37933985470689;12,902323760441847
CAT048;20;129;03:10:35:383;41,32837395;2,55698819;1272,24748614896;4174,04044245696;20,648438;85,237427;2005;41,75;3443D1;VLG53NB;1013,0;0,0;-80,859;274,0;0;272,0;-81,386719;250,0;0,408;-1312,0;-1344;2061;275,66;278,9813;No alert, no SPI, aircraft airbone;39,07786262117056;12,94630334193994
CAT048;20;129;03:10:39:375;41,32911838;2,55024432;1241,77617310546;4074,06893977133;20,347656;85,045166;2005;40,75;3443D1;VLG53NB;1013,0;;;;;;-81,386719;250,0;0,404;-1408,0;-1312;2061;274,56;279,0143;No alert, no SPI, aircraft airbone;38,77257994484367;12,987937283011494
CAT048;20;129;03:10:43:367;41,32999907;2,54364986;1218,92455510423;3999,09643736815;20,054688;84,825439;2005;40,0;3443D1;VLG53NB;1013,0;;;;;;-81,5625;249,0;0,404;-1280,0;-1312;2061;274,56;279,0143;No alert, no SPI, aircraft airbone;38,47397804181314;13,037831878140949
CAT048;20;129;03:10:47:359;41,33086752;2,53696624;1188,45292445272;3899,12389266147;19,757812;84,60022;2005;39,0;3443D1;VLG53NB;1013,0;;;;;;-81,738281;249,0;0,404;-1216,0;-1312;2061;274,78;279,2175;No alert, no SPI, aircraft airbone;38,17136098475507;13,086976032458185
CAT048;20;129;03:10:51:359;41,33170226;2,5303632;1165,60106825549;3824,15060877535;19,464844;84,375;2005;38,25;3443D1;VLG53NB;1013,0;0,176;-80,859;274,0;-0,062;270,0;-81,738281;249,0;0,404;-1344,0;-1312;2061;274,56;279,0143;No alert, no SPI, aircraft airbone;37,87241351614579;13,134156814658711
CAT048;20;129;03:10:55:352;41,33246137;2,52367907;1135,12918087747;3724,17722179004;19,167969;84,155273;2005;37,25;3443D1;VLG53NB;1013,0;;;;;;-81,914062;250,0;0,404;-1344,0;-1312;2061;275,66;278,9813;No alert, no SPI, aircraft airbone;37,56985144741632;13,17678993852048
CAT048;20;129;03:10:59:344;41,33312823;2,5170844;1112,27705534454;3649,20305425659;18,875;83,946533;2005;36,5;3443D1;VLG53NB;1013,0;;;;;;-81,914062;250,0;0,404;-1408,0;-1312;2061;275,66;278,9813;No alert, no SPI, aircraft airbone;37,27139212207816;13,213952404698583
CAT048;20;129;03:11:03:336;41,33389995;2,51038525;1081,80493692588;3549,22890926391;18,578125;83,710327;2005;35,5;3443D1;VLG53NB;1013,0;;;;;;-82,089844;250,0;0,404;-1376,0;-1344;2061;275,66;278,9813;No alert, no SPI, aircraft airbone;36,9681573934296;13,257381393876726
CAT048;20;129;03:11:07:320;41,33475347;2,50375357;1051,33262246102;3449,25412107502;18,285156;83,452148;2005;34,5;3443D1;VLG53NB;1013,0;0,0;-81,035;276,0;0;270,0;-82,089844;251,0;0,404;-1408,0;-1344;2061;275,66;278,9813;No alert, no SPI, aircraft airbone;36,66793366026346;13,30576738243097
CAT048;20;129;03:11:11:313;41,3356551;2,49718974;1028,48011294659;3374,2786937597;17,996094;83,17749;2005;33,75;3443D1;VLG53NB;1013,0;;;;;;-82,089844;251,0;0,4;-1280,0;-1344;2061;274,56;279,0143;No alert, no SPI, aircraft airbone;36,370757728232974;13,357089519854712
CAT048;20;129;03:11:15:305;41,33646636;2,49045932;998,007658571005;3274,3034465461;17,699219;82,908325;2005;32,75;3443D1;VLG53NB;1013,0;;;;;;-82,265625;251,0;0,4;-1216,0;-1312;2061;274,56;278,8055;No alert, no SPI, aircraft airbone;36,06610994072254;13,40294585077438
CAT048;20;129;03:11:19:297;41,33720246;2,48372907;975,155070243403;3199,32776065737;17,402344;82,644653;2005;32,0;3443D1;VLG53NB;1013,0;;;;;;-82,089844;250,0;0,4;-1312,0;-1152;2061;273,46;278,8385;No alert, no SPI, aircraft airbone;35,76151812998614;13,444318553055592
CAT048;20;129;03:11:23:289;41,33790896;2,47716951;952,302170453593;3124,35105291097;17,113281;82,380981;2005;31,25;3443D1;VLG53NB;1013,0;0,176;-81,035;272,0;0;270,0;-82,265625;250,0;0,4;-1056,0;-1024;2061;272,58;278,8715;No alert, no SPI, aircraft airbone;35,4646636330118;13,484009051821703
CAT048;20;129;03:11:27:281;41,33865028;2,47059512;929,44916839432;3049,37400963482;16,824219;82,10083;2005;30,5;3443D1;VLG53NB;1013,0;;;;;;-82,265625;251,0;0,4;-960,0;-960;2061;272,58;278,8715;No alert, no SPI, aircraft airbone;35,16712655672141;13,525803974605068
CAT048;20;129;03:11:31:273;41,33950942;2,46407374;914,216001597233;2999,39642668027;16,539062;81,78772;2005;30,0;3443D1;VLG53NB;1013,0;;;;;;-82,265625;251,0;0,4;-896,0;-960;2061;272,58;278,8715;No alert, no SPI, aircraft airbone;34,87192946144404;13,57470793294815
CAT048;20;129;03:11:35:266;41,34022942;2,45748307;891,362772290595;2924,41863784188;16,25;81,491089;2005;29,25;3443D1;VLG53NB;1013,0;;;;;;-82,441406;251,0;0,4;-960,0;-960;2061;272,58;278,8715;No alert, no SPI, aircraft airbone;34,573681577971314;13,61526253923846
CAT048;20;129;03:11:39:258;41,34098979;2,45078651;868,509529544041;2849,44080490927;15,957031;81,172485;2005;28,5;3443D1;VLG53NB;1013,0;0,0;-81,035;272,0;0;270,0;-82,441406;251,0;0,4;-992,0;-960;2061;271,48;278,9044;No alert, no SPI, aircraft airbone;34,270633449651754;13,658218995415895
CAT048;20;129;03:11:43:250;41,34183845;2,444232;853,276031851768;2799,46213634056;15,671875;80,826416;2005;28,0;3443D1;VLG53NB;1013,0;;;;;;-82,617188;251,0;0,4;-896,0;-992;2061;271,48;278,9044;No alert, no SPI, aircraft airbone;33,97396646003702;13,706548593110158
CAT048;20;129;03:11:47:234;41,34255608;2,43769522;830,42238380108;2724,48297366994;15,386719;80,496826;2005;27,25;3443D1;VLG53NB;1013,0;;;;;;-82,617188;251,0;0,4;-1024,0;-992;2061;271,48;278,9044;No alert, no SPI, aircraft airbone;33,678175428507835;13,747049688718016
CAT048;20;129;03:11:51:227;41,34326561;2,43114813;807,568624475971;2649,50344592574;15,101562;80,15625;2005;26,5;3443D1;VLG53NB;1013,0;;;;;;-82,792969;251,0;0,396;-960,0;-992;2061;270,6;278,9374;No alert, no SPI, aircraft airbone;33,38192894872216;13,787083255399883
CAT048;20;129;03:11:55:219;41,34403383;2,42457183;792,334777498618;2599,52363140857;14,816406;79,788208;2005;26,0;3443D1;VLG53NB;1013,0;0,0;-81,035;270,0;0;268,0;-82,792969;250,0;0,396;-1056,0;-992;2061;270,6;278,9374;No alert, no SPI, aircraft airbone;33,08433918484958;13,830647508778497
CAT048;20;129;03:11:59:211;41,34477473;2,41807829;769,480732141994;2524,54316524074;14,535156;79,414673;2005;25,25;3443D1;VLG53NB;1013,0;;;;;;-82,792969;250,0;0,396;-1056,0;-992;2061;269,5;278,9703;No alert, no SPI, aircraft airbone;32,79051001421569;13,872626954858928
CAT048;20;129;03:12:03:195;41,345553;2,41147255;746,626670862548;2449,56264683268;14,25;79,013672;2005;24,5;3443D1;VLG53NB;1013,0;;;;;;-82,617188;250,0;0,396;-1056,0;-992;2061;269,28;278,7616;No alert, no SPI, aircraft airbone;32,49159843410174;13,916827500150967
CAT048;20;129;03:12:07:188;41,34624448;2,40504648;731,392323430628;2399,58119040414;13,972656;78,623657;2005;24,0;3443D1;VLG53NB;1013,0;;;;;;-82,792969;250,0;0,392;-832,0;-800;2061;268,4;278,7946;No alert, no SPI, aircraft airbone;32,200855822889245;13,955912319758625
CAT048;20;129;03:12:11:180;41,3470004;2,3985874;716,157894819044;2349,59946763811;13,695312;78,200684;2005;23,5;3443D1;VLG53NB;1013,0;0,176;-81,211;266,0;0;264,0;-82,792969;247,0;0,388;-512,0;-512;2061;266,42;278,8605;No alert, no SPI, aircraft airbone;31,908596246069518;13,998870837877279
CAT048;20;129;03:12:15:172;41,34782564;2,39217653;708,543317310512;2324,61725716502;13,421875;77,744751;2005;23,25;3443D1;VLG53NB;1013,0;;;;;;-82,96875;245,0;0,384;-352,0;-320;2061;263,34;278,9594;No alert, no SPI, aircraft airbone;31,618488597883648;14,046025464374067
CAT048;20;129;03:12:19:156;41,34860485;2,38593605;700,928482439369;2299,63420232638;13,15625;77,288818;2005;23,0;3443D1;VLG53NB;1013,0;;;;;;-82,96875;242,0;0,38;-288,0;-128;2061;259,38;278,877;No alert, no SPI, aircraft airbone;31,33610992586915;14,090502245833566
CAT048;20;129;03:12:23:148;41,34927673;2,37961692;700,933587930165;2299,6509526248;12,886719;76,838379;2005;23,0;3443D1;VLG53NB;1013,0;;;;;;-82,96875;238,0;0,376;-96,0;0;2061;255,2;278,7946;No alert, no SPI, aircraft airbone;31,050234453549873;14,1285348280739
CAT048;20;129;03:12:27:133;41,35003956;2,37351643;700,938423701562;2299,66681801703;12,628906;76,35498;2005;23,0;3443D1;VLG53NB;1013,0;0,176;-81,387;252,0;0,031;248,0;-82,617188;233,0;0,368;64,0;32;2061;251,02;278,7067;No alert, no SPI, aircraft airbone;30,774202220372413;14,172119339044002
CAT048;20;129;03:12:31:125;41,35074022;2,36759297;700,94301462546;2299,68188010379;12,378906;75,877075;2005;23,0;3443D1;VLG53NB;1013,0;;;;;;-82,441406;229,0;0,36;-32,0;32;2061;247,06;278,6188;No alert, no SPI, aircraft airbone;30,506204804794045;14,212056796944015
CAT048;20;129;03:12:35:109;41,35139086;2,3615765;700,94756955374;2299,69682409469;12,125;75,388184;2005;23,0;3443D1;VLG53NB;1013,0;;;;;;-82,089844;225,0;0,352;0,0;32;2061;243,1;278,7616;No alert, no SPI, aircraft airbone;30,234033150160215;14,248980597204456
CAT048;20;129;03:12:39:102;41,35210961;2,35578301;700,951870803721;2299,71093580768;11,882812;74,871826;2005;23,0;3443D1;VLG53NB;1013,0;;;;;;-82,089844;220,0;0,348;0,0;0;2061;238,92;278,6682;No alert, no SPI, aircraft airbone;29,971911608700704;14,290084197717189
CAT048;20;129;03:12:43:094;41,35275244;2,3501735;700,955939309672;2299,72428392474;11,648438;74,366455;2005;23,0;3443D1;VLG53NB;1013,0;0,176;-81,211;234,0;0;230,0;-82,089844;216,0;0,34;32,0;0;2061;234,96;278,8165;No alert, no SPI, aircraft airbone;29,71814349461762;14,326715048589575
CAT048;20;129;03:12:47:078;41,35341214;2,34453555;700,959941175766;2299,7374134071;11,414062;73,833618;2005;23,0;3443D1;VLG53NB;1013,0;;;;;;-82,089844;213,0;0,336;-64,0;0;2061;230,12;279,0088;No alert, no SPI, aircraft airbone;29,463087636938052;14,364364280388193
CAT048;20;129;03:12:51:070;41,3541013;2,33895213;700,963821006007;2299,75014250935;11,183594;73,273315;2005;23,0;3443D1;VLG53NB;1013,0;;;;;;-81,738281;210,0;0,328;64,0;32;2061;226,82;278,877;No alert, no SPI, aircraft airbone;29,21048773964333;14,40381492165809
CAT048;20;129;03:12:55:063;41,35471793;2,33355328;700,967483161017;2299,76215745399;10,960938;72,723999;2005;23,0;3443D1;VLG53NB;1013,0;;;;;;-81,738281;206,0;0,324;-32,0;0;2061;222,86;279,0363;No alert, no SPI, aircraft airbone;28,966264894729402;14,438993473645976
CAT048;20;129;03:12:59:047;41,35539552;2,32819472;700,971045601182;2299,77384525018;10,742188;72,13623;2005;23,0;3443D1;VLG53NB;1013,0;0,176;-81,035;218,0;0;216,0;-81,5625;203,0;0,32;32,0;0;2061;218,9;278,9429;No alert, no SPI, aircraft airbone;28,723840453201223;14,477856085825167
CAT048;20;129;03:13:03:031;41,35600476;2,32302063;700,974403228611;2299,78486108856;10,53125;71,559448;2005;23,0;3443D1;VLG53NB;1013,0;;;;;;-81,386719;199,0;0,316;64,0;0;2061;214,72;278,844;No alert, no SPI, aircraft airbone;28,489785755065117;14,512694959306819
CAT048;20;129;03:13:07:023;41,35655649;2,31784638;700,977678286843;2299,79560603061;10,320312;70,977173;2005;23,0;3443D1;VLG53NB;1013,0;;;;;;-81,386719;196,0;0,308;-32,0;0;2061;210,76;279,0143;No alert, no SPI, aircraft airbone;28,255752843017458;14,544098866800763
CAT048;20;129;03:13:11:008;41,3571519;2,31299227;700,980692700483;2299,80549583945;10,125;70,383911;2005;23,0;3443D1;VLG53NB;1013,0;;;;;;-83,671875;192,0;0,304;-96,0;-64;2061;207,02;277,7728;No alert, no SPI, aircraft airbone;28,036170310443076;14,578238926569059
CAT048;20;129;03:13:15:000;41,35751356;2,30785625;700,983774201944;2299,81560575271;9,914062;69,818115;2005;23,0;3443D1;VLG53NB;1013,0;-21,27;-88,77;204,0;-2,281;200,0;-92,285156;188,0;0,296;32,0;-64;2061;203,28;271,4062;No alert, no SPI, aircraft airbone;27,803952960096762;14,598283676914761
CAT048;20;129;03:13:18:984;41,35741221;2,30292649;700,986601561308;2299,8248818664;9,703125;69,400635;2005;23,0;3443D1;VLG53NB;1013,0;;;;;;-99,667969;185,0;0,292;32,0;32;2061;200,42;263,4027;No alert, no SPI, aircraft airbone;27,58125187701362;14,590641199140816
CAT048;20;129;03:13:22:977;41,35622552;2,29824702;708,609077251516;2324,83300500986;9,480469;69,356689;2005;23,25;3443D1;VLG53NB;1013,0;;;;;;-104,941406;183,0;0,288;96,0;96;2061;198,0;257,157;No alert, no SPI, aircraft airbone;27,370310945844366;14,51800342842287
CAT048;20;129;03:13:26:977;41,35528776;2,29363175;708,611491433345;2324,84092555418;9,265625;69,230347;2005;23,25;3443D1;VLG53NB;1013,0;;;;;;-107,929688;183,0;0,288;96,0;64;2061;197,56;253,2129;No alert, no SPI, aircraft airbone;27,162160389788056;14,460324978510702
CAT048;20;129;03:13:30:969;41,35454121;2,28882614;708,613972452469;2324,84906538096;9,046875;69,01062;2005;23,25;3443D1;VLG53NB;1013,0;-2,988;-108,633;198,0;-0,281;196,0;-108,984375;184,0;0,288;-32,0;-32;2061;197,56;251,3782;No alert, no SPI, aircraft airbone;26,94532485033145;14,414065371814436
CAT048;20;129;03:13:34:961;41,35328034;2,28427895;708,616191834211;2324,85634681735;8,828125;68,994141;2005;23,25;3443D1;VLG53NB;1013,0;;;;;;-109,6875;183,0;0,288;-160,0;-128;2061;196,46;250,3619;No alert, no SPI, aircraft airbone;26,740370509670655;14,337053840274828
CAT048;20;129;03:13:38:961;41,3519284;2,27978198;700,99832009431;2299,86332849822;8,609375;69,016113;2005;23,0;3443D1;VLG53NB;1013,0;;;;;;-110,566406;181,0;0,284;-128,0;-64;2061;195,8;249,3402;No alert, no SPI, aircraft airbone;26,537714318824506;14,254606956733292
CAT048;20;129;03:13:42:953;41,35063673;2,27543538;701,000328642316;2299,86991822286;8,398438;69,032593;2005;23,0;3443D1;VLG53NB;1013,0;;;;;;-111,621094;177,0;0,28;32,0;-32;2061;192,72;248,3624;No alert, no SPI, aircraft airbone;26,34182055249636;14,175830252103559
CAT048;20;129;03:13:46:945;41,3492258;2,27105622;701,002289539203;2299,8763516118;8,183594;69,093018;2005;23,0;3443D1;VLG53NB;1013,0;-1,934;-112,324;190,0;-0,312;186,0;-112,324219;174,0;0,276;-64,0;0;2061;189,42;247,6318;No alert, no SPI, aircraft airbone;26,14449510166151;14,089901733182984
CAT048;20;129;03:13:50:938;41,34793785;2,26698497;701,004070720635;2299,88219538309;7,984375;69,142456;2005;23,0;3443D1;VLG53NB;1013,0;;;;;;-112,851562;171,0;0,268;32,0;0;2061;186,12;246,8793;No alert, no SPI, aircraft airbone;25,96102707892296;14,011449675020504
CAT048;20;129;03:13:54:938;41,34655083;2,26277807;701,005859961733;2299,88806559685;7,777344;69,21936;2005;23,0;3443D1;VLG53NB;1013,0;;;;;;-112,5;167,0;0,264;0,0;64;2061;181,5;246,9672;No alert, no SPI, aircraft airbone;25,771460493896253;13,927025060541464
CAT048;20;129;03:13:58:938;41,34520555;2,25872989;708,627537548542;2324,89357029076;7,578125;69,301758;2005;23,25;3443D1;VLG53NB;1013,0;;;;;;-112,324219;162,0;0,256;288,0;320;2061;177,1;247,0551;No alert, no SPI, aircraft airbone;25,58904249278362;13,845159248191603
CAT048;20;129;03:14:02:930;41,34393789;2,25483208;708,629115823656;2324,89874835888;7,386719;69,373169;2005;23,25;3443D1;VLG53NB;1013,0;-0,527;-113,027;172,0;-0,062;168,0;-112,324219;158,0;0,248;-128,0;-256;2061;171,82;247,0166;No alert, no SPI, aircraft airbone;25,413382641322602;13,768000477325794
CAT048;20;129;03:14:06:922;41,34271348;2,25110214;701,010588255711;2299,90357837287;7,203125;69,450073;2005;23,0;3443D1;VLG53NB;1013,0;;;;;;-112,675781;157,0;0,248;-640,0;-736;2061;168,96;246,6211;No alert, no SPI, aircraft airbone;25,24528604272523;13,693491780272279
CAT048;20;129;03:14:10:922;41,34144187;2,24721554;685,772084780037;2249,90848662974;7,011719;69,532471;2005;22,5;3443D1;VLG53NB;1013,0;;;;;;-113,554688;155,0;0,244;-1024,0;-960;2061;168,52;246,1707;No alert, no SPI, aircraft airbone;25,07012096138888;13,616114773850287
CAT048;20;129;03:14:14:914;41,34016376;2,24352137;662,91346460674;2174,91301122038;6,828125;69,647827;2005;21,75;3443D1;VLG53NB;1013,0;;;;;;-113,90625;155,0;0,244;-928,0;-1024;2061;168,96;245,863;No alert, no SPI, aircraft airbone;24,903648485830466;13,538410711937905
CAT048;20;129;03:14:18:906;41,33889433;2,23973013;640,054848311469;2099,9175485342;6,640625;69,752197;2005;21,0;3443D1;VLG53NB;1013,0;-0,527;-114,434;170,0;-0,062;166,0;-114,257812;156,0;0,244;-1088,0;-1024;2061;169,18;245,5554;No alert, no SPI, aircraft airbone;24,732779026829093;13,461206742904613
CAT048;20;129;03:14:22:906;41,33757604;2,23595713;624,816183926538;2049,92192887354;6,453125;69,889526;2005;20,5;3443D1;VLG53NB;1013,0;;;;;;-114,257812;155,0;0,244;-864,0;-992;2061;169,18;245,5554;No alert, no SPI, aircraft airbone;24,562745574837425;13,381085305563188
CAT048;20;129;03:14:26:898;41,33624108;2,23210418;601,95751139801;1974,92628169505;6,261719;70,032349;2005;19,75;3443D1;VLG53NB;1013,0;;;;;;-114,609375;155,0;0,244;-928,0;-928;2061;169,18;245,5554;No alert, no SPI, aircraft airbone;24,38909785345696;13,29994923563131
CAT048;20;129;03:14:30:898;41,33494156;2,2283205;586,718779091723;1924,93043919529;6,074219;70,175171;2005;19,25;3443D1;VLG53NB;1013,0;;;;;;-114,609375;155,0;0,244;-800,0;-832;2061;169,18;245,5554;No alert, no SPI, aircraft airbone;24,21856093204565;13,220965370089845
CAT048;20;129;03:14:34:891;41,33364749;2,22453338;571,480011833832;1874,93448202491;5,886719;70,323486;2005;18,75;3443D1;VLG53NB;1013,0;-0,352;-114,434;168,0;-0,031;164,0;-115,136719;155,0;0,244;-800,0;-800;2061;168,3;245,4126;No alert, no SPI, aircraft airbone;24,047859750919446;13,142314811910266
CAT048;20;129;03:14:38:891;41,33235568;2,22083604;556,241177831776;1824,93830587761;5,703125;70,493774;2005;18,25;3443D1;VLG53NB;1013,0;;;;;;-115,3125;155,0;0,24;-800,0;-768;2061;168,3;245,4126;No alert, no SPI, aircraft airbone;23,881209124405892;13,06383178822734
CAT048;20;129;03:14:42:891;41,33110697;2,21730085;541,002259183675;1774,94185202017;5,527344;70,675049;2005;17,75;3443D1;VLG53NB;1013,0;;;;;;-115,664062;154,0;0,24;-832,0;-800;2061;166,98;245,5829;No alert, no SPI, aircraft airbone;23,721865832718485;12,987984561029345
CAT048;20;129;03:14:46:883;41,32979929;2,21343012;518,143410868943;1699,94562811526;5,335938;70,85083;2005;17,0;3443D1;VLG53NB;1013,0;;;;;;-116,015625;155,0;0,24;-896,0;-832;2061;166,98;245,5829;No alert, no SPI, aircraft airbone;23,547370292996607;12,908516926373958
CAT048;20;129;03:14:50:883;41,32852746;2,20971994;502,90447750967;1649,94912599283;5,152344;71,043091;2005;16,5;3443D1;VLG53NB;1013,0;0,352;-114,434;166,0;0,062;164,0;-115,664062;155,0;0,24;-544,0;-832;2061;166,1;245,4401;No alert, no SPI, aircraft airbone;23,380112458528593;12,831249931675291
CAT048;20;129;03:14:54:875;41,32726709;2,20600325;487,665511602536;1599,95251708606;4,96875;71,240845;2005;16,0;3443D1;VLG53NB;1013,0;;;;;;-115,664062;155,0;0,24;-640,0;-768;2061;164,78;245,6104;No alert, no SPI, aircraft airbone;23,212549795329114;12,754675584762653
CAT048;20;129;03:14:58:875;41,32604697;2,20235852;472,426492244005;1549,95573281382;4,789062;71,438599;2005;15,5;3443D1;VLG53NB;1013,0;;;;;;-115,136719;153,0;0,24;-800,0;-800;2061;161,7;245,495;No alert, no SPI, aircraft airbone;23,04821954253389;12,680541130622746
CAT048;20;129;03:15:02:867;41,32480356;2,19881374;457,187410015613;1499,95874227562;4,613281;71,685791;2005;15,0;3443D1;VLG53NB;1013,0;;;;;;-114,960938;152,0;0,236;-736,0;-768;2061;159,06;245,8521;No alert, no SPI, aircraft airbone;22,888409605492228;12,605043115314391
CAT048;20;129;03:15:06:875;41,32360379;2,19524807;441,948303706013;1449,96167273083;4,4375;71,916504;2005;14,5;3443D1;VLG53NB;1013,0;-0,352;-114,258;156,0;-0,219;158,0;-114,960938;150,0;0,232;-832,0;-640;2061;155,76;245,7367;No alert, no SPI, aircraft airbone;22,72763414651009;12,532163196524042
CAT048;20;129;03:15:10:867;41,32244634;2,19184436;426,709125729278;1399,96436805764;4,269531;72,163696;2005;14,0;3443D1;VLG53NB;1013,0;;;;;;-114,960938;148,0;0,228;-544,0;-768;2061;153,56;245,7697;No alert, no SPI, aircraft airbone;22,574160112944366;12,461869612614759
CAT048;20;129;03:15:14:867;41,32126677;2,18835728;411,469937417656;1349,96702947734;4,097656;72,432861;2005;13,5;3443D1;VLG53NB;1013,0;;;;;;-114,785156;147,0;0,228;-928,0;-896;2061;151,36;245,8026;No alert, no SPI, aircraft airbone;22,41691915396919;12,390234128739458
CAT048;20;129;03:15:18:867;41,32011497;2,18503773;396,230679815635;1299,96946356633;3,933594;72,734985;2005;13,0;3443D1;VLG53NB;1013,0;;;;;;-114,785156;146,0;0,224;-928,0;-800;2061;149,6;245,4895;No alert, no SPI, aircraft airbone;22,267237044570017;12,320313003573212
CAT048;20;129;03:15:22:859;41,31900426;2,18179417;373,371378706768;1224,97175411631;3,773438;73,042603;2005;12,25;3443D1;VLG53NB;1013,0;-0,176;-114,434;148,0;-0,062;150,0;-114,609375;144,0;0,224;-896,0;-800;2061;147,4;245,5225;No alert, no SPI, aircraft airbone;22,12097136733961;12,252880947928464
CAT048;20;129;03:15:26:859;41,31788613;2,17854606;358,132051372901;1174,97395942627;3,613281;73,383179;2005;11,75;3443D1;VLG53NB;1013,0;;;;;;-114,609375;144,0;0,22;-832,0;-768;2061;144,98;245,5554;No alert, no SPI, aircraft airbone;21,974497493531878;12,185008242106317
CAT048;20;129;03:15:30:859;41,31679769;2,17528336;342,892701242119;1124,97608994319;3,453125;73,723755;2005;11,25;3443D1;VLG53NB;1013,0;;;;;;-114,082031;143,0;0,22;-800,0;-736;2061;142,78;245,5884;No alert, no SPI, aircraft airbone;21,82734912977704;12,118917818399687
CAT048;20;129;03:15:34:859;41,31571131;2,17210679;327,653306701221;1074,97807475763;3,296875;74,11377;2005;10,75;3443D1;VLG53NB;1013,0;;;;;;-113,730469;141,0;0,216;-640,0;-640;2061;140,58;245,6213;No alert, no SPI, aircraft airbone;21,68408933136432;12,052977847008233
CAT048;20;129;03:15:38:852;41,31466592;2,16900117;312,413874229416;1024,97993512684;3,144531;74,514771;2005;10,25;3443D1;VLG53NB;1013,0;0,703;-114,609;138,0;0,125;144,0;-113,027344;139,0;0,212;-672,0;-704;2061;138,82;245,2808;No alert, no SPI, aircraft airbone;21,544019227007993;11,989518717214684
CAT048;20;129;03:15:42:852;41,31359772;2,16589512;304,794416373596;999,981713015147;2,992188;74,981689;2005;10,0;3443D1;VLG53NB;1013,0;;;;;;-112,851562;138,0;0,212;-608,0;-608;2061;137,06;245,863;No alert, no SPI, aircraft airbone;21,403932625142243;11,924696613122164
CAT048;20;129;03:15:46:859;41,31257258;2,16286341;289,554922251031;949,983371118072;2,84375;75,465088;2005;9,5;3443D1;VLG53NB;1013,0;;;;;;-112,851562;136,0;0,208;-608,0;-640;2061;136,18;245,6927;No alert, no SPI, aircraft airbone;21,267188785063734;11,862479854449306
CAT048;20;129;03:15:50:859;41,31154413;2,15991687;274,315390503034;899,984905777974;2,699219;76,025391;2005;9,0;3443D1;VLG53NB;1013,0;;;;;;-113,90625;135,0;0,208;-640,0;-704;2061;134,86;245,907;No alert, no SPI, aircraft airbone;21,13429270417172;11,800089989559927
CAT048;20;129;03:15:54:859;41,31052137;2,15687317;259,075851881877;849,986417888136;2,550781;76,618652;2005;8,5;3443D1;VLG53NB;1013,0;-0,176;-114,258;134,0;-0,25;138,0;-114,082031;135,0;0,208;-704,0;-640;2061;133,98;245,7312;No alert, no SPI, aircraft airbone;20,996997454449886;11,738022476649308
CAT048;20;129;03:15:58:859;41,3095242;2,15390359;243,836279103532;799,987817934033;2,40625;77,266846;2005;8,0;3443D1;VLG53NB;1013,0;;;;;;-114,433594;132,0;0,204;-672,0;-576;2061;133,54;246,1212;No alert, no SPI, aircraft airbone;20,86304125981817;11,677512068080295
CAT048;20;129;03:16:02:859;41,30850465;2,15083949;236,216696345247;774,989186037341;2,257812;78,008423;2005;7,75;3443D1;VLG53NB;1013,0;;;;;;-115,488281;133,0;0,204;-608,0;-608;2061;133,98;245,7312;No alert, no SPI, aircraft airbone;20,724814093872176;11,615641707195703
CAT048;20;129;03:16:06:867;41,30748096;2,14777145;220,977089864202;724,990475510068;2,109375;78,859863;2005;7,25;3443D1;VLG53NB;1013,0;;;;;;-114,609375;133,0;0,204;-736,0;-672;2061;134,2;245,3412;No alert, no SPI, aircraft airbone;20,586405759513227;11,553527021232112
CAT048;20;129;03:16:10:867;41,30645817;2,14486693;205,737439357676;674,991620542236;1,96875;79,876099;2005;6,75;3443D1;VLG53NB;1013,0;0,176;-114,434;134,0;0,312;138,0;-114,433594;133,0;0,204;-672,0;-672;2061;132,88;245,5554;No alert, no SPI, aircraft airbone;20,455386982423352;11,491509500389892
CAT048;20;129;03:16:14:875;41,30543591;2,14185882;190,497779113241;624,992733625884;1,824219;81,02417;2005;6,25;3443D1;VLG53NB;1013,0;;;;;;-113,378906;132,0;0,2;-704,0;-640;2061;132,88;245,5554;No alert, no SPI, aircraft airbone;20,31967966961675;11,429504026962915
CAT048;20;129;03:16:18:891;41,30440546;2,13882859;182,878097910434;599,993778748468;1,679688;82,380981;2005;6,0;3443D1;VLG53NB;1013,0;;;;;;-113,730469;132,0;0,2;-512,0;-544;2061;132,88;245,5554;No alert, no SPI, aircraft airbone;20,18297036235276;11,367006997300107
CAT048;20;129;03:16:22:906;41,30339763;2,13594889;167,638378877193;549,994698955449;1,542969;83,968506;2005;5,5;3443D1;VLG53NB;1013,0;;;;;;-113,203125;134,0;0,204;-640,0;-576;2061;132,88;245,5554;No alert, no SPI, aircraft airbone;20,053056956049033;11,30590578177948
CAT048;20;129;03:16:26:922;41,30237826;2,13294777;160,018649338745;524,995585496527;1,402344;85,874634;2005;5,25;3443D1;VLG53NB;1013,0;-0,176;-114,434;132,0;-0,094;136,0;-113,730469;132,0;0,204;-736,0;-704;2061;132,88;245,5554;No alert, no SPI, aircraft airbone;19,917652246477545;11,244089133973155
CAT048;20;129;03:16:30:469;41,46728654;2,33117901;1821,13817411754;5974,8629671718;14,417969;45,933838;1000;59,75;347301;BCS1MU;1013,0;;;;;;-169,277344;208,0;0,348;-1856,0;-1920;1204;234,74;192,5519;No alert, no SPI, aircraft airbone;28,809540922958366;21,188888330095686
CAT048;20;129;03:16:30:938;41,30136572;2,12999568;144,778892836533;474,996382773813;1,265625;88,187256;2005;4,75;3443D1;VLG53NB;1013,0;;;;;;-112,324219;136,0;0,208;-768,0;-672;2061;132,88;245,5554;No alert, no SPI, aircraft airbone;19,784458516059264;11,182697852986708
CAT048;20;129;03:16:34:469;41,46301348;2,32992346;1783,03734432254;5849,86024074716;14,199219;46,521606;1000;58,5;347301;BCS1MU;1013,0;;;;;;-169,101562;207,0;0,348;-1952,0;-1952;1204;233,86;192,6068;No alert, no SPI, aircraft airbone;28,754779803435525;20,932216618229184
CAT048;20;129;03:16:34:961;41,30034453;2,12698692;129,539118055254;424,9971200804;1,128906;91,082153;2005;4,25;3443D1;VLG53NB;1013,0;;;;;;-113,554688;134,0;0,204;-704,0;-768;2061;132,88;245,5554;No alert, no SPI, aircraft airbone;19,648700466771427;11,12077961691318
CAT048;20;129;03:16:38:469;41,45878903;2,32867998;1744,93656243104;5724,85767148627;13,984375;47,120361;1000;57,25;347301;BCS1MU;1013,0;0,703;-167,344;232,0;0,031;232,0;-168,75;208,0;0,348;-1920,0;-1952;1204;232,76;192,6617;No alert, no SPI, aircraft airbone;28,700534462750444;20,67846514520608
CAT048;20;129;03:16:39:000;41,29931724;2,12406978;114,299314369448;374,997762555858;1,0;94,762573;2005;3,75;3443D1;VLG53NB;1013,0;;;;;;-111,972656;133,0;0,2;-672,0;-768;2061;133,98;245,7312;No alert, no SPI, aircraft airbone;19,517083382793857;11,058520754743665
CAT048;20;129;03:16:42:469;41,45459693;2,32746765;1706,83580914326;5599,85519606957;13,773438;47,735596;1000;56,0;347301;BCS1MU;1013,0;;;;;;-168,574219;207,0;0,344;-1856,0;-1728;1204;231,88;192,7112;No alert, no SPI, aircraft airbone;28,647673063380875;20,426665032086724
CAT048;20;129;03:16:43:047;41,29830876;2,12086214;99,0595045471564;324,998384898493;0,863281;99,574585;2005;3,25;3443D1;VLG53NB;1013,0;-1,23;-114,258;134,0;-0,562;138,0;-111,445312;134,0;0,204;-800,0;-736;2061;133,98;245,7312;No alert, no SPI, aircraft airbone;19,372318964313305;10,997329825178285
CAT048;20;129;03:16:46:469;41,45043975;2,32615773;1676,35516645107;5499,85308429934;13,5625;48,35083;1000;55,0;347301;BCS1MU;1013,0;;;;;;-168,398438;205,0;0,344;-1472,0;-1440;1204;229,9;192,821;No alert, no SPI, aircraft airbone;28,590386149398597;20,176928107727697
CAT048;20;129;03:16:47:109;41,29727214;2,11790219;83,8196571227163;274,998883874493;0,746094;106,012573;2005;2,75;3443D1;VLG53NB;1013,0;;;;;;-111,269531;134,0;0,204;-640,0;-704;2061;133,32;245,1599;No alert, no SPI, aircraft airbone;19,238760099533305;10,934511301624452
CAT048;20;129;03:16:50:469;41,44635879;2,3249425;1645,87452510837;5399,85097695656;13,359375;48,982544;1000;54,0;347301;BCS1MU;1013,0;;;;;;-168,222656;204,0;0,34;-1376,0;-1248;1204;227,7;192,6892;No alert, no SPI, aircraft airbone;28,53733113969175;19,93179426109409
CAT048;20;129;03:16:51:203;41,2962157;2,11490439;68,579788970761;224,999314846832;0,640625;114,845581;2005;2,25;3443D1;VLG53NB;1013,0;;;;;;-110,566406;131,0;0,2;-576,0;-640;2061;133,32;245,1599;No alert, no SPI, aircraft airbone;19,103490964223855;10,870500479324837
CAT048;20;129;03:16:54:477;41,44232353;2,32373308;1623,01392961573;5324,84902084047;13,160156;49,625244;1000;53,25;347301;BCS1MU;1013,0;0,527;-167,344;224,0;0,062;224,0;-167,871094;202,0;0,336;-1120,0;-1056;1204;224,62;192,6068;No alert, no SPI, aircraft airbone;28,48451156238059;19,68940397160424
CAT048;20;129;03:16:55:336;41,29515311;2,11186605;53,3398991720751;174,999674799711;0,554688;126,87561;2005;1,75;3443D1;VLG53NB;1013,0;;;;;;-109,6875;132,0;0,2;-672,0;-640;2061;132,88;245,5554;No alert, no SPI, aircraft airbone;18,966385756255008;10,806116712556493
CAT048;20;129;03:16:58:477;41,43826349;2,32250204;1600,1533731902;5249,84719289734;12,960938;50,289917;1000;52,5;347301;BCS1MU;1013,0;;;;;;-167,695312;199,0;0,332;-1056,0;-928;1204;220,66;192,8375;No alert, no SPI, aircraft airbone;28,430720269427734;19,44552159119835
CAT048;20;129;03:16:59:500;41,29409473;2,10879984;38,0999863175675;124,999959110128;0,5;142,421265;2005;1,25;3443D1;VLG53NB;1013,0;-0,176;-114,082;134,0;-0,375;134,0;-109,863281;132,0;0,2;-736,0;-672;2061;132,88;245,5554;No alert, no SPI, aircraft airbone;18,828014414980068;10,741984192809575
CAT048;20;129;03:17:02:484;41,43434842;2,32139102;1584,91282151826;5199,84538134996;12,773438;50,960083;1000;52,0;347301;BCS1MU;1013,0;;;;;;-167,519531;195,0;0,324;-960,0;-864;1204;216,48;192,8156;No alert, no SPI, aircraft airbone;28,38227589968281;19,210373158266776
CAT048;20;129;03:17:03:695;41,29303484;2,10569135;30,4800499025732;100,000166922358;0,488281;160,334473;2005;1,0;3443D1;VLG53NB;1013,0;;;;;;-110,917969;133,0;0,2;-576,0;-608;2061;133,98;245,7312;No alert, no SPI, aircraft airbone;18,68772679454943;10,677756951861099
CAT048;20;129;03:17:06:484;41,43041866;2,32014229;1562,05238244589;5124,84393842379;12,582031;51,635742;1000;51,25;347301;BCS1MU;1013,0;;;;;;-167,34375;191,0;0,316;-928,0;-832;1204;213,62;192,9913;No alert, no SPI, aircraft airbone;28,32761651088973;18,97429990262051
CAT048;20;129;03:17:07:883;41,29198328;2,10254838;7,62008860427886;25,0002914964623;0,523438;177,572021;2005;0,25;3443D1;VLG53NB;1013,0;;;;;;-111,09375;133,0;0,2;-736,0;-608;2061;134,2;245,3412;No alert, no SPI, aircraft airbone;18,545872805279966;10,614026934830383
CAT048;20;129;03:17:10:484;41,42671751;2,31903968;1546,81195250899;5074,84252626958;12,40625;52,300415;1000;50,75;347301;BCS1MU;1013,0;0,527;-167,168;210,0;-0,031;208,0;-167,167969;187,0;0,312;-800,0;-864;1204;209,44;192,9694;No alert, no SPI, aircraft airbone;28,279447058960475;18,751984770677932
CAT048;20;129;03:17:12:031;41,29093853;2,09942767;0,0001018987968564;0,0003343136486783;0,597656;191,486206;2005;-0,25;3443D1;VLG53NB;1013,0;;;;;;-111,972656;129,0;0,196;-448,0;-160;2061;134,2;245,3412;No alert, no SPI, aircraft airbone;18,405019168015105;10,55071511856938
CAT048;20;129;03:17:14:484;41,42297524;2,31793066;1531,57154302858;5024,84118122988;12,230469;52,992554;1000;50,25;347301;BCS1MU;1013,0;;;;;;-166,992188;185,0;0,308;-960,0;-1024;1204;206,36;192,887;No alert, no SPI, aircraft airbone;28,23100028158693;18,52720245385506
CAT048;20;129;03:17:16:133;41,28986914;2,09634947;9,14596021175385e-05;0,0003000643210113;0,699219;201,676025;2005;-0,25;3443D1;VLG53NB;1013,0;-0,527;-114,434;132,0;0,25;128,0;-113,730469;125,0;0,192;192,0;-192;2061;131,56;245,7697;No alert, no SPI, aircraft airbone;18,26609060836669;10,485939641948447
CAT048;20;129;03:17:18:484;41,41929749;2,31682393;1508,71117912885;4949,83998493309;12,058594;53,690186;1000;49,5;347301;BCS1MU;1013,0;;;;;;-166,992188;183,0;0,304;-1152,0;-1184;1204;203,28;192,7991;No alert, no SPI, aircraft airbone;28,18262340089024;18,306290974961783
CAT048;20;129;03:17:20:203;41,28892845;2,09352904;5,95739111304283e-05;0,0001954524705931;0,804688;208,652344;2005;0,0;3443D1;VLG53NB;1013,0;;;;;;-114,433594;114,0;0,172;224,0;-64;2061;121,44;246,1761;No alert, no SPI, aircraft airbone;18,138781233167656;10,428940481033106
CAT048;20;129;03:17:22:492;41,41563018;2,31566512;1478,23087749165;4849,83899210969;11,886719;54,398804;1000;48,5;347301;BCS1MU;1013,0;;;;;;-166,816406;182,0;0,3;-1248,0;-1280;1204;201,3;192,9254;No alert, no SPI, aircraft airbone;28,13188531250526;18,08598962185561
CAT048;20;129;03:17:24:250;41,2880971;2,09100983;1,35116279125214e-05;4,43294893205166e-05;0,90625;213,469849;2005;0,0;3443D1;VLG53NB;1013,0;;;;;;-114,960938;101,0;0,156;96,0;-32;2061;107,8;245,3357;No alert, no SPI, aircraft airbone;18,025062894279294;10,37856449429084
CAT048;20;129;03:17:26:492;41,41202843;2,31459916;1455,37056456506;4774,83796304764;11,722656;55,123901;1000;47,75;347301;BCS1MU;1013,0;0,352;-166,992;198,0;-0,094;200,0;-166,992188;181,0;0,3;-1440,0;-1376;1204;199,32;193,0573;No alert, no SPI, aircraft airbone;28,085305077076097;17,86965067701447
CAT048;20;129;03:17:30:492;41,40846819;2,31345204;1424,89033767022;4674,83721544197;11,558594;55,848999;1000;46,75;347301;BCS1MU;1013,0;;;;;;-166,992188;180,0;0,296;-1440,0;-1440;1204;198,0;192,8375;No alert, no SPI, aircraft airbone;28,035037529232937;17,65577576247933
CAT048;20;129;03:17:34:500;41,4049076;2,31235859;1394,41010450013;4574,83644724821;11,398438;56,601562;1000;45,75;347301;BCS1MU;1013,0;;;;;;-167,167969;179,0;0,292;-1440,0;-1504;1204;197,12;192,9034;No alert, no SPI, aircraft airbone;27,98718770298901;17,44189795911513
CAT048;20;129;03:17:38:508;41,40136676;2,31140098;1363,92982159369;4474,83551587743;11,246094;57,387085;1000;44,75;347301;BCS1MU;1013,0;;;;;;-167,34375;178,0;0,292;-1632,0;-1568;1204;196,24;192,9694;No alert, no SPI, aircraft airbone;27,9454576863087;17,22924888833361
CAT048;20;129;03:17:42:508;41,39783115;2,31028082;1333,44966237899;4374,83499031948;11,089844;58,172607;1000;43,75;347301;BCS1MU;1013,0;0,703;-166,992;194,0;0,062;196,0;-167,519531;178,0;0,292;-1632,0;-1600;1204;195,14;193,0353;No alert, no SPI, aircraft airbone;27,896380663382082;17,016862128013837
CAT048;20;129;03:17:46:516;41,39427788;2,30911949;1302,96954900306;4274,83461515119;10,933594;58,980103;1000;42,75;347301;BCS1MU;1013,0;;;;;;-167,34375;178,0;0,292;-1568,0;-1664;1204;195,36;193,3209;No alert, no SPI, aircraft airbone;27,845446463187546;16,8034040087998
CAT048;20;129;03:17:50:516;41,39077385;2,30797012;1264,86946469452;4149,83433454838;10,78125;59,798584;1000;41,5;347301;BCS1MU;1013,0;;;;;;-166,992188;178,0;0,292;-1696,0;-1696;1204;194,48;193,3923;No alert, no SPI, aircraft airbone;27,79502581583028;16,59290347559318
CAT048;20;129;03:17:54:516;41,38733098;2,30690983;1234,38936604932;4049,83400770925;10,636719;60,633545;1000;40,5;347301;BCS1MU;1013,0;;;;;;-166,992188;178,0;0,292;-1664,0;-1632;1204;194,7;193,678;No alert, no SPI, aircraft airbone;27,748596859860477;16,386099863129182
CAT048;20;129;03:17:58:523;41,38382803;2,30574225;1196,28934204858;3924,83392496666;10,488281;61,495972;1000;39,25;347301;BCS1MU;1013,0;0,352;-166,289;194,0;-0,031;194,0;-166,992188;178,0;0,288;-1664,0;-1664;1204;194,7;193,678;No alert, no SPI, aircraft airbone;27,69734237320188;16,175660002017917
CAT048;20;129;03:18:02:523;41,38037103;2,30467088;1165,80929623451;3824,83377145803;10,347656;62,380371;1000;38,25;347301;BCS1MU;1013,0;;;;;;-166,816406;178,0;0,288;-1632,0;-1664;1204;194,7;193,678;No alert, no SPI, aircraft airbone;27,650408461485227;15,968007104401668
CAT048;20;129;03:18:06:531;41,37681313;2,30341017;1135,32936505321;3724,83399404119;10,199219;63,297729;1000;37,25;347301;BCS1MU;1013,0;;;;;;-164,003906;178,0;0,288;-1632,0;-1632;1204;194,7;194,892;No alert, no SPI, aircraft airbone;27,594959267490594;15,754244211513058
CAT048;20;129;03:18:10:539;41,3733369;2,30203738;1097,2295364514;3599,83455237121;10,050781;64,204102;1000;36,0;347301;BCS1MU;1013,0;;;;;;-157,675781;179,0;0,288;-1792,0;-1728;1204;193,82;199,9292;No alert, no SPI, aircraft airbone;27,534406679234802;15,545344615077171
CAT048;20;129;03:18:14:539;41,36993301;2,29997886;1066,75012783241;3499,83648939767;9,878906;65,039062;1000;35,0;347301;BCS1MU;1013,0;12,129;-154,336;194,0;1,219;196,0;-151,875;180,0;0,288;-1632,0;-1632;1204;194,26;205,6366;No alert, no SPI, aircraft airbone;27,44283943033952;15,34056849290876
CAT048;20;129;03:18:18:547;41,36677544;2,29772789;1028,6508794371;3374,83895129243;9,707031;65,802612;1000;33,75;347301;BCS1MU;1013,0;;;;;;-148,710938;179,0;0,288;-1504,0;-1568;1204;193,16;209,4818;No alert, no SPI, aircraft airbone;27,342465653270974;15,150505922663994
CAT048;20;129;03:18:22:547;41,36375982;2,29525275;998,171783979051;3274,84191574983;9,53125;66,522217;1000;32,75;347301;BCS1MU;1013,0;;;;;;-146,953125;178,0;0,288;-1568,0;-1568;1204;193,16;211,8768;No alert, no SPI, aircraft airbone;27,23189540710534;14,96888869781289
CAT048;20;129;03:18:26:547;41,36085665;2,2926781;967,692762237974;3174,84512206083;9,355469;67,219849;1000;31,75;347301;BCS1MU;1013,0;;;;;;-141,152344;179,0;0,288;-1600,0;-1568;1204;192,94;215,5023;No alert, no SPI, aircraft airbone;27,116772478624043;14,793987320880658
CAT048;20;129;03:18:30:547;41,35855348;2,28928442;929,594258596189;3049,85002737272;9,160156;67,648315;1000;30,5;347301;BCS1MU;1013,0;25,664;-136,055;190,0;2,562;194,0;-130,429688;179,0;0,288;-1728,0;-1664;1204;190,96;224,1486;No alert, no SPI, aircraft airbone;26,964386746968376;14,654817408530542
CAT048;20;129;03:18:34:547;41,35588582;2,28578583;899,115741842426;2949,85489046631;8,953125;68,214111;1000;29,5;347301;BCS1MU;1013,0;;;;;;-122,519531;179,0;0,284;-1568,0;-1536;1204;189,42;233,3716;No alert, no SPI, aircraft airbone;26,807398570687848;14,493763309302409
CAT048;20;129;03:18:38:539;41,35416053;2,2817787;868,637584496289;2849,86093271881;8,746094;68,406372;1000;28,5;347301;BCS1MU;1013,0;;;;;;-119,355469;178,0;0,284;-1504,0;-1504;1204;189,64;238,1506;No alert, no SPI, aircraft airbone;26,627036746898995;14,389073011259091
CAT048;20;129;03:18:42:539;41,35251777;2,27781938;838,159374989569;2749,86680384078;8,542969;68,582153;1000;27,5;347301;BCS1MU;1013,0;;;;;;-118,300781;178,0;0,284;-1600,0;-1568;1204;189,2;240,1776;No alert, no SPI, aircraft airbone;26,44879257801479;14,289354756019183
CAT048;20;129;03:18:46:531;41,35083423;2,27369339;807,681203751825;2649,87280051714;8,332031;68,763428;1000;26,5;347301;BCS1MU;1013,0;-0,176;-119,18;188,0;-0,062;192,0;-118,300781;178,0;0,284;-1344,0;-1056;1204;188,98;240,8533;No alert, no SPI, aircraft airbone;26,263024233858125;14,187148950598454
CAT048;20;129;03:18:50:539;41,34917939;2,26963339;792,442962943576;2599,8785705438;8,125;68,950195;1000;26,0;347301;BCS1MU;1013,0;;;;;;-118,300781;178,0;0,28;-960,0;-928;1204;188,98;240,8533;No alert, no SPI, aircraft airbone;26,080216965029344;14,086692805717528
CAT048;20;129;03:18:54:531;41,34753558;2,26557589;761,9646819802;2499,88420722792;7,917969;69,142456;1000;25,0;347301;BCS1MU;1013,0;;;;;;-117,949219;177,0;0,28;-1408,0;-1056;1204;188,98;240,8533;No alert, no SPI, aircraft airbone;25,897509062586895;13,98690741575905
CAT048;20;129;03:18:58:531;41,34586409;2,26152001;746,726357084699;2449,88970137776;7,710938;69,356689;1000;24,5;347301;BCS1MU;1013,0;;;;;;-116,542969;177,0;0,28;-1024,0;-1056;1204;188,54;241,7981;No alert, no SPI, aircraft airbone;25,714875996814918;13,885471123256025
CAT048;20;129;03:19:02:523;41,34420456;2,25736341;731,488037782721;2399,89521387906;7,5;69,56543;1000;24,0;347301;BCS1MU;1013,0;3,691;-116,543;190,0;0,25;192,0;-115,136719;178,0;0,28;-512,0;-960;1204;190,3;243,4296;No alert, no SPI, aircraft airbone;25,527677134237983;13,78473113071198
CAT048;20;129;03:19:06:523;41,34271222;2,25322023;708,629686842673;2324,90062178091;7,292969;69,713745;1000;23,25;347301;BCS1MU;1013,0;;;;;;-113,90625;178,0;0,28;-960,0;-896;1204;190,3;244,7809;No alert, no SPI, aircraft airbone;25,341010837457905;13,69403013879262
CAT048;20;129;03:19:10:516;41,34127747;2,24904305;693,39131223131;2274,90595282097;7,085938;69,840088;1000;22,75;347301;BCS1MU;1013,0;;;;;;-113,027344;176,0;0,276;-640,0;-704;1204;187,66;245,7532;No alert, no SPI, aircraft airbone;25,15277736805748;13,606781838665594
CAT048;20;129;03:19:14:508;41,33991861;2,24482853;678,152915183455;2224,91121025049;6,878906;69,933472;1000;22,25;347301;BCS1MU;1013,0;;;;;;-112,5;173,0;0,272;-992,0;-800;1204;185,46;246,4728;No alert, no SPI, aircraft airbone;24,962819223038515;13,52408291553329
CAT048;20;129;03:19:18:508;41,33860346;2,24068973;655,294446341693;2149,91623133568;6,675781;70,021362;1000;21,5;347301;BCS1MU;1013,0;0,703;-113,203;182,0;0,062;182,0;-112,324219;170,0;0,268;-992,0;-896;1204;182,82;246,7969;No alert, no SPI, aircraft airbone;24,776258997714216;13,444035921259273
CAT048;20;129;03:19:22:508;41,33730634;2,23653697;640,055939936079;2099,92112997989;6,472656;70,10376;1000;21,0;347301;BCS1MU;1013,0;;;;;;-112,675781;168,0;0,264;-928,0;-896;1204;180,62;246,8408;No alert, no SPI, aircraft airbone;24,58905356908147;13,365075107744472
CAT048;20;129;03:19:26:500;41,33601308;2,23247907;617,197353905998;2024,92576658895;6,273438;70,202637;1000;20,25;347301;BCS1MU;1013,0;;;;;;-113,027344;166,0;0,26;-864,0;-832;1204;179,3;247,0111;No alert, no SPI, aircraft airbone;24,406126792394247;13,286381241570448
CAT048;20;129;03:19:30:500;41,33475464;2,22858302;601,958669946529;1974,93008270737;6,082031;70,3125;1000;19,75;347301;BCS1MU;1013,0;;;;;;-113,554688;164,0;0,256;-800,0;-800;1204;177,54;246,7584;No alert, no SPI, aircraft airbone;24,23049544481972;13,209828945267313
CAT048;20;129;03:19:34:492;41,33346916;2,2246124;579,099970546551;1899,93434736795;5,886719;70,43335;1000;19,0;347301;BCS1MU;1013,0;0,176;-113,555;174,0;-0,125;172,0;-113,730469;163,0;0,256;-992,0;-960;1204;173,36;246,5387;No alert, no SPI, aircraft airbone;24,05149665504693;13,131642424292144
CAT048;20;129;03:19:38:484;41,33220819;2,22071651;563,86120707076;1849,93840260603;5,695312;70,559692;1000;18,5;347301;BCS1MU;1013,0;;;;;;-114,257812;161,0;0,252;-896,0;-864;1204;172,48;246,4069;No alert, no SPI, aircraft airbone;23,875859799433215;13,054954348321639
CAT048;20;129;03:19:42:484;41,33096509;2,21690336;548,622378679924;1799,94224486824;5,507812;70,697021;1000;18,0;347301;BCS1MU;1013,0;;;;;;-114,785156;158,0;0,248;-832,0;-832;1204;168,96;245,863;No alert, no SPI, aircraft airbone;23,703949729619694;12,979368250051737
CAT048;20;129;03:19:46:477;41,32967796;2,2132062;525,763473189436;1724,94583337883;5,324219;70,889282;1000;17,25;347301;BCS1MU;1013,0;;;;;;-115,136719;157,0;0,244;-800,0;-832;1204;165,66;245,7532;No alert, no SPI, aircraft airbone;23,537291934534892;12,901180565280034
CAT048;20;129;03:19:50:477;41,32842192;2,20958;510,524513280019;1674,94924414962;5,144531;71,087036;1000;16,75;347301;BCS1MU;1013,0;0,527;-114,258;162,0;0,094;164,0;-114,960938;156,0;0,244;-768,0;-864;1204;162,58;245,6433;No alert, no SPI, aircraft airbone;23,373824179532644;12,824883391281386
CAT048;20;129;03:19:54:469;41,32721336;2,20602242;495,285502584651;1624,95248829983;4,96875;71,279297;1000;16,25;347301;BCS1MU;1013,0;;;;;;-114,960938;153,0;0,24;-768,0;-832;1204;159,06;245,8521;No alert, no SPI, aircraft airbone;23,2134353208674;12,75145858566698
CAT048;20;129;03:19:58:469;41,32602186;2,20254716;480,046437039971;1574,95555249822;4,796875;71,488037;1000;15,75;347301;BCS1MU;1013,0;;;;;;-114,609375;149,0;0,232;-800,0;-768;1204;154,88;245,5829;No alert, no SPI, aircraft airbone;23,056755851026004;12,679085150879377
CAT048;20;129;03:20:02:469;41,32487011;2,1991441;464,807323016226;1524,95845764456;4,628906;71,696777;1000;15,25;347301;BCS1MU;1013,0;;;;;;-114,257812;145,0;0,224;-672,0;-704;1204;151,36;245,8026;No alert, no SPI, aircraft airbone;22,903320712236514;12,609120667011984
CAT048;20;129;03:20:06:469;41,3237575;2,19581367;449,568162128329;1474,96120903711;4,464844;71,905518;1000;14,75;347301;BCS1MU;1013,0;0,0;-114,082;148,0;0,031;152,0;-114,082031;143,0;0,22;-800,0;-768;1204;147,84;246,0333;No alert, no SPI, aircraft airbone;22,753150006031397;12,541528282532663
CAT048;20;129;03:20:10:461;41,32267029;2,19256187;434,328953875229;1424,96380503201;4,304688;72,125244;1000;14,25;347301;BCS1MU;1013,0;;;;;;-114,082031;140,0;0,216;-736,0;-832;1204;144,76;245,9125;No alert, no SPI, aircraft airbone;22,606520134861434;12,475485210552407
CAT048;20;129;03:20:14:461;41,32162261;2,18947344;419,089679929428;1374,96618549966;4,152344;72,36145;1000;13,75;347301;BCS1MU;1013,0;;;;;;-114,257812;139,0;0,216;-864,0;-800;1204;141,46;245,7861;No alert, no SPI, aircraft airbone;22,46725756988487;12,411860215407557
CAT048;20;129;03:20:18:461;41,32054453;2,18630526;403,850399175659;1324,96854363147;3,996094;72,625122;1000;13,25;347301;BCS1MU;1013,0;;;;;;-114,082031;137,0;0,212;-832,0;-768;1204;138,38;245,6543;No alert, no SPI, aircraft airbone;22,32439544315035;12,34639673596403
CAT048;20;129;03:20:22:453;41,31950358;2,18330091;388,611056655645;1274,97069911811;3,847656;72,910767;1000;12,75;347301;BCS1MU;1013,0;0,352;-114,434;136,0;-0,062;140,0;-113,554688;134,0;0,208;-672,0;-704;1204;136,18;245,6927;No alert, no SPI, aircraft airbone;22,188922800462215;12,28320672575269
CAT048;20;129;03:20:26:453;41,31847997;2,18028731;373,37169388961;1224,97278818079;3,699219;73,201904;1000;12,25;347301;BCS1MU;1013,0;;;;;;-113,554688;132,0;0,204;-832,0;-768;1204;132,88;245,5554;No alert, no SPI, aircraft airbone;22,05302184014857;12,221058911388
CAT048;20;129;03:20:30:445;41,31747659;2,17735365;358,132291588932;1174,97474753663;3,554688;73,515015;1000;11,75;347301;BCS1MU;1013,0;;;;;;-113,378906;132,0;0,204;-704,0;-704;1204;130,68;245,5884;No alert, no SPI, aircraft airbone;21,920724067288575;12,160149040341956
CAT048;20;129;03:20:34:445;41,31648738;2,17441197;342,892869442701;1124,97664178239;3,410156;73,839111;1000;11,25;347301;BCS1MU;1013,0;;;;;;-113,203125;132,0;0,204;-704,0;-672;1204;129,8;245,4071;No alert, no SPI, aircraft airbone;21,788054947750172;12,100091382701875
CAT048;20;129;03:20:38:445;41,31552403;2,17163769;327,653392984532;1074,97835783937;3,273438;74,20166;1000;10,75;347301;BCS1MU;1013,0;0,703;-114,609;128,0;-0,062;136,0;-112,851562;130,0;0,2;-608,0;-640;1204;127,6;245,4401;No alert, no SPI, aircraft airbone;21,66294187439778;12,041630529840413
CAT048;20;129;03:20:42:445;41,31452811;2,16868788;320,033929047175;1049,98011577513;3,128906;74,591675;1000;10,5;347301;BCS1MU;1013,0;;;;;;-112,5;129,0;0,2;-608,0;-672;1204;126,28;245,6653;No alert, no SPI, aircraft airbone;21,52989951347068;11,981177205778552
CAT048;20;129;03:20:46:445;41,31357925;2,16590167;304,794414626434;999,981707282991;2,992188;75,003662;1000;10,0;347301;BCS1MU;1013,0;;;;;;-112,148438;128,0;0,196;-608,0;-640;1204;126,28;245,6653;No alert, no SPI, aircraft airbone;21,40423478237152;11,92359060740827
CAT048;20;129;03:20:50:445;41,31262286;2,16302486;289,554895786569;949,983284292405;2,851562;75,443115;1000;9,5;347301;BCS1MU;1013,0;;;;;;-112,5;129,0;0,2;-640,0;-576;1204;127,16;245,8521;No alert, no SPI, aircraft airbone;21,27447241263661;11,865534394371632
CAT048;20;129;03:20:54:445;41,31166502;2,16022878;281,93534229137;924,984748403218;2,714844;75,948486;1000;9,25;347301;BCS1MU;1013,0;-0,527;-114,082;128,0;-0,156;136,0;-113,203125;130,0;0,2;-480,0;-512;1204;128,04;246,0333;No alert, no SPI, aircraft airbone;21,148356934264953;11,807415078768958
CAT048;20;129;03:20:58:445;41,31070286;2,15734463;266,695782518014;874,986191116402;2,574219;76,49231;1000;8,75;347301;BCS1MU;1013,0;;;;;;-112,851562;130,0;0,2;-576,0;-640;1204;128,92;246,2146;No alert, no SPI, aircraft airbone;21,018256991217932;11,74901955080541
CAT048;20;129;03:21:02:445;41,30973353;2,15436333;259,076215613633;849,987611233833;2,429688;77,085571;1000;8,5;347301;BCS1MU;1013,0;;;;;;-113,730469;131,0;0,2;-608,0;-640;1204;129,8;245,4071;No alert, no SPI, aircraft airbone;20,883762721400924;11,690175123693274
CAT048;20;129;03:21:05:266;41,58488674;1,8977916;1828,83495944925;6000,11488835947;19,402344;331,660767;1000;60,0;AB4840;DAL128;1013,3;0,527;111,973;260,0;0,031;264,0;110,039062;236,0;0,396;-256,0;-160;3697;260,04;111,9232;No alert, no SPI, aircraft airbone;9,243614750932707;28,146949571618332
CAT048;20;129;03:21:06:453;41,30872642;2,15147955;243,83661135193;799,988907987865;2,289062;77,832642;1000;8,0;347301;BCS1MU;1013,0;;;;;;-113,554688;132,0;0,204;-704,0;-704;1204;131,56;245,7697;No alert, no SPI, aircraft airbone;20,753685955594317;11,629092895760902
CAT048;20;129;03:21:09:273;41,58309802;1,90381561;1821,21721189935;5975,12227748786;19,179688;332,221069;1000;59,75;AB4840;DAL128;1013,3;;;;;;110,039062;236,0;0,396;-64,0;0;3697;260,48;112,1265;No alert, no SPI, aircraft airbone;9,515120262225222;28,04032372932506
CAT048;20;129;03:21:10:453;41,30771767;2,14849814;228,596998751163;749,990177382767;2,144531;78,656616;1000;7,5;347301;BCS1MU;1013,0;1,582;-114,785;132,0;0,406;140,0;-114,082031;134,0;0,204;-768,0;-640;1204;132,0;245,3741;No alert, no SPI, aircraft airbone;20,619191084131412;11,567893573951809
CAT048;20;129;03:21:13:273;41,58125858;1,90981094;1821,21932079643;5975,12919644176;18,957031;332,786865;1000;59,75;AB4840;DAL128;1013,3;;;;;;110,039062;237,0;0,4;32,0;96;3697;260,48;112,1265;No alert, no SPI, aircraft airbone;9,785356737694263;27,930671676895155
CAT048;20;129;03:21:14:461;41,30667561;2,14542553;213,357374100946;699,991407245347;1,996094;79,634399;1000;7,0;347301;BCS1MU;1013,0;;;;;;-113,554688;134,0;0,204;-576,0;-672;1204;132,66;245,9454;No alert, no SPI, aircraft airbone;20,480578502163794;11,504679930050468
CAT048;20;129;03:21:17:273;41,57942603;1,91573666;1828,84130382631;6000,13570324551;18,738281;333,358154;1000;60,0;AB4840;DAL128;1013,3;;;;;;110,039062;237,0;0,4;32,0;160;3697;260,48;112,1265;No alert, no SPI, aircraft airbone;10,0524727121892;27,821443465316
CAT048;20;129;03:21:18:469;41,30568151;2,14258573;205,737699119374;674,992472778808;1,859375;80,733032;1000;6,75;347301;BCS1MU;1013,0;;;;;;-113,90625;134,0;0,204;-608,0;-640;1204;132,0;245,3741;No alert, no SPI, aircraft airbone;20,352474181670203;11,44440151727278
CAT048;20;129;03:21:21:273;41,57756196;1,92166252;1828,84317533579;6000,14184336866;18,519531;333,94043;1000;60,0;AB4840;DAL128;1013,3;0,0;112,148;262,0;-0,031;266,0;110,039062;238,0;0,4;96,0;128;3697;261,58;112,2473;No alert, no SPI, aircraft airbone;10,319614906983912;27,7103431631166
CAT048;20;129;03:21:22:477;41,3046625;2,13965035;190,498013571836;624,993502847023;1,71875;82,034912;1000;6,25;347301;BCS1MU;1013,0;;;;;;-113,378906;132,0;0,204;-768,0;-672;1204;131,12;245,1929;No alert, no SPI, aircraft airbone;20,220051502207063;11,382611345814599
CAT048;20;129;03:21:25:273;41,57572022;1,92755076;1828,84495135676;6000,14767020932;18,304688;334,533691;1000;60,0;AB4840;DAL128;1013,3;;;;;;110,039062;239,0;0,4;32,0;96;3697;262,68;112,1649;No alert, no SPI, aircraft airbone;10,585074516867447;27,600595720557152
CAT048;20;129;03:21:26:484;41,30363657;2,13669284;175,258308164775;574,994467759322;1,578125;83,578491;1000;5,75;347301;BCS1MU;1013,0;-0,352;-114,785;130,0;0;136,0;-113,378906;131,0;0,2;-640,0;-544;1204;131,12;245,1929;No alert, no SPI, aircraft airbone;20,086626080543734;11,320405575977631
CAT048;20;129;03:21:29:273;41,57387747;1,93354258;1828,84668597113;6000,15336120153;18,089844;335,154419;1000;60,0;AB4840;DAL128;1013,3;;;;;;110,039062;239,0;0,404;32,0;64;3697;263,56;112,0825;No alert, no SPI, aircraft airbone;10,855213928120978;27,49081862695687
CAT048;20;129;03:21:30:500;41,30260567;2,13370559;160,018583087251;524,995368135975;1,4375;85,429688;1000;5,25;347301;BCS1MU;1013,0;;;;;;-112,851562;131,0;0,2;-704,0;-736;1204;130,24;245,0061;No alert, no SPI, aircraft airbone;19,951853101967295;11,257899508122764
CAT048;20;129;03:21:33:273;41,57199296;1,93952939;1828,84829851519;6000,15865170059;17,875;335,786133;1000;60,0;AB4840;DAL128;1013,3;;;;;;110,039062;239,0;0,404;32,0;32;3697;264,0;112,2803;No alert, no SPI, aircraft airbone;11,125150002083036;27,378555078440648
CAT048;20;129;03:21:34:516;41,30158544;2,13076405;144,778831511736;474,996181576964;1,300781;87,654419;1000;4,75;347301;BCS1MU;1013,0;;;;;;-112,675781;130,0;0,2;-768,0;-672;1204;129,8;245,4071;No alert, no SPI, aircraft airbone;19,81913977037307;11,196048307416639
CAT048;20;129;03:21:37:281;41,57022988;1,94557633;1828,84992029518;6000,16397250123;17,667969;336,450806;1000;60,0;AB4840;DAL128;1013,3;0,176;112,148;264,0;-0,031;268,0;110,039062;240,0;0,404;0,0;0;3697;264,88;112,2034;No alert, no SPI, aircraft airbone;11,397788531433207;27,273600505788835
CAT048;20;129;03:21:38:547;41,30057967;2,12793775;137,159049403854;449,996895646139;1,171875;90,351562;1000;4,5;347301;BCS1MU;1013,0;;;;;;-112,324219;132,0;0,2;-672,0;-736;1204;130,68;245,5884;No alert, no SPI, aircraft airbone;19,691629452656514;11,135094725273609
CAT048;20;129;03:21:41:289;41,56837051;1,9516827;1828,85141158756;6000,16886519293;17,457031;337,131958;1000;60,0;AB4840;DAL128;1013,3;;;;;;110,039062;240,0;0,404;0,0;0;3697;264,88;112,2034;No alert, no SPI, aircraft airbone;11,67313555890413;27,162898117115237
CAT048;20;129;03:21:42:578;41,29957333;2,12504448;121,919251405634;399,99755678166;1,042969;93,718872;1000;4,0;347301;BCS1MU;1013,0;-0,527;-114,609;132,0;-0,281;140,0;-111,972656;134,0;0,204;-768,0;-768;1204;131,12;245,1929;No alert, no SPI, aircraft airbone;19,56108677379944;11,074096101904054
CAT048;20;129;03:21:45:289;41,56651101;1,95770843;1828,8527725637;6000,17333033788;17,25;337,818604;1000;60,0;AB4840;DAL128;1013,3;;;;;;110,039062;240,0;0,404;-32,0;-32;3697;264,88;112,2034;No alert, no SPI, aircraft airbone;11,944866202528715;27,052196234433683
CAT048;20;129;03:21:46:625;41,29855031;2,12204537;106,679438154213;349,998167873869;0,914062;98,118896;1000;3,5;347301;BCS1MU;1013,0;;;;;;-111,269531;132,0;0,2;-864,0;-736;1204;131,12;245,1929;No alert, no SPI, aircraft airbone;19,425758481488792;11,01207800493622
CAT048;20;129;03:21:49:289;41,5646215;1,96378731;1828,8540413836;6000,17749313298;17,042969;338,527222;1000;60,0;AB4840;DAL128;1013,3;;;;;;110,039062;240,0;0,404;32,0;0;3697;265,76;112,121;No alert, no SPI, aircraft airbone;12,219011805099958;26,93972089337356
CAT048;20;129;03:21:50:680;41,29752313;2,11906093;91,4396011820063;299,998701141974;0,792969;103,919678;1000;3,0;347301;BCS1MU;1013,0;;;;;;-111,972656;133,0;0,204;-704,0;-704;1204;131,12;245,1929;No alert, no SPI, aircraft airbone;19,29109063090833;10,949818351414725
CAT048;20;129;03:21:53:289;41,56280082;1,96978629;1828,85522593278;6000,18137944932;16,84375;339,246826;1000;60,0;AB4840;DAL128;1013,3;0,0;112,148;266,0;-0,031;270,0;110,039062;240,0;0,404;0,0;-32;3697;265,76;112,121;No alert, no SPI, aircraft airbone;12,489561157003164;26,831381197762802
CAT048;20;129;03:21:54:758;41,29649014;2,11609193;76,199740880169;249,999157869294;0,683594;111,697998;1000;2,5;347301;BCS1MU;1013,0;;;;;;-110,917969;133,0;0,2;-672,0;-608;1204;130,68;245,5884;No alert, no SPI, aircraft airbone;19,15711853149732;10,88721829541576
CAT048;20;129;03:21:57:297;41,56104293;1,97593782;1828,85640866868;6000,18525981656;16,648438;340,010376;1000;60,0;AB4840;DAL128;1013,3;;;;;;110,039062;240,0;0,404;-64,0;-64;3697;265,76;112,121;No alert, no SPI, aircraft airbone;12,766984696362373;26,72684823040108
CAT048;20;129;03:21:58:875;41,29547716;2,11310092;60,9598585339263;199,999542272447;0,589844;122,102051;1000;2,0;347301;BCS1MU;1013,0;2,637;-113,027;130,0;0,188;136,0;-108,984375;132,0;0,2;-576,0;-608;1204;129,58;246,7969;No alert, no SPI, aircraft airbone;19,022140996439614;10,825817978183492
CAT048;20;129;03:22:01:297;41,55912959;1,9819656;1828,85735664982;6000,18836999101;16,449219;340,762939;1000;60,0;AB4840;DAL128;1013,3;;;;;;110,039062;240,0;0,404;-160,0;-128;3697;264,88;112,2034;No alert, no SPI, aircraft airbone;13,038879784732893;26,612993654321087
CAT048;20;129;03:22:03:016;41,29455254;2,1100235;45,719953905791;149,999853572275;0,515625;135,670166;1000;1,5;347301;BCS1MU;1013,0;;;;;;-110,039062;130,0;0,196;-736,0;-704;1204;129,36;245,8081;No alert, no SPI, aircraft airbone;18,883225885040346;10,76970237895966
CAT048;20;129;03:22:05:297;41,55725367;1,98807282;1828,85825821292;6000,19132787527;16,253906;341,548462;1000;60,0;AB4840;DAL128;1013,3;;;;;;110,039062;239,0;0,404;-64,0;-32;3697;264,88;112,2034;No alert, no SPI, aircraft airbone;13,314361595390462;26,501414271964602
CAT048;20;129;03:22:07:195;41,29346435;2,10700353;30,4800263866782;100,000089770469;0,488281;152,737427;1000;1,0;347301;BCS1MU;1013,0;;;;;;-110,742188;130,0;0,196;-704,0;-608;1204;129,8;245,4071;No alert, no SPI, aircraft airbone;18,746951746406587;10,703795076351213
CAT048;20;129;03:22:09:305;41,55543276;1,99406793;1828,85906073824;6000,19396083243;16,066406;342,339478;1000;60,0;AB4840;DAL128;1013,3;0,0;112,148;264,0;-0,031;268,0;110,039062;239,0;0,404;96,0;0;3697;264,88;112,2034;No alert, no SPI, aircraft airbone;13,584797444177259;26,393135855122306
CAT048;20;129;03:22:11:383;41,2924237;2,10396714;22,8600749485195;75,0002482941006;0,503906;170,134277;1000;0,75;347301;BCS1MU;1013,0;;;;;;-111,445312;128,0;0,196;-704,0;-640;1204;130,68;245,5884;No alert, no SPI, aircraft airbone;18,609916996044824;10,640739883252163
CAT048;20;129;03:22:13:305;41,55356605;2,00010282;1828,85975398216;6000,19623525484;15,878906;343,152466;1000;60,0;AB4840;DAL128;1013,3;;;;;;110,039062;239,0;0,404;-192,0;-256;3697;264,88;112,2034;No alert, no SPI, aircraft airbone;13,857050045162921;26,282135704357277
CAT048;20;129;03:22:15:547;41,29136303;2,1009464;0,0001003984361886;0,0003293912053853;0,5625;185,130615;1000;0,0;347301;BCS1MU;1013,0;0,527;-114,434;130,0;0,062;130,0;-112,5;127,0;0,192;-768,0;-416;1204;129,36;245,8081;No alert, no SPI, aircraft airbone;18,47359134605953;10,576492230360078
CAT048;20;129;03:22:17:313;41,55170294;2,00608316;1821,2403396396;5975,19815590317;15,695312;343,97644;1000;59,75;AB4840;DAL128;1013,3;;;;;;110,039062;238,0;0,4;-480,0;-576;3697;264,0;112,2803;No alert, no SPI, aircraft airbone;14,126859870101859;26,171361526233802
CAT048;20;129;03:22:19:672;41,29039787;2,09801947;0,0001013716682791;0,000332584224157;0,644531;196,468506;1000;0,0;347301;BCS1MU;1013,0;;;;;;-114,082031;121,0;0,184;-160,0;-128;1204;127,6;245,4401;No alert, no SPI, aircraft airbone;18,341477694583453;10,517996550921445
CAT048;20;129;03:22:21:320;41,54986292;2,012105;1806,00085608568;5925,19984868014;15,515625;344,827881;1000;59,25;AB4840;DAL128;1013,3;;;;;;110,214844;237,0;0,4;-800,0;-832;3697;262,68;112,1649;No alert, no SPI, aircraft airbone;14,398549562728435;26,061997552763675
CAT048;20;129;03:22:23:758;41,28945549;2,09521628;8,2056038081646e-05;0,0002692127319797;0,742188;204,647827;1000;-0,25;347301;BCS1MU;1013,0;;;;;;-114,433594;112,0;0,168;192,0;-96;1204;118,58;245,5939;No alert, no SPI, aircraft airbone;18,214950667981952;10,460897196404936
CAT048;20;129;03:22:25:320;41,54801955;2,01807373;1790,76126332767;5875,20118317596;15,339844;345,690308;1000;58,75;AB4840;DAL128;1013,3;0,352;112,148;262,0;0,031;264,0;110,214844;237,0;0,396;-896,0;-928;3697;261,58;112,2473;No alert, no SPI, aircraft airbone;14,667862489636747;25,952442566048738
CAT048;20;129;03:22:27:813;41,28859714;2,09272532;4,85386699438095e-05;0,0001592476098984;0,839844;210,179443;1000;0,0;347301;BCS1MU;1013,0;;;;;;-113,730469;103,0;0,156;64,0;-128;1204;107,14;246,308;No alert, no SPI, aircraft airbone;18,10251940687762;10,408905728768174
CAT048;20;129;03:22:29:328;41,54617137;2,02395726;1767,90155616589;5800,20214153129;15,167969;346,558228;1000;58,0;AB4840;DAL128;1013,3;;;;;;110,039062;235,0;0,396;-1056,0;-1088;3697;260,48;112,1265;No alert, no SPI, aircraft airbone;14,933353042160778;25,842603012351972
CAT048;20;129;03:22:33:328;41,54441549;2,02995718;1745,0418348508;5725,20305345188;15,003906;347,470093;1000;57,25;AB4840;DAL128;1013,3;;;;;;110,039062;234,0;0,392;-1280,0;-1312;3697;258,06;112,088;No alert, no SPI, aircraft airbone;15,204081065763566;25,738337195480007
CAT048;20;129;03:22:37:336;41,54264735;2,03587564;1722,18199678045;5650,20358231716;14,84375;348,387451;1000;56,5;AB4840;DAL128;1013,3;;;;;;110,039062;232,0;0,388;-1312,0;-1344;3697;255,86;112,0496;No alert, no SPI, aircraft airbone;15,471156176109242;25,633340346096002
CAT048;20;129;03:22:41:336;41,54079521;2,04163733;1691,70199342165;5550,20356809749;14,683594;349,293823;1000;55,5;AB4840;DAL128;1013,3;0,352;112,148;254,0;0,062;256,0;110,039062;230,0;0,384;-1280,0;-1344;3697;254,1;112,2198;No alert, no SPI, aircraft airbone;15,731202187221378;25,523295714344826
CAT048;20;129;03:22:45:344;41,5390872;2,04750372;1668,84199984837;5475,20358678254;14,535156;350,244141;1000;54,75;AB4840;DAL128;1013,3;;;;;;109,863281;228,0;0,38;-1344,0;-1376;3697;251,9;112,1814;No alert, no SPI, aircraft airbone;15,995945296488777;25,421931339075975
CAT048;20;129;03:22:49:352;41,53737164;2,05329353;1638,36190101225;5375,20325931703;14,390625;351,199951;1000;53,75;AB4840;DAL128;1013,3;;;;;;110,039062;226,0;0,376;-1312,0;-1472;3697;249,26;111,9287;No alert, no SPI, aircraft airbone;16,257253356186872;25,32011775519526
CAT048;20;129;03:22:53:352;41,53556823;2,05890159;1607,88164422475;5275,20241363832;14,246094;352,139282;1000;52,75;AB4840;DAL128;1013,3;;;;;;110,214844;223,0;0,372;-1472,0;-1504;3697;248,38;112,0111;No alert, no SPI, aircraft airbone;16,510407362759967;25,21301858517479
CAT048;20;129;03:22:57:359;41,53390116;2,0645644;1577,40138546098;5175,2015614758;14,113281;353,111572;1000;51,75;AB4840;DAL128;1013,3;0,703;111,973;246,0;0,031;246,0;110,390625;222,0;0,368;-1408,0;-1472;3697;247,06;111,8848;No alert, no SPI, aircraft airbone;16,76600750585833;25,114122879300982
CAT048;20;129;03:23:01:367;41,53216449;2,07022764;1546,92100511491;5075,20031042121;13,980469;354,100342;1000;50,75;AB4840;DAL128;1013,3;;;;;;110,742188;221,0;0,364;-1376,0;-1408;3697;245,08;112,0605;No alert, no SPI, aircraft airbone;17,021658096741323;25,011069871494545
CAT048;20;129;03:23:05:367;41,53046703;2,07563851;1524,06054313853;5000,19879235063;13,855469;355,061646;1000;50,0;AB4840;DAL128;1013,3;;;;;;110,917969;220,0;0,364;-1280,0;-1216;3697;244,64;112,3627;No alert, no SPI, aircraft airbone;17,265938867614178;24,91033498502229
CAT048;20;129;03:23:09:375;41,52877882;2,08124917;1501,20002169441;4925,1970791759;13,734375;356,077881;1000;49,25;AB4840;DAL128;1013,3;;;;;;110,917969;218,0;0,36;-1056,0;-928;3697;242,44;112,3242;No alert, no SPI, aircraft airbone;17,519233490967046;24,810210230537198
CAT048;20;129;03:23:13:383;41,52706916;2,08662292;1485,95939626358;4875,19502563742;13,617188;357,06665;1000;48,75;AB4840;DAL128;1013,3;0,352;112,324;240,0;-0,062;238,0;110,742188;216,0;0,356;-736,0;-672;3697;239,14;112,3792;No alert, no SPI, aircraft airbone;17,76187011649384;24,708767114267552
CAT048;20;129;03:23:17:383;41,52535723;2,09205194;1470,71869626362;4825,19272744953;13,503906;358,082886;1000;48,25;AB4840;DAL128;1013,3;;;;;;111,796875;214,0;0,352;-128,0;-256;3697;237,82;112,7856;No alert, no SPI, aircraft airbone;18,007010906403227;24,60721429958589
CAT048;20;129;03:23:21:391;41,52350346;2,09745327;1463,09784595761;4800,18993693158;13,386719;359,110107;1000;48,0;AB4840;DAL128;1013,3;;;;;;115,3125;210,0;0,344;-672,0;-512;3697;232,32;116,8945;No alert, no SPI, aircraft airbone;18,250956036113;24,497164613982697
CAT048;20;129;03:23:25:398;41,52132016;2,10259292;1447,85675274953;4750,18634869078;13,253906;0,10437;1000;47,5;AB4840;DAL128;1013,3;;;;;;119,53125;208,0;0,344;-1056,0;-864;3697;231,22;121,0034;No alert, no SPI, aircraft airbone;18,48321384139005;24,36731209143706
CAT048;20;129;03:23:29:406;41,51907464;2,1073236;1432,61557053868;4700,18246844611;13,121094;1,038208;1000;47,0;AB4840;DAL128;1013,3;12,305;124,98;228,0;0,969;228,0;123,574219;207,0;0,34;-928,0;-928;3697;229,24;124,8651;No alert, no SPI, aircraft airbone;18,697071537243225;24,233654087268892
CAT048;20;129;03:23:33:406;41,51651978;2,11177975;1409,75418918394;4625,17793404222;12,972656;1,939087;1000;46,25;AB4840;DAL128;1013,3;;;;;;127,617188;205,0;0,336;-960,0;-896;3697;228,14;127,8699;No alert, no SPI, aircraft airbone;18,898658931763652;24,081396583702084
CAT048;20;129;03:23:37:414;41,51364828;2,11613962;1394,5126138255;4575,17276394325;12,808594;2,845459;1000;45,75;AB4840;DAL128;1013,3;;;;;;131,660156;203,0;0,332;-864,0;-896;3697;225,94;132,6654;No alert, no SPI, aircraft airbone;19,096014389335163;23,910138998615533
CAT048;20;129;03:23:41:414;41,51074486;2,1201132;1371,6510079084;4500,16749278618;12,644531;3,696899;1000;45,0;AB4840;DAL128;1013,3;;;;;;134,648438;202,0;0,332;-1024,0;-928;3697;225,06;135,0;No alert, no SPI, aircraft airbone;19,275983170127663;23,736891622599238
CAT048;20;129;03:23:45:422;41,50780241;2,12386871;1356,4093713481;4450,16212189369;12,480469;4,526367;1000;44,5;AB4840;DAL128;1013,3;2,109;136,582;222,0;0,125;220,0;135,527344;199,0;0,328;-1024,0;-960;3697;223,08;136,6315;No alert, no SPI, aircraft airbone;19,446148736123934;23,561263218655508
CAT048;20;129;03:23:49:422;41,5047618;2,12750679;1333,54767662194;4375,15655936831;12,3125;5,355835;1000;43,75;AB4840;DAL128;1013,3;;;;;;135,878906;199,0;0,324;-992,0;-1056;3697;221,54;137,0105;No alert, no SPI, aircraft airbone;19,611064855839235;23,379729063626872
CAT048;20;129;03:23:53:422;41,50180296;2,13120472;1310,68599886354;4300,15105251146;12,152344;6,218262;1000;43,0;AB4840;DAL128;1013,3;;;;;;135,878906;199,0;0,324;-1184,0;-1152;3697;221,54;137,0105;No alert, no SPI, aircraft airbone;19,778669776746852;23,203119385497594
CAT048;20;129;03:23:57:430;41,49872816;2,13493048;1287,82424649224;4225,14530086159;11,988281;7,113647;1000;42,25;AB4840;DAL128;1013,3;;;;;;135,878906;198,0;0,324;-1120,0;-1184;3697;220,22;137,0215;No alert, no SPI, aircraft airbone;19,94757978972634;23,019569066495677
CAT048;20;129;03:24:01:430;41,49573672;2,13863418;1264,9625165388;4150,13962276115;11,832031;8,025513;1000;41,5;AB4840;DAL128;1013,3;1,055;137,285;220,0;0,062;214,0;136,230469;196,0;0,32;-1440,0;-1280;3697;220,88;137,1973;No alert, no SPI, aircraft airbone;20,11548527906106;22,84102022924223
CAT048;20;129;03:24:05:445;41,49276113;2,14235616;1234,48077324964;4050,13390010835;11,679688;8,964844;1000;40,5;AB4840;DAL128;1013,3;;;;;;136,757812;197,0;0,32;-1344,0;-1344;3697;220,22;137,3895;No alert, no SPI, aircraft airbone;20,28422532854961;22,663433471045032
CAT048;20;129;03:24:09:445;41,48974279;2,14595713;1211,61900729407;3975,12810389066;11,527344;9,904175;1000;39,75;AB4840;DAL128;1013,3;;;;;;137,109375;196,0;0,32;-1376,0;-1376;3697;220,22;137,7576;No alert, no SPI, aircraft airbone;20,44753726225312;22,48326189822057
CAT048;20;129;03:24:13:453;41,4866848;2,14948555;1181,13721809443;3875,12223061293;11,375;10,854492;1000;38,75;AB4840;DAL128;1013,3;;;;;;137,460938;196,0;0,32;-1440,0;-1408;3697;220,44;138,1256;No alert, no SPI, aircraft airbone;20,60760496147549;22,30070221023688
CAT048;20;129;03:24:17:461;41,48362934;2,15307206;1150,65540778823;3775,11628808794;11,226562;11,843262;1000;37,75;AB4840;DAL128;1013,3;0,527;138,34;220,0;0,031;214,0;137,636719;196,0;0,316;-1408,0;-1440;3697;221,1;138,3014;No alert, no SPI, aircraft airbone;20,77030634697804;22,118314725234455
CAT048;20;129;03:24:21:461;41,48058844;2,15662044;1120,1735944571;3675,11033563862;11,082031;12,848511;1000;36,75;AB4840;DAL128;1013,3;;;;;;137,8125;197,0;0,316;-1504,0;-1408;3697;221,98;138,4717;No alert, no SPI, aircraft airbone;20,9312984987177;21,936798103421356
CAT048;20;129;03:24:25:469;41,4775368;2,16024252;1097,31175014749;3600,1042823539;10,941406;13,897705;1000;36,0;AB4840;DAL128;1013,3;;;;;;137,988281;197,0;0,316;-1216,0;-1088;3697;221,98;138,4717;No alert, no SPI, aircraft airbone;21,095632865087822;21,754661936575967
CAT048;20;129;03:24:29:477;41,47443294;2,16380068;1074,44988011196;3525,09814466653;10,800781;14,963379;1000;35,25;AB4840;DAL128;1013,3;;;;;;138,164062;197,0;0,316;-640,0;-640;3697;221,32;138,6639;No alert, no SPI, aircraft airbone;21,257116342657383;21,569385480429705
CAT048;20;129;03:24:31:742;41,28628459;2,08643367;91,4398981230333;299,999675357973;1,117188;219,265137;6352;3,0;342149;SWT220;;;;;;;;;;;;2030;121,0;245,0336;No alert, no SPI, aircraft airbone;17,818567279893713;10,268932903146787
CAT048;20;129;03:24:33:484;41,47130443;2,16744244;1066,82797108684;3500,09188066054;10,664062;16,078491;1000;35,0;AB4840;DAL128;1013,3;0,527;138,691;220,0;0,031;212,0;138,339844;196,0;0,316;-416,0;-288;3697;220,66;138,8617;No alert, no SPI, aircraft airbone;21,422393837848183;21,38265803908087
CAT048;20;129;03:24:35:766;41,28533124;2,0838378;152,399806980044;499,999382732406;1,238281;221,802979;6352;5,0;342149;SWT220;;;;;;;;;;;;2030;118,14;244,3414;No alert, no SPI, aircraft airbone;17,701405507927436;10,211234581501406
CAT048;20;129;03:24:37:492;41,46825542;2,17101847;1059,20609082934;3475,08571103652;10,535156;17,199097;1000;34,75;AB4840;DAL128;1013,3;;;;;;138,339844;196,0;0,316;-128,0;-32;3697;220,66;138,8617;No alert, no SPI, aircraft airbone;21,584695874660774;21,200689048804023
CAT048;20;129;03:24:39:781;41,28437893;2,08128646;182,879701447673;599,999039697584;1,359375;223,829956;6352;6,0;342149;SWT220;;;;;;;;;;;;2030;116,6;243,913;No alert, no SPI, aircraft airbone;17,58625431812931;10,153611094419961
CAT048;20;129;03:24:41:500;41,46514782;2,1745223;1059,20418807399;3475,07946840065;10,40625;18,336182;1000;34,75;AB4840;DAL128;1013,3;;;;;;138,339844;199,0;0,32;0,0;64;3697;224,18;138,9771;No alert, no SPI, aircraft airbone;21,743775396156778;21,015195171860263
CAT048;20;129;03:24:43:797;41,28333815;2,07877517;213,359585846774;699,998663629531;1,484375;225,32959;6352;7,0;342149;SWT220;;;;;;;;;;;;2030;116,38;242,7814;No alert, no SPI, aircraft airbone;17,4729348985092;10,090693652611144
CAT048;20;129;03:24:45:508;41,46205563;2,17819242;1066,82224274334;3500,07308688205;10,285156;19,539185;1000;35,0;AB4840;DAL128;1013,3;;;;;;138,515625;200,0;0,32;96,0;128;3697;225,5;138,9551;No alert, no SPI, aircraft airbone;21,910366334765865;20,830673784033777
CAT048;20;129;03:24:47:805;41,28216282;2,07634159;243,839466447942;799,998275101066;1,613281;226,30188;6352;8,0;342149;SWT220;;;;;;;;;;;;2030;116,6;239,5734;No alert, no SPI, aircraft airbone;17,363162590155454;10,019726277072277
CAT048;20;129;03:24:49:516;41,45881712;2,18185418;1066,82022917364;3500,06648068204;10,160156;20,786133;1000;35,0;AB4840;DAL128;1013,3;0,352;139,043;226,0;0,031;218,0;138,515625;200,0;0,324;0,0;32;3697;225,5;138,9551;No alert, no SPI, aircraft airbone;22,07664495705058;20,63738255810364
CAT048;20;129;03:24:51:805;41,2807997;2,07403522;274,319352420047;899,997904193787;1,746094;226,730347;6352;9,0;342149;SWT220;;;;;;;;;;;;2030;118,8;234,4427;No alert, no SPI, aircraft airbone;17,259190055831088;9,93752578088846
CAT048;20;129;03:24:53:523;41,45570515;2,18550212;1066,81825071573;3500,0599896782;10,046875;22,044067;1000;35,0;AB4840;DAL128;1013,3;;;;;;138,515625;201,0;0,324;160,0;96;3697;225,5;138,9551;No alert, no SPI, aircraft airbone;22,24227342205127;20,451683616955176
CAT048;20;129;03:24:55:797;41,27914838;2,0719724;304,79926311411;999,997614395296;1,882812;226,483154;6352;10,0;342149;SWT220;;;;;;;;;;;;2030;122,54;225,9833;No alert, no SPI, aircraft airbone;17,166305852770762;9,838093227432152
CAT048;20;129;03:24:57:531;41,45255909;2,18919625;1066,81623337232;3500,05337109723;9,9375;23,345947;1000;35,0;AB4840;DAL128;1013,3;;;;;;138,339844;201,0;0,324;32,0;64;3697;225,5;138,9551;No alert, no SPI, aircraft airbone;22,41001312012735;20,263959242349934
CAT048;20;129;03:24:59:781;41,27716664;2,07005368;304,79919951316;999,997405730755;2,027344;225,736084;6352;10,0;342149;SWT220;;;;;;;;;;;;2030;126,94;218,996;No alert, no SPI, aircraft airbone;17,080021523780974;9,718876566380642
CAT048;20;129;03:25:01:539;41,44934121;2,1928194;1066,81419346761;3500,04667849627;9,828125;24,6698;1000;35,0;AB4840;DAL128;1013,3;;;;;;138,339844;201,0;0,324;32,0;64;3697;225,5;138,9551;No alert, no SPI, aircraft airbone;22,574590836416956;20,071916678194924
CAT048;20;129;03:25:03:758;41,27484994;2,0685951;304,799199042842;999,997404187717;2,171875;224,324341;6352;10,0;342149;SWT220;;;;;;;;;;;;2030;136,62;208,6578;No alert, no SPI, aircraft airbone;17,014635321610413;9,579664696643787
CAT048;20;129;03:25:05:547;41,4462345;2,19646159;1066,81217286363;3500,04004921792;9,730469;26,010132;1000;35,0;AB4840;DAL128;1013,3;0,0;138,867;224,0;-0,094;218,0;138,164062;200,0;0,32;-32,0;0;3697;224,18;138,9771;No alert, no SPI, aircraft airbone;22,740005137940063;19,886552978367106
CAT048;20;129;03:25:07:734;41,27260617;2,06710862;335,279197612777;1099,9974026959;2,316406;223,187256;6352;11,0;342149;SWT220;;;;;;;;;;;;2030;136,84;207,702;No alert, no SPI, aircraft airbone;16,947963447624545;9,444822029061408
CAT048;20;129;03:25:09:563;41,44309695;2,2001093;1066,81012510974;3500,03333086504;9,636719;27,383423;1000;35,0;AB4840;DAL128;1013,3;;;;;;138,164062;200,0;0,324;32,0;0;3697;224,18;138,9771;No alert, no SPI, aircraft airbone;22,905694817543548;19,69934830805959
CAT048;20;129;03:25:11:719;41,27007867;2,06576977;335,279237467796;1099,99753345384;2,46875;221,802979;6352;11,0;342149;SWT220;;;;;;;;;;;;2030;141,46;203,703;No alert, no SPI, aircraft airbone;16,888039011635804;9,292994514881482
CAT048;20;129;03:25:13:570;41,44006149;2,20379032;1066,80808594078;3500,02664067794;9,554688;28,773193;1000;35,0;AB4840;DAL128;1013,3;;;;;;138,164062;200,0;0,324;32,0;0;3697;223,3;138,8123;No alert, no SPI, aircraft airbone;23,072867464619872;19,518281892481244
CAT048;20;129;03:25:15:695;41,26752704;2,06468425;365,75931620039;1199,99779496289;2,617188;220,369263;6352;12,0;342149;SWT220;;;;;;;;;;;;2030;144,1;200,5389;No alert, no SPI, aircraft airbone;16,839578119765186;9,139769835192322
CAT048;20;129;03:25:17:586;41,43687394;2,20739405;1066,8060042588;3500,01981101245;9,46875;30,195923;1000;35,0;AB4840;DAL128;1013,3;;;;;;138,339844;199,0;0,32;-64,0;-32;3697;223,3;138,8123;No alert, no SPI, aircraft airbone;23,236621292046557;19,328081222048453
CAT048;20;129;03:25:19:672;41,2646771;2,06368685;365,759441881441;1199,99820730231;2,777344;218,792725;6352;12,0;342149;SWT220;;;;;;;;;;;;2030;153,78;196,8915;No alert, no SPI, aircraft airbone;16,795176627164913;8,968673895279714
CAT048;20;129;03:25:21:594;41,4337099;2,21102631;1066,80390769709;3500,01293252892;9,390625;31,646118;1000;35,0;AB4840;DAL128;1013,3;0,527;138,691;224,0;0;216,0;138,339844;200,0;0,32;32,0;0;3697;223,3;138,8123;No alert, no SPI, aircraft airbone;23,401670080020725;19,139305030749245
CAT048;20;129;03:25:23:648;41,26179777;2,06295324;365,759616052732;1199,99877873044;2,933594;217,183228;6352;12,0;342149;SWT220;;;;;;;;;;;;2030;156,42;193,4637;No alert, no SPI, aircraft airbone;16,762715032632503;8,795866757490444
CAT048;20;129;03:25:25:602;41,4307056;2,21471988;1066,80182577483;3500,00610207511;9,328125;33,101807;1000;35,0;AB4840;DAL128;1013,3;;;;;;138,515625;201,0;0,324;-32,0;0;3697;223,96;138,62;No alert, no SPI, aircraft airbone;23,5694443753899;18,960132048765786
CAT048;20;129;03:25:27:625;41,2587874;2,06243265;396,239845317788;1299,99953411241;3,09375;215,507812;6352;13,0;342149;SWT220;;;;;;;;;;;;2030;161,26;190,1129;No alert, no SPI, aircraft airbone;16,739923258981577;8,615242706578178
CAT048;20;129;03:25:29:609;41,42755061;2,21831274;1066,79971445352;3499,99917516768;9,261719;34,584961;1000;35,0;AB4840;DAL128;1013,3;;;;;;138,691406;200,0;0,324;-32,0;-32;3697;223,3;138,8123;No alert, no SPI, aircraft airbone;23,732742810487153;18,77190202693533
CAT048;20;129;03:25:31:602;41,25569445;2,06197263;396,24011096824;1300,00040566904;3,257812;213,909302;6352;13,0;342149;SWT220;;;;;;;;;;;;2030;163,46;188,6078;No alert, no SPI, aircraft airbone;16,71989126759253;8,429678418887782
CAT048;20;129;03:25:33:625;41,42441393;2,22192971;1066,79758661427;3499,99219406755;9,203125;36,090088;1000;35,0;AB4840;DAL128;1013,3;;;;;;138,867188;199,0;0,32;-32,0;-32;3697;223,3;138,8123;No alert, no SPI, aircraft airbone;23,897138387753518;18,5847835426516
CAT048;20;129;03:25:35:578;41,252592;2,06183163;426,72043636255;1400,00147643571;3,417969;212,255859;6352;14,0;342149;SWT220;;;;;;;;;;;;2030;167,64;184,9164;No alert, no SPI, aircraft airbone;16,714297201541132;8,243605715586021
CAT048;20;129;03:25:37:633;41,42132543;2,22551428;1066,79546931945;3499,98524756202;9,152344;37,595215;1000;35,0;AB4840;DAL128;1013,3;0,352;138,867;222,0;-0,031;216,0;138,867188;199,0;0,32;0,0;-32;3697;223,3;138,8123;No alert, no SPI, aircraft airbone;24,060069331876754;18,400552433271304
CAT048;20;129;03:25:39:555;41,24950614;2,06176605;457,200791165233;1500,00264368654;3,578125;210,71228;6352;15,0;342149;SWT220;;;;;;;;;;;;2030;168,3;183,5486;No alert, no SPI, aircraft airbone;16,71211165506197;8,058542453545398
CAT048;20;129;03:25:41:648;41,41825447;2,22912073;1066,79333457071;3499,97824379298;9,109375;39,116821;1000;35,0;AB4840;DAL128;1013,3;;;;;;138,867188;198,0;0,32;-384,0;-448;3697;221,32;138,6639;No alert, no SPI, aircraft airbone;24,223996684073203;18,217386114718714
CAT048;20;129;03:25:43:531;41,24640032;2,06167831;487,681168583222;1600,00388513458;3,742188;209,30603;6352;16,0;342149;SWT220;;;;;;;;;;;;2030;168,08;182,807;No alert, no SPI, aircraft airbone;16,708927902786918;7,872278152262547
CAT048;20;129;03:25:45:656;41,41514285;2,23272012;1051,55117643997;3449,97116171131;9,070312;40,6604;1000;34,5;AB4840;DAL128;1013,3;;;;;;139,042969;197,0;0,316;-576,0;-672;3697;220,66;138,8617;No alert, no SPI, aircraft airbone;24,387635610514483;18,031786376103685
CAT048;20;129;03:25:47:516;41,24337507;2,06167144;518,161567238159;1700,00519625764;3,902344;208,00415;6352;17,0;342149;SWT220;;;;;;;;;;;;2030;167,86;182,2742;No alert, no SPI, aircraft airbone;16,709383682678293;7,690861024383321
CAT048;20;129;03:25:49:672;41,41204784;2,2363342;1036,30900269095;3399,96402838857;9,039062;42,214966;1000;34,0;AB4840;DAL128;1013,3;;;;;;139,042969;196,0;0,316;-832,0;-832;3697;219,78;138,6859;No alert, no SPI, aircraft airbone;24,551946874436002;17,847193770159183
CAT048;20;129;03:25:51:500;41,2402646;2,06159552;548,641991891898;1800,00659267862;4,070312;206,812134;6352;18,0;342149;SWT220;;;;;;;;;;;;2030;167,64;181,9226;No alert, no SPI, aircraft airbone;16,70673551113391;7,504320427170854
CAT048;20;129;03:25:53:688;41,40899356;2,23992782;1021,06683236081;3349,95690628264;9,015625;43,764038;1000;33,5;AB4840;DAL128;1013,3;0,527;138,867;218,0;0,062;212,0;139,042969;196,0;0,316;-992,0;-1056;3697;219,12;138,8837;No alert, no SPI, aircraft airbone;24,715334407590515;17,665044881076177
CAT048;20;129;03:25:55:477;41,23723668;2,06157463;579,122433449142;1900,00804455728;4,234375;205,713501;6352;19,0;342149;SWT220;;;;;;;;;;;;2030;167,42;181,6699;No alert, no SPI, aircraft airbone;16,706557084433435;7,322740785344884
CAT048;20;129;03:25:57:695;41,40591285;2,24347922;998,204657362774;3274,94976806208;8,996094;45,318604;1000;32,75;AB4840;DAL128;1013,3;;;;;;138,867188;196,0;0,312;-1088,0;-1184;3697;218,46;139,0814;No alert, no SPI, aircraft airbone;24,876840757148052;17,481305826189306
CAT048;20;129;03:25:59:461;41,23403522;2,06144766;579,122911949642;1900,00961444086;4,410156;204,697266;6352;19,0;342149;SWT220;;;;;;;;;;;;2030;167,42;181,5381;No alert, no SPI, aircraft airbone;16,70162042582531;7,1307343156441965
CAT048;20;129;03:26:01:703;41,40280065;2,24698625;975,342479224317;3199,94261953831;8,980469;46,878662;1000;32,0;AB4840;DAL128;1013,3;;;;;;138,867188;195,0;0,312;-1216,0;-1280;3697;217,8;138,9111;No alert, no SPI, aircraft airbone;25,036370698822058;17,29567231374855
CAT048;20;129;03:26:03:445;41,23088164;2,06130938;609,603405558504;2000,01123709256;4,585938;203,779907;6352;20,0;342149;SWT220;;;;;;;;;;;;2030;167,86;181,5656;No alert, no SPI, aircraft airbone;16,696159049654824;6,941597065700484
CAT048;20;129;03:26:05:719;41,39977353;2,25054239;952,480287716724;3124,93542715254;8,976562;48,427734;1000;31,25;AB4840;DAL128;1013,3;;;;;;138,515625;195,0;0,312;-1280,0;-1312;3697;217,58;138,5376;No alert, no SPI, aircraft airbone;25,198100491851758;17,11516174869563
CAT048;20;129;03:26:07:430;41,22767775;2,06116858;640,083931191824;2100,01296481139;4,765625;202,91748;6352;21,0;342149;SWT220;;;;;;;;;;;;2030;168,3;181,5601;No alert, no SPI, aircraft airbone;16,690595692215183;6,749442554544994
CAT048;20;129;03:26:09:727;41,3967621;2,25412343;921,998074352741;3024,92816225945;8,980469;49,976807;1000;30,25;AB4840;DAL128;1013,3;0,352;138,691;218,0;-0,031;210,0;138,515625;196,0;0,312;-1216,0;-1344;3697;217,58;138,5376;No alert, no SPI, aircraft airbone;25,360963377894947;16,935606074346314
CAT048;20;129;03:26:11:414;41,2245353;2,06134696;670,564507168718;2200,01485769942;4,9375;201,978149;6352;22,0;342149;SWT220;;;;;;;;;;;;2030;170,94;179,7253;No alert, no SPI, aircraft airbone;16,6994670338339;6,561033554008086
CAT048;20;129;03:26:13:742;41,39371497;2,25766008;899,135857374407;2949,92088630825;8,988281;51,525879;1000;29,5;AB4840;DAL128;1013,3;;;;;;138,515625;195,0;0,312;-1312,0;-1312;3697;218,46;138,7134;No alert, no SPI, aircraft airbone;25,521850325736484;16,753903327324714
CAT048;20;129;03:26:15:391;41,22140436;2,06278138;701,045246774331;2300,0172874271;5,089844;200,505981;6352;23,0;342149;SWT220;;;;;;;;;;;;2030;177,32;165,7397;No alert, no SPI, aircraft airbone;16,765206158398698;6,373555542814267
CAT048;20;129;03:26:17:750;41,39066244;2,2612424;868,653604684398;2849,91349239276;9,003906;53,080444;1000;28,5;AB4840;DAL128;1013,3;;;;;;138,339844;196,0;0,312;-1248,0;-1312;3697;218,46;138,7134;No alert, no SPI, aircraft airbone;25,6848166434421;16,571896856035618
CAT048;20;129;03:26:19:367;41,21856003;2,06439021;731,525966714136;2400,01965263441;5,226562;199,099731;6352;24,0;342149;SWT220;;;;;;;;;;;;2030;174,24;162,0483;No alert, no SPI, aircraft airbone;16,838775435779112;6,203299446016698
CAT048;20;129;03:26:21:758;41,38761409;2,26474113;845,791376559995;2774,90617987309;9,023438;54,613037;1000;27,75;AB4840;DAL128;1013,3;;;;;;138,867188;197,0;0,312;-1248,0;-1280;3697;218,68;139,455;No alert, no SPI, aircraft airbone;25,84402114160584;16,390123118156232
CAT048;20;129;03:26:23:352;41,21574196;2,06610685;762,006704349071;2500,02207589661;5,363281;197,720947;6352;25,0;342149;SWT220;;;;;;;;;;;;2030;172,7;159,7961;No alert, no SPI, aircraft airbone;16,917225991955284;6,0346404176173785
CAT048;20;129;03:26:25:773;41,38445429;2,26806812;815,309194095433;2674,89901635606;9,039062;56,14563;1000;26,75;AB4840;DAL128;1013,3;19,512;143,613;218,0;1,688;212,0;143,613281;198,0;0,316;-1344,0;-1376;3697;218,9;143,5474;No alert, no SPI, aircraft airbone;25,995527733898534;16,20162115263049
CAT048;20;129;03:26:27:328;41,21276205;2,0677672;762,007480807602;2500,02462333281;5,511719;196,408081;6352;25,0;342149;SWT220;;;;;;;;;;;;2030;172,48;158,7085;No alert, no SPI, aircraft airbone;16,993175865210382;5,856267080254864
CAT048;20;129;03:26:29:781;41,38098742;2,27086341;792,447199990973;2599,89247161838;9,03125;57,689209;1000;26,0;AB4840;DAL128;1013,3;;;;;;151,699219;199,0;0,316;-1376,0;-1376;3697;218,68;150,9686;No alert, no SPI, aircraft airbone;26,123155447945535;15,994551104080879
CAT048;20;129;03:26:31:313;41,20979985;2,06934346;792,488259023055;2600,0271797332;5,664062;195,205078;6352;26,0;342149;SWT220;;;;;;;;;;;;2030;172,26;158,4448;No alert, no SPI, aircraft airbone;17,065319895256046;5,6789408983296426
CAT048;20;129;03:26:33:797;41,37722422;2,2730229;761,965466721915;2499,88678183993;8,996094;59,238281;1000;25,0;AB4840;DAL128;1013,3;;;;;;161,015625;199,0;0,316;-1248,0;-1184;3697;218,46;159,9005;No alert, no SPI, aircraft airbone;26,222195765116975;15,769523483540612
CAT048;20;129;03:26:35:297;41,20675699;2,07084886;822,969062834978;2700,02982011151;5,824219;194,084473;6352;27,0;342149;SWT220;;;;;;;;;;;;2030;172,48;158,5767;No alert, no SPI, aircraft airbone;17,134282201914694;5,496765338439931
CAT048;20;129;03:26:37:813;41,37324445;2,27427773;739,104158720933;2424,88248809799;8,925781;60,743408;1000;24,25;AB4840;DAL128;1013,3;;;;;;170,15625;200,0;0,316;-992,0;-960;3697;218,02;169,151;No alert, no SPI, aircraft airbone;26,280468020662784;15,531238314427434
CAT048;20;129;03:26:39:281;41,20360992;2,07226987;822,969899202697;2700,03256410018;5,992188;193,046265;6352;27,0;342149;SWT220;;;;;;;;;;;;2030;172,92;158,8788;No alert, no SPI, aircraft airbone;17,199455961263975;5,3083253689220165
CAT048;20;129;03:26:41:820;41,36922441;2,27461778;723,863325122744;2374,8797515957;8,824219;62,160645;1000;23,75;AB4840;DAL128;1013,3;22,324;178,242;216,0;2,031;210,0;178,59375;197,0;0,312;-608,0;-576;3697;215,38;178,1323;No alert, no SPI, aircraft airbone;26,297437620665573;15,290263323416672
CAT048;20;129;03:26:43:266;41,2005243;2,07363384;853,450734292157;2800,03530709508;6,160156;192,095947;6352;28,0;342149;SWT220;;;;;;;;;;;;2030;173,36;159,3018;No alert, no SPI, aircraft airbone;17,26203632917639;5,12356027657835
CAT048;20;129;03:26:45:828;41,36520413;2,27433895;708,62283154577;2324,87813064862;8,703125;63,528442;1000;23,25;AB4840;DAL128;1013,3;;;;;;-173,496094;194,0;0,304;-640,0;-576;3697;212,3;185,9491;No alert, no SPI, aircraft airbone;26,286449239345913;15,049087700369851
CAT048;20;129;03:26:47:250;41,19734028;2,07494752;883,931607135572;2900,03817395467;6,335938;191,206055;6352;29,0;342149;SWT220;;;;;;;;;;;;2030;173,8;159,7412;No alert, no SPI, aircraft airbone;17,322370452500124;4,932885624780273
CAT048;20;129;03:26:49:836;41,36136695;2,27334034;701,002751784399;2299,87786816433;8,5625;64,775391;1000;23,0;AB4840;DAL128;1013,3;;;;;;-165,585938;192,0;0,3;-608,0;-448;3697;209,22;193,8318;No alert, no SPI, aircraft airbone;26,242865789385817;14,81867602209132
CAT048;20;129;03:26:51:234;41,19411985;2,07622107;914,412505597807;3000,04112486551;6,515625;190,376587;6352;30,0;342149;SWT220;;;;;;;;;;;;2030;174,46;160,2191;No alert, no SPI, aircraft airbone;17,380902150457583;4,740020664725182
CAT048;20;129;03:26:53:844;41,35769466;2,27167032;693,383049177937;2274,87884306494;8,402344;65,917969;1000;22,75;AB4840;DAL128;1013,3;;;;;;-157,324219;187,0;0,296;-288,0;-128;3697;204,82;201,7969;No alert, no SPI, aircraft airbone;26,16887472695973;14,597951835329502
CAT048;20;129;03:26:55:219;41,19105456;2,07748794;944,893383378163;3100,04400792241;6,6875;189,607544;6352;31,0;342149;SWT220;;;;;;;;;;;;2030;174,68;160,6091;No alert, no SPI, aircraft airbone;17,43909587579496;4,556458559328262
CAT048;20;129;03:26:55:367;41,28950801;2,09569445;7,62008962407708;25,0002948422571;0,730469;203,208618;1000;0,25;345082;BCS213P;1014,2;;;;;;-113,90625;107,0;0,164;-64,0;32;2286;107,36;245,8191;No alert, no SPI, aircraft airbone;18,236563960975367;10,46414652366458
CAT048;20;129;03:26:57:852;41,35428513;2,26938999;693,383693398908;2274,88095665087;8,226562;66,928711;1000;22,75;AB4840;DAL128;1013,3;26,191;-149,414;200,0;2,625;194,0;-148,183594;183,0;0,288;-96,0;32;3697;200,2;210,6683;No alert, no SPI, aircraft airbone;26,06719358692453;14,392804227179356
CAT048;20;129;03:26:59:203;41,18788405;2,07868938;975,374302949756;3200,04702808968;6,867188;188,893433;6352;32,0;342149;SWT220;;;;;;;;;;;;2030;175,12;161,0431;No alert, no SPI, aircraft airbone;17,49435879747057;4,366574673383105
CAT048;20;129;03:26:59:430;41,28857145;2,09295554;7,62005529366434;25,0001822096657;0,835938;209,509277;1000;0,25;345082;BCS213P;1014,2;;;;;;-113,203125;126,0;0,192;-32,0;32;2286;125,84;245,061;No alert, no SPI, aircraft airbone;18,11293955956803;10,407412900143582
CAT048;20;129;03:27:01:852;41,35143934;2,26636928;693,38476291392;2274,88446555851;8,035156;67,670288;1000;22,75;AB4840;DAL128;1013,3;;;;;;-137,109375;179,0;0,28;96,0;192;3697;195,14;221,0449;No alert, no SPI, aircraft airbone;25,931823025488896;14,221246002381255
CAT048;20;129;03:27:03:195;41,18479866;2,07987149;1005,85521782935;3300,05003286323;7,042969;188,22876;6352;33,0;342149;SWT220;;;;;;;;;;;;2030;175,34;161,4825;No alert, no SPI, aircraft airbone;17,548728601037222;4,181792140476116
CAT048;20;129;03:27:03:484;41,28751611;2,0898365;7,61999245081097;24,9999760323187;0,964844;214,958496;1000;0,25;345082;BCS213P;1014,2;;;;;;-113,203125;144,0;0,216;96,0;32;2286;142,78;245,5884;No alert, no SPI, aircraft airbone;17,97215011824757;10,343481909570404
CAT048;20;129;03:27:05:852;41,3490559;2,26288639;693,386089150794;2274,88881672949;7,835938;68,203125;1000;22,75;AB4840;DAL128;1013,3;;;;;;-130,253906;178,0;0,28;288,0;320;3697;194,26;228,7573;No alert, no SPI, aircraft airbone;25,775373616659575;14,077282499440598
CAT048;20;129;03:27:07:180;41,18159729;2,08104688;1036,33618396893;3400,05320581263;7,226562;187,591553;6352;34,0;342149;SWT220;;;;;;;;;;;;2030;175,56;161,8396;No alert, no SPI, aircraft airbone;17,602829853076074;3,9900542375799297
CAT048;20;129;03:27:07:531;41,28625957;2,08632064;7,6198939466849;24,9996528560417;1,121094;219,418945;1000;0,25;345082;BCS213P;1014,2;-2,812;-114,785;158,0;-0,156;158,0;-113,203125;155,0;0,236;384,0;608;2286;154,0;245,4291;No alert, no SPI, aircraft airbone;17,81346140417965;10,267409445101405
CAT048;20;129;03:27:09:852;41,34686944;2,25900199;701,007594695315;2299,89375698018;7,625;68,631592;1000;23,0;AB4840;DAL128;1013,3;;;;;;-126,210938;177,0;0,28;32,0;-128;3697;193,82;233,1848;No alert, no SPI, aircraft airbone;25,600691448250632;13,945020111911298
CAT048;20;129;03:27:11:172;41,17853284;2,08231913;1066,81713641156;3500,05633382449;7,402344;186,959839;6352;35,0;342149;SWT220;;;;;;;;;;;;2030;176,0;162,0483;No alert, no SPI, aircraft airbone;17,661288027614976;3,8065473493068205
CAT048;20;129;03:27:11:570;41,28499111;2,08273334;38,0997606208548;124,999218635325;1,285156;222,857666;1000;1,25;345082;BCS213P;1014,2;;;;;;-113,203125;161,0;0,244;1888,0;2400;2286;163,24;244,2151;No alert, no SPI, aircraft airbone;17,65153832070937;10,19061413979177
CAT048;20;129;03:27:13:852;41,34489989;2,25519182;693,389059140347;2274,89856079002;7,421875;68,999634;1000;22,75;AB4840;DAL128;1013,3;9,844;-122,871;192,0;0,906;188,0;-121,992188;176,0;0,276;-32,0;-384;3697;191,84;237,1344;No alert, no SPI, aircraft airbone;25,42926831905578;13,82579499231727
CAT048;20;129;03:27:15:156;41,17545728;2,08364336;1066,8181128148;3500,0595372473;7,578125;186,339111;6352;35,0;342149;SWT220;;;;;;;;;;;;2030;176,22;162,0978;No alert, no SPI, aircraft airbone;17,722109651338354;3,622385757752868
CAT048;20;129;03:27:15:586;41,2834998;2,0793211;91,4396148985252;299,998746143677;1,457031;224,917603;1000;3,0;345082;BCS213P;1014,2;;;;;;-111,796875;160,0;0,244;2496,0;2976;2286;161,92;244,3799;No alert, no SPI, aircraft airbone;17,497586906481672;10,100496767877226
CAT048;20;129;03:27:17:852;41,34312949;2,25118247;685,770595779642;2249,90360145768;7,214844;69,274292;1000;22,5;AB4840;DAL128;1013,3;;;;;;-119,355469;173,0;0,272;-320,0;-320;3697;188,76;240,4413;No alert, no SPI, aircraft airbone;25,248756733241546;13,718462517415523
CAT048;20;129;03:27:19:141;41,17247026;2,08512983;1097,29908776097;3600,0627390897;7,75;185,696411;6352;36,0;342149;SWT220;;;;;;;;;;;;2030;176,44;161,8616;No alert, no SPI, aircraft airbone;17,790264213062553;3,4435676323688647
CAT048;20;129;03:27:19:609;41,28249858;2,0753698;152,399379645474;499,997980716058;1,628906;227,883911;1000;5,0;345082;BCS213P;1014,2;;;;;;-112,851562;163,0;0,248;3008,0;3104;2286;162,14;245,9619;No alert, no SPI, aircraft airbone;17,319114937205743;10,039668060253316
CAT048;20;129;03:27:21:844;41,34156902;2,24715779;678,152120789513;2224,90860397107;7,011719;69,466553;1000;22,25;AB4840;DAL128;1013,3;;;;;;-117,597656;170,0;0,268;-672,0;-672;3697;185,24;242,3254;No alert, no SPI, aircraft airbone;25,06746251044932;13,623723176785019
CAT048;20;129;03:27:23:125;41,16967176;2,08697475;1127,78003459051;3700,06584868594;7,910156;184,971313;6352;37,0;342149;SWT220;;;;;;;;;;;;2030;176,66;158,3569;No alert, no SPI, aircraft airbone;17,87461619701374;3,276128856525267
CAT048;20;129;03:27:23:625;41,28121008;2,07174005;213,359143372625;699,997211942643;1,804688;229,564819;1000;7,0;345082;BCS213P;1014,2;-13,008;-115,488;162,0;-1,281;168,0;-116,367188;163,0;0,248;2944,0;3040;2286;162,8;244,5337;No alert, no SPI, aircraft airbone;17,155257950836784;9,961683057372483
CAT048;20;129;03:27:25:844;41,34009163;2,24309546;662,91362844035;2174,91354873224;6,808594;69,625854;1000;21,75;AB4840;DAL128;1013,3;;;;;;-116,015625;166,0;0,26;-864,0;-832;3697;180,84;243,7152;No alert, no SPI, aircraft airbone;24,884426580788045;13,53396368935618
CAT048;20;129;03:27:27:109;41,16680919;2,089159;1158,26102357078;3800,06909657197;8,074219;184,163818;6352;38,0;342149;SWT220;;;;;;;;;;;;2030;177,1;155,8026;No alert, no SPI, aircraft airbone;17,974369269606054;3,104919684767299
CAT048;20;129;03:27:27:625;41,27970625;2,06827714;274,318900271319;899,996420766154;1,984375;230,52063;1000;9,0;345082;BCS213P;1014,2;;;;;;-125,507812;161,0;0,248;2880,0;2912;2286;163,02;237,2827;No alert, no SPI, aircraft airbone;16,998997437219117;9,87082451501702
CAT048;20;129;03:27:29:836;41,33863528;2,23911883;640,05506309215;2099,91825319525;6,609375;69,796143;1000;21,0;AB4840;DAL128;1013,3;0,703;-115,664;176,0;0,062;174,0;-115,664062;163,0;0,256;-832,0;-864;3697;177,76;244,2975;No alert, no SPI, aircraft airbone;24,705247814602963;13,445498761618738
CAT048;20;129;03:27:31:094;41,16390629;2,09135507;1188,74203216471;3900,07240880726;8,242188;183,383789;6352;39,0;342149;SWT220;;;;;;;;;;;;2030;177,54;154,2371;No alert, no SPI, aircraft airbone;18,07467756953615;2,9312971322093544
CAT048;20;129;03:27:31:617;41,27765858;2,06530153;327,658708851784;1074,99579834929;2,167969;230,278931;1000;10,75;345082;BCS213P;1014,2;;;;;;-137,109375;161,0;0,248;2560,0;2528;2286;164,78;226,225;No alert, no SPI, aircraft airbone;16,864913557189784;9,747453421061318
CAT048;20;129;03:27:33:836;41,3373173;2,23525332;624,816427949816;2049,92272947487;6,417969;69,922485;1000;20,5;AB4840;DAL128;1013,3;;;;;;-116,015625;160,0;0,252;-864,0;-896;3697;174,02;244,4623;No alert, no SPI, aircraft airbone;24,531031804346775;13,365371105413656
CAT048;20;129;03:27:35:086;41,16115479;2,09366102;1219,22299962677;4000,07558609549;8,402344;182,60376;6352;40,0;342149;SWT220;;;;;;;;;;;;2030;177,76;152,9407;No alert, no SPI, aircraft airbone;18,17993253620401;2,7667789051555594
CAT048;20;129;03:27:35:602;41,27511005;2,06288609;373,378594873473;1224,99542920469;2,351562;229,11438;1000;12,25;345082;BCS213P;1014,2;;;;;;-153,105469;163,0;0,252;1952,0;1760;2286;169,62;211,2506;No alert, no SPI, aircraft airbone;16,756290758918247;9,59415896344548
CAT048;20;129;03:27:37:836;41,33596547;2,23140331;609,577746071853;1999,92705242238;6,226562;70,076294;1000;20,0;AB4840;DAL128;1013,3;;;;;;-116,542969;158,0;0,248;-864,0;-928;3697;170,94;244,3304;No alert, no SPI, aircraft airbone;24,357521878252296;13,283225595973379
CAT048;20;129;03:27:39:070;41,15836276;2,09597093;1249,70398397837;4100,07881879559;8,566406;181,851196;6352;41,0;342149;SWT220;;;;;;;;;;;;2030;177,76;151,9519;No alert, no SPI, aircraft airbone;18,28538686638008;2,599833966296294
CAT048;20;129;03:27:39:578;41,27212634;2,06147449;403,858625854366;1324,99553404804;2,519531;226,983032;1000;13,25;345082;BCS213P;1014,2;-31,816;-164,18;176,0;-3,688;174,0;-168,75;167,0;0,26;1664,0;1728;2286;176,66;195,7654;No alert, no SPI, aircraft airbone;16,693185541828917;9,414962532466703
CAT048;20;129;03:27:41:828;41,3346162;2,22764791;586,71899304539;1924,93114114304;6,039062;70,252075;1000;19,25;AB4840;DAL128;1013,3;;;;;;-116,542969;155,0;0,244;-928,0;-928;3697;167,42;244,5062;No alert, no SPI, aircraft airbone;24,188280139284576;13,201267516612631
CAT048;20;129;03:27:43:055;41,15557156;2,09837572;1249,7049726285;4100,0820623985;8,730469;181,098633;6352;41,0;342149;SWT220;;;;;;;;;;;;2030;178,2;151,051;No alert, no SPI, aircraft airbone;18,39514996864983;2,432961650679451
CAT048;20;129;03:27:43:539;41,26889185;2,0609989;441,958801304922;1449,99611367324;2,671875;224,247437;1000;14,5;345082;BCS213P;1014,2;;;;;;178,417969;170,0;0,264;1984,0;2016;2286;180,18;182,2247;No alert, no SPI, aircraft airbone;16,672487194930635;9,220907062767322
CAT048;20;129;03:27:45:828;41,33332215;2,22413566;571,480124532245;1874,93485177037;5,863281;70,444336;1000;18,75;AB4840;DAL128;1013,3;1,23;-115,137;164,0;0,188;162,0;-116,191406;154,0;0,24;-896,0;-928;3697;163,9;244,682;No alert, no SPI, aircraft airbone;24,030001674556587;13,122695145045377
CAT048;20;129;03:27:47:047;41,15276051;2,10076333;1280,18597051408;4200,08533950142;8,898438;180,379028;6352;42,0;342149;SWT220;;;;;;;;;;;;2030;178,42;150,3754;No alert, no SPI, aircraft airbone;18,504149139474812;2,2648985007467264
CAT048;20;129;03:27:47:500;41,26558738;2,06135766;495,299104046077;1624,99711251853;2,808594;221,176758;1000;16,25;345082;BCS213P;1014,2;;;;;;167,695312;171,0;0,264;2880,0;3104;2286;180,18;171,3702;No alert, no SPI, aircraft airbone;16,689556104044918;9,022814606596654
CAT048;20;129;03:27:49:820;41,33205442;2,22042627;556,241293184459;1824,9386843313;5,679688;70,603638;1000;18,25;AB4840;DAL128;1013,3;;;;;;-115,664062;151,0;0,236;-832,0;-864;3697;161,04;245,0226;No alert, no SPI, aircraft airbone;23,862796457294127;13,045653630836323
CAT048;20;129;03:27:51:031;41,14997207;2,10318622;1310,66696298029;4300,08859882426;9,066406;179,675903;6352;43,0;342149;SWT220;;;;;;;;;;;;2030;178,64;149,8096;No alert, no SPI, aircraft airbone;18,614750228723814;2,0982017701160998
CAT048;20;129;03:27:51:461;41,26237459;2,06227542;563,879487543367;1849,99837791178;2,933594;218,07312;1000;18,5;345082;BCS213P;1014,2;;;;;;165,585938;166,0;0,26;3520,0;3616;2286;176,0;166,5143;No alert, no SPI, aircraft airbone;16,73189759399705;8,830327218182633
CAT048;20;129;03:27:53:820;41,33084167;2,21696531;541,00234970171;1774,94214899536;5,507812;70,779419;1000;17,75;AB4840;DAL128;1013,3;;;;;;-115,136719;150,0;0,236;-864,0;-864;3697;159,5;245,5225;No alert, no SPI, aircraft airbone;23,706794458421374;12,971983781810923
CAT048;20;129;03:27:55:016;41,14727149;2,10565877;1341,14792483859;4400,09175772743;9,230469;178,983765;6352;44,0;342149;SWT220;;;;;;;;;;;;2030;178,86;149,2767;No alert, no SPI, aircraft airbone;18,72758665473496;1,936787433535896
CAT048;20;129;03:27:55:422;41,2592954;2,06340244;632,459903049283;2074,99974832021;3,054688;215,167236;1000;20,75;345082;BCS213P;1014,2;5,625;166,816;174,0;0,562;172,0;166,464844;162,0;0,256;3296,0;3232;2286;173,58;167,0032;No alert, no SPI, aircraft airbone;16,783678361704478;8,645892279920938
CAT048;20;129;03:27:57:813;41,32964407;2,21331812;518,143435581587;1699,94570919349;5,328125;70,927734;1000;17,0;AB4840;DAL128;1013,3;;;;;;-114,960938;150,0;0,232;-800,0;-832;3697;158,18;245,7037;No alert, no SPI, aircraft airbone;23,542363147834838;12,89917842485256
CAT048;20;129;03:27:59:000;41,14459224;2,10811859;1371,62887916341;4500,0948919145;9,394531;178,319092;6352;45,0;342149;SWT220;;;;;;;;;;;;2030;178,64;148,7988;No alert, no SPI, aircraft airbone;18,839849084633915;1,7766527097476696
CAT048;20;129;03:27:59:383;41,25615068;2,06430439;693,420320288278;2275,00112361459;3,191406;212,601929;1000;22,75;345082;BCS213P;1014,2;;;;;;171,035156;162,0;0,256;2976,0;2944;2286;171,82;169,931;No alert, no SPI, aircraft airbone;16,825295440582273;8,457485117815667
CAT048;20;129;03:28:01:813;41,32845507;2,20984416;502,904434817843;1649,94898592777;5,15625;71,109009;1000;16,5;AB4840;DAL128;1013,3;0,703;-114,082;158,0;0,125;158,0;-114,785156;150,0;0,236;-768,0;-768;3697;156,86;245,885;No alert, no SPI, aircraft airbone;23,385753368120675;12,826942104770234
CAT048;20;129;03:28:02:992;41,14186685;2,11054357;1402,10985188652;4600,09808646336;9,5625;177,687378;6352;46,0;342149;SWT220;;;;;;;;;;;;2030;178,42;148,4143;No alert, no SPI, aircraft airbone;18,950554400034076;1,6137468724232267
CAT048;20;129;03:28:03:359;41,25292568;2,0647662;746,760721425526;2450,00244528172;3,347656;210,50354;1000;24,5;345082;BCS213P;1014,2;;;;;;-178,769531;159,0;0,252;2624,0;2560;2286;170,5;175,6219;No alert, no SPI, aircraft airbone;16,847018155336915;8,264179410241079
CAT048;20;129;03:28:05:813;41,32725445;2,20628287;487,66542828083;1599,95224372088;4,980469;71,295776;1000;16,0;AB4840;DAL128;1013,3;;;;;;-114,609375;151,0;0,236;-800,0;-800;3697;156,86;245,885;No alert, no SPI, aircraft airbone;23,22519429980107;12,753991973549802
CAT048;20;129;03:28:06:984;41,13909638;2,11301199;1432,59084179625;4700,10133739881;9,734375;177,06665;6352;47,0;342149;SWT220;;;;;;;;;;;;2030;178,42;148,0518;No alert, no SPI, aircraft airbone;19,063251044061964;1,4481504230213162
CAT048;20;129;03:28:07:344;41,24975934;2,06417387;792,48102777265;2600,00345515762;3,527344;209,30603;1000;26,0;345082;BCS213P;1014,2;;;;;;-165,585938;159,0;0,252;2208,0;2112;2286;170,5;189,7888;No alert, no SPI, aircraft airbone;16,821019906183146;8,074188362204797
CAT048;20;129;03:28:09:805;41,32603513;2,2027286;472,426386085339;1549,95538452422;4,804688;71,51001;1000;15,5;AB4840;DAL128;1013,3;;;;;;-114,433594;150,0;0,232;-736,0;-736;3697;155,54;246,0718;No alert, no SPI, aircraft airbone;23,064953233399603;12,679928870290931
CAT048;20;129;03:28:10:969;41,13638863;2,1154945;1432,59180776775;4700,10450659674;9,902344;176,462402;6352;47,0;342149;SWT220;;;;;;;;;;;;2030;178,42;147,6837;No alert, no SPI, aircraft airbone;19,176577624260585;1,2863213866401089
CAT048;20;129;03:28:11:328;41,24673994;2,06310286;838,201285527088;2750,00430560869;3,710938;208,586426;1000;27,5;345082;BCS213P;1014,2;7,91;-163,477;172,0;1,031;172,0;-157,324219;161,0;0,256;2176,0;2208;2286;171,16;196,6333;No alert, no SPI, aircraft airbone;16,773316664271274;7,892917251468687
CAT048;20;129;03:28:13:805;41,32490501;2,19931595;457,187277657911;1499,95830803118;4,636719;71,702271;1000;15,0;AB4840;DAL128;1013,3;;;;;;-114,257812;150,0;0,232;-768,0;-736;3697;155,54;246,0718;No alert, no SPI, aircraft airbone;22,911077212312108;12,611258663399745
CAT048;20;129;03:28:14:961;41,13358824;2,11795796;1463,07281166036;4800,10780340777;10,078125;175,88562;6352;48,0;342149;SWT220;;;;;;;;;;;;2030;178,42;147,4255;No alert, no SPI, aircraft airbone;19,289076748145412;1,1189362544685029
CAT048;20;129;03:28:15:320;41,24378856;2,06170249;883,921514919028;2900,00506300694;3,898438;208,157959;1000;29,0;345082;BCS213P;1014,2;;;;;;-156,972656;161,0;0,256;2336,0;2304;2286;171,82;200,4346;No alert, no SPI, aircraft airbone;16,71068426909261;7,715662799228737
CAT048;20;129;03:28:17:797;41,32375181;2,19582104;441,948159861378;1449,9612007996;4,464844;71,911011;1000;14,5;AB4840;DAL128;1013,3;0,0;-113,906;156,0;-0,031;158,0;-114,257812;151,0;0,232;-768,0;-800;3697;155,54;246,0718;No alert, no SPI, aircraft airbone;22,75348514768969;12,541188984330622
CAT048;20;129;03:28:18:945;41,13087009;2,12042545;1493,55378367472;4900,11099563138;10,25;175,325317;6352;49,0;342149;SWT220;;;;;;;;;;;;2030;178,42;147,1838;No alert, no SPI, aircraft airbone;19,40174389036907;0,9564868504030651
CAT048;20;129;03:28:19:305;41,24081616;2,06020164;937,261750477366;3075,00584143616;4,089844;207,817383;1000;30,75;345082;BCS213P;1014,2;;;;;;-159,082031;162,0;0,26;2528,0;2528;2286;172,26;199,6985;No alert, no SPI, aircraft airbone;16,64350336955703;7,537129829799541
CAT048;20;129;03:28:21:797;41,3226318;2,1924923;426,708969726227;1399,9638562366;4,300781;72,141724;1000;14,0;AB4840;DAL128;1013,3;;;;;;-114,433594;151,0;0,232;-864,0;-864;3697;155,76;245,7367;No alert, no SPI, aircraft airbone;22,603388269335476;12,473159014369038
CAT048;20;129;03:28:22:938;41,12822722;2,12280359;1524,03473050147;5000,11410521845;10,417969;174,803467;6352;50,0;342149;SWT220;;;;;;;;;;;;2030;178,2;147,063;No alert, no SPI, aircraft airbone;19,510346763632768;0,7985349853294664
CAT048;20;129;03:28:23:297;41,23780972;2,05879441;990,602017202415;3250,00672211837;4,28125;207,443848;1000;32,5;345082;BCS213P;1014,2;;;;;;-160,488281;161,0;0,26;2560,0;2496;2286;172,48;198,9569;No alert, no SPI, aircraft airbone;16,580562673359832;7,356574638425342
CAT048;20;129;03:28:25:797;41,32142926;2,18892429;411,469806121662;1349,96659871619;4,125;72,410889;1000;13,5;AB4840;DAL128;1013,3;;;;;;-114,257812;151,0;0,232;-864,0;-864;3697;154,88;245,5829;No alert, no SPI, aircraft airbone;22,44249740385647;12,400124077310421
CAT048;20;129;03:28:26:922;41,12540819;2,12527244;1554,51574576739;5100,11743934349;10,597656;174,281616;6352;51,0;342149;SWT220;;;;;;;;;;;;2030;178,2;146,8872;No alert, no SPI, aircraft airbone;19,62312355509746;0,6300430089194917
CAT048;20;129;03:28:27:289;41,23478278;2,05742414;1036,32230766676;3400,00767988542;4,472656;207,075806;1000;34,0;345082;BCS213P;1014,2;-1,23;-161,543;174,0;0;174,0;-160,839844;162,0;0,26;2240,0;2080;2286;174,02;198,4296;No alert, no SPI, aircraft airbone;16,5192943838745;7,174798264495533
CAT048;20;129;03:28:29:789;41,32026195;2,18552554;388,610571452416;1274,96910724395;3,957031;72,70752;1000;12,75;AB4840;DAL128;1013,3;;;;;;-114,257812;152,0;0,236;-768,0;-832;3697;153,56;245,7697;No alert, no SPI, aircraft airbone;22,289240802913692;12,329251642080619
CAT048;20;129;03:28:30:914;41,12272783;2,12765656;1584,99671013467;5200,12060647823;10,769531;173,792725;6352;52,0;342149;SWT220;;;;;;;;;;;;2030;177,98;146,8378;No alert, no SPI, aircraft airbone;19,732026412283343;0,469850598924704
CAT048;20;129;03:28:31:273;41,2316739;2,05605977;1074,42262874078;3525,0087372779;4,667969;206,707764;1000;35,25;345082;BCS213P;1014,2;;;;;;-161,015625;164,0;0,264;1632,0;1504;2286;177,1;198,4296;No alert, no SPI, aircraft airbone;16,45830791683027;6,988110406634607
CAT048;20;129;03:28:33:789;41,31905952;2,18195272;373,371345212683;1224,97164422758;3,78125;73,026123;1000;12,25;AB4840;DAL128;1013,3;0,176;-114,434;152,0;-0,031;158,0;-114,082031;150,0;0,232;-768,0;-800;3697;151,8;245,462;No alert, no SPI, aircraft airbone;22,12812083981061;12,256234980050737
CAT048;20;129;03:28:34:898;41,11999065;2,12999811;1615,47770357877;5300,12386900937;10,945312;173,331299;6352;53,0;342149;SWT220;;;;;;;;;;;;2030;177,76;146,8488;No alert, no SPI, aircraft airbone;19,839024642119146;0,3062443640337382
CAT048;20;129;03:28:35:266;41,22843439;2,05463724;1104,90298202168;3625,00989953601;4,871094;206,356201;1000;36,25;345082;BCS213P;1014,2;;;;;;-161,542969;169,0;0,272;1408,0;1248;2286;183,26;198,1329;No alert, no SPI, aircraft airbone;16,394715035357617;6,793579248917325
CAT048;20;129;03:28:37:781;41,31793441;2,17870752;358,132018275559;1174,97385083918;3,621094;73,372192;1000;11,75;AB4840;DAL128;1013,3;;;;;;-113,378906;150,0;0,232;-832,0;-800;3697;149,6;245,4895;No alert, no SPI, aircraft airbone;21,981781106831527;12,187944161729302
CAT048;20;129;03:28:38:891;41,11733544;2,13238869;1645,95865940396;5400,12700811888;11,117188;172,869873;6352;54,0;342149;SWT220;;;;;;;;;;;;2030;177,54;146,7444;No alert, no SPI, aircraft airbone;19,94823035207057;0,1475676278144767
CAT048;20;129;03:28:39:258;41,2251756;2,05325165;1127,76336310059;3700,01115219493;5,074219;206,010132;1000;37,0;345082;BCS213P;1014,2;;;;;;-161,71875;175,0;0,284;1280,0;1184;2286;189,2;197,8583;No alert, no SPI, aircraft airbone;16,33279301647352;6,597900030672784
CAT048;20;129;03:28:41:781;41,31683712;2,17535823;342,892687186599;1124,97604382928;3,457031;73,701782;1000;11,25;AB4840;DAL128;1013,3;;;;;;-112,5;149,0;0,228;-768,0;-768;3697;149,16;245,8411;No alert, no SPI, aircraft airbone;21,830721040629687;12,121301087962342
CAT048;20;129;03:28:42:883;41,11459942;2,13473465;1645,9596560616;5400,13027799315;11,292969;172,435913;6352;54,0;342149;SWT220;;;;;;;;;;;;2030;177,1;146,7334;No alert, no SPI, aircraft airbone;20,055445708067598;-0,015962056082971136
CAT048;20;129;03:28:43:250;41,22168005;2,05175119;1158,24379187636;3800,01256213964;5,292969;205,675049;1000;38,0;345082;BCS213P;1014,2;-1,406;-162,246;196,0;-0,031;196,0;-161,894531;180,0;0,292;1216,0;1120;2286;195,58;197,8748;No alert, no SPI, aircraft airbone;16,265722197933464;6,3880028104817494
CAT048;20;129;03:28:45:781;41,31573903;2,17200642;327,653327611275;1074,97814336018;3,292969;74,064331;1000;10,75;AB4840;DAL128;1013,3;;;;;;-112,148438;149,0;0,228;-736,0;-736;3697;149,16;245,8411;No alert, no SPI, aircraft airbone;21,679542238011674;12,05461523371643
CAT048;20;129;03:28:46:867;41,11183179;2,13709699;1676,44066778012;5500,13360047972;11,472656;172,012939;6352;55,0;342149;SWT220;;;;;;;;;;;;2030;176,88;146,7444;No alert, no SPI, aircraft airbone;20,163422342025328;-0,18138049183498856
CAT048;20;129;03:28:47:234;41,21811384;2,05023055;1181,10425421316;3875,01408139271;5,515625;205,356445;1000;38,75;345082;BCS213P;1014,2;;;;;;-162,246094;186,0;0,3;1152,0;1120;2286;202,62;197,5397;No alert, no SPI, aircraft airbone;16,197747756874374;6,173865931757078
CAT048;20;129;03:28:49:789;41,31455505;2,16859309;312,413947828114;1024,98017659239;3,125;74,542236;1000;10,25;AB4840;DAL128;1013,3;0,0;-114,258;152,0;-0,062;158,0;-111,972656;151,0;0,232;-768,0;-768;3697;151,36;245,8026;No alert, no SPI, aircraft airbone;21,525604947794793;11,982769370544919
CAT048;20;129;03:28:50:859;41,10913705;2,13942946;1706,92165195849;5600,13683261149;11,648438;171,606445;6352;56,0;342149;SWT220;;;;;;;;;;;;2030;176,88;146,7499;No alert, no SPI, aircraft airbone;20,270030849446684;-0,3424319737773735
CAT048;20;129;03:28:51:234;41,21453297;2,04876141;1203,96475107875;3950,0157139292;5,738281;205,037842;1000;39,5;345082;BCS213P;1014,2;;;;;;-162,421875;192,0;0,312;1184,0;1152;2286;209,88;197,4792;No alert, no SPI, aircraft airbone;16,132101440405318;5,958860824467479
CAT048;20;129;03:28:53:781;41,3134013;2,16516363;297,17454211507;974,982124752806;2,957031;75,036621;1000;9,75;AB4840;DAL128;1013,3;;;;;;-112,324219;154,0;0,236;-832,0;-800;3697;154,44;245,9235;No alert, no SPI, aircraft airbone;21,370922971612906;11,912738442139494
CAT048;20;129;03:28:54:852;41,10638764;2,14177793;1737,402661792;5700,14014891367;11,828125;171,210938;6352;57,0;342149;SWT220;;;;;;;;;;;;2030;176,66;146,7609;No alert, no SPI, aircraft airbone;20,37739048097111;-0,50675508580481
CAT048;20;129;03:28:55:227;41,21070354;2,04718752;1226,82530904375;4025,0175469231;5,976562;204,724731;1000;40,25;345082;BCS213P;1014,2;;;;;;-162,773438;197,0;0,32;1120,0;1056;2286;215,82;197,254;No alert, no SPI, aircraft airbone;16,061764833527135;5,728932430631772
CAT048;20;129;03:28:57:789;41,3122166;2,16164985;281,93511961773;924,984017846635;2,785156;75,60791;1000;9,25;AB4840;DAL128;1013,3;;;;;;-112,324219;156,0;0,24;-800,0;-800;3697;157,08;245,5554;No alert, no SPI, aircraft airbone;21,21243301309517;11,840837110622623
CAT048;20;129;03:28:58:844;41,10369059;2,14411903;1737,40365044866;5700,14339253797;12,003906;170,826416;6352;57,0;342149;SWT220;;;;;;;;;;;;2030;176,44;146,7664;No alert, no SPI, aircraft airbone;20,484408438770267;-0,6679371723800436
CAT048;20;129;03:28:59:211;41,20680354;2,04562028;1249,68591172993;4100,01952664003;6,21875;204,417114;1000;41,0;345082;BCS213P;1014,2;-1,582;-163,125;222,0;0;222,0;-162,949219;203,0;0,332;1216,0;1344;2286;224,84;196,8201;No alert, no SPI, aircraft airbone;15,991738176145008;5,494774895519994
CAT048;20;129;03:29:01:789;41,31100892;2,15813645;266,695664806291;874,985804923073;2,613281;76,283569;1000;8,75;AB4840;DAL128;1013,3;;;;;;-112,851562;157,0;0,24;-768,0;-800;3697;159,5;245,5225;No alert, no SPI, aircraft airbone;21,05396185138759;11,767564210242345
CAT048;20;129;03:29:02:836;41,10095928;2,14646845;1767,88465642277;5800,14669617809;12,183594;170,452881;6352;58,0;342149;SWT220;;;;;;;;;;;;2030;176,44;146,7938;No alert, no SPI, aircraft airbone;20,591823079664707;-0,8311687458067466
CAT048;20;129;03:29:03:203;41,20277828;2,04405699;1287,78657347057;4225,02170170519;6,46875;204,104004;1000;42,25;345082;BCS213P;1014,2;;;;;;-163,300781;206,0;0,336;2080,0;2176;2286;227,7;196,6003;No alert, no SPI, aircraft airbone;15,92191220309511;5,25310814890294
CAT048;20;129;03:29:05:789;41,30974582;2,15445771;243,836201862432;799,987564518342;2,433594;77,091064;1000;8,0;AB4840;DAL128;1013,3;-0,176;-114,609;160,0;0,125;164,0;-113,203125;157,0;0,24;-704,0;-768;3697;159,5;245,5225;No alert, no SPI, aircraft airbone;20,888026350121415;11,690934713159955
CAT048;20;129;03:29:06:820;41,09810399;2,14881913;1798,36572460737;5900,15020392085;12,371094;170,095825;6352;59,0;342149;SWT220;;;;;;;;;;;;2030;176,44;146,8707;No alert, no SPI, aircraft airbone;20,69934242547944;-1,0018315023136566
CAT048;20;129;03:29:07:195;41,19870576;2,04245479;1333,50727180764;4375,02399763738;6,722656;203,818359;1000;43,75;345082;BCS213P;1014,2;;;;;;-163,476562;208,0;0,34;2176,0;2272;2286;229,9;196,6992;No alert, no SPI, aircraft airbone;15,850326559808682;5,008601818822208
CAT048;20;129;03:29:09:797;41,3085224;2,15092751;228,59668448288;749,989146318812;2,261719;78,00293;1000;7,5;AB4840;DAL128;1013,3;;;;;;-113,203125;158,0;0,24;-768,0;-800;3697;159,72;245,1984;No alert, no SPI, aircraft airbone;20,72878853092166;11,616727039896894
CAT048;20;129;03:29:10:813;41,09545253;2,15114631;1828,8467000192;6000,153407291;12,546875;169,744263;6352;60,0;342149;SWT220;;;;;;;;;;;;2030;176,44;146,8762;No alert, no SPI, aircraft airbone;20,80574081595365;-1,1602741960726672
CAT048;20;129;03:29:11:188;41,19456764;2,04084368;1379,22801745124;4525,02644877473;6,980469;203,543701;1000;45,25;345082;BCS213P;1014,2;;;;;;-163,828125;210,0;0,344;2272,0;2336;2286;232,76;196,485;No alert, no SPI, aircraft airbone;15,778344014886505;4,76016164013717
CAT048;20;129;03:29:13:805;41,30729757;2,14738277;213,3571371492;699,990629844581;2,089844;79,06311;1000;7,0;AB4840;DAL128;1013,3;;;;;;-113,203125;157,0;0,24;-832,0;-896;3697;159,5;245,5225;No alert, no SPI, aircraft airbone;20,568887730330673;11,54243785390045
CAT048;20;129;03:29:14:805;41,09265416;2,1534759;1828,84774975572;6000,15685130855;12,730469;169,40918;6352;60,0;342149;SWT220;;;;;;;;;;;;2030;176,44;146,9257;No alert, no SPI, aircraft airbone;20,912303387567373;-1,327522841329848
CAT048;20;129;03:29:15:180;41,19044286;2,03920001;1424,94878734741;4675,02897948089;7,238281;203,302002;1000;46,75;345082;BCS213P;1014,2;0,703;-163,477;234,0;0,094;232,0;-163,828125;212,0;0,348;2400,0;2432;2286;234,96;196,5784;No alert, no SPI, aircraft airbone;15,704874185727933;4,512517145993872
CAT048;20;129;03:29:17:813;41,30608574;2,14390401;198,117550062947;649,991982948519;1,921875;80,304565;1000;6,5;AB4840;DAL128;1013,3;;;;;;-113,730469;156,0;0,24;-928,0;-896;3697;158,4;245,3741;No alert, no SPI, aircraft airbone;20,411960465270834;11,468950200896792
CAT048;20;129;03:29:19:180;41,18633113;2,03754727;1478,28958505113;4850,03160221914;7,496094;203,082275;1000;48,5;345082;BCS213P;1014,2;;;;;;-161,894531;213,0;0,352;2848,0;3040;2286;236,06;198,2812;No alert, no SPI, aircraft airbone;15,630981037393536;4,265655226896039
CAT048;20;129;03:29:21:828;41,30484895;2,1403231;175,257942982018;574,993269653124;1,75;81,809692;1000;5,75;AB4840;DAL128;1013,3;1,406;-114,434;156,0;-0,188;162,0;-113,203125;156,0;0,24;-800,0;-768;3697;156,2;245,4016;No alert, no SPI, aircraft airbone;20,250415867738592;11,39394832855176
CAT048;20;129;03:29:23:172;41,18211547;2,03558255;1539,25038592517;5050,03423615875;7,765625;202,955933;1000;50,5;345082;BCS213P;1014,2;;;;;;-156,269531;214,0;0,352;3328,0;3456;2286;234,96;201,7529;No alert, no SPI, aircraft airbone;15,542969012939498;4,012507155412331
CAT048;20;129;03:29:25:836;41,3036594;2,13687232;160,018290646374;524,99440868425;1,585938;83,562012;1000;5,25;AB4840;DAL128;1013,3;;;;;;-112,148438;155,0;0,236;-704,0;-768;3697;155,54;246,0718;No alert, no SPI, aircraft airbone;20,09473531551159;11,321815951140332
CAT048;20;129;03:29:27:164;41,17841101;2,03274055;1615,45089776348;5300,03592341835;8,023438;203,186646;1000;53,0;345082;BCS213P;1014,2;;;;;;-148,183594;211,0;0,352;3616,0;3680;2286;233,86;210,6244;No alert, no SPI, aircraft airbone;15,415079279642507;3,7898611639527755
CAT048;20;129;03:29:29:852;41,30250375;2,1333736;152,398612285964;499,995463132283;1,421875;85,627441;1000;5,0;AB4840;DAL128;1013,3;;;;;;-111,621094;154,0;0,236;-608,0;-640;3697;153,12;246,1102;No alert, no SPI, aircraft airbone;19,936870925235375;11,251711721588713
CAT048;20;129;03:29:31:164;41,17489583;2,02952162;1684,03128533345;5525,03720217339;8,277344;203,543701;1000;55,25;345082;BCS213P;1014,2;18,984;-144,141;232,0;1,594;232,0;-141,679688;210,0;0,348;3648,0;3680;2286;232,1;217,4579;No alert, no SPI, aircraft airbone;15,270052884884997;3,5785040600141493
CAT048;20;129;03:29:33:875;41,30136582;2,13000011;137,158892485313;449,996380821515;1,265625;88,187256;1000;4,5;AB4840;DAL128;1013,3;;;;;;-111,796875;152,0;0,232;-608,0;-704;3697;151,36;245,8026;No alert, no SPI, aircraft airbone;19,78465882046254;11,182704853735547
CAT048;20;129;03:29:35:164;41,17147888;2,02626531;1760,23163479194;5775,03835669079;8,527344;203,90625;1000;57,75;345082;BCS213P;1014,2;;;;;;-135,703125;208,0;0,348;3520,0;3552;2286;231,66;222,0227;No alert, no SPI, aircraft airbone;15,123294693109871;3,3730364941841176
CAT048;20;129;03:29:37:906;41,30021079;2,1265547;121,919148487039;399,997219122217;1,109375;91,516113;1000;4,0;AB4840;DAL128;1013,3;0,703;-114,434;152,0;-0,281;158,0;-111,445312;153,0;0,232;-704,0;-736;3697;151,8;245,462;No alert, no SPI, aircraft airbone;19,62919408732766;11,112662267628913
CAT048;20;129;03:29:39:164;41,1685576;2,02197536;1828,81159223989;6000,03822428431;8,769531;204,609375;1000;60,0;345082;BCS213P;1014,2;;;;;;-130,078125;207,0;0,348;3456,0;3424;2286;230,56;229,043;No alert, no SPI, aircraft airbone;14,929571005064064;3,197121174513911
CAT048;20;129;03:29:41:953;41,29904192;2,12308431;106,679375511594;349,997962353458;0,957031;95,971069;1000;3,5;AB4840;DAL128;1013,3;;;;;;-111,09375;154,0;0,236;-640,0;-704;3697;152,68;245,6158;No alert, no SPI, aircraft airbone;19,47259827493206;11,041790313696495
CAT048;20;129;03:29:46:016;41,29786695;2,11960992;91,4395718406886;299,998604877805;0,8125;102,084961;1000;3,0;AB4840;DAL128;1013,3;;;;;;-110,742188;152,0;0,232;-640,0;-768;3697;151,8;245,462;No alert, no SPI, aircraft airbone;19,315817766217428;10,970557920959788
CAT048;20;129;03:29:50:102;41,29668258;2,11619084;76,1997350621969;249,999138781458;0,683594;110,65979;1000;2,5;AB4840;DAL128;1013,3;;;;;;-110,039062;151,0;0,228;-672,0;-672;3697;151,8;245,462;No alert, no SPI, aircraft airbone;19,161535789806038;10,898780233444922
CAT048;20;129;03:29:54:242;41,29548812;2,11270009;60,9598707286641;199,99958228143;0,574219;123,008423;1000;2,0;AB4840;DAL128;1013,3;0,703;-114,258;152,0;-0,156;152,0;-109,511719;149,0;0,228;-832,0;-672;3697;152,68;245,6158;No alert, no SPI, aircraft airbone;19,004009781592806;10,82638793608467
CAT048;20;129;03:29:58:430;41,29424199;2,10904399;45,7199792964384;149,999936874927;0,5;140,800781;1000;1,5;AB4840;DAL128;1013,3;;;;;;-110,214844;153,0;0,232;-608,0;-640;3697;154,88;245,5829;No alert, no SPI, aircraft airbone;18,839014512933318;10,75086773542297
CAT048;20;129;03:30:02:664;41,29301069;2,10532778;30,4800538998097;100,000180036652;0,484375;162,224121;1000;1,0;AB4840;DAL128;1013,3;;;;;;-111,09375;155,0;0,232;-864,0;-832;3697;156,2;245,4016;No alert, no SPI, aircraft airbone;18,671290109930265;10,67623094159862
CAT048;20;129;03:30:06:875;41,29171956;2,10167211;7,62009423784912;25,0003099793049;0,539062;181,856689;1000;0,25;AB4840;DAL128;1013,3;;;;;;-111,621094;154,0;0,232;-864,0;-768;3697;156,64;245,0665;No alert, no SPI, aircraft airbone;18,50631437314811;10,598026267812394
CAT048;20;129;03:30:11:031;41,29051709;2,09809433;9,93404537439346e-05;0,0003259201342612;0,636719;196,358643;1000;0,0;AB4840;DAL128;1013,3;0,352;-114,434;154,0;-0,188;154,0;-114,609375;150,0;0,228;-192,0;-192;3697;154,88;245,5829;No alert, no SPI, aircraft airbone;18,344830384644553;10,525161648166938
CAT048;20;129;03:30:15:133;41,28929498;2,09465692;7,50413164496422e-05;0,0002461985526606;0,761719;206,07605;1000;0,0;AB4840;DAL128;1013,3;;;;;;-114,609375;143,0;0,216;-96,0;-64;3697;146,3;245,3577;No alert, no SPI, aircraft airbone;18,1896949062983;10,451155142338342
CAT048;20;129;03:30:19:195;41,28818117;2,09147265;2,52248719334602e-05;8,27587688341737e-05;0,890625;212,525024;1000;0,0;AB4840;DAL128;1013,3;;;;;;-114,960938;124,0;0,188;96,0;0;3697;128,48;245,6268;No alert, no SPI, aircraft airbone;18,045973840630165;10,383701592250983
CAT048;20;129;03:30:23:234;41,2872873;2,08878357;-3,84533777832985e-05;-0,0001261593799665;1,003906;216,738281;1000;0,0;AB4840;DAL128;1013,3;;;;;;-113,730469;107,0;0,16;-160,0;0;3697;113,3;245,4675;No alert, no SPI, aircraft airbone;17,92458650425045;10,329544225903721
CAT048;20;129;03:33:02:414;41,11684389;2,17960674;1821,21162988991;5975,103963808;11,613281;162,306519;6465;59,75;3462C8;IBE2606;1014,0;;;;;;50,800781;255,0;0,428;-1376,0;-1408;3463;284,46;51,9983;No alert, no SPI, aircraft airbone;22,089662075014743;0,12943910842433265
CAT048;20;129;03:33:06:398;41,12011403;2,18504619;1790,72896566801;5875,09521972223;11,503906;160,834351;6465;58,75;3462C8;IBE2606;1014,0;;;;;;50,800781;255,0;0,428;-1344,0;-1408;3463;284,46;51,9983;No alert, no SPI, aircraft airbone;22,33523032849779;0,3269153036500911
CAT048;20;129;03:33:10:375;41,12330846;2,19047415;1760,24627818726;5775,08639932789;11,40625;159,345703;6465;57,75;3462C8;IBE2606;1014,0;-0,176;52,031;284,0;0;284,0;50,800781;255,0;0,428;-1408,0;-1376;3463;284,46;51,9983;No alert, no SPI, aircraft airbone;22,580278967713788;0,5198640032436458
CAT048;20;129;03:33:14:352;41,12652475;2,19595623;1737,3835081663;5700,07730893232;11,316406;157,818604;6465;57,0;3462C8;IBE2606;1014,0;;;;;;50,800781;255,0;0,428;-1408,0;-1376;3463;284,46;51,9983;No alert, no SPI, aircraft airbone;22,827750136100146;0,7141530441715537
CAT048;20;129;03:33:18:328;41,1297984;2,20139967;1706,90066533815;5600,06797886802;11,230469;156,269531;6465;56,0;3462C8;IBE2606;1014,0;;;;;;50,976562;255,0;0,428;-1376,0;-1344;3463;283,14;52,0312;No alert, no SPI, aircraft airbone;23,073425106067546;0,9118871837935624
CAT048;20;129;03:33:22:305;41,13295244;2,20688957;1676,41779822949;5500,05856914325;11,160156;154,703979;6465;55,0;3462C8;IBE2606;1014,0;;;;;;50,976562;255,0;0,424;-1312,0;-1312;3463;283,14;52,0312;No alert, no SPI, aircraft airbone;23,321224146160606;1,1024767150911934
CAT048;20;129;03:33:26:281;41,13616735;2,21230378;1653,55486943293;5425,04895783035;11,09375;153,127441;6465;54,25;3462C8;IBE2606;1014,0;-0,176;52,031;282,0;0,094;282,0;50,976562;255,0;0,424;-1344,0;-1312;3463;283,14;52,0312;No alert, no SPI, aircraft airbone;23,565546225135495;1,2967116631980604
CAT048;20;129;03:33:30:258;41,13932735;2,21775224;1623,07189221866;5325,03918686668;11,039062;151,534424;6465;53,25;3462C8;IBE2606;1014,0;;;;;;50,976562;255,0;0,424;-1344,0;-1280;3463;283,14;52,0312;No alert, no SPI, aircraft airbone;23,81141680767798;1,4876785281837992
CAT048;20;129;03:33:34:234;41,14256284;2,2231539;1600,20884251315;5250,02917887085;10,988281;149,924927;6465;52,5;3462C8;IBE2606;1014,0;;;;;;50,976562;255,0;0,424;-1248,0;-1280;3463;282,48;52,196;No alert, no SPI, aircraft airbone;24,05511473626049;1,6831747989930583
CAT048;20;129;03:33:38:211;41,14577846;2,22864125;1577,34571175557;5175,01890495613;10,949219;148,287964;6465;51,75;3462C8;IBE2606;1014,0;;;;;;50,976562;255,0;0,424;-1280,0;-1280;3463;282,48;52,196;No alert, no SPI, aircraft airbone;24,3026801631562;1,8775185952500333
CAT048;20;129;03:33:42:188;41,14897814;2,23406435;1546,86255035643;5075,00852971137;10,917969;146,656494;6465;50,75;3462C8;IBE2606;1014,0;0,0;52,031;282,0;0;282,0;50,800781;255,0;0,42;-1216,0;-1280;3463;281,6;52,0697;No alert, no SPI, aircraft airbone;24,547314994985896;2,070904207484685
CAT048;20;129;03:33:46:164;41,15218236;2,23944429;1523,99934544601;4999,99801251307;10,894531;145,025024;6465;50,0;3462C8;IBE2606;1014,0;;;;;;50,625;255,0;0,42;-1248,0;-1344;3463;281,6;52,0697;No alert, no SPI, aircraft airbone;24,789968044538597;2,2645651683801096
CAT048;20;129;03:33:50:141;41,15538559;2,24479711;1493,51609450765;4899,98734350448;10,878906;143,393555;6465;49,0;3462C8;IBE2606;1014,0;;;;;;50,800781;255,0;0,42;-1248,0;-1312;3463;281,6;52,0697;No alert, no SPI, aircraft airbone;25,031368609861282;2,4581740995606607
CAT048;20;129;03:33:54:117;41,15858062;2,25023022;1470,65275596734;4824,97638788789;10,875;141,745605;6465;48,25;3462C8;IBE2606;1014,0;;;;;;50,449219;255,0;0,42;-1184,0;-1152;3463;281,6;52,0697;No alert, no SPI, aircraft airbone;25,2763874709351;2,6513294734764177
CAT048;20;129;03:33:58:094;41,16178;2,25563135;1447,78937080782;4749,96527932113;10,878906;140,103149;6465;47,5;3462C8;IBE2606;1014,0;-0,703;52,031;280,0;-0,031;280,0;50,097656;254,0;0,416;-800,0;-704;3463;280,94;51,9434;No alert, no SPI, aircraft airbone;25,519931497951113;2,844751759852847
CAT048;20;129;03:34:02:070;41,1649225;2,26102279;1440,16595027782;4724,95405630948;10,894531;138,477173;6465;47,25;3462C8;IBE2606;1014,0;;;;;;48,867188;252,0;0,412;-672,0;-672;3463;278,08;52,0148;No alert, no SPI, aircraft airbone;25,763034817567704;3,0347755539931494
CAT048;20;129;03:34:06:047;41,16813315;2,26623903;1424,92253142409;4674,94283799741;10,910156;136,873169;6465;46,75;3462C8;IBE2606;1014,0;;;;;;46,757812;249,0;0,408;-896,0;-832;3463;276,76;50,7239;No alert, no SPI, aircraft airbone;25,998149057440642;3,2288490652253383
CAT048;20;129;03:34:10:023;41,17157936;2,27102166;1402,0591964554;4599,93189409875;10,910156;135,296631;6465;46,0;3462C8;IBE2606;1014,0;;;;;;40,429688;246,0;0,404;-1152,0;-1088;3463;272,58;46,6315;No alert, no SPI, aircraft airbone;26,21349931318496;3,436932260041382
CAT048;20;129;03:34:14:000;41,17543559;2,27511544;1379,19604264013;4524,92154453546;10,878906;133,742065;6465;45,25;3462C8;IBE2606;1014,0;-27,07;39,902;270,0;-2,188;268,0;31,992188;243,0;0,4;-992,0;-928;3463;269,94;39,8859;No alert, no SPI, aircraft airbone;26,397452029306923;3,669406506507229
CAT048;20;129;03:34:17:977;41,17957283;2,27848217;1363,95316155627;4474,91209056028;10,820312;132,231445;6465;44,75;3462C8;IBE2606;1014,0;;;;;;23,203125;239,0;0,392;-768,0;-736;3463;265,54;31,5912;No alert, no SPI, aircraft airbone;26,54833039745976;3,9185196786743406
CAT048;20;129;03:34:21:961;41,18393371;2,28085578;1348,71073354594;4424,90412304688;10,726562;130,808716;6465;44,25;3462C8;IBE2606;1014,0;;;;;;15,644531;236,0;0,384;-768,0;-768;3463;260,7;22,8186;No alert, no SPI, aircraft airbone;26,654108136551038;4,180746621134098
CAT048;20;129;03:34:25:938;41,18860128;2,28247647;1333,46864048019;4374,89725443303;10,601562;129,402466;6465;43,75;3462C8;IBE2606;1014,0;;;;;;7,382812;233,0;0,38;-768,0;-736;3463;256,3;14,469;No alert, no SPI, aircraft airbone;26,725640394972558;4,46113734872619
CAT048;20;129;03:34:29:914;41,19322312;2,28331733;1318,22700636648;4324,89189156739;10,457031;128,095093;6465;43,25;3462C8;IBE2606;1014,0;-15,293;7,383;254,0;-1,188;250,0;1,933594;229,0;0,376;-544,0;-576;3463;255,2;7,207;No alert, no SPI, aircraft airbone;26,761857319296695;4,738548523821582
CAT048;20;129;03:34:33:898;41,19785622;2,28357514;1310,6057198476;4299,88766990482;10,296875;126,837158;6465;43,0;3462C8;IBE2606;1014,0;;;;;;-0,175781;225,0;0,368;-544,0;-576;3463;248,38;2,7686;No alert, no SPI, aircraft airbone;26,77165608841117;5,016456883214313
CAT048;20;129;03:34:37:875;41,20233872;2,28366497;1295,36460621934;4249,88401466867;10,140625;125,606689;6465;42,5;3462C8;IBE2606;1014,0;;;;;;0,0;222,0;0,364;-608,0;-672;3463;243,32;1,4117;No alert, no SPI, aircraft airbone;26,77390641562899;5,285283189209523
CAT048;20;129;03:34:41:859;41,20670199;2,28372726;1280,12358130235;4199,88065048001;9,992188;124,376221;6465;42,0;3462C8;IBE2606;1014,0;;;;;;0,527344;219,0;0,356;-608,0;-672;3463;239,36;1,6754;No alert, no SPI, aircraft airbone;26,7749572777044;5,546951564713345
CAT048;20;129;03:34:45:844;41,21103473;2,28394053;1272,50253035035;4174,87720167464;9,855469;123,096313;6465;41,75;3462C8;IBE2606;1014,0;2,461;2,285;236,0;0,188;236,0;1,40625;216,0;0,352;-736,0;-800;3463;235,4;2,4335;No alert, no SPI, aircraft airbone;26,782857067547077;5,806835717644471
CAT048;20;129;03:34:49:820;41,21528426;2,28427446;1249,64147844724;4099,87374814885;9,730469;121,78894;6465;41,0;3462C8;IBE2606;1014,0;;;;;;2,109375;213,0;0,348;-768,0;-768;3463;232,54;2,9608;No alert, no SPI, aircraft airbone;26,79625292456171;6,061767356599499
CAT048;20;129;03:34:53:797;41,21947596;2,28461637;1242,02047629002;4074,87045943136;9,613281;120,465088;6465;40,75;3462C8;IBE2606;1014,0;;;;;;2,285156;210,0;0,34;-704,0;-672;3463;228,58;3,7628;No alert, no SPI, aircraft airbone;26,810031580123248;6,313233898986365
CAT048;20;129;03:34:57:781;41,22362793;2,28510064;1226,77944896184;4024,86708733196;9,507812;119,102783;6465;40,25;3462C8;IBE2606;1014,0;;;;;;2,636719;206,0;0,332;-704,0;-672;3463;225,72;4,3176;No alert, no SPI, aircraft airbone;26,830269762735085;6,562361997042193
CAT048;20;129;03:35:01:758;41,22777731;2,28544626;1211,53853475768;3974,86408637439;9,402344;117,729492;6465;39,75;3462C8;IBE2606;1014,0;0,703;4,57;222,0;-0,031;220,0;2,8125;202,0;0,328;-640,0;-672;3463;221,98;4,6527;No alert, no SPI, aircraft airbone;26,844229121800097;6,811292545499563
CAT048;20;129;03:35:05:734;41,23177795;2,28594431;1196,29760582373;3924,86103709071;9,3125;116,356201;6465;39,25;3462C8;IBE2606;1014,0;;;;;;2,988281;199,0;0,324;-736,0;-608;3463;218,9;4,7186;No alert, no SPI, aircraft airbone;26,865147496982125;7,051350825101269
CAT048;20;129;03:35:09:719;41,23574189;2,28637552;1188,6767549105;3899,85824458056;9,226562;114,977417;6465;39,0;3462C8;IBE2606;1014,0;;;;;;3,339844;196,0;0,316;-544,0;-640;3463;214,94;5,0702;No alert, no SPI, aircraft airbone;26,8830523775508;7,289188114753233
CAT048;20;129;03:35:13:695;41,23964007;2,28683335;1173,43593636528;3849,85555746465;9,148438;113,59314;6465;38,5;3462C8;IBE2606;1014,0;;;;;;2,988281;192,0;0,312;-672,0;-736;3463;212,08;5,1416;No alert, no SPI, aircraft airbone;26,902186613525227;7,523090508659583
CAT048;20;129;03:35:17:680;41,24350344;2,28724313;1150,57518332545;3774,85308446146;9,074219;112,203369;6465;37,75;3462C8;IBE2606;1014,0;0,0;5,098;210,0;0,031;208,0;3,339844;191,0;0,308;-1152,0;-1216;3463;209,0;5,2185;No alert, no SPI, aircraft airbone;26,91915771955256;7,754890977438856
CAT048;20;129;03:35:21:656;41,24727559;2,28775637;1127,71442222502;3699,85058501274;9,011719;110,813599;6465;37,0;3462C8;IBE2606;1014,0;;;;;;3,339844;192,0;0,308;-1504,0;-1568;3463;208,12;5,2405;No alert, no SPI, aircraft airbone;26,940846378191164;7,981253474224493
CAT048;20;129;03:35:25:633;41,2510834;2,28817329;1089,61374094803;3574,84834585193;8,949219;109,401855;6465;35,75;3462C8;IBE2606;1014,0;;;;;;2,988281;192,0;0,308;-1568,0;-1664;3463;208,12;5,2405;No alert, no SPI, aircraft airbone;26,95815861732164;8,209725008973585
CAT048;20;129;03:35:29:609;41,2548956;2,28873052;1059,13301881682;3474,84597345498;8,898438;107,957153;6465;34,75;3462C8;IBE2606;1014,0;;;;;;2,8125;193,0;0,308;-1728,0;-1728;3463;208,12;5,2405;No alert, no SPI, aircraft airbone;26,981816403647844;8,438503443536616
CAT048;20;129;03:35:33:594;41,2587295;2,28907407;1028,6524416795;3374,84407675977;8,84375;106,506958;6465;33,75;3462C8;IBE2606;1014,0;-0,879;5,098;208,0;0,094;210,0;2,460938;194,0;0,312;-1632,0;-1664;3463;209,0;4,9438;No alert, no SPI, aircraft airbone;26,995793012904098;8,668517479563329
CAT048;20;129;03:35:37:570;41,26256594;2,28947201;990,551869920455;3249,84219690983;8,796875;105,03479;6465;32,5;3462C8;IBE2606;1014,0;;;;;;2,636719;194,0;0,312;-1600,0;-1600;3463;209,0;4,9438;No alert, no SPI, aircraft airbone;27,012227787327404;8,898700934333325
CAT048;20;129;03:35:41:547;41,26640267;2,28981958;960,07135943789;3149,84051889821;8,753906;103,551636;6465;31,5;3462C8;IBE2606;1014,0;;;;;;2,460938;195,0;0,312;-1504,0;-1632;3463;208,78;4,6692;No alert, no SPI, aircraft airbone;27,026381239266286;9,128886492133926
CAT048;20;129;03:35:45:523;41,27021317;2,29029091;929,59081927035;3049,83874349494;8,722656;102,057495;6465;30,5;3462C8;IBE2606;1014,0;;;;;;2,109375;195,0;0,312;-1696,0;-1696;3463;209,88;4,6472;No alert, no SPI, aircraft airbone;27,046142892514958;9,357537716072661
CAT048;20;129;03:35:49:500;41,27406055;2,29072997;891,490327864885;2924,83712727223;8,695312;100,541382;6465;29,25;3462C8;IBE2606;1014,0;-0,352;4,57;210,0;-0,375;210,0;2,285156;195,0;0,312;-1600,0;-1472;3463;209,88;4,6472;No alert, no SPI, aircraft airbone;27,064426944706007;9,58839086603394
CAT048;20;129;03:35:53:484;41,27789815;2,2911945;868,629857806489;2849,83558268584;8,675781;99,019775;6465;28,5;3462C8;IBE2606;1014,0;;;;;;2,285156;193,0;0,308;-1312,0;-1088;3463;208,78;4,3945;No alert, no SPI, aircraft airbone;27,08386485114989;9,818665755715626
CAT048;20;129;03:35:57:461;41,28176285;2,29152675;845,769491939805;2774,83437993579;8,65625;97,487183;6465;27,75;3462C8;IBE2606;1014,0;;;;;;2,109375;190,0;0,3;-1120,0;-1088;3463;206,8;4,4385;No alert, no SPI, aircraft airbone;27,09730534040818;10,050525041344311
CAT048;20;129;03:36:01:438;41,28552799;2,2918851;815,289150496013;2674,83325651334;8,644531;95,987549;6465;26,75;3462C8;IBE2606;1014,0;;;;;;1,757812;189,0;0,3;-1440,0;-1440;3463;204,6;4,2023;No alert, no SPI, aircraft airbone;27,111965565112037;10,276422346081576
CAT048;20;129;03:36:05:414;41,289284;2,29227941;792,428823025897;2599,83217973628;8,640625;94,487915;6465;26,0;3462C8;IBE2606;1014,0;-0,176;4,219;204,0;-0,125;202,0;1,757812;189,0;0,3;-1440,0;-1408;3463;203,72;4,2242;No alert, no SPI, aircraft airbone;27,128254120572098;10,501783600412953
CAT048;20;129;03:36:09:391;41,2930036;2,29254411;761,948599139228;2499,83144199995;8,636719;93,004761;6465;25,0;3462C8;IBE2606;1014,0;;;;;;1,40625;189,0;0,3;-1120,0;-992;3463;202,62;3,9606;No alert, no SPI, aircraft airbone;27,138693615876445;10,724921434226795
CAT048;20;129;03:36:13:375;41,29670663;2,29292652;754,328344142064;2474,83060459505;8,644531;91,5271;6465;24,75;3462C8;IBE2606;1014,0;;;;;;1,40625;188,0;0,296;-512,0;-384;3463;201,52;3,9825;No alert, no SPI, aircraft airbone;27,154461997074787;10,947102458699502
CAT048;20;129;03:36:17:352;41,30039125;2,29335505;746,708096069284;2449,82978990795;8,660156;90,060425;6465;24,5;3462C8;IBE2606;1014,0;;;;;;1,582031;184,0;0,292;-224,0;-160;3463;198,66;4,043;No alert, no SPI, aircraft airbone;27,172321644266315;11,168194115059373
CAT048;20;129;03:36:21:328;41,30397886;2,2936615;739,08794502914;2424,8292935694;8,675781;88,637695;6465;24,25;3462C8;IBE2606;1014,0;0,352;3,867;194,0;0,062;194,0;1,757812;181,0;0,284;-128,0;-128;3463;194,48;3,8287;No alert, no SPI, aircraft airbone;27,184698644269545;11,38343057477737
CAT048;20;129;03:36:25:305;41,30751117;2,29393591;739,087840567343;2424,82895084696;8,695312;87,242432;6465;24,25;3462C8;IBE2606;1014,0;;;;;;1,933594;178,0;0,28;-224,0;-288;3463;190,52;3,9111;No alert, no SPI, aircraft airbone;27,195648148627793;11,595341074940574
CAT048;20;129;03:36:29:281;41,31101852;2,29418982;731,46777583193;2399,82873766043;8,71875;85,863647;6465;24,0;3462C8;IBE2606;1014,0;;;;;;2,285156;175,0;0,276;-416,0;-416;3463;188,54;3,9551;No alert, no SPI, aircraft airbone;27,205679669462324;11,805748617313295
CAT048;20;129;03:36:33:266;41,31447375;2,29459934;723,847653202713;2374,82833453359;8,753906;84,517822;6465;23,75;3462C8;IBE2606;1014,0;;;;;;2,988281;172,0;0,272;-416,0;-448;3463;185,68;4,0155;No alert, no SPI, aircraft airbone;27,222767070267626;12,013079375431989
CAT048;20;129;03:36:37:250;41,31785179;2,29491822;708,607604602352;2324,82817348358;8,789062;83,210449;6465;23,25;3462C8;IBE2606;1014,0;0,176;4,219;184,0;-0,094;182,0;3,164062;170,0;0,268;-448,0;-448;3463;183,7;4,3726;No alert, no SPI, aircraft airbone;27,23578652773436;12,21575318601362
CAT048;20;129;03:36:41:227;41,32118664;2,29522708;700,98758593481;2299,82811143836;8,828125;81,930542;6465;23,0;3462C8;IBE2606;1014,0;;;;;;3,164062;168,0;0,264;-384,0;-320;3463;181,72;4,422;No alert, no SPI, aircraft airbone;27,24836935331284;12,415834075420985
CAT048;20;129;03:36:45:211;41,32446636;2,29553372;700,987591235898;2299,82812883039;8,871094;80,683594;6465;23,0;3462C8;IBE2606;1014,0;;;;;;3,164062;165,0;0,26;-192,0;-160;3463;179,74;4,4714;No alert, no SPI, aircraft airbone;27,26087320041294;12,612608449242567
CAT048;20;129;03:36:49:188;41,32767997;2,29585482;693,367609353736;2274,82818747211;8,917969;79,475098;6465;22,75;3462C8;IBE2606;1014,0;;;;;;3,164062;162,0;0,256;-128,0;-96;3463;175,56;4,2462;No alert, no SPI, aircraft airbone;27,274056675195446;12,80542305998717
CAT048;20;129;03:36:53:172;41,33084255;2,29618562;693,367642435245;2274,82829600725;8,96875;78,299561;6465;22,75;3462C8;IBE2606;1014,0;-3,691;4,043;172,0;-0,375;170,0;2,8125;160,0;0,252;-64,0;32;3463;172,48;3,988;No alert, no SPI, aircraft airbone;27,287698312370605;12,995180737732476
CAT048;20;129;03:36:57:148;41,33398409;2,29634952;693,367789018899;2274,82877692477;9,015625;77,13501;6465;22,75;3462C8;IBE2606;1014,0;;;;;;-0,175781;158,0;0,248;-32,0;-64;3463;171,38;2,6752;No alert, no SPI, aircraft airbone;27,293803381631655;13,183624690101546
CAT048;20;129;03:37:01:133;41,33698212;2,29612019;693,36816286575;2274,83000345647;9,046875;76,008911;6465;22,75;3462C8;IBE2606;1014,0;;;;;;-9,140625;156,0;0,244;-32,0;32;3463;169,18;357,627;No alert, no SPI, aircraft airbone;27,282194221732407;13,36333978310538
CAT048;20;129;03:37:05:109;41,33992392;2,29520459;693,36892883759;2274,83251648752;9,050781;74,86084;6465;22,75;3462C8;IBE2606;1014,0;;;;;;-19,160156;154,0;0,244;96,0;32;3463;166,76;346,4594;No alert, no SPI, aircraft airbone;27,23959292730404;13,53946869019544
CAT048;20;129;03:37:09:102;41,34273941;2,29362353;693,370062083937;2274,83623448746;9,027344;73,707275;6465;22,75;3462C8;IBE2606;1014,0;-28,125;-21,973;166,0;-3,531;164,0;-31,816406;154,0;0,244;-64,0;-64;3463;166,1;338,0658;No alert, no SPI, aircraft airbone;27,1669729824605;13,707816280179657
CAT048;20;129;03:37:13:078;41,34524095;2,29109032;693,371685026214;2274,8415591014;8,960938;72,581177;6465;22,75;3462C8;IBE2606;1014,0;;;;;;-47,8125;154,0;0,244;0,0;96;3463;163,9;323,6847;No alert, no SPI, aircraft airbone;27,05145899617355;13,857042797797702
CAT048;20;129;03:37:17:063;41,34707489;2,28785747;693,373599761166;2274,84784104042;8,855469;71,619873;6465;22,75;3462C8;IBE2606;1014,0;;;;;;-62,578125;154,0;0,244;64,0;0;3463;162,8;307,5018;No alert, no SPI, aircraft airbone;26,904609968644973;13,966021934488612
CAT048;20;129;03:37:21:047;41,34818616;2,28407325;693,375695820898;2274,85471787703;8,714844;70,85083;6465;22,75;3462C8;IBE2606;1014,0;;;;;;-77,519531;154,0;0,244;32,0;0;3463;164,34;291,4124;No alert, no SPI, aircraft airbone;26,733146792315676;14,031500093172406
CAT048;20;129;03:37:25:039;41,34876245;2,27995394;693,377862147987;2274,8618252496;8,550781;70,224609;6465;22,75;3462C8;IBE2606;1014,0;-25,312;-84,023;166,0;-2,906;164,0;-91,757812;155,0;0,244;64,0;32;3463;166,98;276,1853;No alert, no SPI, aircraft airbone;26,546762933141466;14,0648017506726
CAT048;20;129;03:37:29:031;41,34841919;2,27588378;700,999852248468;2299,86835525086;8,371094;69,933472;6465;23,0;3462C8;IBE2606;1014,0;;;;;;-99,84375;155,0;0,244;96,0;64;3463;168,96;264,5563;No alert, no SPI, aircraft airbone;26,36297203603702;14,042982969345614
CAT048;20;129;03:37:33:016;41,34773505;2,27170659;693,381809169427;2274,87477479542;8,179688;69,752197;6465;22,75;3462C8;IBE2606;1014,0;;;;;;-104,238281;155,0;0,244;-96,0;-96;3463;169,84;258,0908;No alert, no SPI, aircraft airbone;26,174478203642455;14,000698578182226
CAT048;20;129;03:37:37:016;41,34691978;2,26777168;693,383589704521;2274,88061644618;7,996094;69,642334;6465;22,75;3462C8;IBE2606;1014,0;;;;;;-106,875;156,0;0,244;-64,0;-64;3463;171,38;254,4214;No alert, no SPI, aircraft airbone;25,996981064202295;13,95063171331157
CAT048;20;129;03:37:41:008;41,34597765;2,26371374;693,385370765813;2274,88645982331;7,804688;69,56543;6465;22,75;3462C8;IBE2606;1014,0;-4,395;-107,93;172,0;-0,469;166,0;-108,808594;156,0;0,244;-64,0;-32;3463;171,6;251,9824;No alert, no SPI, aircraft airbone;25,813969402433884;13,892928860996093
CAT048;20;129;03:37:45:008;41,34486762;2,25973799;693,387053010985;2274,89197900056;7,613281;69,56543;6465;22,75;3462C8;IBE2606;1014,0;;;;;;-110,566406;156,0;0,244;32,0;0;3463;171,16;250,1862;No alert, no SPI, aircraft airbone;25,634732251484152;13,825189967609097
CAT048;20;129;03:37:48:680;41,52760697;2,36397253;1805,90305744577;5924,87898699039;18,054688;40,9021;4117;59,25;A48C07;UPS242;1013,0;;;;;;-165,761719;206,0;0,348;-1696,0;-1760;1808;235,62;196,2762;No alert, no SPI, aircraft airbone;30,260909264547806;24,817476643601875
CAT048;20;129;03:37:49:000;41,34372484;2,25596268;693,388602670282;2274,89706318477;7,429688;69,603882;6465;22,75;3462C8;IBE2606;1014,0;;;;;;-111,269531;156,0;0,244;0,0;-128;3463;171,6;248,8184;No alert, no SPI, aircraft airbone;25,46456017220254;13,755553778714948
CAT048;20;129;03:37:52:680;41,52340333;2,36236014;1767,80204992648;5799,8756774808;17,816406;41,259155;4117;58,0;A48C07;UPS242;1013,0;-0,176;-163,652;236,0;-0,031;234,0;-165,761719;209,0;0,348;-1600,0;-1664;1808;236,94;196,441;No alert, no SPI, aircraft airbone;30,190183429974777;24,564819035363435
CAT048;20;129;03:37:52:992;41,34253091;2,25203258;685,770175830461;2249,90222367161;7,238281;69,647827;6465;22,5;3462C8;IBE2606;1014,0;;;;;;-112,148438;156,0;0,244;-576,0;-672;3463;170,5;247,9449;No alert, no SPI, aircraft airbone;25,28740626370792;13,682812729765093
CAT048;20;129;03:37:56:672;41,5191647;2,36076867;1737,32104244735;5699,87236890297;17,578125;41,63269;4117;57,0;A48C07;UPS242;1013,0;;;;;;-165,9375;210,0;0,352;-1760,0;-1792;1808;236,5;196,2103;No alert, no SPI, aircraft airbone;30,12040718211048;24,310071897347218
CAT048;20;129;03:37:56:984;41,34130034;2,24812515;670,531695703045;2199,90720853038;7,046875;69,713745;6465;22,0;3462C8;IBE2606;1014,0;-0,879;-112,5;170,0;-0,062;164,0;-112,675781;155,0;0,244;-640,0;-704;3463;170,94;247,6373;No alert, no SPI, aircraft airbone;25,111284435424768;13,607888967171842
CAT048;20;129;03:38:00:672;41,5150023;2,35917671;1699,22010735422;5574,86929701203;17,34375;42,006226;4117;55,75;A48C07;UPS242;1013,0;;;;;;-165,9375;212,0;0,356;-1728,0;-1728;1808;237,6;196,1389;No alert, no SPI, aircraft airbone;30,050564483654693;24,05989779683116
CAT048;20;129;03:38:00:984;41,34010078;2,2443868;655,293110604398;2149,91184899533;6,863281;69,790649;6465;21,5;3462C8;IBE2606;1014,0;;;;;;-113,554688;155,0;0,244;-800,0;-736;3463;170,5;247,1979;No alert, no SPI, aircraft airbone;24,942785873076012;13,53488106359265
CAT048;20;129;03:38:04:672;41,5107983;2,35749194;1661,11925151944;5449,86648515504;17,105469;42,385254;4117;54,5;A48C07;UPS242;1013,0;;;;;;-165,9375;212,0;0,352;-1888,0;-1696;1808;237,16;195,9082;No alert, no SPI, aircraft airbone;29,976547937735695;23,80719855044007
CAT048;20;129;03:38:04:977;41,33886402;2,240482;640,054551324807;2099,91657416848;6,671875;69,867554;6465;21,0;3462C8;IBE2606;1014,0;;;;;;-113,90625;155,0;0,244;-800,0;-992;3463;170,72;246,8848;No alert, no SPI, aircraft airbone;24,766772205815517;13,459602335176752
CAT048;20;129;03:38:08:672;41,50653704;2,35598408;1630,63827378303;5349,86327415831;16,871094;42,802734;4117;53,5;A48C07;UPS242;1013,0;0,176;-164,18;234,0;0,031;234,0;-165,761719;211,0;0,352;-1760,0;-1696;1808;234,08;195,8752;No alert, no SPI, aircraft airbone;29,910522956939317;23,551127842522487
CAT048;20;129;03:38:08:977;41,33757793;2,2366056;617,195937324315;2024,92111901111;6,480469;69,977417;6465;20,25;3462C8;IBE2606;1014,0;;;;;;-114,257812;154,0;0,24;-928,0;-928;3463;170,28;246,4453;No alert, no SPI, aircraft airbone;24,59205392315985;13,381381273657547
CAT048;20;129;03:38:12:672;41,50241923;2,35450441;1592,53737856913;5224,86033310476;16,644531;43,214722;4117;52,25;A48C07;UPS242;1013,0;;;;;;-165,585938;208,0;0,344;-1632,0;-1664;1808;232,1;196,0126;No alert, no SPI, aircraft airbone;29,84569458611407;23,303671100403257
CAT048;20;129;03:38:12:977;41,33634494;2,23287748;609,577234162949;1999,92537293117;6,296875;70,08728;6465;20,0;3462C8;IBE2606;1014,0;0,0;-113,555;170,0;0,469;164,0;-114,785156;154,0;0,244;-96,0;-640;3463;170,28;246,4453;No alert, no SPI, aircraft airbone;24,424011026782278;13,306393822813217
CAT048;20;129;03:38:16:672;41,49834362;2,35293091;1562,05660212599;5124,85778251902;16,417969;43,621216;4117;51,25;A48C07;UPS242;1013,0;;;;;;-165,234375;206,0;0,34;-1760,0;-1696;1808;228,14;196,0455;No alert, no SPI, aircraft airbone;29,776608089150496;23,05871446823057
CAT048;20;129;03:38:16:969;41,33505237;2,22899823;594,338544803672;1949,92967133368;6,105469;70,213623;6465;19,5;3462C8;IBE2606;1014,0;;;;;;-115,488281;154,0;0,24;-672,0;-928;3463;168,08;246,4838;No alert, no SPI, aircraft airbone;24,24915284021531;13,227798664700794
CAT048;20;129;03:38:20:672;41,49426154;2,35134619;1523,95586185157;4999,85534979711;16,191406;44,038696;4117;50,0;A48C07;UPS242;1013,0;;;;;;-165,058594;204,0;0,34;-1856,0;-1696;1808;225,28;196,2598;No alert, no SPI, aircraft airbone;29,707009714059804;22,813367546095694
CAT048;20;129;03:38:20:969;41,33381155;2,2253694;579,099733330309;1899,93356909941;5,925781;70,356445;6465;19,0;3462C8;IBE2606;1014,0;;;;;;-115,839844;154,0;0,24;-864,0;-1056;3463;165,88;246,5277;No alert, no SPI, aircraft airbone;24,085587744045228;13,152383772509085
CAT048;20;129;03:38:24:672;41,49036197;2,34985129;1493,47517054994;4899,85307854705;15,976562;44,450684;4117;49,0;A48C07;UPS242;1013,0;-0,176;-163,828;222,0;0,031;224,0;-165,058594;203,0;0,336;-1536,0;-1696;1808;221,98;196,2268;No alert, no SPI, aircraft airbone;29,64136995747695;22,578998011196905
CAT048;20;129;03:38:24:961;41,33258989;2,22164393;556,240922403522;1824,93746785837;5,742188;70,482788;6465;18,25;3462C8;IBE2606;1014,0;;;;;;-116,015625;152,0;0,236;-896,0;-800;3463;165,22;246,0718;No alert, no SPI, aircraft airbone;23,91764127800339;13,078098219342124
CAT048;20;129;03:38:28:672;41,48640944;2,34828429;1455,37453519367;4774,85099004479;15,757812;44,873657;4117;47,75;A48C07;UPS242;1013,0;;;;;;-164,882812;202,0;0,332;-1664,0;-1664;1808;219,78;196,1224;No alert, no SPI, aircraft airbone;29,572494675946814;22,34142935519197
CAT048;20;129;03:38:28:953;41,33138909;2,21808659;541,002021913417;1774,94107357441;5,566406;70,631104;6465;17,75;3462C8;IBE2606;1014,0;0,0;-114,082;162,0;0,031;158,0;-116,015625;149,0;0,232;-672,0;-640;3463;162,14;245,9619;No alert, no SPI, aircraft airbone;23,75728073599107;13,005116565570102
CAT048;20;129;03:38:32:672;41,48261942;2,3468356;1424,89391592145;4674,84895511173;15,550781;45,296631;4117;46,75;A48C07;UPS242;1013,0;;;;;;-164,53125;199,0;0,328;-1632,0;-1696;1808;216,7;196,0895;No alert, no SPI, aircraft airbone;29,508873094335648;22,113648110008583
CAT048;20;129;03:38:32:953;41,33017788;2,21453318;525,763086996041;1724,94456634009;5,390625;70,795898;6465;17,25;3462C8;IBE2606;1014,0;;;;;;-115,839844;147,0;0,228;-800,0;-864;3463;159,06;245,8521;No alert, no SPI, aircraft airbone;23,59709568397612;12,931518269005242
CAT048;20;129;03:38:36:664;41,4787775;2,34531264;1386,79335334711;4549,84710539533;15,339844;45,730591;4117;45,5;A48C07;UPS242;1013,0;;;;;;-164,179688;198,0;0,324;-1664,0;-1696;1808;214,72;196,2378;No alert, no SPI, aircraft airbone;29,44191762697603;21,882730611302993
CAT048;20;129;03:38:36:945;41,3289901;2,21096804;510,524124941789;1674,94797007402;5,214844;70,9552;6465;16,75;3462C8;IBE2606;1014,0;;;;;;-115,664062;146,0;0,228;-1056,0;-896;3463;157,08;245,5554;No alert, no SPI, aircraft airbone;23,436366118385404;12,859328431810194
CAT048;20;129;03:38:40:664;41,47495361;2,3438526;1356,31278253719;4449,84522945932;15,132812;46,18103;4117;44,5;A48C07;UPS242;1013,0;0,352;-163,477;212,0;0,125;214,0;-164,003906;195,0;0,32;-1728,0;-1728;1808;211,86;196,463;No alert, no SPI, aircraft airbone;29,37778381211522;21,652917024344973
CAT048;20;129;03:38:40:945;41,32776519;2,20742359;487,665121650323;1599,95123771525;5,039062;71,152954;6465;16,0;3462C8;IBE2606;1014,0;;;;;;-115,3125;146,0;0,228;-960,0;-832;3463;154,88;245,5829;No alert, no SPI, aircraft airbone;23,276579122159728;12,784924082368933
CAT048;20;129;03:38:44:664;41,47122237;2,34237275;1318,21228977665;4324,84360879083;14,929688;46,625977;4117;43,25;A48C07;UPS242;1013,0;;;;;;-163,828125;193,0;0,316;-1728,0;-1728;1808;210,98;196,5399;No alert, no SPI, aircraft airbone;29,312707275142163;21,42865437342438
CAT048;20;129;03:38:44:938;41,32659204;2,20403233;472,426045197062;1549,95426612433;4,871094;71,356201;6465;15,5;3462C8;IBE2606;1014,0;0,352;-114,434;152,0;-0,312;152,0;-115,136719;144,0;0,224;-736,0;-736;3463;152,68;245,6158;No alert, no SPI, aircraft airbone;23,123692881317304;12,713670791700453
CAT048;20;129;03:38:48:664;41,46754369;2,34091232;1287,73183030356;4224,84209813312;14,730469;47,076416;4117;42,25;A48C07;UPS242;1013,0;;;;;;-163,828125;191,0;0,312;-1696,0;-1696;1808;209,88;196,6168;No alert, no SPI, aircraft airbone;29,248475614163898;21,207551637138607
CAT048;20;129;03:38:48:938;41,32543015;2,20063465;457,186941849999;1499,95720629915;4,703125;71,564941;6465;15,0;3462C8;IBE2606;1014,0;;;;;;-114,785156;142,0;0,22;-896,0;-672;3463;150,48;245,6488;No alert, no SPI, aircraft airbone;22,970507005019105;12,643097022026913
CAT048;20;129;03:38:52:664;41,4637997;2,33939159;1249,63141165674;4099,84072061989;14,527344;47,543335;4117;41,0;A48C07;UPS242;1013,0;;;;;;-164,003906;191,0;0,312;-1664,0;-1632;1808;208,78;196,4355;No alert, no SPI, aircraft airbone;29,181545414552573;20,98251336328288
CAT048;20;129;03:38:52:930;41,32430715;2,19740065;441,947766925208;1449,9599116389;4,542969;71,790161;6465;14,5;3462C8;IBE2606;1014,0;;;;;;-114,609375;140,0;0,216;-896,0;-704;3463;148,28;245,6818;No alert, no SPI, aircraft airbone;22,82470158391008;12,574904205751697
CAT048;20;129;03:38:56:672;41,46005857;2,33794838;1219,150968167;3999,83926240102;14,328125;48,032227;4117;40,0;A48C07;UPS242;1013,0;-0,352;-163,652;208,0;-0,062;208,0;-164,003906;191,0;0,312;-1632,0;-1664;1808;208,34;196,1719;No alert, no SPI, aircraft airbone;29,11810319396237;20,757673916364553
CAT048;20;129;03:38:56:938;41,32320362;2,19415662;426,708568991162;1399,96254148896;4,382812;72,015381;6465;14,0;3462C8;IBE2606;1014,0;;;;;;-114,433594;139,0;0,216;-704,0;-736;3463;145,64;246,0773;No alert, no SPI, aircraft airbone;22,678431018222;12,507881792827627
CAT048;20;129;03:39:00:664;41,45641001;2,3364864;1181,05059728026;3874,83804158098;14,132812;48,515625;4117;38,75;A48C07;UPS242;1013,0;;;;;;-164,003906;191,0;0,312;-1632,0;-1632;1808;208,34;196,1719;No alert, no SPI, aircraft airbone;29,05376564399538;20,538380954903335
CAT048;20;129;03:39:00:930;41,3221196;2,1909027;411,469347580336;1349,96509431547;4,222656;72,240601;6465;13,5;3462C8;IBE2606;1014,0;0,527;-113,906;144,0;-0,062;146,0;-114,257812;139,0;0,216;-896,0;-832;3463;143,44;246,1157;No alert, no SPI, aircraft airbone;22,531701731027663;12,442032267958957
CAT048;20;129;03:39:04:664;41,45272982;2,33491027;1150,57031511888;3774,83711265462;13,933594;49,004517;4117;37,75;A48C07;UPS242;1013,0;;;;;;-163,828125;192,0;0,312;-1536,0;-1536;1808;208,78;196,4355;No alert, no SPI, aircraft airbone;28,98428445911385;20,317154491212957
CAT048;20;129;03:39:04:930;41,3210881;2,18780666;396,230063101277;1299,96744022519;4,070312;72,471313;6465;13,0;3462C8;IBE2606;1014,0;;;;;;-114,257812;139,0;0,216;-928,0;-832;3463;141,02;246,1597;No alert, no SPI, aircraft airbone;22,392087252249485;12,379378265363325
CAT048;20;129;03:39:08:672;41,44899637;2,33358582;1127,70987396501;3699,83566289936;13,742188;49,54834;4117;37,0;A48C07;UPS242;1013,0;;;;;;-163,652344;193,0;0,312;-1216,0;-1120;1808;209,88;196,6168;No alert, no SPI, aircraft airbone;28,926174639271025;20,092819013986446
CAT048;20;129;03:39:08:922;41,32003247;2,1846284;380,990772126243;1249,96976482266;3,914062;72,723999;6465;12,5;3462C8;IBE2606;1014,0;;;;;;-114,082031;136,0;0,212;-832,0;-768;3463;139,7;245,451;No alert, no SPI, aircraft airbone;22,248759419099205;12,315261242966422
CAT048;20;129;03:39:12:664;41,44531228;2,33217021;1104,84953618981;3624,83455231297;13,550781;50,08667;4117;36,25;A48C07;UPS242;1013,0;-0,352;-163,652;208,0;-0,094;210,0;-163,476562;192,0;0,312;-896,0;-832;1808;208,78;196,4355;No alert, no SPI, aircraft airbone;28,863922808688617;19,871414599542323
CAT048;20;129;03:39:12:922;41,31899609;2,18162135;365,751417388208;1199,97188022393;3,765625;73,015137;6465;12,0;3462C8;IBE2606;1014,0;;;;;;-113,90625;135,0;0,208;-672,0;-704;3463;137,5;245,484;No alert, no SPI, aircraft airbone;22,11316091041517;12,252347217023065
CAT048;20;129;03:39:16:672;41,44151909;2,33072073;1089,60921011213;3574,83348090429;13,355469;50,657959;4117;35,75;A48C07;UPS242;1013,0;;;;;;-163,300781;192,0;0,308;-928,0;-864;1808;207,46;196,2488;No alert, no SPI, aircraft airbone;28,800183233615833;19,643457517830406
CAT048;20;129;03:39:16:922;41,31794444;2,17861798;350,512038136832;1149,97391520085;3,617188;73,344727;6465;11,5;3462C8;IBE2606;1014,0;0,352;-114,609;134,0;0,25;138,0;-113,730469;133,0;0,204;-960,0;-640;3463;135,3;245,517;No alert, no SPI, aircraft airbone;21,97772958227758;12,188523095561369
CAT048;20;129;03:39:20:664;41,43793546;2,32934804;1066,74892933108;3499,83255730658;13,171875;51,212769;4117;35,0;A48C07;UPS242;1013,0;;;;;;-163,125;190,0;0,308;-704,0;-608;1808;205,48;196,4026;No alert, no SPI, aircraft airbone;28,739809622773624;19,42809435915597
CAT048;20;129;03:39:20:914;41,31693003;2,17559725;335,272640969604;1099,97589139872;3,46875;73,66333;6465;11,0;3462C8;IBE2606;1014,0;;;;;;-113,027344;131,0;0,204;-480,0;-704;3463;131,56;245,7697;No alert, no SPI, aircraft airbone;21,841496669672118;12,12693252708248
CAT048;20;129;03:39:24:672;41,43427588;2,32789842;1059,1286984086;3474,83179888688;12,984375;51,789551;4117;34,75;A48C07;UPS242;1013,0;;;;;;-162,949219;188,0;0,304;-544,0;-512;1808;203,5;196,5619;No alert, no SPI, aircraft airbone;28,675990481878294;19,20815235815805
CAT048;20;129;03:39:24:922;41,31593383;2,17265694;320,033204928041;1049,97774005611;3,324219;74,009399;6465;10,5;3462C8;IBE2606;1014,0;;;;;;-113,203125;128,0;0,196;-736,0;-640;3463;130,68;245,5884;No alert, no SPI, aircraft airbone;21,708889491458578;12,066458713007401
CAT048;20;129;03:39:28:672;41,4306614;2,3264795;1043,88848683424;3424,83110314526;12,800781;52,377319;4117;34,25;A48C07;UPS242;1013,0;-0,352;-163,652;200,0;-0,062;202,0;-162,949219;186,0;0,3;-608,0;-512;1808;200,42;196,5344;No alert, no SPI, aircraft airbone;28,613529900970725;18,990926365439783
CAT048;20;129;03:39:28:914;41,31495222;2,16979347;312,413732453249;1024,97946998192;3,183594;74,388428;6465;10,25;3462C8;IBE2606;1014,0;;;;;;-113,378906;129,0;0,2;-608,0;-512;3463;129,8;245,4071;No alert, no SPI, aircraft airbone;21,57974764910801;12,006883315785918
CAT048;20;129;03:39:32:672;41,42714333;2,32513771;1036,26827973314;3399,83042287966;12,625;52,970581;4117;34,0;A48C07;UPS242;1013,0;;;;;;-162,949219;184,0;0,296;-544,0;-576;1808;198,22;196,4191;No alert, no SPI, aircraft airbone;28,554501562804028;18,77950855916689
CAT048;20;129;03:39:32:914;41,31395376;2,1669372;297,174237159081;974,981124240999;3,042969;74,822388;6465;9,75;3462C8;IBE2606;1014,0;-0,352;-114,434;132,0;-0,031;136,0;-113,730469;130,0;0,2;-512,0;-544;3463;130,68;245,5884;No alert, no SPI, aircraft airbone;21,450932962927425;11,946303479542522
CAT048;20;129;03:39:36:672;41,42365256;2,32384373;1021,02807411831;3349,82974669031;12,453125;53,580322;4117;33,5;A48C07;UPS242;1013,0;;;;;;-162,949219;182,0;0,292;-480,0;-512;1808;195,8;196,0236;No alert, no SPI, aircraft airbone;28,49761286539762;18,56974467406753
CAT048;20;129;03:39:36:914;41,31292792;2,16390271;289,554751602001;949,982811245911;2,894531;75,289307;6465;9,5;3462C8;IBE2606;1014,0;;;;;;-114,082031;131,0;0,2;-608,0;-640;3463;132,0;245,3741;No alert, no SPI, aircraft airbone;21,314065133635623;11,884042424886772
CAT048;20;129;03:39:40:680;41,4201633;2,32250389;1013,40792112332;3324,82924393823;12,28125;54,20105;4117;33,25;A48C07;UPS242;1013,0;;;;;;-162,773438;181,0;0,292;-480,0;-512;1808;193,82;196,1884;No alert, no SPI, aircraft airbone;28,438647106430796;18,360057440435583
CAT048;20;129;03:39:40:914;41,31190594;2,16095594;274,315227881074;899,984372241343;2,75;75,822144;6465;9,0;3462C8;IBE2606;1014,0;;;;;;-113,90625;131,0;0,204;-704,0;-672;3463;132,88;245,5554;No alert, no SPI, aircraft airbone;21,181158028844973;11,822038908689734
CAT048;20;129;03:39:44:680;41,41677957;2,32113158;1005,7878402099;3299,82897767425;12,113281;54,810791;4117;33,0;A48C07;UPS242;1013,0;0,527;-163,828;192,0;0,031;194,0;-162,597656;180,0;0,288;-480,0;-480;1808;192,94;196,2708;No alert, no SPI, aircraft airbone;28,37816345069167;18,156689346947577
CAT048;20;129;03:39:44:914;41,31088992;2,1580013;259,075683394447;849,985865107837;2,605469;76,404419;6465;8,5;3462C8;IBE2606;1014,0;;;;;;-113,730469;131,0;0,2;-608,0;-672;3463;132,66;245,9454;No alert, no SPI, aircraft airbone;21,047889021356042;11,760395411634049
CAT048;20;129;03:39:48:680;41,41339141;2,31983557;990,54773236718;3249,82862225954;11,949219;55,447998;4117;32,5;A48C07;UPS242;1013,0;;;;;;-162,421875;179,0;0,288;-448,0;-384;1808;193,16;196,5564;No alert, no SPI, aircraft airbone;28,321119830501505;17,953081516954096
CAT048;20;129;03:39:48:914;41,30989733;2,15503276;243,836119192652;799,987293292022;2,460938;77,019653;6465;8,0;3462C8;IBE2606;1014,0;-0,703;-114,082;134,0;-0,188;136,0;-114,433594;131,0;0,2;-512,0;-672;3463;133,98;245,7312;No alert, no SPI, aircraft airbone;20,913979925459344;11,700158167857056
CAT048;20;129;03:39:52:680;41,40998408;2,31840211;990,547725798562;3249,82860070895;11,78125;56,090698;4117;32,5;A48C07;UPS242;1013,0;;;;;;-162,421875;178,0;0,284;-288,0;-288;1808;192,94;196,2708;No alert, no SPI, aircraft airbone;28,257872864762668;17,748280573171996
CAT048;20;129;03:39:52:922;41,30884975;2,15189138;236,216555738822;774,988724730156;2,308594;77,750244;6465;7,75;3462C8;IBE2606;1014,0;;;;;;-114,609375;132,0;0,2;-800,0;-672;3463;134,86;245,907;No alert, no SPI, aircraft airbone;20,772268812913094;11,636586715007338
CAT048;20;129;03:39:56:688;41,40657942;2,31713784;982,92763807904;3224,82831211524;11,621094;56,771851;4117;32,25;A48C07;UPS242;1013,0;;;;;;-162,421875;179,0;0,288;-288,0;-256;1808;192,94;196,2708;No alert, no SPI, aircraft airbone;28,202256859979368;17,543695694543345
CAT048;20;129;03:39:56:930;41,30783652;2,14891221;220,976945951581;724,990003355785;2,164062;78,568726;6465;7,25;3462C8;IBE2606;1014,0;;;;;;-115,136719;132,0;0,2;-832,0;-672;3463;135,3;245,517;No alert, no SPI, aircraft airbone;20,63787717339197;11,575118628738762
CAT048;20;129;03:40:00:688;41,40311222;2,31567704;975,307676733471;3199,82843813424;11,453125;57,463989;4117;32,0;A48C07;UPS242;1013,0;-0,176;-163,652;194,0;-0,031;194,0;-162,421875;179,0;0,288;-288,0;-256;1808;194,04;196,4685;No alert, no SPI, aircraft airbone;28,13778794826599;17,335297917476094
CAT048;20;129;03:40:00:930;41,30680581;2,14601396;205,737303086556;674,991173458498;2,023438;79,552002;6465;6,75;3462C8;IBE2606;1014,0;;;;;;-114,257812;135,0;0,204;-640,0;-672;3463;134,2;245,3412;No alert, no SPI, aircraft airbone;20,5071458986689;11,512625914327172
CAT048;20;129;03:40:04:688;41,39971155;2,31441732;975,30763193965;3199,82829117288;11,296875;58,183594;4117;32,0;A48C07;UPS242;1013,0;;;;;;-162,421875;181,0;0,288;-288,0;-320;1808;195,14;196,3861;No alert, no SPI, aircraft airbone;28,082363227567562;17,130955921683775
CAT048;20;129;03:40:04:938;41,30574056;2,14284504;190,497669913806;624,992375360011;1,871094;80,683594;6465;6,25;3462C8;IBE2606;1014,0;0,176;-114,258;134,0;-0,438;140,0;-113,730469;135,0;0,204;-832,0;-736;3463;133,98;245,7312;No alert, no SPI, aircraft airbone;20,36418171733229;11,448003104221447
CAT048;20;129;03:40:08:688;41,39625811;2,31305645;967,687658209354;3174,82837655958;11,136719;58,925171;4117;31,75;A48C07;UPS242;1013,0;;;;;;-162,246094;181,0;0,288;-320,0;-320;1808;195,14;196,3861;No alert, no SPI, aircraft airbone;28,022387470727175;16,923417843861348
CAT048;20;129;03:40:08:945;41,30474061;2,13999416;175,257977482863;574,993382844875;1,734375;81,952515;6465;5,75;3462C8;IBE2606;1014,0;;;;;;-113,378906;133,0;0,204;-544,0;-704;3463;133,98;245,7312;No alert, no SPI, aircraft airbone;20,235574562770356;11,387375114213032
CAT048;20;129;03:40:12:695;41,39272671;2,31170672;960,067683550529;3149,82845889992;10,976562;59,710693;4117;31,5;A48C07;UPS242;1013,0;;;;;;-162,246094;180,0;0,288;-288,0;-320;1808;195,14;196,3861;No alert, no SPI, aircraft airbone;27,962941460335884;16,711209277027145
CAT048;20;129;03:40:12:961;41,30371173;2,1369472;167,638283614069;549,994386412383;1,589844;83,463135;6465;5,5;3462C8;IBE2606;1014,0;;;;;;-113,554688;135,0;0,204;-224,0;-576;3463;132,88;245,5554;No alert, no SPI, aircraft airbone;20,098105460795143;11,324971315977391
CAT048;20;129;03:40:16:695;41,38927515;2,31044225;952,447699135169;3124,82850923063;10,824219;60,507202;4117;31,25;A48C07;UPS242;1013,0;0,0;-163,652;194,0;0,031;196,0;-162,246094;180,0;0,288;-288,0;-288;1808;195,14;196,3861;No alert, no SPI, aircraft airbone;27,90730540182615;16,50381705704849
CAT048;20;129;03:40:16:969;41,30268677;2,13404837;152,398552521132;499,995267053431;1,453125;85,286865;6465;5,0;3462C8;IBE2606;1014,0;;;;;;-113,378906;132,0;0,2;-512,0;-672;3463;131,56;244,7974;No alert, no SPI, aircraft airbone;19,96732948477079;11,262841285470746
CAT048;20;129;03:40:20:703;41,38574585;2,30898275;944,82783680968;3099,82896011867;10,664062;61,325684;4117;31,0;A48C07;UPS242;1013,0;;;;;;-162,421875;180,0;0,288;-256,0;-288;1808;195,14;196,3861;No alert, no SPI, aircraft airbone;27,842887903480843;16,291701583622714
CAT048;20;129;03:40:20:992;41,3016375;2,13102513;137,158810269088;449,996111083233;1,3125;87,539062;6465;4,5;3462C8;IBE2606;1014,0;0,879;-114,609;130,0;0,125;136,0;-111,796875;131,0;0,2;-896,0;-736;3463;131,12;245,1929;No alert, no SPI, aircraft airbone;19,83093066728232;11,19922953041227
CAT048;20;129;03:40:24:703;41,38228074;2,30761317;944,827957507223;3099,829356108;10,511719;62,160645;4117;31,0;A48C07;UPS242;1013,0;;;;;;-162,421875;180,0;0,288;-288,0;-288;1808;195,14;196,3861;No alert, no SPI, aircraft airbone;27,78249748961264;16,08346545027608
CAT048;20;129;03:40:25:016;41,30061082;2,12811952;121,919036007486;399,996850094801;1,179688;90,258179;6465;4,0;3462C8;IBE2606;1014,0;;;;;;-111,09375;131,0;0,2;-576,0;-704;3463;131,12;245,1929;No alert, no SPI, aircraft airbone;19,699840273936815;11,137003736724544
CAT048;20;129;03:40:28:711;41,37883585;2,30627512;937,208086425439;3074,82977826804;10,363281;63,017578;4117;30,75;A48C07;UPS242;1013,0;;;;;;-162,597656;180,0;0,288;-256,0;-288;1808;194,7;196,106;No alert, no SPI, aircraft airbone;27,723516136526783;15,876453061862483
CAT048;20;129;03:40:29:047;41,29958621;2,12522709;106,679239416495;349,997515847213;1,050781;93,647461;6465;3,5;3462C8;IBE2606;1014,0;;;;;;-110,917969;131,0;0,2;-512,0;-576;3463;130,68;245,5884;No alert, no SPI, aircraft airbone;19,569341201434685;11,074909413959677
CAT048;20;129;03:40:32:711;41,37542412;2,30495336;929,588234478608;3049,8302632068;10,21875;63,890991;4117;30,5;A48C07;UPS242;1013,0;-0,176;-163,828;194,0;-0,031;194,0;-162,597656;180,0;0,288;-320,0;-288;1808;194,7;196,106;No alert, no SPI, aircraft airbone;27,665250268989773;15,671435514701457
CAT048;20;129;03:40:33:094;41,29857187;2,12223184;91,4394274223596;299,998131064374;0,921875;97,965088;6465;3,0;3462C8;IBE2606;1014,0;;;;;;-109,6875;132,0;0,2;-768,0;-736;3463;131,56;245,7697;No alert, no SPI, aircraft airbone;19,43418506759577;11,01341241459432
CAT048;20;129;03:40:36:719;41,37194306;2,30361014;929,588405416347;3049,83082402617;10,074219;64,80835;4117;30,5;A48C07;UPS242;1013,0;;;;;;-162,421875;180,0;0,288;-320,0;-288;1808;195,14;196,3861;No alert, no SPI, aircraft airbone;27,606037849989658;15,462254612670813
CAT048;20;129;03:40:37:156;41,29755691;2,11925379;83,8195915753022;274,998668823914;0,800781;103,62854;6465;2,75;3462C8;IBE2606;1014,0;1,055;-114,434;132,0;0,219;134,0;-110,390625;131,0;0,2;-704,0;-704;3463;132,0;245,3741;No alert, no SPI, aircraft airbone;19,299802798133904;10,951886693792895
CAT048;20;129;03:40:40:727;41,36845726;2,30221041;921,968630890362;3024,83156297034;9,929688;65,747681;4117;30,25;A48C07;UPS242;1013,0;;;;;;-159,257812;180,0;0,288;-256,0;-288;1808;194,26;197,688;No alert, no SPI, aircraft airbone;27,544268042060335;15,252772731510913
CAT048;20;129;03:40:41:234;41,29644923;2,11625986;68,5797345628962;224,999136343332;0,691406;111,654053;6465;2,25;3462C8;IBE2606;1014,0;;;;;;-108,808594;130,0;0,196;-704,0;-672;3463;131,34;246,1652;No alert, no SPI, aircraft airbone;19,16472517177344;10,884801862387238
CAT048;20;129;03:40:44:727;41,36504578;2,30051415;914,34905742202;2999,83296155246;9,777344;66,659546;4117;30,0;A48C07;UPS242;1013,0;;;;;;-150,644531;180,0;0,288;-352,0;-352;1808;193,38;206,4276;No alert, no SPI, aircraft airbone;27,469063678369903;15,047655539619962
CAT048;20;129;03:40:45:344;41,29546259;2,11309173;53,3398590032011;174,999543012062;0,589844;122,195435;6465;1,75;3462C8;IBE2606;1014,0;;;;;;-109,511719;131,0;0,2;-576,0;-640;3463;132,22;246,3409;No alert, no SPI, aircraft airbone;19,021729576022565;10,824942243097205
CAT048;20;129;03:40:48:734;41,36187336;2,29797133;906,730008570477;2974,83608131836;9,597656;67,434082;4117;29,75;A48C07;UPS242;1013,0;26,367;-142,91;190,0;2,781;194,0;-139,042969;180,0;0,288;-416,0;-416;1808;190,74;217,1063;No alert, no SPI, aircraft airbone;27,35550369907576;14,856610515413506
CAT048;20;129;03:40:49:500;41,29439425;2,10993142;38,0999582987279;124,999867184798;0,519531;136,730347;6465;1,25;3462C8;IBE2606;1014,0;;;;;;-110,390625;132,0;0,2;-672,0;-672;3463;133,98;245,7312;No alert, no SPI, aircraft airbone;18,879106774474028;10,76019014313256
CAT048;20;129;03:40:52:734;41,35926773;2,29471213;899,111434907652;2949,84076010242;9,402344;67,972412;4117;29,5;A48C07;UPS242;1013,0;;;;;;-129,199219;180,0;0,288;-320,0;-320;1808;189,86;227,1368;No alert, no SPI, aircraft airbone;27,20933002654813;14,69933508911001
CAT048;20;129;03:40:53:695;41,293243;2,10680109;22,8600330045447;75,0001106826304;0,496094;154,379883;6465;0,75;3462C8;IBE2606;1014,0;-1,23;-114,434;134,0;-0,094;134,0;-110,917969;131,0;0,2;-640,0;-672;3463;135,3;245,517;No alert, no SPI, aircraft airbone;18,737858844607093;10,690477722027337
CAT048;20;129;03:40:56:727;41,35717183;2,29098064;891,493168015964;2924,8464453535;9,199219;68,307495;4117;29,25;A48C07;UPS242;1013,0;;;;;;-123,75;180,0;0,288;-512,0;-544;1808;188,98;233,6133;No alert, no SPI, aircraft airbone;27,04159498539298;14,5724866390837
CAT048;20;129;03:40:57:891;41,29218319;2,10356804;8,16471874713898e-05;0,0002678713585436;0,515625;172,386475;6465;0,0;3462C8;IBE2606;1014,0;;;;;;-111,269531;131,0;0,196;-1184,0;-704;3463;135,52;245,1324;No alert, no SPI, aircraft airbone;18,59193425138278;10,626231977541437
CAT048;20;129;03:41:00:727;41,35531277;2,28712419;876,254968092777;2874,85234951751;8,996094;68,560181;4117;28,75;A48C07;UPS242;1013,0;;;;;;-120,410156;181,0;0,288;-672,0;-768;1808;189,86;237,4805;No alert, no SPI, aircraft airbone;26,86810602840787;14,459809935348385
CAT048;20;129;03:41:02:047;41,29108593;2,10034645;0,0001041898503899;0,0003418302287533;0,582031;187,646484;6465;-0,25;3462C8;IBE2606;1014,0;;;;;;-111,269531;130,0;0,196;-192,0;-192;3463;136,18;245,6927;No alert, no SPI, aircraft airbone;18,446533757569018;10,559748281855251
CAT048;20;129;03:41:04:727;41,35354852;2,28312227;861,016820725985;2824,85842611064;8,789062;68,774414;4117;28,25;A48C07;UPS242;1013,0;7,383;-119,531;190,0;0,719;196,0;-117,421875;182,0;0,292;-992,0;-1152;1808;190,96;239,8041;No alert, no SPI, aircraft airbone;26,687995450521907;14,35278209184053
CAT048;20;129;03:41:06:172;41,28999123;2,09715442;0,0001004757359623;0,0003296448135748;0,679688;199,050293;6465;-0,5;3462C8;IBE2606;1014,0;;;;;;-115,3125;126,0;0,192;-96,0;-224;3463;134,86;245,907;No alert, no SPI, aircraft airbone;18,302464685152543;10,493429687677606
CAT048;20;129;03:41:08:719;41,35189009;2,27888356;838,158766895533;2749,86480878154;8,574219;68,933716;4117;27,5;A48C07;UPS242;1013,0;;;;;;-114,960938;182,0;0,288;-1280,0;-1280;1808;192,06;243,0341;No alert, no SPI, aircraft airbone;26,49713255824698;14,252036526654228
CAT048;20;129;03:41:10:250;41,28893403;2,0940692;7,20759853720665e-05;0,000236469775848;0,792969;207,114258;6465;-0,5;3462C8;IBE2606;1014,0;0,0;-115,137;134,0;0,469;124,0;-115,839844;121,0;0,18;0,0;-192;3463;131,56;244,7974;No alert, no SPI, aircraft airbone;18,16321156210223;10,429387393772862
CAT048;20;129;03:41:12:719;41,35039762;2,27465216;815,300684547983;2674,87109789241;8,363281;69,038086;4117;26,75;A48C07;UPS242;1013,0;;;;;;-113,378906;182,0;0,288;-1184,0;-1184;1808;192,5;244,7644;No alert, no SPI, aircraft airbone;26,30652389949831;14,161254878151915
CAT048;20;129;03:41:14:313;41,28798954;2,09122868;2,35158950090408e-05;7,71518889814615e-05;0,90625;212,722778;6465;-0,5;3462C8;IBE2606;1014,0;;;;;;-114,785156;110,0;0,168;0,0;-64;3463;120,78;245,5554;No alert, no SPI, aircraft airbone;18,03499123544041;10,372159545464433
CAT048;20;129;03:41:16:711;41,34896668;2,27029667;792,442622966133;2599,87745513221;8,148438;69,109497;4117;26,0;A48C07;UPS242;1013,0;;;;;;-113,203125;182,0;0,288;-1024,0;-1088;1808;192,94;245,8246;No alert, no SPI, aircraft airbone;26,110274542087467;14,074135249097003
CAT048;20;129;03:41:18:352;41,28720144;2,08879191;-3,54135408997536e-05;-0,0001161861615255;1,007812;216,546021;6465;-0,25;3462C8;IBE2606;1014,0;;;;;;-115,3125;100,0;0,152;384,0;-64;3463;110,0;245,2972;No alert, no SPI, aircraft airbone;17,92498710760721;10,324397099866502
CAT048;20;129;03:41:20:711;41,34754382;2,26593688;769,584515383467;2524,88366145069;7,933594;69,180908;4117;25,25;A48C07;UPS242;1013,0;-1,055;-114,258;192,0;-0,125;194,0;-113,730469;181,0;0,284;-1056,0;-1056;1808;192,94;245,8246;No alert, no SPI, aircraft airbone;25,91381908461649;13,987508727040854
CAT048;20;129;03:41:24:703;41,34615204;2,26165381;746,726327384822;2449,88960393722;7,722656;69,252319;4117;24,5;A48C07;UPS242;1013,0;;;;;;-113,90625;181,0;0,284;-960,0;-960;1808;192,5;245,4291;No alert, no SPI, aircraft airbone;25,720809993282945;13,902778496714484
CAT048;20;129;03:41:28:703;41,34463182;2,25733697;731,488093527034;2399,89539676723;7,507812;69,378662;4117;24,0;A48C07;UPS242;1013,0;;;;;;-113,90625;180,0;0,284;-928,0;-960;1808;192,5;245,4291;No alert, no SPI, aircraft airbone;25,526316392423606;13,810345544342235
CAT048;20;129;03:41:32:695;41,34311541;2,25293013;708,629851231351;2324,90116111387;7,289062;69,499512;4117;23,25;A48C07;UPS242;1013,0;;;;;;-113,378906;180,0;0,284;-928,0;-928;1808;192,06;245,7037;No alert, no SPI, aircraft airbone;25,327744865985835;13,718124616246257
CAT048;20;129;03:41:36:688;41,34170085;2,24874439;693,391477326863;2274,90649447306;7,082031;69,609375;4117;22,75;A48C07;UPS242;1013,0;-0,176;-113,906;192,0;-0,031;192,0;-113,203125;180,0;0,284;-864,0;-864;1808;192,72;246,0938;No alert, no SPI, aircraft airbone;25,13911768713404;13,63208523414525
CAT048;20;129;03:41:40:688;41,34028548;2,24437911;670,533130931668;2199,91191728585;6,867188;69,702759;4117;22,0;A48C07;UPS242;1013,0;;;;;;-113,554688;180,0;0,284;-896,0;-896;1808;193,6;246,2146;No alert, no SPI, aircraft airbone;24,942368273258367;13,545955041657512
CAT048;20;129;03:41:44:688;41,33886957;2,2400087;655,294737244025;2149,91718573969;6,652344;69,801636;4117;21,5;A48C07;UPS242;1013,0;;;;;;-114,257812;182,0;0,288;-1024,0;-992;1808;194,04;245,9454;No alert, no SPI, aircraft airbone;24,745378684441256;13,45980089443381
CAT048;20;129;03:41:48:680;41,33742757;2,23565551;632,436285392381;2074,92226256674;6,4375;69,922485;4117;20,75;A48C07;UPS242;1013,0;;;;;;-114,960938;182,0;0,288;-1024,0;-992;1808;194,48;245,6763;No alert, no SPI, aircraft airbone;24,549168597618557;13,37209692096292
CAT048;20;129;03:41:52:680;41,33591066;2,23124055;617,197801161557;2024,92723396288;6,21875;70,081787;4117;20,25;A48C07;UPS242;1013,0;-0,352;-114,609;194,0;-0,062;194,0;-115,3125;183,0;0,288;-928,0;-896;1808;194,7;245,4071;No alert, no SPI, aircraft airbone;24,350185684887155;13,279893306709301
CAT048;20;129;03:41:56:672;41,33445234;2,2270774;594,339182633907;1949,93176395263;6,011719;70,257568;4117;19,5;A48C07;UPS242;1013,0;;;;;;-115,136719;179,0;0,28;-768,0;-832;1808;192,5;245,4291;No alert, no SPI, aircraft airbone;24,162553686527065;13,19128305498975
CAT048;20;129;03:42:00:672;41,33296551;2,22283452;571,480545162223;1874,93623179003;5,800781;70,449829;4117;18,75;A48C07;UPS242;1013,0;;;;;;-114,960938;178,0;0,276;-1152,0;-1088;1808;189,86;245,7257;No alert, no SPI, aircraft airbone;23,97131987874569;13,100950196559184
CAT048;20;129;03:42:04:664;41,33156288;2,21863769;556,241852811538;1824,94052037821;5,59375;70,614624;4117;18,25;A48C07;UPS242;1013,0;;;;;;-114,609375;177,0;0,276;-864,0;-896;1808;184,58;246,3519;No alert, no SPI, aircraft airbone;23,7821284602623;13,015688563723396
CAT048;20;129;03:42:08:656;41,33023065;2,21459554;533,383070779033;1749,94451393468;5,394531;70,773926;4117;17,5;A48C07;UPS242;1013,0;-2,109;-113,555;182,0;-0,156;184,0;-113,90625;174,0;0,272;-992,0;-896;1808;181,94;246,676;No alert, no SPI, aircraft airbone;23,599895571696972;12,934699660540131
CAT048;20;129;03:42:12:656;41,32890647;2,21054377;518,144250127487;1699,94838158826;5,195312;70,938721;4117;17,0;A48C07;UPS242;1013,0;;;;;;-114,960938;171,0;0,268;-992,0;-896;1808;179,52;246,0004;No alert, no SPI, aircraft airbone;23,41721753834935;12,854199396998448
CAT048;20;129;03:42:16:656;41,32757681;2,20658985;495,285357760265;1624,95201315419;5,0;71,136475;4117;16,25;A48C07;UPS242;1013,0;;;;;;-115,136719;168,0;0,26;-864,0;-896;1808;175,12;245,3357;No alert, no SPI, aircraft airbone;23,238957269020663;12,773405074459918
CAT048;20;129;03:42:20:656;41,32620135;2,20264996;480,046418500133;1574,95549167198;4,804688;71,383667;4117;15,75;A48C07;UPS242;1013,0;;;;;;-114,433594;166,0;0,256;-864,0;-832;1808;171,6;245,528;No alert, no SPI, aircraft airbone;23,06134003294882;12,68987602140363
CAT048;20;129;03:42:24:648;41,32492037;2,19893985;464,807382055558;1524,95865134316;4,621094;71,625366;4117;15,25;A48C07;UPS242;1013,0;0,0;-114,258;168,0;0;170,0;-114,082031;163,0;0,252;-864,0;-864;1808;168,96;245,863;No alert, no SPI, aircraft airbone;22,894069895766748;12,612081086443043
CAT048;20;129;03:42:28:648;41,32364985;2,19522322;449,568312763236;1474,96170324614;4,4375;71,878052;4117;14,75;A48C07;UPS242;1013,0;;;;;;-114,082031;162,0;0,252;-832,0;-896;1808;166,98;245,5829;No alert, no SPI, aircraft airbone;22,726494846039415;12,534918864576309
CAT048;20;129;03:42:32:648;41,32237963;2,19150932;426,709207454696;1399,96463618567;4,253906;72,15271;4117;14,0;A48C07;UPS242;1013,0;;;;;;-114,082031;163,0;0,252;-992,0;-896;1808;165,66;245,7532;No alert, no SPI, aircraft airbone;22,559036601916315;12,457782506287577
CAT048;20;129;03:42:36:641;41,32113662;2,18786744;411,470050656237;1349,96740099501;4,074219;72,443848;4117;13,5;A48C07;UPS242;1013,0;;;;;;-114,257812;159,0;0,248;-1024,0;-928;1808;163,46;245,7861;No alert, no SPI, aircraft airbone;22,39481851882987;12,382303518319405
CAT048;20;129;03:42:40:641;41,31990521;2,1842231;388,610861006193;1274,97005722356;3,894531;72,751465;4117;12,75;A48C07;UPS242;1013,0;-0,527;-114,609;158,0;-0,031;164,0;-114,609375;157,0;0,244;-896,0;-896;1808;160,82;245,3467;No alert, no SPI, aircraft airbone;22,230479062415203;12,307526417553412
CAT048;20;129;03:42:44:641;41,31869515;2,18074334;373,371601510793;1224,97248510067;3,722656;73,103027;4117;12,25;A48C07;UPS242;1013,0;;;;;;-114,082031;154,0;0,236;-704,0;-800;1808;154,44;245,094;No alert, no SPI, aircraft airbone;22,07356696839775;12,234078142984039
CAT048;20;129;03:42:48:633;41,31751469;2,17733873;358,132296285592;1174,97476294562;3,554688;73,476562;4117;11,75;A48C07;UPS242;1013,0;;;;;;-113,378906;151,0;0,232;-864,0;-800;1808;150,92;245,3027;No alert, no SPI, aircraft airbone;21,920036826520267;12,162430081939513
CAT048;20;129;03:42:52:641;41,31640977;2,17408153;342,892934205942;1124,97685426022;3,394531;73,844604;4117;11,25;A48C07;UPS242;1013,0;;;;;;-113,203125;146,0;0,224;-800,0;-704;1808;144,76;245,9125;No alert, no SPI, aircraft airbone;21,773140839673935;12,095354797876704
CAT048;20;129;03:42:56:641;41,31531218;2,17081814;327,653546391986;1074,97886114468;3,234375;74,240112;4117;10,75;A48C07;UPS242;1013,0;-0,352;-114,082;142,0;-0,125;148,0;-113,378906;143,0;0,22;-672,0;-704;1808;142,34;245,9509;No alert, no SPI, aircraft airbone;21,625957618423428;12,028723052257583
CAT048;20;129;03:43:00:633;41,31426647;2,16762178;312,414120431989;1024,98074287809;3,078125;74,63562;4117;10,25;A48C07;UPS242;1013,0;;;;;;-113,730469;141,0;0,216;-608,0;-736;1808;141,46;245,7861;No alert, no SPI, aircraft airbone;21,48178317881333;11,965224475812583
CAT048;20;129;03:43:04:633;41,31320826;2,16451566;297,174651744775;974,982484430329;2,925781;75,108032;4117;9,75;A48C07;UPS242;1013,0;;;;;;-114,082031;142,0;0,22;-736,0;-736;1808;142,34;245,9509;No alert, no SPI, aircraft airbone;21,341688302284492;11,901003658954902
CAT048;20;129;03:43:08:641;41,31209297;2,16124535;281,935184407979;924,984230413075;2,765625;75,662842;4117;9,25;A48C07;UPS242;1013,0;;;;;;-114,609375;142,0;0,22;-736,0;-736;1808;143,66;245,7532;No alert, no SPI, aircraft airbone;21,19418346154046;11,833324995618966
CAT048;20;129;03:43:12:641;41,31100565;2,15804848;266,695678707212;874,98585052977;2,609375;76,26709;4117;8,75;A48C07;UPS242;1013,0;0,176;-114,609;144,0;0,094;150,0;-114,609375;143,0;0,22;-672,0;-704;1808;144,1;245,3906;No alert, no SPI, aircraft airbone;21,049985283096465;11,76734689908345
CAT048;20;129;03:43:16:641;41,30987942;2,15476741;251,456158573739;824,987423295067;2,449219;76,981201;4117;8,25;A48C07;UPS242;1013,0;;;;;;-114,609375;144,0;0,22;-704,0;-736;1808;144,98;245,5554;No alert, no SPI, aircraft airbone;20,9019874568515;11,699020583967298
CAT048;20;129;03:43:20:641;41,30876161;2,15155799;243,836601017974;799,988874083811;2,292969;77,799683;4117;8,0;A48C07;UPS242;1013,0;;;;;;-114,609375;143,0;0,22;-800,0;-736;1808;144,98;245,5554;No alert, no SPI, aircraft airbone;20,757221691397238;11,631221823277501
CAT048;20;129;03:43:24:648;41,30766867;2,1483347;228,597019429319;749,990245224486;2,136719;78,695068;4117;7,5;A48C07;UPS242;1013,0;;;;;;-114,257812;145,0;0,22;-640,0;-768;1808;144,1;245,3906;No alert, no SPI, aircraft airbone;20,61181602333501;11,564916540150291
CAT048;20;129;03:43:28:648;41,3065479;2,14510459;213,357411648147;699,991530431706;1,980469;79,777222;4117;7,0;A48C07;UPS242;1013,0;0,703;-114,434;142,0;-0,094;150,0;-113,554688;145,0;0,224;-736,0;-736;1808;142,78;245,5884;No alert, no SPI, aircraft airbone;20,466105763386494;11,496946138610964
CAT048;20;129;03:43:32:664;41,30546145;2,14202402;198,117760710418;649,992674049169;1,832031;81,013184;4117;6,5;A48C07;UPS242;1013,0;;;;;;-113,027344;143,0;0,22;-800,0;-640;1808;140,58;245,6213;No alert, no SPI, aircraft airbone;20,327142030855924;11,431074070817175
CAT048;20;129;03:43:36:672;41,30438743;2,13891901;182,878088310361;599,993747252164;1,683594;82,435913;4117;6,0;A48C07;UPS242;1013,0;;;;;;-112,675781;142,0;0,216;-608,0;-672;1808;139,7;245,451;No alert, no SPI, aircraft airbone;20,187064695453873;11,365946680296647
CAT048;20;129;03:43:40:688;41,30329689;2,13570189;167,638401906006;549,994774509301;1,53125;84,14978;4117;5,5;A48C07;UPS242;1013,0;;;;;;-112,148438;143,0;0,216;-608,0;-704;1808;139,26;245,8246;No alert, no SPI, aircraft airbone;20,04191808243245;11,29980788095545
CAT048;20;129;03:43:44:703;41,30223842;2,13253172;152,398685014807;499,995701743978;1,382812;86,165771;4117;5,0;A48C07;UPS242;1013,0;-0,176;-114,258;138,0;-0,188;146,0;-111,972656;141,0;0,216;-768,0;-736;1808;139,26;245,8246;No alert, no SPI, aircraft airbone;19,898880098967275;11,235608328549645
CAT048;20;129;03:43:48:727;41,30118899;2,12948748;137,158932500519;449,996512105002;1,242188;88,643188;4117;4,5;A48C07;UPS242;1013,0;;;;;;-111,796875;143,0;0,22;-800,0;-768;1808;138,82;245,2808;No alert, no SPI, aircraft airbone;19,761529630447303;11,171984603989136
CAT048;20;129;03:43:52:758;41,30010213;2,12629087;121,919166859239;399,997279398467;1,097656;91,873169;4117;4,0;A48C07;UPS242;1013,0;;;;;;-112,148438;141,0;0,216;-704,0;-704;1808;139,26;244,9072;No alert, no SPI, aircraft airbone;19,617295275183682;11,106086843389235
CAT048;20;129;03:43:56:797;41,29899697;2,12316494;106,679370869882;349,997947124745;0,960938;96,108398;4117;3,5;A48C07;UPS242;1013,0;;;;;;-110,742188;142,0;0,216;-768,0;-736;1808;140,58;244,7095;No alert, no SPI, aircraft airbone;19,476257969229106;11,03911273897109
CAT048;20;129;03:44:00:852;41,2978783;2,11996658;91,439553826116;299,998545774875;0,828125;101,80481;4117;3,0;A48C07;UPS242;1013,0;0,176;-114,785;142,0;-0,031;146,0;-109,6875;142,0;0,216;-672,0;-640;1808;141,9;245,4181;No alert, no SPI, aircraft airbone;19,331944252646792;10,971317500515084
CAT048;20;129;03:44:04:930;41,29676184;2,11677766;83,8197103040293;274,999058353871;0,707031;109,539185;4117;2,75;A48C07;UPS242;1013,0;;;;;;-108,984375;144,0;0,22;-672,0;-672;1808;141,9;245,4181;No alert, no SPI, aircraft airbone;19,188051891893725;10,903662176369622
CAT048;20;129;03:44:09:055;41,29567862;2,11346113;68,579844632186;224,999497463061;0,597656;120,289307;4117;2,25;A48C07;UPS242;1013,0;;;;;;-108,632812;143,0;0,216;-928,0;-832;1808;142,56;246,8518;No alert, no SPI, aircraft airbone;19,038373705145883;10,837977634185473
CAT048;20;129;03:44:13:211;41,29452977;2,1101161;45,7199521325529;149,999847754565;0,519531;135,444946;4117;1,5;A48C07;UPS242;1013,0;;;;;;-110,039062;143,0;0,216;-736,0;-736;1808;143,44;246,1157;No alert, no SPI, aircraft airbone;18,8874204294367;10,76835693959874
CAT048;20;129;03:44:17:422;41,29341416;2,10667519;30,4800317008048;100,000107205269;0,484375;154,46228;4117;1,0;A48C07;UPS242;1013,0;-1,406;-114,434;144,0;0,125;146,0;-111,09375;144,0;0,216;-768,0;-768;1808;144,98;245,5554;No alert, no SPI, aircraft airbone;18,732115970497315;10,70071481297403
CAT048;20;129;03:44:21:625;41,29228552;2,10328388;15,2400807067752;50,0002663860163;0,507812;173,7323;4117;0,5;A48C07;UPS242;1013,0;;;;;;-110,742188;145,0;0,22;-832,0;-704;1808;144,98;245,5554;No alert, no SPI, aircraft airbone;18,579053233428304;10,632308003015606
CAT048;20;129;03:44:25:789;41,29106394;2,09995673;0,0001025814563035;0,000336553345099;0,585938;189,338379;4117;0,0;A48C07;UPS242;1013,0;;;;;;-111,09375;139,0;0,212;-416,0;-224;1808;143,66;245,7532;No alert, no SPI, aircraft airbone;18,428913144456867;10,558347288924057
CAT048;20;129;03:44:29:914;41,28996465;2,09674154;9,5161609351635e-05;0,0003122100144252;0,6875;200,478516;4117;0,0;A48C07;UPS242;1013,0;;;;;;-115,839844;129,0;0,196;32,0;-32;1808;135,3;245,517;No alert, no SPI, aircraft airbone;18,283797475430877;10,491749236440914
CAT048;20;129;03:44:33:984;41,28895657;2,09382458;6,58221542835236e-05;0,0002159519566595;0,796875;207,866821;4117;0,0;A48C07;UPS242;1013,0;0,0;-114,434;122,0;0,219;118,0;-115,136719;116,0;0,176;224,0;32;1808;123,2;245,517;No alert, no SPI, aircraft airbone;18,152140992349228;10,430688197224814
CAT048;20;129;03:44:38:031;41,28811627;2,09128682;2,15163454413414e-05;7,05916867777705e-05;0,898438;212,843628;4117;0,0;A48C07;UPS242;1013,0;;;;;;-115,488281;104,0;0,156;-128,0;-32;1808;107,8;245,3357;No alert, no SPI, aircraft airbone;18,037586281293358;10,379771280290374
CAT048;20;129;03:48:37:563;41,28991709;2,09716953;7,62010256573558;25,0003373017679;0,683594;198,874512;1000;0,25;341119;BCS3WP;1013,2;;;;;;-113,378906;103,0;0,156;32,0;64;1970;95,7;245,3082;No alert, no SPI, aircraft airbone;18,303168717771126;10,488986837538143
CAT048;20;129;03:48:41:633;41,28909608;2,0946009;15,2400792594999;50,0002616377377;0,773438;205,856323;1000;0,5;341119;BCS3WP;1013,2;;;;;;-113,203125;120,0;0,184;96,0;32;1970;116,38;245,6323;No alert, no SPI, aircraft airbone;18,187216021674242;10,439215865623378
CAT048;20;129;03:48:45:695;41,2880395;2,09160474;15,240033374168;50,0001110953053;0,894531;211,90979;1000;0,5;341119;BCS3WP;1013,2;;;;;;-113,378906;140,0;0,212;192,0;64;1970;136,18;245,6927;No alert, no SPI, aircraft airbone;18,051987278065067;10,375233253008279
CAT048;20;129;03:48:49:750;41,28694852;2,08822943;7,61995109543204;24,9998403519373;1,035156;217,177734;1000;0,25;341119;BCS3WP;1013,2;-1,934;-114,609;154,0;-0,25;156,0;-112,675781;155,0;0,232;-448,0;384;1970;154,0;245,4291;No alert, no SPI, aircraft airbone;17,899613759715585;10,30911464378271
CAT048;20;129;03:48:53:789;41,28571716;2,08463151;38,0998333003372;124,999457085078;1,195312;221,259155;1000;1,25;341119;BCS3WP;1013,2;;;;;;-111,796875;164,0;0,248;1760,0;1952;1970;164,78;244,8358;No alert, no SPI, aircraft airbone;17,737203678018563;10,234538431287602
CAT048;20;129;03:48:57:820;41,28438763;2,08083047;83,8196739433333;274,998939060246;1,371094;224,467163;1000;2,75;341119;BCS3WP;1013,1;;;;;;-111,796875;166,0;0,252;3008,0;2848;1970;166,98;244,0448;No alert, no SPI, aircraft airbone;17,56562577674808;10,154041027455364
CAT048;20;129;03:49:01:836;41,28299989;2,07709825;137,159485065378;449,998324981896;1,550781;226,768799;1000;4,5;341119;BCS3WP;1013,2;;;;;;-112,148438;165,0;0,252;3104,0;3264;1970;167,42;243,7372;No alert, no SPI, aircraft airbone;17,397169354847367;10,070074111328827
CAT048;20;129;03:49:05:852;41,2816141;2,07345153;213,359268064611;699,997621037097;1,730469;228,510132;1000;7,0;341119;BCS3WP;1013,2;-8,965;-117,07;166,0;-1,188;174,0;-116,191406;168,0;0,256;3712,0;3552;1970;166,54;242,8143;No alert, no SPI, aircraft airbone;17,23257295676247;9,986248239542967
CAT048;20;129;03:49:09:859;41,28005884;2,06981292;281,939026817679;924,996836744515;1,917969;229,685669;1000;9,25;341119;BCS3WP;1013,2;;;;;;-122,167969;167,0;0,256;3520,0;3712;1970;166,1;238,7988;No alert, no SPI, aircraft airbone;17,06838038576161;9,89226812838886
CAT048;20;129;03:49:13:859;41,27834439;2,0664989;358,138794975355;1174,99608410694;2,101562;230,196533;1000;11,75;341119;BCS3WP;1013,2;;;;;;-126,035156;166,0;0,256;3840,0;3776;1970;166,1;235,0635;No alert, no SPI, aircraft airbone;16,918904707788574;9,78881150415758
CAT048;20;129;03:49:17:852;41,27650789;2,06333155;434,338561997749;1424,99532774469;2,285156;230,377808;1000;14,25;341119;BCS3WP;1013,2;;;;;;-129,023438;163,0;0,252;3456,0;3456;1970;164,34;231,1743;No alert, no SPI, aircraft airbone;16,776087534822945;9,678069718531873
CAT048;20;129;03:49:21:844;41,27444886;2,06026683;487,678334425204;1599,99458671558;2,472656;230,223999;1000;16,0;341119;BCS3WP;1013,2;-13,711;-133,242;164,0;-1,281;168,0;-133,066406;159,0;0,248;2624,0;2368;1970;163,46;226,7303;No alert, no SPI, aircraft airbone;16,63796160092977;9,554008117074364
CAT048;20;129;03:49:25:836;41,2722076;2,05761011;525,778154119849;1724,99399916257;2,652344;229,65271;1000;17,25;341119;BCS3WP;1013,2;;;;;;-140,449219;162,0;0,252;1696,0;1536;1970;167,42;220,6329;No alert, no SPI, aircraft airbone;16,518331482323582;9,41910066463716
CAT048;20;129;03:49:29:820;41,26955404;2,05531062;556,258043340407;1824,99363891294;2,835938;228,55957;1000;18,25;341119;BCS3WP;1013,2;;;;;;-149,941406;165,0;0,256;1408,0;1312;1970;172,04;211,9318;No alert, no SPI, aircraft airbone;16,41495834705844;9,259539407881324
CAT048;20;129;03:49:33:797;41,26665072;2,05359278;594,358034689911;1949,99361453205;3,011719;227,04895;1000;19,5;341119;BCS3WP;1013,2;;;;;;-160,3125;167,0;0,26;1696,0;1664;1970;176,88;201,9177;No alert, no SPI, aircraft airbone;16,337956048220967;9,08511221740899
CAT048;20;129;03:49:37:773;41,26340971;2,05249654;632,458155200817;2074,99401390905;3,183594;225,087891;1000;20,75;341119;BCS3WP;1013,2;-20,039;-168,223;180,0;-2,094;182,0;-170,15625;170,0;0,268;1984,0;1952;1970;179,96;191,8707;No alert, no SPI, aircraft airbone;16,289156582261207;8,890552085146721
CAT048;20;129;03:49:41:742;41,2601572;2,05203237;670,558388594538;2199,9947836365;3,339844;222,962036;1000;22,0;341119;BCS3WP;1013,2;;;;;;-176,835938;172,0;0,272;2144,0;1984;1970;181,5;184,1034;No alert, no SPI, aircraft airbone;16,268956582762158;8,695420740045384
CAT048;20;129;03:49:45:711;41,25674856;2,05196342;716,278719053604;2349,99587261983;3,496094;220,704346;1000;23,5;341119;BCS3WP;1013,2;;;;;;178,417969;172,0;0,272;2464,0;2432;1970;183,26;178,4344;No alert, no SPI, aircraft airbone;16,266677836727844;8,49100052114266
CAT048;20;129;03:49:49:680;41,25337758;2,05230263;769,619130727835;2524,99722885711;3,644531;218,435669;1000;25,25;341119;BCS3WP;1013,2;;;;;;177,363281;171,0;0,268;2560,0;2624;1970;182,6;175,9131;No alert, no SPI, aircraft airbone;16,282860825864898;8,288914898850058
CAT048;20;129;03:49:53:648;41,25000835;2,05268894;822,959575435147;2699,99869347065;3,796875;216,320801;1000;27,0;341119;BCS3WP;1013,2;0,703;175,43;182,0;-0,031;184,0;177,714844;171,0;0,272;2560,0;2624;1970;182,6;175,6;No alert, no SPI, aircraft airbone;16,30117655436858;8,086943243022398
CAT048;20;129;03:49:57:625;41,24660055;2,05302918;876,300045196898;2875,00024028379;3,957031;214,376221;1000;28,75;341119;BCS3WP;1013,2;;;;;;178,417969;171,0;0,272;2656,0;2656;1970;182,6;175,6;No alert, no SPI, aircraft airbone;16,317418465384865;7,882650295286839
CAT048;20;129;03:50:01:594;41,24325294;2,05341704;929,640540612862;3050,0018712643;4,117188;212,585449;1000;30,5;341119;BCS3WP;1013,2;;;;;;178,769531;170,0;0,272;2496,0;2560;1970;182,6;176,2262;No alert, no SPI, aircraft airbone;16,335802413199914;7,681975915581695
CAT048;20;129;03:50:05:570;41,23987548;2,05367103;975,361048163846;3200,00354125787;4,285156;210,986938;1000;32,0;341119;BCS3WP;1013,2;;;;;;178,769531;170,0;0,272;2496,0;2464;1970;182,38;176,5393;No alert, no SPI, aircraft airbone;16,348135958471268;7,479486708038468
CAT048;20;129;03:50:09:555;41,23648866;2,053908;1021,08158175088;3350,00529667157;4,457031;209,514771;1000;33,5;341119;BCS3WP;1013,2;0,527;176,836;184,0;0;184,0;178,769531;170,0;0,272;2048,0;1888;1970;183,48;176,8689;No alert, no SPI, aircraft airbone;16,35970253302574;7,276433227676757
CAT048;20;129;03:50:13:531;41,23307295;2,05413549;1059,18214579858;3475,00715122181;4,632812;208,146973;1000;34,75;341119;BCS3WP;1013,2;;;;;;178,59375;173,0;0,276;1504,0;1376;1970;188,32;176,9513;No alert, no SPI, aircraft airbone;16,370848199985183;7,071645725705054
CAT048;20;129;03:50:17:516;41,22953969;2,054356;1082,04275631346;3550,00915662345;4,816406;206,845093;1000;35,5;341119;BCS3WP;1013,2;;;;;;178,417969;176,0;0,284;1408,0;1344;1970;193,38;177,0337;No alert, no SPI, aircraft airbone;16,381708105419886;6,859807998107926
CAT048;20;129;03:50:21:492;41,22590056;2,05460984;1112,52341965493;3650,01133614067;5,007812;205,592651;1000;36,5;341119;BCS3WP;1013,2;;;;;;178,417969;181,0;0,292;1440,0;1376;1970;197,34;177,3798;No alert, no SPI, aircraft airbone;16,394104345150435;6,641628038119644
CAT048;20;129;03:50:25:477;41,22223546;2,05484731;1143,0041169934;3750,01362719662;5,203125;204,433594;1000;37,5;341119;BCS3WP;1013,2;0,703;177,363;202,0;0;202,0;178,59375;185,0;0,3;1216,0;1184;1970;203,28;177,4567;No alert, no SPI, aircraft airbone;16,405767099732234;6,421887896960042
CAT048;20;129;03:50:29:461;41,21839426;2,05505104;1165,86487600487;3825,01611979181;5,410156;203,329468;1000;38,25;341119;BCS3WP;1013,2;;;;;;178,59375;190,0;0,308;1184,0;1120;1970;209,44;177,5336;No alert, no SPI, aircraft airbone;16,41594711494595;6,1915814892233785
CAT048;20;129;03:50:33:438;41,21443705;2,05528093;1188,72569727059;3900,01881663326;5,625;202,269287;1000;39,0;341119;BCS3WP;1013,2;;;;;;178,769531;196,0;0,316;1248,0;1152;1970;215,38;177,8687;No alert, no SPI, aircraft airbone;16,427341624279475;5,954323497006362
CAT048;20;129;03:50:37:422;41,2103916;2,05546983;1219,20656922087;4000,0216805626;5,847656;201,286011;1000;40,0;341119;BCS3WP;1013,2;;;;;;178,769531;200,0;0,324;1280,0;1216;1970;221,32;177,9236;No alert, no SPI, aircraft airbone;16,43690310280194;5,711766592770406
CAT048;20;129;03:50:41:406;41,20622365;2,05566986;1242,06750904582;4075,0247663779;6,078125;200,34668;1000;40,75;341119;BCS3WP;1013,1;1,055;178,242;228,0;0,062;224,0;179,121094;205,0;0,336;1280,0;1280;1970;226,38;178,2257;No alert, no SPI, aircraft airbone;16,44700016777331;5,461866131064812
CAT048;20;129;03:50:45:391;41,20196788;2,05580914;1272,54850284755;4175,02803008236;6,316406;199,484253;1000;41,75;341119;BCS3WP;1013,2;;;;;;179,121094;210,0;0,34;1600,0;1504;1970;233,2;178,5223;No alert, no SPI, aircraft airbone;16,454368830426816;5,20668824285026
CAT048;20;129;03:50:49:375;41,19765947;2,05597572;1303,02955632657;4275,03148957846;6,558594;198,665771;1000;42,75;341119;BCS3WP;1013,2;;;;;;179,121094;215,0;0,352;1536,0;1600;1970;237,16;178,5443;No alert, no SPI, aircraft airbone;16,462987900035934;4,948359137026269
CAT048;20;129;03:50:53:367;41,19317502;2,05610745;1333,51069449168;4375,03522691607;6,8125;197,891235;1000;43,75;341119;BCS3WP;1013,2;;;;;;179,121094;220,0;0,36;1632,0;1568;1970;242,22;178,5773;No alert, no SPI, aircraft airbone;16,470073245591905;4,679467256688322
CAT048;20;129;03:50:56:484;41,19570617;2,3559572;1821,10147673264;5974,74256892352;13,140625;118,635864;1000;59,75;34310D;BCS3LR;1013,2;;;;;;-137,460938;244,0;0,412;-800,0;-800;2224;276,54;221,4734;No alert, no SPI, aircraft airbone;30,05104188754362;4,911058234842273
CAT048;20;129;03:50:57:352;41,18870185;2,05627793;1363,99188277312;4475,03912867735;7,066406;197,160645;1000;44,75;341119;BCS3WP;1013,2;10,195;179,824;250,0;0,688;248,0;-179,296875;225,0;0,368;1632,0;1536;1970;249,26;179,7693;No alert, no SPI, aircraft airbone;16,478911895744353;4,411259406898399
CAT048;20;129;03:51:00:492;41,19184782;2,35149891;1805,86563917715;5924,75622363796;13,078125;119,954224;1000;59,25;34310D;BCS3LR;1013,2;;;;;;-137,460938;243,0;0,408;-864,0;-768;2224;275,22;221,4569;No alert, no SPI, aircraft airbone;29,85085043670051;4,678160296597328
CAT048;20;129;03:51:01:344;41,18396758;2,05620583;1402,09315970168;4600,04332207564;7,339844;196,528931;1000;46,0;341119;BCS3WP;1013,2;;;;;;-175,078125;230,0;0,376;1536,0;1536;1970;254,54;183,3783;No alert, no SPI, aircraft airbone;16,47682716457676;4,1273489145411775
CAT048;20;129;03:51:04:500;41,18801876;2,346986;1790,62981135584;5874,76991028871;13,019531;121,283569;1000;58,75;34310D;BCS3LR;1013,3;-0,352;-138,516;272,0;0;268,0;-137,460938;241,0;0,404;-512,0;-736;2224;273,02;221,5778;No alert, no SPI, aircraft airbone;29,648147854916516;4,447010691878008
CAT048;20;129;03:51:05:336;41,17920657;2,05566137;1432,57443607599;4700,04751285554;7,621094;196,094971;1000;47,0;341119;BCS3WP;1013,2;;;;;;-170,15625;235,0;0,388;1440,0;1536;1970;259,82;188,1903;No alert, no SPI, aircraft airbone;16,45334776756627;3,8417462795808675
CAT048;20;129;03:51:08:508;41,18424946;2,34265605;1767,77381963376;5799,78305840722;12,972656;122,590942;1000;58,0;34310D;BCS3LR;1013,3;;;;;;-137,285156;239,0;0,4;-928,0;-736;2224;270,16;221,5448;No alert, no SPI, aircraft airbone;29,453683342476694;4,21951700789629
CAT048;20;129;03:51:09:320;41,17431433;2,05449085;1463,05572128296;4800,05173261398;7,917969;195,875244;1000;48,0;341119;BCS3WP;1013,1;;;;;;-165,234375;240,0;0,396;1792,0;1760;1970;263,78;191,8213;No alert, no SPI, aircraft airbone;16,40153093314803;3,5481571884850043
CAT048;20;129;03:51:12:516;41,18046825;2,33823146;1752,53787594195;5749,7963649054;12,929688;123,920288;1000;57,5;34310D;BCS3LR;1013,2;;;;;;-137,285156;237,0;0,396;-704,0;-704;2224;267,96;221,6656;No alert, no SPI, aircraft airbone;29,254913956866552;3,9912873196305947
CAT048;20;129;03:51:13:320;41,16955861;2,0527227;1501,15693409555;4925,05571565803;8,214844;195,869751;1000;49,25;341119;BCS3WP;1013,2;18,105;-161,719;270,0;1,281;268,0;-159,960938;243,0;0,4;1920,0;2080;1970;269,72;198,1659;No alert, no SPI, aircraft airbone;16,322592120811883;3,2626440327164405
CAT048;20;129;03:51:16:523;41,17677463;2,33380676;1737,30188557878;5699,80951828229;12,890625;125,238647;1000;57,0;34310D;BCS3LR;1013,3;;;;;;-137,285156;235,0;0,392;-704,0;-704;2224;265,76;221,792;No alert, no SPI, aircraft airbone;29,056078004187388;3,7683203004466637
CAT048;20;129;03:51:17:313;41,16497674;2,05018308;1546,87802319601;5075,0592936224;8,511719;196,11145;1000;50,75;341119;BCS3WP;1013,2;;;;;;-155,390625;246,0;0,408;2464,0;2432;1970;272,14;203,1702;No alert, no SPI, aircraft airbone;16,20863910036749;2,9874147123343966
CAT048;20;129;03:51:20:531;41,17312854;2,32944839;1729,68581539579;5674,82241058312;12,859375;126,546021;1000;56,75;34310D;BCS3LR;1013,3;-0,352;-138,164;264,0;0;260,0;-137,285156;233,0;0,392;-832,0;-672;2224;264,44;221,7755;No alert, no SPI, aircraft airbone;28,860204188865104;3,5482356439623666
CAT048;20;129;03:51:21:313;41,16033456;2,04731163;1592,59911300708;5225,06287391814;8,816406;196,424561;1000;52,25;341119;BCS3WP;1013,2;;;;;;-153,808594;248,0;0,412;2432,0;2720;1970;274,12;205,0653;No alert, no SPI, aircraft airbone;16,079646513824077;2,7085114056318744
CAT048;20;129;03:51:24:547;41,16946018;2,32521722;1714,44964971673;5624,83498877663;12,839844;127,8479;1000;56,25;34310D;BCS3LR;1013,3;;;;;;-137,285156;232,0;0,388;-672,0;-576;2224;261,58;221,7426;No alert, no SPI, aircraft airbone;28,670081908275737;3,326867248634138
CAT048;20;129;03:51:25:305;41,15573336;2,0443403;1653,56020060368;5425,06644854857;9,121094;196,748657;1000;54,25;341119;BCS3WP;1013,2;;;;;;-153,808594;249,0;0,416;2880,0;2944;1970;275,66;205,8179;No alert, no SPI, aircraft airbone;15,94609890218688;2,432051840404188
CAT048;20;129;03:51:28:555;41,1658612;2,32098433;1699,21344463062;5574,84743768191;12,824219;129,138794;1000;55,75;34310D;BCS3LR;1013,2;;;;;;-137,285156;229,0;0,384;-640,0;-736;2224;258,72;221,7041;No alert, no SPI, aircraft airbone;28,47983039676234;3,1096681356314098
CAT048;20;129;03:51:29:305;41,15120933;2,04132161;1706,90127830487;5600,06998991374;9,421875;197,072754;1000;56,0;341119;BCS3WP;1013,2;2,461;-153,633;278,0;0,125;278,0;-153,105469;249,0;0,416;2912,0;2976;1970;276,98;206,3782;No alert, no SPI, aircraft airbone;15,810367403750222;2,160216129474325
CAT048;20;129;03:51:32:563;41,16235494;2,316668;1683,977240487;5524,85988967937;12,808594;130,424194;1000;55,25;34310D;BCS3LR;1013,2;;;;;;-137,460938;227,0;0,38;-896,0;-864;2224;256,52;221,8359;No alert, no SPI, aircraft airbone;28,285736914668625;2,898011463194232
CAT048;20;129;03:51:33:305;41,1465881;2,03818487;1767,86239354964;5800,07365525341;9,730469;197,396851;1000;58,0;341119;BCS3WP;1013,2;;;;;;-152,578125;250,0;0,42;2720,0;3008;1970;278,3;206,933;No alert, no SPI, aircraft airbone;15,669289133989277;1,8825355740773289
CAT048;20;129;03:51:36:570;41,15882334;2,31248789;1661,12094027735;5449,87202569955;12,804688;131,698608;1000;54,5;34310D;BCS3LR;1013,2;-0,176;-138,164;254,0;0,031;250,0;-137,285156;225,0;0,376;-1056,0;-864;2224;255,2;221,8195;No alert, no SPI, aircraft airbone;28,097806839669648;2,6848888210899142
CAT048;20;129;03:51:37:305;41,14197933;2,03501783;1828,82352168765;6000,07736289371;10,039062;197,709961;1000;60,0;341119;BCS3WP;1013,2;;;;;;-152,226562;251,0;0,42;3040,0;3072;1970;279,4;207,2955;No alert, no SPI, aircraft airbone;15,526814445146291;1,6056021884908893
CAT048;20;129;03:51:40:586;41,15530756;2,30836457;1645,88458188996;5399,88397164785;12,808594;132,962036;1000;54,0;34310D;BCS3LR;1013,3;;;;;;-137,285156;223,0;0,372;-1024,0;-960;2224;253,0;221,9513;No alert, no SPI, aircraft airbone;27,912423607563234;2,47274215228454
CAT048;20;129;03:51:44:594;41,15179803;2,30429986;1630,64816926233;5349,89573964264;12,820312;134,214478;1000;53,5;34310D;BCS3LR;1013,2;;;;;;-137,285156;222,0;0,368;-1088,0;-1056;2224;250,8;222,0886;No alert, no SPI, aircraft airbone;27,729674272860716;2,2609977986628635
CAT048;20;129;03:51:48:602;41,14836083;2,30015881;1600,17175635789;5249,90750512921;12,832031;135,461426;1000;52,5;34310D;BCS3LR;1013,3;;;;;;-137,109375;221,0;0,368;-1152,0;-1120;2224;249,48;222,0721;No alert, no SPI, aircraft airbone;27,543414880559485;2,0535753934223195
CAT048;20;129;03:51:52:609;41,14495371;2,29610849;1577,31526220404;5174,91900484949;12,851562;136,686401;1000;51,75;34310D;BCS3LR;1013,3;-0,527;-137,988;248,0;0;244,0;-137,285156;220,0;0,364;-1248,0;-1184;2224;247,94;222,0557;No alert, no SPI, aircraft airbone;27,36123617971334;1,8479941504040645
CAT048;20;129;03:51:56:617;41,14151085;2,29207132;1554,45875602774;5099,93046512606;12,878906;137,911377;1000;51,0;34310D;BCS3LR;1013,3;;;;;;-137,285156;220,0;0,364;-1120,0;-1248;2224;246,62;222,0337;No alert, no SPI, aircraft airbone;27,17964928888971;1,640282456373012
CAT048;20;129;03:52:00:625;41,13812743;2,28792792;1531,60226547346;5024,94197665593;12,90625;139,136353;1000;50,25;34310D;BCS3LR;1013,3;;;;;;-137,285156;219,0;0,364;-1056,0;-1280;2224;246,62;222,0337;No alert, no SPI, aircraft airbone;26,993203147456157;1,436110881858701
CAT048;20;129;03:52:04:633;41,13470687;2,2839289;1508,74569396023;4949,95322257247;12,945312;140,339355;1000;49,5;34310D;BCS3LR;1013,2;;;;;;-137,109375;219,0;0,36;-1248,0;-1248;2224;245,96;221,8634;No alert, no SPI, aircraft airbone;26,813298445632885;1,2297654781244023
CAT048;20;129;03:52:08:641;41,13136417;2,27986807;1478,26910526864;4849,96441132957;12,984375;141,531372;1000;48,5;34310D;BCS3LR;1013,3;-0,527;-138,164;246,0;-0,031;240,0;-136,582031;218,0;0,36;-1312,0;-1344;2224;245,96;221,8634;No alert, no SPI, aircraft airbone;26,630541164741306;1,0280785610343477
CAT048;20;129;03:52:12:648;41,1280022;2,27584638;1455,41248544119;4774,97549873488;13,03125;142,712402;1000;47,75;34310D;BCS3LR;1013,2;;;;;;-136,230469;218,0;0,36;-1504,0;-1376;2224;245,96;221,8634;No alert, no SPI, aircraft airbone;26,449547558205442;0,8252566154273304
CAT048;20;129;03:52:16:656;41,12459732;2,27184361;1424,93585598003;4674,98655373353;13,085938;143,887939;1000;46,75;34310D;BCS3LR;1013,3;;;;;;-136,40625;219,0;0,36;-1184,0;-1344;2224;245,08;222,0172;No alert, no SPI, aircraft airbone;26,269410285636656;0,6198757484296742
CAT048;20;129;03:52:20:664;41,12122685;2,26784637;1394,45919182897;4574,99749492015;13,144531;145,046997;1000;45,75;34310D;BCS3LR;1013,3;;;;;;-136,230469;217,0;0,356;-1536,0;-1376;2224;245,08;222,0172;No alert, no SPI, aircraft airbone;26,089491444747416;0,41656835993886326
CAT048;20;129;03:52:24:672;41,11784442;2,26375964;1371,60255627334;4500,00853072383;13,207031;146,211548;1000;45,0;34310D;BCS3LR;1013,2;-0,352;-138,164;244,0;-0,062;238,0;-136,230469;218,0;0,356;-1472,0;-1408;2224;244,42;221,8469;No alert, no SPI, aircraft airbone;25,90550055350867;0,212525682192072
CAT048;20;129;03:52:28:680;41,11445766;2,25977287;1341,1258581588;4400,01936048173;13,277344;147,348633;1000;44,0;34310D;BCS3LR;1013,2;;;;;;-136,054688;219,0;0,36;-1568,0;-1376;2224;244,42;221,8469;No alert, no SPI, aircraft airbone;25,72602554805333;0,008261531654934831
CAT048;20;129;03:52:32:688;41,11105558;2,25568994;1318,26919173822;4325,03029502242;13,351562;148,491211;1000;43,25;34310D;BCS3LR;1013,3;;;;;;-136,230469;219,0;0,356;-1600,0;-1344;2224;244,42;221,8469;No alert, no SPI, aircraft airbone;25,542176764698652;-0,19694100596592862
CAT048;20;129;03:52:36:688;41,1076977;2,2516583;1287,79246390797;4225,04102728783;13,429688;149,606323;1000;42,25;34310D;BCS3LR;1013,2;;;;;;-136,40625;219,0;0,356;-1376,0;-1184;2224;243,76;222,0007;No alert, no SPI, aircraft airbone;25,36061818723828;-0,3994694576020088
CAT048;20;129;03:52:40:695;41,1043292;2,24771797;1264,93568446301;4150,05159101362;13,515625;150,69397;1000;41,5;34310D;BCS3LR;1013,3;-0,352;-137,988;242,0;0;238,0;-135,878906;219,0;0,356;-928,0;-960;2224;243,1;221,825;No alert, no SPI, aircraft airbone;25,183186603675196;-0,6025999073501459
CAT048;20;129;03:52:44:711;41,10099138;2,24380198;1249,698864053;4100,06202113966;13,605469;151,759644;1000;41,0;34310D;BCS3LR;1013,3;;;;;;-136,054688;217,0;0,352;-672,0;-832;2224;240,9;221,9678;No alert, no SPI, aircraft airbone;25,006829219269285;-0,8038755068989888
CAT048;20;129;03:52:48:711;41,09777424;2,23978426;1234,46200853586;4050,0723360848;13,691406;152,814331;1000;40,5;34310D;BCS3LR;1013,2;;;;;;-135,878906;215,0;0,348;-928,0;-736;2224;239,58;221,9513;No alert, no SPI, aircraft airbone;24,825793914547422;-0,9979353502495357
CAT048;20;129;03:52:52:719;41,09446467;2,23587598;1219,22513622977;4000,08259594807;13,789062;153,847046;1000;40,0;34310D;BCS3LR;1013,2;;;;;;-135,878906;213,0;0,344;-512,0;-672;2224;237,38;222,0941;No alert, no SPI, aircraft airbone;24,649739897583153;-1,1974984347715838
CAT048;20;129;03:52:56:727;41,09124318;2,23198737;1203,98819579929;3950,09263230615;13,886719;154,852295;1000;39,5;34310D;BCS3LR;1013,3;-0,176;-137,988;234,0;0;230,0;-135,878906;211,0;0,344;-704,0;-640;2224;234,52;222,0557;No alert, no SPI, aircraft airbone;24,47452787574623;-1,3917662829088844
CAT048;20;129;03:53:00:727;41,08804792;2,22816035;1188,75120223686;3900,10249434678;13,988281;155,830078;1000;39,0;34310D;BCS3LR;1013,2;;;;;;-135,703125;209,0;0,34;-480,0;-640;2224;231,66;222,0227;No alert, no SPI, aircraft airbone;24,302083241892234;-1,5844362002078376
CAT048;20;129;03:53:04:734;41,0848781;2,22439589;1181,13415700942;3875,11218768279;14,09375;156,780396;1000;38,75;34310D;BCS3LR;1013,3;;;;;;-132,363281;206,0;0,336;-672,0;-768;2224;230,12;223,764;No alert, no SPI, aircraft airbone;24,132450907322678;-1,7755556600373363
CAT048;20;129;03:53:08:734;41,0819889;2,22042776;1158,27701774333;3800,12157089302;14,183594;157,72522;1000;38,0;34310D;BCS3LR;1013,3;;;;;;-124,980469;205,0;0,332;-1024,0;-832;2224;227,04;229,2847;No alert, no SPI, aircraft airbone;23,953459539007593;-1,9498961466625926
CAT048;20;129;03:53:12:742;41,07964076;2,21591622;1143,03974403441;3750,13051381785;14,238281;158,703003;1000;37,5;34310D;BCS3LR;1013,3;18,457;-123,75;224,0;1,625;220,0;-118,300781;203,0;0,328;-608,0;-768;2224;224,18;236,0962;No alert, no SPI, aircraft airbone;23,749601281222;-2,0919314847288946
CAT048;20;129;03:53:16:750;41,07764353;2,21115592;1127,80231576134;3700,13894964242;14,273438;159,686279;1000;37,0;34310D;BCS3LR;1013,2;;;;;;-111,621094;202,0;0,328;-864,0;-864;2224;221,1;242,5067;No alert, no SPI, aircraft airbone;23,534316022924582;-2,2129809541538066
CAT048;20;129;03:53:20:750;41,07610559;2,20602584;1112,56469524093;3650,14675473425;14,28125;160,691528;1000;36,5;34310D;BCS3LR;1013,3;;;;;;-104,414062;201,0;0,324;-1056,0;-960;2224;218,9;249,6533;No alert, no SPI, aircraft airbone;23,302076541211516;-2,306576002382708
CAT048;20;129;03:53:24:766;41,07517288;2,20109936;1089,70662108995;3575,15307073675;14,261719;161,61438;1000;35,75;34310D;BCS3LR;1013,3;;;;;;-96,855469;201,0;0,324;-1024,0;-960;2224;216,48;257,179;No alert, no SPI, aircraft airbone;23,07885417128159;-2,3638113120068107
CAT048;20;129;03:53:28:766;41,07457214;2,19585945;1066,84838399105;3500,15885213319;14,222656;162,57019;1000;35,0;34310D;BCS3LR;1013,3;20,918;-95,098;214,0;1,906;216,0;-89,296875;200,0;0,324;-1056,0;-1024;2224;214,06;264,9023;No alert, no SPI, aircraft airbone;22,84128813427539;-2,4012094240051765
CAT048;20;129;03:53:32:773;41,07464446;2,19057237;1051,6097167125;3450,16322297903;14,148438;163,493042;1000;34,5;34310D;BCS3LR;1013,3;;;;;;-81,914062;199,0;0,32;-1088,0;-1056;2224;212,3;272,428;No alert, no SPI, aircraft airbone;22,6013475274583;-2,3982456920491186
CAT048;20;129;03:53:36:773;41,07504703;2,18527863;1028,75079289731;3375,1667513692;14,058594;164,404907;1000;33,75;34310D;BCS3LR;1013,3;;;;;;-77,34375;198,0;0,32;-992,0;-1056;2224;210,54;278,476;No alert, no SPI, aircraft airbone;22,36099367408996;-2,375465840811616
CAT048;20;129;03:53:40:781;41,07575367;2,18018697;1005,89158094581;3300,16933443026;13,957031;165,272827;1000;33,0;34310D;BCS3LR;1013,3;;;;;;-76,992188;198,0;0,316;-928,0;-1120;2224;209,88;280,7172;No alert, no SPI, aircraft airbone;22,129710909244075;-2,334386896181007
CAT048;20;129;03:53:44:781;41,07661448;2,17526404;983,032178535126;3225,17129262518;13,851562;166,113281;1000;32,25;34310D;BCS3LR;1013,2;3,691;-78,223;208,0;0,344;212,0;-75,410156;197,0;0,316;-1312,0;-1088;2224;208,56;281,8982;No alert, no SPI, aircraft airbone;21,906038418683085;-2,2840075003299924
CAT048;20;129;03:53:48:789;41,07744749;2,17026913;960,172737760469;3150,17312495406;13,75;166,981201;1000;31,5;34310D;BCS3LR;1013,3;;;;;;-74,53125;197,0;0,316;-928,0;-992;2224;207,46;283,0957;No alert, no SPI, aircraft airbone;21,679114662948358;-2,2353003694377787
CAT048;20;129;03:53:52:789;41,07842768;2,16541814;944,933123367839;3100,17438847014;13,644531;167,827148;1000;31,0;34310D;BCS3LR;1013,3;;;;;;-73,828125;196,0;0,312;-864,0;-896;2224;206,14;283,7659;No alert, no SPI, aircraft airbone;21,458679289646703;-2,1777193819840637
CAT048;20;129;03:53:56:797;41,07931973;2,16054235;922,073495135643;3025,17560578082;13,546875;168,695068;1000;30,25;34310D;BCS3LR;1013,3;;;;;;-73,652344;194,0;0,312;-896,0;-960;2224;205,26;284,101;No alert, no SPI, aircraft airbone;21,237153393872344;-2,1254174772804464
CAT048;20;129;03:54:00:805;41,08027847;2,15574403;906,833754134364;2975,17645391419;13,449219;169,557495;1000;29,75;34310D;BCS3LR;1013,3;-0,527;-75,586;204,0;0;208,0;-73,652344;193,0;0,308;-832,0;-992;2224;203,28;284,2383;No alert, no SPI, aircraft airbone;21,019127381815075;-2,0690855636915666
CAT048;20;129;03:54:04:805;41,08121844;2,15092841;883,973962078802;2900,17713374662;13,355469;170,436401;1000;29,0;34310D;BCS3LR;1013,3;;;;;;-73,652344;193,0;0,308;-960,0;-896;2224;202,4;284,3097;No alert, no SPI, aircraft airbone;20,800328591568313;-2,013871337978515
CAT048;20;129;03:54:08:813;41,08214952;2,14612048;868,734109837562;2850,17761691947;13,265625;171,326294;1000;28,5;34310D;BCS3LR;1013,2;;;;;;-73,652344;192,0;0,304;-960,0;-832;2224;201,52;284,3811;No alert, no SPI, aircraft airbone;20,581887661412974;-1,9591763410890684
CAT048;20;129;03:54:12:813;41,08306987;2,14131893;853,4941987684;2800,17790708732;13,179688;172,227173;1000;28,0;34310D;BCS3LR;1013,2;;;;;;-73,828125;189,0;0,3;-736,0;-768;2224;199,54;284,5239;No alert, no SPI, aircraft airbone;20,36374561790571;-1,9051112713730605
CAT048;20;129;03:54:16:820;41,083923;2,13661441;838,25424946472;2750,17807181383;13,101562;173,122559;1000;27,5;34310D;BCS3LR;1013,2;-0,527;-75,586;198,0;-0,031;202,0;-73,828125;188,0;0,3;-896,0;-736;2224;198,22;284,3152;No alert, no SPI, aircraft airbone;20,15003245375618;-1,8550427150070166
CAT048;20;129;03:54:20:820;41,0848273;2,13187254;823,014215664007;2700,1779593191;13,023438;174,034424;1000;27,0;34310D;BCS3LR;1013,2;;;;;;-74,003906;187,0;0,296;-736,0;-736;2224;196,02;284,1779;No alert, no SPI, aircraft airbone;19,93461475959228;-1,801902771247035
CAT048;20;129;03:54:24:828;41,08572913;2,12723939;807,774113342166;2650,17762201751;12,949219;174,935303;1000;26,5;34310D;BCS3LR;1013,2;;;;;;-74,003906;185,0;0,292;-672,0;-768;2224;194,26;284,3207;No alert, no SPI, aircraft airbone;19,72413630405973;-1,7488747519726464
CAT048;20;129;03:54:28:828;41,0866194;2,12260295;792,533958007582;2600,17711078959;12,878906;175,847168;1000;26,0;34310D;BCS3LR;1013,2;;;;;;-73,828125;183,0;0,292;-672,0;-800;2224;192,94;284,1064;No alert, no SPI, aircraft airbone;19,513517697047966;-1,6965295079689964
CAT048;20;129;03:54:32:836;41,08743862;2,11807397;777,293774778955;2550,17650804579;12,816406;176,748047;1000;25,5;34310D;BCS3LR;1013,2;-0,352;-75,938;192,0;0;196,0;-74,179688;183,0;0,288;-608,0;-896;2224;190,96;284,2493;No alert, no SPI, aircraft airbone;19,307800802164678;-1,6484098897151096
CAT048;20;129;03:54:36:844;41,08837515;2,1135806;754,433474025689;2475,17551892244;12,75;177,648926;1000;24,75;34310D;BCS3LR;1013,3;;;;;;-74,179688;181,0;0,288;-1152,0;-896;2224;189,86;284,035;No alert, no SPI, aircraft airbone;19,103670688277806;-1,593237358075812
CAT048;20;129;03:54:40:852;41,08917129;2,10908281;739,193189050071;2425,17458236303;12,695312;178,560791;1000;24,25;34310D;BCS3LR;1013,3;;;;;;-74,179688;181,0;0,284;-1056,0;-992;2224;188,76;284,1064;No alert, no SPI, aircraft airbone;18,899385883795425;-1,5464737661048804
CAT048;20;129;03:54:44:852;41,09001946;2,10462135;716,332821550779;2350,17337425666;12,640625;179,472656;1000;23,5;34310D;BCS3LR;1013,3;;;;;;-74,355469;180,0;0,284;-960,0;-1024;2224;188,54;283,8098;No alert, no SPI, aircraft airbone;18,696739466538705;-1,4965719271419513
CAT048;20;129;03:54:48:852;41,09085582;2,10024984;693,472405561246;2275,17200706156;12,589844;180,373535;1000;22,75;34310D;BCS3LR;1013,3;-0,527;-76,113;188,0;0;190,0;-74,53125;180,0;0,284;-1184,0;-1056;2224;187,66;283,8867;No alert, no SPI, aircraft airbone;18,498182252717697;-1,4473489173157739
CAT048;20;129;03:54:52:859;41,09174657;2,09575472;670,611907495186;2200,17037058651;12,539062;181,307373;1000;22,0;34310D;BCS3LR;1013,3;;;;;;-74,53125;179,0;0,284;-1120,0;-1088;2224;187,44;283,5901;No alert, no SPI, aircraft airbone;18,2940072930499;-1,3948803372164116
CAT048;20;129;03:54:56:867;41,09256042;2,09134343;647,751394703053;2125,16868579756;12,496094;182,230225;1000;21,25;34310D;BCS3LR;1013,3;;;;;;-74,707031;180,0;0,284;-1088,0;-1120;2224;187,44;283,5901;No alert, no SPI, aircraft airbone;18,093661815452347;-1,3469952315856362
CAT048;20;129;03:55:00:875;41,09336751;2,08688163;632,510829321109;2075,16682926987;12,457031;183,169556;1000;20,75;34310D;BCS3LR;1013,3;;;;;;-75,058594;181,0;0,284;-1088,0;-960;2224;186,34;283,6615;No alert, no SPI, aircraft airbone;17,891031684468494;-1,2995157121942091
CAT048;20;129;03:55:04:875;41,09416691;2,08239332;617,270211192779;2025,16479968972;12,421875;184,119873;1000;20,25;34310D;BCS3LR;1013,3;-0,352;-76,465;186,0;0;190,0;-75,234375;180,0;0,284;-576,0;-544;2224;185,46;283,7329;No alert, no SPI, aircraft airbone;17,6872059167815;-1,2524923440946125
CAT048;20;129;03:55:08:883;41,09495335;2,07800664;609,649550640956;2000,16263172487;12,390625;185,053711;1000;20,0;34310D;BCS3LR;1013,2;;;;;;-75,234375;178,0;0,28;-352,0;-256;2224;182,16;283,6505;No alert, no SPI, aircraft airbone;17,487998808034018;-1,206215347018558
CAT048;20;129;03:55:12:891;41,09579075;2,07367448;602,028816271573;1975,16022157643;12,359375;185,982056;1000;19,75;34310D;BCS3LR;1013,3;;;;;;-75,585938;175,0;0,276;-32,0;0;2224;180,18;283,4912;No alert, no SPI, aircraft airbone;17,291256308615083;-1,1568617613281011
CAT048;20;129;03:55:16:891;41,09654963;2,06940344;609,648074219003;2000,15778782067;12,335938;186,899414;1000;20,0;34310D;BCS3LR;1013,3;;;;;;-77,167969;176,0;0,276;192,0;160;2224;179,52;282,8705;No alert, no SPI, aircraft airbone;17,097311624553036;-1,1121949397314852
CAT048;20;129;03:55:20:898;41,09723357;2,06508189;609,647312805988;2000,1552897464;12,320312;187,827759;1000;20,0;34310D;BCS3LR;1013,3;1,406;-77,168;184,0;0,156;190,0;-75,761719;179,0;0,28;32,0;64;2224;183,7;282,8979;No alert, no SPI, aircraft airbone;16,901099258093588;-1,0720221870411688
CAT048;20;129;03:55:24:898;41,09804297;2,06071699;609,646433485672;2000,15240483713;12,300781;188,772583;1000;20,0;34310D;BCS3LR;1013,3;;;;;;-74,355469;180,0;0,284;32,0;96;2224;185,46;283,7329;No alert, no SPI, aircraft airbone;16,70289282457716;-1,0243247941672469
CAT048;20;129;03:55:28:906;41,0989123;2,05632607;609,645469261333;2000,14924137135;12,28125;189,728394;1000;20,0;34310D;BCS3LR;1013,2;;;;;;-73,828125;180,0;0,28;-32,0;96;2224;185,9;284,3317;No alert, no SPI, aircraft airbone;16,503495973097838;-0,9730287056533394
CAT048;20;129;03:55:32:906;41,09977538;2,05192049;609,644452936016;2000,1459069706;12,265625;190,689697;1000;20,0;34310D;BCS3LR;1013,3;;;;;;-74,003906;181,0;0,284;128,0;96;2224;186,12;284,6338;No alert, no SPI, aircraft airbone;16,303440892240893;-0,922100116171128
CAT048;20;129;03:55:36:914;41,10056953;2,04748018;609,643410781398;2000,14248782804;12,257812;191,656494;1000;20,0;34310D;BCS3LR;1013,3;-0,703;-75,586;186,0;-0,031;190,0;-73,828125;180,0;0,284;0,0;64;2224;186,78;284,2548;No alert, no SPI, aircraft airbone;16,10183242785178;-0,8753012353690529
CAT048;20;129;03:55:40:922;41,10149174;2,0430292;609,642251294106;2000,13868373576;12,246094;192,634277;1000;20,0;34310D;BCS3LR;1013,3;;;;;;-73,828125;180,0;0,284;-128,0;32;2224;186,78;284,2548;No alert, no SPI, aircraft airbone;15,899714025273237;-0,8208149163818715
CAT048;20;129;03:55:44:930;41,10232989;2,03863886;609,641088303179;2000,1348681486;12,242188;193,595581;1000;20,0;34310D;BCS3LR;1013,3;;;;;;-74,003906;180,0;0,28;128,0;0;2224;186,78;284,2548;No alert, no SPI, aircraft airbone;15,700371738963046;-0,7713480953801032
CAT048;20;129;03:55:48:938;41,10319449;2,03407215;609,639825637452;2000,13072554438;12,242188;194,595337;1000;20,0;34310D;BCS3LR;1013,2;;;;;;-74,003906;181,0;0,284;160,0;0;2224;186,78;284,2548;No alert, no SPI, aircraft airbone;15,493028444970632;-0,7203164293807449
CAT048;20;129;03:55:52:938;41,10409286;2,02965056;609,638519534841;2000,12644043069;12,242188;195,567627;1000;20,0;34310D;BCS3LR;1013,3;13,359;-73,652;188,0;1,344;192,0;-71,015625;180,0;0,284;-160,0;-64;2224;186,78;286,4905;No alert, no SPI, aircraft airbone;15,292265052706732;-0,6672235425360473
CAT048;20;129;03:55:56:945;41,10542256;2,02539634;609,63699487783;2000,12143827498;12,21875;196,539917;1000;20,0;34310D;BCS3LR;1013,3;;;;;;-63,105469;181,0;0,284;-192,0;-64;2224;187,0;292,9944;No alert, no SPI, aircraft airbone;15,099000070522942;-0,5882268144769853
CAT048;20;129;03:56:00:945;41,10704153;2,02133327;609,635333079845;2000,11598618168;12,179688;197,501221;1000;20,0;34310D;BCS3LR;1013,3;;;;;;-54,316406;180,0;0,28;-64,0;32;2224;187,0;301,6461;No alert, no SPI, aircraft airbone;14,914347391489667;-0,491841935334791
CAT048;20;129;03:56:04:953;41,10926562;2,01783494;609,633489382453;2000,10993730553;12,101562;198,407593;1000;20,0;34310D;BCS3LR;1013,2;;;;;;-44,648438;178,0;0,28;64,0;0;2224;186,56;311,2976;No alert, no SPI, aircraft airbone;14,755182283167194;-0,35906707051869463
CAT048;20;129;03:56:08:953;41,11189831;2,01482343;609,631559646688;2000,10360615124;11,996094;199,264526;1000;20,0;34310D;BCS3LR;1013,3;25,84;-38,32;186,0;2,812;190,0;-34,453125;179,0;0,28;0,0;32;2224;185,9;321,7731;No alert, no SPI, aircraft airbone;14,61801609359892;-0,20170264643339855
CAT048;20;129;03:56:12:961;41,11491287;2,01236284;609,629592405632;2000,09715194809;11,863281;200,061035;1000;20,0;34310D;BCS3LR;1013,3;;;;;;-22,851562;179,0;0,28;192,0;0;2224;187,44;333,0231;No alert, no SPI, aircraft airbone;14,505761526348506;-0,021343143812649883
CAT048;20;129;03:56:16:961;41,1182724;2,01103413;609,627774543129;2000,09118783208;11,695312;200,67627;1000;20,0;34310D;BCS3LR;1013,3;;;;;;-9,84375;179,0;0,28;-128,0;-32;2224;188,98;345,5914;No alert, no SPI, aircraft airbone;14,444770492104011;0,1798925116345768
CAT048;20;129;03:56:20:961;41,12189109;2,0105753;609,626095770858;2000,08568004886;11,5;201,154175;1000;20,0;34310D;BCS3LR;1013,3;;;;;;2,988281;180,0;0,284;32,0;32;2224;190,3;358,4894;No alert, no SPI, aircraft airbone;14,423174319690734;0,39681315820339524
CAT048;20;129;03:56:24:961;41,12543352;2,01112895;609,62474325113;2000,08124264804;11,292969;201,42334;1000;20,0;34310D;BCS3LR;1013,3;16,523;9,668;190,0;1,656;192,0;12,65625;181,0;0,284;0,0;64;2224;190,74;9,657;No alert, no SPI, aircraft airbone;14,447505940492112;0,6093281225039036
CAT048;20;129;03:56:28:953;41,12876632;2,01240024;609,623689787462;2000,0777864023;11,085938;201,522217;1000;20,0;34310D;BCS3LR;1013,2;;;;;;14,941406;181,0;0,284;128,0;96;2224;191,18;14,5404;No alert, no SPI, aircraft airbone;14,504419073429878;0,8093917256018256
CAT048;20;129;03:56:32:953;41,13223764;2,01368689;617,242606719956;2025,0742338311;10,871094;201,637573;1000;20,25;34310D;BCS3LR;1013,2;;;;;;13,710938;183,0;0,288;0,0;-32;2224;191,18;14,5404;No alert, no SPI, aircraft airbone;14,561992261063963;1,0177653099675978
CAT048;20;129;03:56:36:953;41,13562979;2,01475852;609,621525812894;2000,07068674798;10,664062;201,796875;1000;20,0;34310D;BCS3LR;1013,2;;;;;;12,304688;181,0;0,284;160,0;-64;2224;191,18;13,3044;No alert, no SPI, aircraft airbone;14,609828641782675;1,2213564972158653
CAT048;20;129;03:56:40:945;41,13901811;2,01585558;609,620477085933;2000,06724604261;10,457031;201,956177;1000;20,0;34310D;BCS3LR;1013,2;3,34;13,008;190,0;0,438;192,0;12,65625;181,0;0,284;-96,0;-96;2224;190,08;13,0847;No alert, no SPI, aircraft airbone;14,65881369623012;1,4247230299301035
CAT048;20;129;03:56:44:938;41,14241902;2,01691678;609,619439162314;2000,06384078129;10,25;202,131958;1000;20,0;34310D;BCS3LR;1013,3;;;;;;15,46875;181,0;0,284;32,0;-96;2224;188,32;14,7711;No alert, no SPI, aircraft airbone;14,706165239922129;1,6288392798044509
CAT048;20;129;03:56:48:938;41,14577101;2,01814246;609,618483226746;2000,06070450964;10,042969;202,269287;1000;20,0;34310D;BCS3LR;1013,3;;;;;;18,28125;179,0;0,28;-64,0;-64;2224;187,88;17,6605;No alert, no SPI, aircraft airbone;14,760978457266297;1,830050503826359
CAT048;20;129;03:56:52:938;41,1491123;2,01963335;609,617616164498;2000,05785981713;9,832031;202,346191;1000;20,0;34310D;BCS3LR;1013,3;;;;;;20,390625;180,0;0,28;96,0;32;2224;187,66;20,2698;No alert, no SPI, aircraft airbone;14,827809535317009;2,0306659822459006
CAT048;20;129;03:56:56:930;41,1523919;2,02132427;609,616837381385;2000,05530475434;9,621094;202,368164;1000;20,0;34310D;BCS3LR;1013,2;1,582;21,621;188,0;0,188;190,0;21,269531;179,0;0,28;-64,0;0;2224;188,32;21,5167;No alert, no SPI, aircraft airbone;14,903713929594607;2,22761755379412
CAT048;20;129;03:57:00:922;41,15549855;2,02311894;609,616159354337;2000,05308025608;9,417969;202,340698;1000;20,0;34310D;BCS3LR;1013,3;;;;;;21,445312;180,0;0,28;0,0;32;2224;188,98;22,0825;No alert, no SPI, aircraft airbone;14,984352098690502;2,4142174207090688
CAT048;20;129;03:57:04:914;41,1587819;2,02502588;609,615460239351;2000,05078657167;9,203125;202,307739;1000;20,0;34310D;BCS3LR;1013,3;;;;;;20,917969;181,0;0,284;-64,0;-32;2224;189,64;21,687;No alert, no SPI, aircraft airbone;15,070030403379457;2,6114344234066875
CAT048;20;129;03:57:08:906;41,16196801;2,02679238;609,614778735675;2000,04855066715;8,996094;202,296753;1000;20,0;34310D;BCS3LR;1013,2;;;;;;20,390625;181,0;0,284;0,0;-32;2224;190,96;21,1871;No alert, no SPI, aircraft airbone;15,149357938887947;2,8027980162891826
CAT048;20;129;03:57:12:906;41,16523627;2,02852135;609,614078400657;2000,04625298001;8,785156;202,307739;1000;20,0;34310D;BCS3LR;1013,3;-1,758;20,566;190,0;-0,188;190,0;19,863281;180,0;0,28;-128,0;0;2224;190,3;20,6213;No alert, no SPI, aircraft airbone;15,226958090130738;2,9990830377270106
CAT048;20;129;03:57:16:898;41,16853526;2,03015156;609,613365357742;2000,04391360029;8,574219;202,351685;1000;20,0;34310D;BCS3LR;1013,3;;;;;;19,6875;179,0;0,28;352,0;96;2224;189,64;20,0555;No alert, no SPI, aircraft airbone;15,300068182398855;3,197195223141644
CAT048;20;129;03:57:20:898;41,1717949;2,03169175;617,232664931566;2025,04161641408;8,367188;202,417603;1000;20,25;34310D;BCS3LR;1013,2;;;;;;19,511719;179,0;0,28;576,0;160;2224;188,98;19,4897;No alert, no SPI, aircraft airbone;15,369101108546937;3,3929334353584197
CAT048;20;129;03:57:24:891;41,17507425;2,03316093;617,231963454746;2025,03931498087;8,160156;202,510986;1000;20,25;34310D;BCS3LR;1013,2;;;;;;19,160156;176,0;0,276;-160,0;-256;2224;186,78;19,4019;No alert, no SPI, aircraft airbone;15,434905120605407;3,589842415381791
CAT048;20;129;03:57:28:891;41,17828206;2,0346253;609,611301498488;2000,0371424083;7,957031;202,598877;1000;20,0;34310D;BCS3LR;1013,3;-0,352;19,336;182,0;0,031;182,0;19,160156;172,0;0,268;-448,0;-224;2224;182,38;19,2261;No alert, no SPI, aircraft airbone;15,50050136059853;3,7824618220514603
CAT048;20;129;03:57:32:883;41,1813637;2,03605284;609,610686948523;2000,03512616819;7,761719;202,681274;1000;20,0;34310D;BCS3LR;1013,2;;;;;;19,160156;167,0;0,26;-192,0;-128;2224;176,88;19,1492;No alert, no SPI, aircraft airbone;15,564452298751583;3,9675099740748268
CAT048;20;129;03:57:36:883;41,1845042;2,03750927;601,990078392439;1975,03312879305;7,5625;202,769165;1000;19,75;34310D;BCS3LR;1013,3;;;;;;19,160156;163,0;0,256;-64,0;-32;2224;172,7;19,27;No alert, no SPI, aircraft airbone;15,62969203488516;4,156094096979114
CAT048;20;129;03:57:40:875;41,18740796;2,03883172;601,989527007565;1975,0313197875;7,378906;202,862549;1000;19,75;34310D;BCS3LR;1013,3;;;;;;19,335938;162,0;0,256;-416,0;-480;2224;170,5;19,1766;No alert, no SPI, aircraft airbone;15,688912379854763;4,330458957631579
CAT048;20;129;03:57:44:867;41,19036727;2,04018323;586,748981378041;1925,02952806433;7,191406;202,961426;1000;19,25;34310D;BCS3LR;1013,3;-0,352;19,16;170,0;-0,031;172,0;19,335938;162,0;0,252;-864,0;-960;2224;170,5;19,1766;No alert, no SPI, aircraft airbone;15,749430557419029;4,508161211849098
CAT048;20;129;03:57:48:867;41,19338874;2,04155318;563,888438829221;1850,02774564846;7,0;203,071289;1000;18,5;34310D;BCS3LR;1013,3;;;;;;19,863281;162,0;0,252;-832,0;-992;2224;170,5;19,1766;No alert, no SPI, aircraft airbone;15,810763603303442;4,6895953847042176
CAT048;20;129;03:57:52:859;41,19640853;2,0429399;548,647916008718;1800,02602875804;6,808594;203,181152;1000;18,0;34310D;BCS3LR;1013,3;;;;;;20,039062;162,0;0,252;-864,0;-992;2224;169,62;19,2865;No alert, no SPI, aircraft airbone;15,87285093526021;4,870932958101555
CAT048;20;129;03:57:56:859;41,1992889;2,04431082;525,787440449931;1725,02446612575;6,625;203,274536;1000;17,25;34310D;BCS3LR;1013,3;;;;;;20,214844;162,0;0,252;-800,0;-864;2224;168,74;19,4019;No alert, no SPI, aircraft airbone;15,934250535456618;5,0439082361484
CAT048;20;129;03:58:00:859;41,20224035;2,04569232;510,54696445819;1675,02290287301;6,4375;203,384399;1000;16,75;34310D;BCS3LR;1013,3;-0,879;19,16;168,0;-0,062;170,0;20,039062;161,0;0,252;-736,0;-864;2224;167,42;19,1876;No alert, no SPI, aircraft airbone;15,996106639745092;5,221148964687497
CAT048;20;129;03:58:04:852;41,20519932;2,04705235;495,306498781778;1625,02137346321;6,25;203,510742;1000;16,25;34310D;BCS3LR;1013,2;;;;;;19,863281;160,0;0,248;-1088,0;-864;2224;166,1;18,9789;No alert, no SPI, aircraft airbone;16,05698295504526;5,398837806655322
CAT048;20;129;03:58:08:844;41,20802345;2,04838242;472,446073800325;1550,01997676706;6,070312;203,626099;1000;15,5;34310D;BCS3LR;1013,2;;;;;;19,863281;156,0;0,244;-992,0;-832;2224;164,34;19,2041;No alert, no SPI, aircraft airbone;16,116529877836623;5,568436295850653
CAT048;20;129;03:58:12:844;41,21085328;2,04970612;457,205660661682;1500,01861972527;5,890625;203,752441;1000;15,0;34310D;BCS3LR;1013,3;;;;;;19,6875;153,0;0,236;-672,0;-800;2224;161,04;19,2206;No alert, no SPI, aircraft airbone;16,175781764585853;5,738376443507721
CAT048;20;129;03:58:16:836;41,21369668;2,05099096;441,965253206901;1450,01728133133;5,710938;203,90625;1000;14,5;34310D;BCS3LR;1013,3;-0,703;19,16;158,0;-0,125;156,0;19,335938;149,0;0,232;-768,0;-704;2224;157,96;19,2371;No alert, no SPI, aircraft airbone;16,233265472274024;5,909124139475425
CAT048;20;129;03:58:20:836;41,2163581;2,05219177;434,344884796068;1425,01607183433;5,542969;204,060059;1000;14,25;34310D;BCS3LR;1013,3;;;;;;18,28125;146,0;0,228;-704,0;-736;2224;154,44;18,902;No alert, no SPI, aircraft airbone;16,286984144194914;6,068944380682967
CAT048;20;129;03:58:21:063;41,28461905;2,08100269;-0,0003245687112212;-0,001064858010523;1,355469;224,642944;437;0,0;4CA739;RYR82GJ;1013,2;-0,176;65,742;98,0;-0,719;106,0;64,511719;103,0;0,156;224,0;32;3862;99,0;65,506;No alert, no SPI, aircraft airbone;17,57335421640032;10,167953429258272
CAT048;20;129;03:58:24:828;41,21907196;2,05343325;411,484524637461;1350,01488781157;5,371094;204,21936;1000;13,5;34310D;BCS3LR;1013,3;;;;;;17,929688;145,0;0,224;-992,0;-832;2224;155,32;18,7811;No alert, no SPI, aircraft airbone;16,34252690994234;6,231917735487423
CAT048;20;129;03:58:25:031;41,28547822;2,08343643;-0,0002193013206124;-0,000719492544718;1,242188;222,698364;437;0,0;4CA739;RYR82GJ;1013,2;;;;;;63,984375;119,0;0,18;192,0;32;3862;116,38;65,6323;No alert, no SPI, aircraft airbone;17,683210764474495;10,219967322238102
CAT048;20;129;03:58:28:828;41,22179272;2,05466586;396,24417516496;1300,01373964821;5,199219;204,395142;1000;13,0;34310D;BCS3LR;1013,2;;;;;;18,105469;143,0;0,22;-832,0;-768;2224;153,56;19,0228;No alert, no SPI, aircraft airbone;16,39766170949669;6,39530409864628
CAT048;20;129;03:58:28:992;41,28644137;2,08630187;-0,0001130485907197;-0,0003708943383768;1,113281;219,80896;437;0,0;4CA739;RYR82GJ;1013,2;;;;;;63,984375;135,0;0,204;384,0;0;3862;132,0;65,3741;No alert, no SPI, aircraft airbone;17,81256321727851;10,27830776589519
CAT048;20;129;03:58:32:820;41,22446438;2,05583595;381,00383967068;1250,01263734516;5,03125;204,598389;1000;12,5;34310D;BCS3LR;1013,2;-0,703;19,16;150,0;0,031;146,0;17,753906;139,0;0,216;-992,0;-768;2224;150,26;19,0338;No alert, no SPI, aircraft airbone;16,449973533585933;6,555735204920628
CAT048;20;129;03:58:32:945;41,28754684;2,08948271;-2,09473073482513e-05;-6,87247638404369e-05;0,972656;215,793457;437;0,0;4CA739;RYR82GJ;1013,2;;;;;;63,984375;147,0;0,224;64,0;64;3862;143,66;65,7532;No alert, no SPI, aircraft airbone;17,956139191219307;10,345251931103816
CAT048;20;129;03:58:36:820;41,22706305;2,05701316;365,763530918397;1200,01162277831;4,867188;204,790649;1000;12,0;34310D;BCS3LR;1013,3;;;;;;17,402344;135,0;0,208;-896,0;-704;2224;147,18;19,0503;No alert, no SPI, aircraft airbone;16,502621654340153;6,71179147809983
CAT048;20;129;03:58:36:875;41,28862709;2,09300336;5,49368560314178e-05;0,0001802390347421;0,832031;209,492798;437;0,0;4CA739;RYR82GJ;1013,2;0,176;65,918;162,0;0,156;164,0;63,632812;160,0;0,244;1152,0;384;3862;161,26;65,8191;No alert, no SPI, aircraft airbone;18,115087203044872;10,410759432170458
CAT048;20;129;03:58:40:773;41,28986058;2,09660821;22,8600957738236;75,0003166185913;0,695312;200,76416;437;0,75;4CA739;RYR82GJ;1013,2;;;;;;63,28125;166,0;0,252;1408,0;1824;3862;168,08;66,4838;No alert, no SPI, aircraft airbone;18,27779583319532;10,485480464565448
CAT048;20;129;03:58:40:820;41,22954302;2,05812211;350,523245777003;1150,01068567502;4,710938;204,993896;1000;11,5;34310D;BCS3LR;1013,3;;;;;;17,226562;133,0;0,204;-672,0;-704;2224;144,98;18,9349;No alert, no SPI, aircraft airbone;16,552205112458093;6,860717548928662
CAT048;20;129;03:58:44:625;41,29102552;2,10031064;60,9601053884253;200,000352162561;0,585938;187,756348;437;2,0;4CA739;RYR82GJ;1013,2;;;;;;62,226562;166,0;0,252;2336,0;2240;3862;170,06;67,5055;No alert, no SPI, aircraft airbone;18,444931016704558;10,556118056750782
CAT048;20;129;03:58:44:813;41,23212484;2,05935345;335,282970089465;1100,00977958832;4,546875;205,180664;1000;11,0;34310D;BCS3LR;1013,2;;;;;;17,050781;131,0;0,2;-576,0;-672;2224;142,78;18,8141;No alert, no SPI, aircraft airbone;16,607299713793953;7,015775247161921
CAT048;20;129;03:58:48:422;41,29226204;2,10401658;106,680077863857;350,000266658857;0,515625;170,073853;437;3,5;4CA739;RYR82GJ;1013,2;;;;;;63,105469;166,0;0,252;2016,0;2304;3862;172,48;68,1976;No alert, no SPI, aircraft airbone;18,612198780456797;10,631056011976057
CAT048;20;129;03:58:48:813;41,23454113;2,06044543;320,042715403251;1050,0089424036;4,394531;205,400391;1000;10,5;34310D;BCS3LR;1013,2;-0,176;18,984;142,0;-0,094;136,0;16,875;130,0;0,2;-704,0;-704;2224;141,68;18,9459;No alert, no SPI, aircraft airbone;16,656123184196332;7,16088090153476
CAT048;20;129;03:58:52:188;41,29333698;2,10777111;144,780016975477;475,000070893825;0,515625;149,672241;437;4,75;4CA739;RYR82GJ;1013,2;5,449;69,082;176,0;0,438;174,0;64,863281;168,0;0,256;2528,0;2112;3862;175,78;68,9832;No alert, no SPI, aircraft airbone;18,78170393223353;10,696321932965983
CAT048;20;129;03:58:52:813;41,23708519;2,06158751;304,802457713522;1000,00809536483;4,234375;205,653076;1000;10,0;34310D;BCS3LR;1013,3;;;;;;16,875;131,0;0,2;-992,0;-704;2224;141,68;18,9459;No alert, no SPI, aircraft airbone;16,707178496287423;7,313658832985026
CAT048;20;129;03:58:55:977;41,29430867;2,11177562;190,499913563021;624,9997364141;0,589844;131,099854;437;6,25;4CA739;RYR82GJ;1013,2;;;;;;69,433594;170,0;0,26;2656,0;2432;3862;177,76;70,9497;No alert, no SPI, aircraft airbone;18,96253910861348;10,755457755582192
CAT048;20;129;03:58:56:805;41,23956675;2,06271456;297,182219061069;975,007311584318;4,078125;205,911255;1000;9,75;34310D;BCS3LR;1013,2;;;;;;17,050781;130,0;0,2;-704,0;-736;2224;141,68;18,9459;No alert, no SPI, aircraft airbone;16,75756535724201;7,462686702681399
CAT048;20;129;03:58:59:820;41,29520289;2,115957;236,219760957174;774,999240538735;0,71875;117,680054;437;7,75;4CA739;RYR82GJ;1013,2;;;;;;72,949219;170,0;0,26;2592,0;2560;3862;179,52;73,4821;No alert, no SPI, aircraft airbone;19,15139065237587;10,809994965804629
CAT048;20;129;03:59:00:805;41,24198685;2,0638086;281,941996387206;925,006579427001;3,925781;206,185913;1000;9,25;34310D;BCS3LR;1013,2;;;;;;17,050781;130,0;0,2;-736,0;-736;2224;140,8;19,0778;No alert, no SPI, aircraft airbone;16,806469895211688;7,608023384210083
CAT048;20;129;03:59:03:727;41,29597223;2,11999839;289,559569167905;949,998616908828;0,871094;109,264526;437;9,5;4CA739;RYR82GJ;1013,2;;;;;;80,507812;170,0;0,26;2624,0;2656;3862;180,4;77,5031;No alert, no SPI, aircraft airbone;19,33394254449058;10,85702143540357
CAT048;20;129;03:59:04:805;41,24452237;2,06498802;266,701777863316;875,005860885082;3,765625;206,477051;1000;8,75;34310D;BCS3LR;1013,3;-0,176;19,16;140,0;0,156;134,0;16,875;130,0;0,2;-928,0;-704;2224;140,8;19,0778;No alert, no SPI, aircraft airbone;16,85920568473321;7,760298660550982
CAT048;20;129;03:59:07:672;41,29629867;2,12440988;342,899313533679;1124,99778381383;1,058594;104,633789;437;11,25;4CA739;RYR82GJ;1013,2;15,645;84,199;180,0;1,562;176,0;87,890625;169,0;0,26;2656,0;2784;3862;179,96;84,2542;No alert, no SPI, aircraft airbone;19,53335946648056;10,877579337272085
CAT048;20;129;03:59:08:805;41,24692308;2,06614345;251,461585337296;825,005227638015;3,613281;206,751709;1000;8,25;34310D;BCS3LR;1013,3;;;;;;16,523438;130,0;0,2;-704,0;-704;2224;140,8;19,0778;No alert, no SPI, aircraft airbone;16,910886153932193;7,904485920275989
CAT048;20;129;03:59:11:641;41,2963289;2,1288104;396,239006724209;1299,99678282105;1,253906;102,22229;437;13,0;4CA739;RYR82GJ;1013,2;;;;;;92,285156;168,0;0,26;2272,0;2048;3862;180,18;90,3131;No alert, no SPI, aircraft airbone;19,73236704065407;10,880381738296144
CAT048;20;129;03:59:12:805;41,24940484;2,06728306;236,221391297877;775,004589425726;3,457031;207,097778;1000;7,75;34310D;BCS3LR;1013,3;;;;;;16,347656;131,0;0,2;-608,0;-704;2224;140,8;19,0778;No alert, no SPI, aircraft airbone;16,961825961990947;8,053531228855569
CAT048;20;129;03:59:15:617;41,29605782;2,13331939;426,71863856446;1399,99557814782;1,457031;101,134644;437;14,0;4CA739;RYR82GJ;1013,2;;;;;;96,503906;174,0;0,268;1760,0;1472;3862;184,8;94,9658;No alert, no SPI, aircraft airbone;19,936371275203516;10,865150001797154
CAT048;20;129;03:59:16:797;41,25188391;2,06843634;220,981209800579;725,00399236213;3,300781;207,46582;1000;7,25;34310D;BCS3LR;1013,2;;;;;;16,347656;132,0;0,2;-928,0;-704;2224;140,8;19,0778;No alert, no SPI, aircraft airbone;17,013381216589178;8,202418648480117
CAT048;20;129;03:59:19:609;41,29565183;2,13787221;457,198210030794;1499,99417539743;1,664062;100,579834;437;15,0;4CA739;RYR82GJ;1013,2;;;;;;97,734375;180,0;0,28;1632,0;1376;3862;190,96;98,1299;No alert, no SPI, aircraft airbone;20,142400699079346;10,841848642154021
CAT048;20;129;03:59:20:797;41,25431549;2,0695312;205,741038921289;675,003430134522;3,148438;207,888794;1000;6,75;34310D;BCS3LR;1013,3;-0,879;18,633;140,0;-0,031;136,0;16,171875;131,0;0,2;-832,0;-704;2224;139,48;18,8196;No alert, no SPI, aircraft airbone;17,06230105021161;8,34844758203506
CAT048;20;129;03:59:23:602;41,29506939;2,14255464;487,677710508928;1599,99253974611;1,878906;100,437012;437;16,0;4CA739;RYR82GJ;1013,2;1,406;98,965;196,0;0,125;196,0;98,613281;186,0;0,288;1632,0;1344;3862;196,68;99,0747;No alert, no SPI, aircraft airbone;20,35434898454587;10,808006904597452
CAT048;20;129;03:59:24:797;41,25674803;2,07063274;190,500879155472;625,002904368439;2,996094;208,35022;1000;6,25;34310D;BCS3LR;1013,3;;;;;;16,523438;129,0;0,2;-704,0;-704;2224;138,16;18,5614;No alert, no SPI, aircraft airbone;17,111519251694215;8,494536098463387
CAT048;20;129;03:59:27:594;41,2944417;2,14740107;518,157129186206;1699,99063571927;2,101562;100,360107;437;17,0;4CA739;RYR82GJ;1013,2;;;;;;99,316406;190,0;0,296;1664,0;1568;3862;201,96;99,4153;No alert, no SPI, aircraft airbone;20,573732351383303;10,771501629575232
CAT048;20;129;03:59:28:797;41,2591399;2,07166328;175,260727847926;575,002406352591;2,847656;208,894043;1000;5,75;34310D;BCS3LR;1013,3;;;;;;17,402344;131,0;0,2;-640,0;-608;2224;136,4;18,8306;No alert, no SPI, aircraft airbone;17,157531506439632;8,638172503901407
CAT048;20;129;03:59:31:586;41,29379388;2,15232943;548,636470795609;1799,98847884507;2,328125;100,310669;437;18,0;4CA739;RYR82GJ;1013,2;;;;;;99,84375;193,0;0,3;1856,0;1728;3862;205,26;100,1019;No alert, no SPI, aircraft airbone;20,796831712492793;10,73382089661656
CAT048;20;129;03:59:32:797;41,26151883;2,07274245;167,640592329204;550,001960937346;2,699219;209,448853;1000;5,5;34310D;BCS3LR;1013,3;;;;;;18,105469;130,0;0,2;-640,0;-576;2224;135,3;18,9679;No alert, no SPI, aircraft airbone;17,20574422800107;8,78104314260224
CAT048;20;129;03:59:35:578;41,2930864;2,15740793;586,735721996054;1924,98602615353;2,5625;100,321655;437;19,25;4CA739;RYR82GJ;1013,2;;;;;;99,84375;196,0;0,308;1632,0;1728;3862;207,46;100,2777;No alert, no SPI, aircraft airbone;21,026744995290528;10,692611231671949
CAT048;20;129;03:59:36:797;41,26389458;2,0738364;152,400468369946;500,001552646853;2,550781;210,053101;1000;5,0;34310D;BCS3LR;1013,2;0,703;19,16;134,0;0,25;136,0;18,105469;132,0;0,2;-832,0;-672;2224;134,42;19,1052;No alert, no SPI, aircraft airbone;17,25462300604166;8,92372668916165
CAT048;20;129;03:59:39:578;41,29236986;2,16257207;624,834886675701;2049,98328960111;2,800781;100,327148;437;20,5;4CA739;RYR82GJ;1013,2;-0,527;100,371;210,0;-0,031;210,0;99,140625;198,0;0,312;2016,0;1952;3862;210,54;100,3986;No alert, no SPI, aircraft airbone;21,260539470672484;10,650892487928292
CAT048;20;129;03:59:40:797;41,26621787;2,07489247;137,160355734639;450,001181508433;2,40625;210,72876;1000;4,5;34310D;BCS3LR;1013,3;;;;;;17,753906;130,0;0,2;-672,0;-768;2224;134,86;19,5062;No alert, no SPI, aircraft airbone;17,301798040747446;9,063257535267564
CAT048;20;129;03:59:43:570;41,29166895;2,16765117;662,933992393315;2174,98035960368;3,035156;100,327148;437;21,75;4CA739;RYR82GJ;1013,2;;;;;;98,613281;199,0;0,312;1728,0;1376;3862;213,62;100,2557;No alert, no SPI, aircraft airbone;21,490487639052926;10,610103939725951
CAT048;20;129;03:59:44:805;41,26853781;2,07597223;121,920254720375;400,000848496795;2,261719;211,464844;1000;4,0;34310D;BCS3LR;1013,3;;;;;;17,402344;132,0;0,2;-576,0;-640;2224;133,76;19,649;No alert, no SPI, aircraft airbone;17,35004242218631;9,202592851774233
CAT048;20;129;03:59:47:570;41,29096355;2,17283769;685,793004607782;2249,97712123739;3,273438;100,316162;437;22,5;4CA739;RYR82GJ;1013,2;;;;;;98,085938;204,0;0,32;1376,0;768;3862;218,24;99,7614;No alert, no SPI, aircraft airbone;21,72530068718766;10,569086243094256
CAT048;20;129;03:59:48:813;41,2709131;2,07711563;106,680163748562;350,000548432833;2,113281;212,283325;1000;3,5;34310D;BCS3LR;1013,3;;;;;;16,699219;130,0;0,196;-832,0;-864;2224;131,56;19,5337;No alert, no SPI, aircraft airbone;17,401148007870624;9,345260735887436
CAT048;20;129;03:59:51:563;41,2902898;2,17821675;701,031899333932;2299,97349661074;3,519531;100,250244;437;23,0;4CA739;RYR82GJ;1013,2;;;;;;97,382812;208,0;0,328;1376,0;1280;3862;225,06;99,2065;No alert, no SPI, aircraft airbone;21,968816722371233;10,530028915753551
CAT048;20;129;03:59:52:813;41,2731805;2,07818276;91,4400842515752;300,000286015938;1,972656;213,206177;1000;3,0;34310D;BCS3LR;1013,3;0,0;19,336;130,0;0,312;136,0;16,347656;133,0;0,2;-800,0;-704;2224;130,46;19,2645;No alert, no SPI, aircraft airbone;17,448827848845283;9,481444229541134
CAT048;20;129;03:59:55:555;41,28963534;2,18374663;739,130677595735;2424,96949228319;3,773438;100,15686;437;24,25;4CA739;RYR82GJ;1013,2;-1,582;98,613;228,0;-0,156;226,0;97,03125;211,0;0,332;1920,0;2016;3862;228,8;98,5529;No alert, no SPI, aircraft airbone;22,219152823308725;10,492181747340865
CAT048;20;129;03:59:56:820;41,27546753;2,07923815;83,8200117517263;275,000047355534;1,832031;214,30481;1000;2,75;34310D;BCS3LR;1013,3;;;;;;14,941406;131,0;0,2;-608,0;-608;2224;128,7;18,5724;No alert, no SPI, aircraft airbone;17,495968019945305;9,618803200053998
CAT048;20;129;03:59:59:547;41,28903328;2,189279;784,849368027411;2574,96520059905;4,027344;100,030518;437;25,75;4CA739;RYR82GJ;1013,2;;;;;;96,679688;212,0;0,336;2400,0;2592;3862;230,56;98,2343;No alert, no SPI, aircraft airbone;22,469588609571254;10,45749338711442
CAT048;20;129;04:00:00:828;41,27766927;2,08018242;68,5799462068826;224,999830713389;1,699219;215,623169;1000;2,25;34310D;BCS3LR;1013,2;;;;;;15,292969;132,0;0,2;-480,0;-608;2224;126,5;18,4296;No alert, no SPI, aircraft airbone;17,538100667837735;9,751025857275927
CAT048;20;129;04:00:03:539;41,28843459;2,19497847;838,187928345986;2749,96048283464;4,289062;99,898682;437;27,5;4CA739;RYR82GJ;1013,2;;;;;;96,855469;211,0;0,336;2656,0;2720;3862;231,44;97,9541;No alert, no SPI, aircraft airbone;22,7275858845274;10,423066477930654
CAT048;20;129;04:00:04:844;41,27988156;2,08114771;53,3398903207853;174,999645760045;1,566406;217,150269;1000;1,75;34310D;BCS3LR;1013,3;;;;;;15,292969;135,0;0,204;-736,0;-640;2224;126,94;18,8635;No alert, no SPI, aircraft airbone;17,5811785126686;9,883885938344353
CAT048;20;129;04:00:07:531;41,28786654;2,2005963;891,526419227943;2924,9555372598;4,546875;99,766846;437;29,25;4CA739;RYR82GJ;1013,2;;;;;;97,03125;211,0;0,336;2752,0;2720;3862;231,22;97,7069;No alert, no SPI, aircraft airbone;22,981884424610527;10,390472331805091
CAT048;20;129;04:00:08:852;41,28215743;2,08219362;38,099845122546;124,999495871854;1,429688;218,94104;1000;1,25;34310D;BCS3LR;1013,3;0,879;18,633;126,0;0,062;136,0;16,171875;133,0;0,2;-704,0;-704;2224;126,5;18,4296;No alert, no SPI, aircraft airbone;17,627883280317366;10,020575597393904
CAT048;20;129;04:00:11:523;41,2873026;2,20621449;944,864821069874;3099,95029955889;4,804688;99,645996;437;31,0;4CA739;RYR82GJ;1013,2;0,879;97,91;232,0;0,062;228,0;97,03125;211,0;0,336;2752,0;2656;3862;232,32;97,9156;No alert, no SPI, aircraft airbone;23,236202148284786;10,358141112068346
CAT048;20;129;04:00:12:875;41,28441084;2,08320061;30,4798078369349;99,9993727437296;1,296875;221,127319;1000;1,0;34310D;BCS3LR;1013,2;;;;;;16,171875;128,0;0,196;-384,0;-512;2224;125,4;19,5886;No alert, no SPI, aircraft airbone;17,672830286759755;10,15591114359169
CAT048;20;129;04:00:15:516;41,28668668;2,21199657;998,203084697016;3274,94460839736;5,070312;99,558105;437;32,75;4CA739;RYR82GJ;1013,2;;;;;;97,03125;210,0;0,336;2656,0;2688;3862;232,54;98,1628;No alert, no SPI, aircraft airbone;23,497955840651592;10,322753237468799
CAT048;20;129;04:00:16:891;41,28655323;2,08418667;15,2397822970524;49,9992873514615;1,171875;223,615723;1000;0,5;34310D;BCS3LR;1013,3;;;;;;14,765625;129,0;0,196;-864,0;-672;2224;124,08;19,3085;No alert, no SPI, aircraft airbone;17,716857313816863;10,284585413506804
CAT048;20;129;04:00:19:508;41,28608302;2,21751692;1051,54133974575;3449,93888909143;5,324219;99,492188;437;34,5;4CA739;RYR82GJ;1013,2;;;;;;96,855469;210,0;0,34;2528,0;2560;3862;233,86;98,6133;No alert, no SPI, aircraft airbone;23,74787122761024;10,288046698252558
CAT048;20;129;04:00:20:922;41,28874252;2,08519936;-0,00023521669209;-0,0007717083320766;1,046875;226,757812;1000;0,0;34310D;BCS3LR;1013,3;;;;;;13,535156;125,0;0,188;-864,0;-288;2224;122,32;18,5779;No alert, no SPI, aircraft airbone;17,76207327661904;10,416078163545754
CAT048;20;129;04:00:23:508;41,285432;2,22320256;1104,87945407443;3624,93270810554;5,585938;99,448242;437;36,25;4CA739;RYR82GJ;1013,2;;;;;;96,855469;211,0;0,34;2528,0;2400;3862;234,74;98,5748;No alert, no SPI, aircraft airbone;24,005284990826965;10,250561329908988
CAT048;20;129;04:00:24:961;41,29084333;2,08608534;-0,0002479990944266;-0,0008136453489586;0,933594;230,707397;1000;-0,25;34310D;BCS3LR;1013,3;1,23;18,633;118,0;-1,25;124,0;14,765625;122,0;0,184;-224,0;-128;2224;117,04;18,4296;No alert, no SPI, aircraft airbone;17,801579077522813;10,542239716419544
CAT048;20;129;04:00:27:500;41,28478447;2,22898654;1150,59744210821;3774,92611196629;5,851562;99,398804;437;37,75;4CA739;RYR82GJ;1013,2;-0,176;98,613;236,0;-0,031;232,0;97,03125;213,0;0,344;2592,0;2496;3862;236,72;98,5034;No alert, no SPI, aircraft airbone;24,267150780803778;10,2133293414016
CAT048;20;129;04:00:29:008;41,29281487;2,08692605;-0,0002521509304642;-0,0008272668587043;0,832031;235,354614;1000;-0,25;34310D;BCS3LR;1013,2;;;;;;20,039062;105,0;0,16;-128,0;-32;2224;106,92;19,1107;No alert, no SPI, aircraft airbone;17,839069855697574;10,660640436902247
CAT048;20;129;04:00:31:500;41,28412501;2,23484601;1203,93530819844;3949,91911654978;6,121094;99,354858;437;39,5;4CA739;RYR82GJ;1013,2;;;;;;96,855469;216,0;0,352;2368,0;2272;3862;237,82;98,7067;No alert, no SPI, aircraft airbone;24,53244083270281;10,175420496445
CAT048;20;129;04:00:33:063;41,29457961;2,0877996;-0,0002448735758662;-0,0008033910226449;0,742188;240,3479;1000;-0,25;34310D;BCS3LR;1013,2;;;;;;19,160156;99,0;0,148;32,0;-64;2224;96,58;19,3689;No alert, no SPI, aircraft airbone;17,87809974241173;10,766646932815624
CAT048;20;129;04:00:35:492;41,28347106;2,24054985;1242,03313882463;4074,91200318139;6,382812;99,321899;437;40,75;4CA739;RYR82GJ;1013,2;;;;;;97,03125;219,0;0,356;1984,0;1568;3862;240,9;98,5968;No alert, no SPI, aircraft airbone;24,790694248118445;10,13781568512911
CAT048;20;129;04:00:39:484;41,28275703;2,24660161;1272,51073809341;4174,90412996637;6,660156;99,299927;437;41,75;4CA739;RYR82GJ;1013,2;;;;;;97,207031;223,0;0,364;1216,0;992;3862;247,06;98,6188;No alert, no SPI, aircraft airbone;25,064713721537473;10,096724735423887
CAT048;20;129;04:00:43:477;41,28204512;2,25266254;1295,3682305878;4249,89590564169;6,9375;99,277954;437;42,5;4CA739;RYR82GJ;1013,2;0,352;98,613;252,0;0,062;250,0;97,207031;229,0;0,372;1216,0;832;3862;253,0;98,6407;No alert, no SPI, aircraft airbone;25,339153080484948;10,05578257224874
CAT048;20;129;04:00:47:469;41,28133751;2,25899631;1310,60549839772;4299,88694336319;7,226562;99,239502;437;43,0;4CA739;RYR82GJ;1013,2;;;;;;97,382812;235,0;0,384;1280,0;1024;3862;259,16;98,6572;No alert, no SPI, aircraft airbone;25,625938800395645;10,01519737472957
CAT048;20;129;04:00:51:469;41,28061477;2,26540458;1333,46261968743;4374,87750117531;7,519531;99,206543;437;43,75;4CA739;RYR82GJ;1013,2;;;;;;97,382812;240,0;0,392;1344,0;1120;3862;265,32;98,6792;No alert, no SPI, aircraft airbone;25,916106688289286;9,97374778359659
CAT048;20;129;04:00:55:461;41,27985095;2,27188234;1363,93959413562;4474,86757802391;7,816406;99,190063;437;44,75;4CA739;RYR82GJ;1013,2;;;;;;97,207031;245,0;0,4;1664,0;1536;3862;270,38;98,7286;No alert, no SPI, aircraft airbone;26,20944074138361;9,929876882370836
CAT048;20;129;04:00:59:461;41,2790823;2,27852575;1402,03636815678;4599,8569981035;8,121094;99,168091;437;46,0;4CA739;RYR82GJ;1013,2;-0,176;98,789;274,0;0,031;272,0;97,207031;247,0;0,404;2144,0;2304;3862;273,46;98,8385;No alert, no SPI, aircraft airbone;26,510277054280145;9,885788385984535
